100000 0 0 0 0 0 0 0 
0 0 0 0 0 0 0 20000 

33333 75000 0 0 -2 0 0 0 
-2 0 0 0 0 0 0 30000 

-2 75000 0 0 -2 0 0 0 
-2 0 0 0 0 0 0 -2 

100000 75000 0 0 -2 0 0 0 
-2 0 0 0 0 0 0 20000 

75000 75000 0 0 -2 0 0 0 
-2 0 0 0 0 0 0 30000 

-4 -2 -2 -4 -2 -2 25000 -2 
-2 -2 -2 30000 -2 30000 -2 40000 

-4 -2 -2 75000 50000 -2 25000 66666 
-2 40000 -2 30000 -2 30000 -2 40000 

-2 33333 -2 20000 25000 -2 -2 -2 
-2 -2 -2 20000 -2 20000 30000 -2 

-4 -2 37500 -4 -10 -2 -2 -2 
-2 -2 -2 -2 -2 -2 -2 30000 

25000 -2 25000 -4 -4 -6 -4 -4 
-2 -2 20000 -2 -2 20000 -2 -2 

25000 -2 25000 -4 -4 -2 -4 -4 
-2 -2 20000 -2 -2 20000 -2 -2 

25000 -2 25000 -4 -4 -2 -4 -4 
140000 -2 20000 -2 -2 -2 -2 -2 

-2 -2 -2 -4 -4 -2 -4 -4 
70000 -2 20000 -2 -2 -2 -2 -2 

-2 1111 -6 0 -2 -2 -138 -6 
-2 -2 20000 -2 -2 -2 0 -2 

-4 -2 -2 -2 -2 -2 -2 -2 
-2 -2 -2 -2 -2 -2 -2 -2 

-2 -2 -2 -2 -2 -2 -2 -2 
-2 -2 -2 -2 -2 -2 -2 -2 

-2 33333 -2 -2 12500 18750 -2 -2 
-2 20000 -2 20000 -2 20000 -2 -2 

-2 -6 -2 -2 -12 -12 -8 -4 
-2 -2 -2 -2 -2 -2 -2 -2 

-2 -6 -2 -2 -12 75000 -8 -4 
-2 -2 -2 -2 30000 -2 -2 -2 

-2 -6 -2 -2 -12 -2 -8 -4 
-2 -2 -2 -2 -2 -2 -2 -2 

-2 -6 62500 41666 37500 41666 -8 -2 
50000 -2 -2 50000 50000 -2 -2 -2 

-2 -6 62500 41666 37500 50000 -8 -2 
50000 -2 -2 50000 30000 -2 -2 -2 

-2 -6 62500 41666 37500 75000 -8 -2 
50000 -2 -2 50000 30000 -2 -2 -2 

-2 -6 62500 41666 37500 -2 -8 -2 
50000 -2 -2 50000 -2 -2 -2 -2 

-2 -6 62500 41666 37500 -2 -2 -2 
50000 -2 -2 50000 -2 -2 -2 -2 

8333 -4 -2 -2 -8 -18 -2 -2 
-2 20000 -2 -2 -2 -2 -2 -2 

8333 -4 -2 -2 -8 -4 -4 -2 
-2 -2 -2 -2 -2 -2 -2 -2 

8333 -4 -2 -2 -8 -4 21666 -2 
-2 130000 -2 -2 -2 -2 -2 -2 

-24 -2 -8 -8 -6 -4 -4 16666 
-2 -2 -2 -2 -2 -2 -2 -2 

-24 -2 -8 50000 -6 -4 -4 16666 
-2 -2 -2 20000 -2 -2 -2 -2 

-24 -2 -8 -2 -6 -4 -4 16666 
-2 -2 -2 -2 -2 -2 -2 -2 

-2 -6 62500 41666 37500 13793 17567 -2 
50000 130000 -2 50000 80000 -2 -2 -2 

-2 -2 -2 -2 -2 -2 -2 -2 
-2 -2 -2 50000 -2 -2 -2 20000 

-2 50000 -2 -2 100000 -2 50000 -2 
-2 -2 20000 50000 -2 20000 -2 20000 

-2 -2 -2 -4 -2 -4 -2 -2 
-2 -2 -2 -2 -2 -2 -2 -2 

-2 -2 -2 -4 -2 -4 -2 -2 
-2 -2 -2 -2 -2 -2 -2 -2 

-2 -2 -4 -2 -2 25000 -2 -2 
-2 -2 -2 -2 60000 -2 -2 -2 

-2 -6 -2 -2 -2 -6 -2 -14 
-2 -2 -2 -2 -2 -2 -2 -2 

-2 -6 -2 -2 -2 75000 -2 -14 
-2 -2 -2 -2 -2 -2 -2 30000 

-2 -2 33333 -2 -2 -2 -2 -2 
-2 -2 -2 -2 -2 -2 -2 -2 

-2 66666 33333 -2 75000 66666 -2 -2 
40000 30000 -2 -2 40000 -2 -2 -2 

-2 -2 -2 -2 -2 -2 -2 -2 
-2 -2 -2 -2 -2 -2 -2 -2 

50000 16666 -2 -2 -4 -2 -4 -8 
-2 -2 -2 20000 -2 -2 -2 30000 

-6 -6 -4 -4 -4 -10 -4 -2 
-2 20000 -2 -2 -2 -2 -2 20000 

-6 -6 -4 -4 -4 -2 -4 -2 
-2 20000 -2 -2 -2 -2 -2 20000 

-6 -6 -4 -4 -4 -2 -4 -2 
-2 -2 -2 -2 -2 180000 -2 20000 

-6 -2 -4 -2 -4 -2 44444 -2 
-2 -2 -2 -2 -2 80000 -2 -2 

-2 -2 -2 -4 -2 -2 -2 -6 
-2 -2 -2 -2 -2 -2 -2 -2 

-2 -2 -2 -2 -2 -2 -2 -2 
-2 -2 -2 -2 -2 -2 -2 -2 

-6 -6 -8 -10 -16 -2 -4 -4 
-2 -2 -2 -2 -2 -2 -2 -2 

-2 14285 14285 -10 -16 -2 -4 -4 
-2 40000 -2 -2 -2 -2 -2 20000 

-18 -20 -14 9090 -16 -2 -4 -4 
-2 -2 -2 -2 -2 -2 -2 20000 

-18 66666 -14 9090 -16 -2 -4 -4 
-2 40000 -2 -2 -2 -2 -2 20000 

-18 66666 -14 9090 -16 -2 -4 -4 
-2 40000 -2 -2 -2 -2 -2 20000 

-18 40909 -14 9090 -16 -2 -4 -4 
-2 90000 -2 -2 -2 -2 -2 20000 

-18 66666 -14 9090 -16 -2 -4 -4 
-2 40000 -2 -2 -2 -2 -2 20000 

-18 50000 -14 9090 -16 -2 -4 -4 
-2 30000 -2 -2 -2 -2 -2 20000 

-18 -2 -14 9090 -16 -2 -4 -4 
-2 -2 -2 -2 -2 -2 -2 20000 

-18 66666 -2 9090 -16 -2 50000 -4 
-2 -2 -2 -2 40000 50000 -2 20000 

-2 6410 7142 -2 27500 -2 9090 -78 
-2 -2 -2 -2 20000 -2 -2 20000 

-6 6410 -2 -2 27500 42857 -2 -78 
60000 -2 -2 -2 20000 -2 -2 -2 

-6 6410 -2 -2 27500 20000 -2 -78 
120000 -2 -2 -2 20000 -2 -2 -2 

-4 -4 -4 50000 25000 -6 -2 -2 
-2 20000 -2 -2 -2 -2 -2 -2 

-4 -4 -4 50000 25000 -6 -2 -2 
-2 20000 -2 -2 -2 -2 -2 -2 

-4 -4 -4 50000 25000 -6 -2 -2 
-2 -2 -2 -2 -2 -2 -2 -2 

-2 -2 -2 -2 -4 -2 -2 -2 
-2 -2 -2 -2 -2 -2 -2 -2 

-2 -2 724 -2 925 -2 -2 -2 
-2 -2 -2 -2 -2 -2 -2 -2 

-2 -2 100000 -2 33333 50000 -2 -2 
-2 -2 -2 -2 -2 -2 20000 20000 

-2 -2 -2 -2 -2 -2 -4 -2 
-2 -2 -2 -2 -2 -2 -2 -2 

-2 -2 -2 -2 -2 -2 -4 -2 
-2 -2 -2 -2 -2 -2 -2 -2 

75000 35714 -4 33333 -2 16666 -10 33333 
-2 -2 20000 30000 30000 100000 -2 20000 

-2 -10 -4 -2 -2 -4 -6 -4 
-2 -2 -2 -2 -2 -2 -2 -2 

-2 -10 -4 -2 66666 -4 -6 -4 
40000 -2 -2 -2 -2 -2 -2 -2 

-2 21428 27272 50000 -2 -2 -2 20000 
-2 -2 -2 -2 -2 30000 60000 20000 

62500 21428 27272 75000 -2 -2 -2 66666 
40000 -2 50000 30000 -2 30000 60000 20000 

-2 -2 -2 -2 -2 -2 -4 -2 
-2 -2 -2 -2 -2 -2 -2 -2 

-2 -2 20000 -2 -10 -2 18750 -2 
-2 -2 -2 -2 30000 -2 -2 -2 

-6 -2 -2 -4 -4 -2 -2 -6 
-2 -2 -2 -2 20000 -2 -2 20000 

-6 -2 -2 -4 -4 -2 -2 -6 
-2 -2 -2 -2 20000 -2 -2 -2 

-6 -2 -2 -4 29310 -2 -2 -6 
170000 -2 -2 -2 20000 -2 -2 20000 

-6 -2 -2 -4 -2 -2 -2 -6 
-2 -2 -2 -2 -2 -2 -2 60000 

-2 -8 50000 -18 -8 -4 -6 -2 
-2 -2 -2 -2 -2 -2 20000 -2 

-4 -2 -4 -2 -2 -2 -2 -2 
-2 -2 -2 -2 -2 -2 -2 -2 

-2 -10 -8 -2 -4 -4 -8 -6 
-2 -2 -2 -2 -2 -2 -2 -2 

-2 -10 -8 -2 20000 7142 -8 -6 
-2 20000 -2 -2 -2 20000 -2 -2 

-2 -2 -2 -12 -2 7142 -8 -6 
-2 -2 -2 -2 -2 20000 -2 -2 

-2 -2 -2 -12 66666 7142 -8 -6 
-2 -2 -2 -2 -2 20000 -2 40000 

-2 -2 -2 -12 75000 7142 -8 -6 
-2 -2 -2 -2 -2 20000 -2 30000 

-2 -4 -2 -12 41666 7142 50000 -6 
-2 -2 -2 -2 -2 20000 -2 60000 

-2 -4 -2 -12 50000 7142 50000 -6 
-2 -2 -2 -2 -2 20000 -2 20000 

-2 -4 -2 -12 50000 7142 50000 -6 
-2 -2 -2 -2 -2 20000 -2 30000 

-2 -4 -2 -12 -2 7142 50000 -6 
-2 -2 -2 -2 -2 20000 -2 -2 

-2 50000 -4 -12 50000 7142 75000 -6 
-2 -2 -2 60000 -2 20000 -2 50000 

-32 -10 -6 5263 -32 -24 -6 -44 
-2 -2 -2 -2 20000 20000 -2 -2 

-6 -4 -6 -4 -32 -24 -6 -44 
-2 -2 -2 -2 20000 20000 -2 -2 

-6 -4 -6 21428 -32 -24 -6 -44 
-2 -2 120000 -2 20000 20000 -2 -2 

-6 -8 -2 -4 -2 -4 -2 -6 
-2 -2 -2 -2 -2 -2 -2 20000 

-6 -8 -2 -4 -2 -4 -2 -6 
-2 -2 -2 -2 -2 -2 -2 20000 

-6 -8 -2 -4 -2 -4 -2 -6 
-2 -2 -2 -2 -2 -2 -2 20000 

-2 -8 -2 -2 -2 -2 -4 -2 
-2 -2 -2 -2 -2 -2 -2 -2 

-2 -2 980 -2 -2 -2 775 -2 
-2 -2 -2 20000 -2 -2 -2 -2 

-2 -2 980 75000 33333 -2 775 -2 
-2 -2 30000 20000 -2 20000 -2 -2 

-2 -2 -2 -2 -2 -2 -2 -2 
-2 -2 -2 -2 -2 -2 -2 -2 

-2 100000 -2 -2 -2 -2 -2 -2 
-2 -2 -2 20000 -2 -2 -2 -2 

-2 14285 -4 33333 -4 33333 -2 33333 
-2 20000 -2 -2 20000 -2 -2 -2 

-2 -4 -2 -4 -2 -2 -4 -2 
-2 -2 -2 -2 -2 -2 -2 -2 

-2 -4 -2 -4 75000 -2 -4 -2 
-2 -2 -2 30000 -2 -2 -2 -2 

22222 12500 33333 16666 -2 50000 -2 11538 
-2 20000 -2 20000 -2 20000 80000 -2 

62500 12500 33333 66666 -2 50000 -2 11538 
-2 20000 -2 20000 50000 20000 80000 -2 

-6 -2 -4 -12 -10 50000 -2 -2 
-2 -2 -2 -2 50000 -2 -2 -2 

100000 25000 -4 -4 50000 33333 -6 -4 
20000 -2 20000 20000 -2 -2 -2 -2 

100000 25000 -4 -4 -2 33333 -6 -4 
20000 -2 -2 20000 -2 -2 -2 -2 

100000 25000 -4 -4 -2 33333 -6 -4 
-2 -2 150000 20000 -2 -2 -2 -2 

-2 25000 -4 -4 -2 33333 -2 -4 
-2 -2 150000 20000 -2 -2 -2 -2 

-4 -4 -2 -2 -2 -2 -2 -6 
-2 -2 -2 -2 -2 -2 -2 -2 

-4 -6 -8 -2 -2 -2 -2 -2 
-2 -2 -2 -2 -2 -2 -2 -2 

-4 11111 16666 11111 -2 -2 -2 -2 
-2 20000 -2 20000 20000 -2 20000 -2 

-22 -6 -20 7142 -2 -2 -20 -2 
-2 -2 20000 -2 -2 -2 -2 -2 

-22 -6 -20 7142 -2 -2 75000 -2 
-2 -2 20000 -2 -2 -2 -2 30000 

-22 -6 -20 7142 -2 -2 75000 -2 
-2 -2 20000 -2 -2 -2 -2 30000 

35714 37500 -20 7142 50000 -2 50000 -2 
30000 -2 20000 60000 -2 -2 50000 80000 

35714 37500 -20 33333 50000 -2 50000 -2 
20000 -2 20000 60000 -2 -2 50000 80000 

35714 37500 -20 50000 50000 -2 50000 -2 
30000 -2 20000 60000 -2 -2 50000 80000 

35714 37500 -20 -2 50000 -2 50000 -2 
-2 -2 20000 60000 -2 -2 50000 80000 

35714 37500 -2 57142 50000 -2 50000 -2 
20000 -2 20000 -2 -2 -2 50000 -2 

4166 -22 -66 -16 -6 -58 -56 -30 
-2 -2 20000 -2 -2 -2 -2 -2 

-4 -2 -66 -2 75000 25000 -56 -30 
-2 30000 20000 -2 -2 -2 20000 -2 

-4 -2 -66 21428 75000 25000 -56 -30 
-2 120000 20000 -2 -2 -2 20000 -2 

-12 -2 50000 -6 -26 -4 -2 -4 
-2 30000 -2 20000 -2 -2 -2 30000 

-12 -2 50000 -6 -26 -4 -2 -4 
-2 30000 -2 20000 -2 -2 -2 30000 

-12 -2 -2 -6 -26 -4 -2 -4 
-2 30000 -2 20000 -2 -2 -2 30000 

-2 -2 -2 -2 -2 -2 -2 -2 
-2 -2 -2 -2 -2 -2 -2 -2 

-2 751 -2 -2 980 -2 -2 -2 
-2 -2 -2 -2 -2 -2 -2 20000 

-2 751 -2 50000 980 100000 50000 -2 
-2 20000 -2 -2 -2 20000 -2 20000 

-2 -4 -2 -2 -2 -2 -6 -2 
-2 -2 -2 -2 -2 -2 -2 -2 

-2 -4 -2 -2 -2 -2 -6 100000 
-2 -2 -2 -2 -2 -2 -2 20000 

-2 20000 25000 22222 -2 -2 -2 -4 
-2 20000 -2 30000 -2 -2 -2 30000 

-2 -4 -2 -4 -2 -2 -4 -2 
-2 -2 -2 -2 -2 -2 -2 -2 

-2 -4 -2 -4 -2 75000 -4 -2 
-2 -2 -2 -2 -2 -2 -2 30000 

-2 -2 28571 -2 -2 100000 -2 -2 
40000 -2 20000 -2 -2 40000 -2 -2 

-2 75000 28571 -2 -2 62500 -2 -2 
40000 -2 50000 50000 30000 40000 -2 -2 

-8 -4 -2 -2 -2 -2 -4 -2 
-2 -2 -2 -2 -2 -2 -2 -2 

-2 -2 -4 -2 -2 -2 20000 -2 
-2 -2 20000 -2 -2 -2 -2 20000 

-4 -4 -12 -4 50000 -6 -4 100000 
-2 20000 -2 -2 -2 -2 -2 -2 

-4 -4 -2 -4 50000 -6 -4 100000 
-2 -2 -2 -2 -2 -2 -2 -2 

-4 41666 30000 -4 32142 -6 -4 -2 
-2 120000 -2 -2 50000 -2 -2 90000 

-4 -2 57142 -4 -2 -2 -4 -2 
-2 80000 -2 -2 -2 -2 -2 -2 

-4 -4 -2 -2 -4 -2 -6 -6 
-2 -2 -2 -2 -2 -2 -2 -2 

-2 -2 -2 -2 -2 -2 -2 -2 
-2 -2 -2 -2 -2 -2 -2 -2 

-2 -10 -2 -4 -8 -8 -2 -2 
-2 -2 -2 -2 -2 -2 -2 -2 

-2 -10 -2 -4 -2 -8 5882 20000 
-2 -2 -2 -2 -2 -2 -2 20000 

4761 -2 -2 -4 -16 -8 -4 -10 
20000 -2 -2 -2 -2 -2 -2 -2 

75000 -2 -2 -4 -16 -8 -4 -10 
20000 -2 -2 30000 -2 -2 -2 -2 

75000 -2 -2 -4 -16 -8 -4 -10 
20000 -2 -2 30000 -2 -2 -2 -2 

43750 -2 -2 40000 -16 66666 50000 -10 
-2 -2 -2 70000 -2 -2 40000 -2 

75000 -2 -2 40000 -16 66666 50000 -10 
-2 -2 -2 30000 -2 -2 40000 -2 

-2 -2 -2 40000 -16 66666 50000 -10 
-2 -2 -2 -2 -2 -2 40000 -2 

-2 -2 -2 40000 -16 66666 50000 -10 
-2 -2 -2 -2 -2 -2 40000 -2 

50000 -2 -2 40000 -16 -2 -2 -10 
-2 -2 -2 80000 -2 -2 -2 -2 

-16 -54 -2 -8 -18 4761 -50 -26 
-2 -2 -2 -2 -2 -2 20000 -2 

-16 -4 -2 -6 -6 -2 -2 -26 
-2 -2 -2 -2 -2 -2 -2 -2 

-16 -4 -2 -6 -6 -2 21428 -26 
-2 -2 120000 -2 -2 -2 -2 -2 

-4 -4 33333 -4 -4 16666 -4 -4 
-2 -2 -2 -2 -2 20000 -2 -2 

-4 -4 33333 100000 -4 16666 -4 -4 
20000 -2 -2 -2 -2 20000 -2 -2 

-4 -4 33333 -2 -4 16666 -4 -4 
-2 -2 -2 -2 -2 20000 -2 -2 

-2 -2 -2 900 -2 -2 -2 -2 
-2 -2 -2 -2 -2 -2 20000 -2 

-2 -2 -2 33333 -2 -2 -2 75000 
-2 -2 -2 -2 -2 -2 30000 -2 

-2 -2 -2 -2 -2 -2 -4 -2 
-2 -2 -2 -2 -2 -2 -2 -2 

-2 -2 -2 -2 -2 -2 -4 -2 
-2 -2 -2 -2 -2 -2 -2 -2 

-2 -12 -2 -2 -2 -2 -2 -2 
50000 -2 -2 -2 -2 -2 -2 -2 

-2 -4 -2 -2 -2 -2 -2 -2 
-2 -2 -2 -2 -2 -2 -2 -2 

-2 -4 -2 66666 -2 -2 -2 -2 
40000 -2 -2 -2 -2 -2 -2 -2 

-2 -2 20000 14285 14285 -2 -2 -2 
40000 30000 -2 -2 -2 -2 -2 20000 

-2 -2 20000 14285 14285 -2 66666 66666 
40000 40000 -2 40000 -2 -2 -2 20000 

-2 -2 -2 -2 -4 -2 -2 -2 
-2 -2 -2 -2 -2 -2 -2 -2 

-8 -2 -2 -2 -2 -4 -8 -8 
-2 -2 30000 20000 -2 -2 -2 -2 

-2 -6 -2 -8 -2 33333 -4 50000 
-2 30000 30000 20000 -2 -2 -2 -2 

-2 -6 -2 -2 -2 33333 -4 50000 
-2 30000 30000 20000 -2 -2 -2 -2 

-2 -6 -2 27777 -2 -2 -4 50000 
-2 -2 30000 20000 -2 -2 150000 -2 

-2 -6 -2 55000 -2 -2 -2 50000 
-2 -2 -2 20000 -2 -2 -2 110000 

-16 -8 -2 -2 -2 -2 -4 -2 
-2 -2 -2 -2 -2 -2 -2 -2 

-10 -6 -2 -6 -8 -8 -2 -10 
-2 -2 -2 -2 -2 -2 -2 -2 

-10 -6 -2 20000 -8 -8 -2 -10 
-2 -2 -2 -2 -2 -2 20000 -2 

5882 -4 -2 -10 -8 -8 -2 11111 
20000 -2 -2 -2 -2 -2 20000 -2 

5882 -4 -2 -10 -8 75000 -2 11111 
20000 -2 -2 30000 -2 -2 20000 -2 

5882 -4 -2 -10 -8 66666 -2 11111 
20000 -2 -2 40000 -2 -2 20000 -2 

5882 50000 -2 -10 -8 35714 -2 50000 
20000 20000 -2 50000 -2 60000 20000 -2 

5882 100000 -2 -10 -8 36363 -2 50000 
20000 20000 20000 80000 -2 60000 20000 -2 

5882 100000 -2 -10 -8 100000 -2 50000 
20000 20000 20000 20000 -2 60000 20000 -2 

5882 100000 -2 -10 -8 -2 -2 50000 
20000 20000 20000 -2 -2 60000 20000 -2 

5882 -2 -2 -10 -8 50000 -2 50000 
20000 -2 -2 70000 -2 60000 20000 -2 

-2 -2 -2 -2 -2 -2 -2 -2 
-2 -2 -2 -2 -2 -2 -2 -2 

-10 -2 -2 -2 -2 -2 -2 -2 
-2 -2 -2 -2 -2 -2 -2 -2 

30357 -2 -2 -2 -2 -2 -2 -2 
-2 -2 -2 -2 -2 170000 -2 -2 

-2 8333 -16 -4 -10 -66 -18 -18 
-2 -2 -2 -2 -2 20000 -2 -2 

-2 8333 -16 -4 -10 -66 -18 50000 
20000 -2 -2 -2 -2 20000 -2 -2 

-6 -4 -4 -6 -2 -6 -4 -4 
-2 -2 40000 -2 -2 -2 -2 20000 

-6 -4 -4 -6 -2 -6 -4 -2 
-2 -2 40000 -2 -2 -2 -2 20000 

-2 -2 -2 -2 -2 -2 -2 -2 
20000 -2 -2 -2 -2 -2 -2 -2 

-2 -2 -2 -2 50000 -2 -2 50000 
20000 -2 20000 -2 -2 -2 -2 30000 

-2 -4 -2 -4 -2 -4 -2 -2 
-2 -2 -2 -2 -2 -2 -2 -2 

-2 -4 -2 -4 -2 -4 -2 -2 
-2 -2 -2 -2 -2 -2 -2 -2 

-6 -2 -2 -6 21428 -10 -2 -4 
-2 -2 -2 -2 -2 20000 -2 20000 

-2 -2 -4 -2 -2 -2 -2 -2 
-2 -2 -2 -2 -2 -2 -2 -2 

75000 -2 -4 -2 -2 -2 -2 -2 
-2 -2 -2 -2 -2 -2 -2 30000 

11538 -2 21428 -2 -20 20000 -2 -2 
30000 30000 -2 -2 -2 -2 -2 20000 

58333 -2 21428 -2 66666 20000 -2 -2 
30000 30000 -2 -2 40000 70000 -2 20000 

-2 -2 -2 -2 -2 -2 -2 -2 
-2 -2 -2 -2 -2 -2 -2 -2 

-2 -2 -6 -2 25000 50000 -2 16666 
20000 -2 20000 -2 -2 -2 -2 90000 

-2 -6 -4 -2 -4 -4 -8 -2 
-2 -2 -2 -2 20000 -2 -2 -2 

-2 -6 -4 -2 -4 -4 -8 -2 
-2 -2 -2 -2 20000 -2 -2 -2 

-2 -2 -4 -2 23214 -4 -8 -2 
-2 -2 -2 -2 20000 -2 130000 -2 

-2 -2 -2 -2 50000 -2 -8 -2 
-2 -2 -2 -2 20000 -2 -2 -2 

-12 -2 -2 -2 -6 -2 -2 -2 
-2 -2 -2 -2 -2 -2 -2 -2 

-2 -2 -2 -2 -2 -4 -2 -2 
-2 -2 -2 -2 -2 -2 -2 -2 

-2 -4 -4 -2 -2 -2 -4 -4 
-2 -2 -2 -2 -2 -2 -2 -2 

-2 7142 -4 -2 16666 14285 100000 -4 
20000 20000 -2 20000 30000 -2 -2 -2 

-2 -20 -4 -2 -4 -16 -12 10000 
-2 -2 20000 -2 -2 -2 -2 -2 

-2 -20 -4 66666 -4 -16 -12 10000 
-2 -2 40000 -2 -2 -2 -2 -2 

-2 -20 -4 66666 -4 -16 -12 10000 
-2 -2 40000 -2 -2 -2 -2 -2 

50000 -20 -4 40000 -4 40000 -4 10000 
-2 -2 70000 -2 -2 40000 -2 -2 

50000 -20 -4 40000 -4 50000 -4 10000 
-2 -2 70000 30000 -2 40000 -2 -2 

50000 -20 -4 40000 -4 50000 -4 10000 
-2 -2 70000 20000 -2 40000 -2 -2 

50000 -20 -4 40000 -4 -2 -4 10000 
-2 -2 70000 -2 -2 40000 -2 -2 

50000 -2 -4 40000 -4 50000 -4 10000 
-2 -2 70000 70000 -2 40000 -2 -2 

-66 -16 4000 -20 -42 -16 -40 -24 
20000 -2 -2 -2 -2 -2 -2 -2 

-66 -4 4000 -20 -42 -2 -40 58333 
-2 -2 -2 -2 -2 -2 -2 -2 

-66 -4 4000 -20 -42 66666 -40 28846 
150000 40000 -2 -2 -2 -2 -2 -2 

-8 -4 -6 -2 -4 33333 -2 50000 
-2 -2 20000 -2 20000 -2 -2 -2 

-8 -4 -6 -2 -4 33333 50000 50000 
-2 -2 20000 -2 20000 -2 -2 -2 

-8 -4 -6 -2 -4 33333 -2 50000 
-2 -2 20000 -2 -2 -2 -2 -2 

-2 -2 -2 -4 -2 -2 -4 -6 
-2 -2 -2 -2 -2 -2 -2 -2 

-2 -2 -2 -2 -2 -2 -2 -6 
-2 -2 -2 -2 -2 -2 -2 -2 

-2 50000 -2 -2 -2 -2 -2 -6 
-2 -2 -2 -2 -2 -2 -2 -2 

-2 -2 -2 -2 -2 -2 -2 -2 
-2 -2 -2 -2 -2 -2 -2 -2 

-2 -2 -2 -2 -2 -2 -2 -2 
-2 -2 -2 -2 -2 -2 -2 -2 

-2 -6 -2 -2 -6 -4 28125 -16 
-2 -2 -2 -2 -2 -2 -2 -2 

-2 -2 -2 -2 -2 -2 -2 -2 
-2 -2 -2 -2 -2 -2 -2 -2 

-2 -2 -2 -2 -2 -2 75000 -2 
-2 -2 -2 30000 -2 -2 -2 -2 

-2 37500 -2 -2 -2 -2 -2 -2 
20000 -2 -2 -2 20000 -2 -2 30000 

-2 37500 -2 -2 75000 50000 -2 66666 
-2 40000 -2 -2 20000 -2 -2 30000 

-4 -2 -6 -2 75000 -2 -2 50000 
-2 -2 -2 -2 -2 -2 -2 30000 

-4 -2 -4 -2 -2 33333 -4 -4 
-2 -2 -2 -2 -2 -2 -2 -2 

-4 -2 -4 -2 -2 33333 -4 -2 
-2 -2 -2 -2 -2 -2 -2 -2 

-4 -2 -4 -2 -2 33333 -2 28125 
90000 -2 100000 -2 -2 -2 -2 -2 

-2 -2 -2 -2 -2 33333 -2 28125 
90000 -2 -2 -2 -2 -2 -2 -2 

-2 -2 -2 -2 -8 -2 -8 -4 
-2 -2 -2 -2 -2 -2 -2 -2 

-2 -2 -2 -2 -2 -2 -2 -2 
-2 -2 -2 -2 -2 -2 -2 -2 

-4 -8 -4 -8 -6 -2 -12 -4 
-2 -2 -2 -2 -2 -2 -2 -2 

-4 -2 -4 -8 -6 11538 -12 20000 
-2 -2 -2 -2 30000 30000 20000 30000 

-10 -2 -20 8333 -8 -6 -12 -18 
-2 -2 -2 20000 -2 -2 20000 -2 

-10 -2 -20 8333 -8 -6 -12 66666 
-2 40000 -2 20000 -2 -2 20000 -2 

-10 -2 -20 8333 -8 -6 -12 33333 
-2 20000 -2 20000 -2 -2 20000 -2 

50000 -2 -20 8333 -8 -6 42857 50000 
-2 60000 90000 20000 -2 -2 20000 -2 

50000 -2 -20 8333 -8 -6 42857 75000 
-2 30000 90000 20000 -2 -2 20000 -2 

50000 -2 -20 8333 -8 -6 42857 100000 
-2 20000 90000 20000 -2 -2 20000 -2 

50000 -2 -20 8333 -2 -6 42857 100000 
-2 20000 90000 -2 -2 -2 20000 -2 

50000 -2 50000 -2 100000 -6 42857 100000 
-2 -2 20000 -2 -2 -2 20000 -2 

-22 -4 -2 10000 -4 -30 -34 -10 
-2 -2 40000 -2 -2 -2 -2 -2 

-2 -4 -4 -2 -4 -8 -34 -2 
-2 40000 40000 -2 -2 -2 -2 -2 

25862 -4 -4 -2 -4 -8 -34 -2 
-2 40000 40000 -2 150000 -2 -2 -2 

-2 50000 -6 20000 -2 -8 -6 -2 
-2 20000 20000 -2 -2 -2 20000 -2 

-2 50000 -6 20000 -2 -8 -6 62500 
-2 20000 20000 -2 -2 50000 20000 -2 

-2 50000 -6 20000 -2 -8 -6 -2 
-2 20000 20000 -2 -2 -2 20000 -2 

-2 50000 -2 -2 -2 -2 -2 -2 
-2 -2 -2 -2 -2 -2 -2 -2 

-2 75000 -2 -2 -2 -2 -2 -2 
20000 30000 -2 -2 -2 -2 -2 -2 

-2 -4 -2 -2 -2 -2 -4 -4 
-2 -2 -2 -2 -2 -2 -2 -2 

-2 -4 -2 -2 -2 -2 -4 -4 
-2 -2 -2 -2 -2 -2 -2 -2 

-4 -2 -2 -2 -2 -2 20000 -10 
-2 -2 20000 -2 -2 -2 20000 -2 

-2 -2 -2 -6 -2 -2 -2 -2 
-2 -2 -2 -2 -2 -2 -2 -2 

-2 -2 -2 -6 -2 -2 -2 62500 
-2 -2 -2 -2 -2 -2 -2 50000 

33333 -2 -2 -2 -2 -2 28125 30000 
-2 -2 -2 -2 90000 30000 -2 -2 

50000 -2 -2 -2 -2 -2 66666 30000 
40000 -2 -2 -2 50000 30000 -2 -2 

-2 -2 -2 -2 -2 -2 -2 -2 
-2 -2 -2 -2 -2 -2 -2 -2 

-2 -2 -2 -2 41666 -4 -2 -6 
-2 -2 20000 -2 20000 -2 -2 -2 

-2 18750 -2 -2 25000 -6 -6 -4 
-2 -2 -2 -2 -2 20000 -2 -2 

-2 18750 -2 -2 25000 -2 -6 -4 
-2 -2 -2 -2 -2 20000 -2 -2 

-2 18750 -2 -2 25000 -2 -6 -4 
-2 -2 130000 -2 -2 20000 -2 -2 

-2 18750 -2 -2 25000 -2 -2 -4 
-2 -2 80000 -2 -2 -2 -2 -2 

-2 -6 -8 -2 -2 -4 -10 -4 
-2 -2 -2 -2 -2 -2 -2 -2 

-6 -2 -2 -4 -2 -2 -2 -8 
-2 -2 -2 -2 -2 -2 -2 -2 

-6 -4 -4 -4 -2 -6 -12 -12 
-2 -2 -2 -2 -2 -2 -2 -2 

11111 -4 100000 -4 -2 12500 -12 14285 
-2 -2 -2 -2 20000 20000 -2 40000 

11111 -4 -12 -16 6250 12500 -12 -20 
-2 -2 -2 -2 20000 20000 -2 -2 

11111 -4 -12 -16 6250 12500 -12 75000 
-2 -2 -2 -2 30000 20000 -2 -2 

11111 -4 -12 -16 6250 12500 -12 66666 
-2 -2 -2 -2 40000 20000 -2 -2 

33333 -4 -12 -16 -2 12500 -12 -2 
-2 -2 -2 -2 -2 40000 -2 -2 

33333 -4 -12 -16 -2 12500 -12 50000 
-2 20000 -2 -2 -2 40000 -2 -2 

33333 -4 -12 -16 -2 12500 -12 100000 
-2 20000 -2 -2 -2 20000 -2 -2 

33333 -4 -2 -16 -2 12500 -12 100000 
-2 20000 -2 -2 -2 20000 -2 -2 

40000 -2 66666 -16 -2 -2 -12 100000 
-2 20000 -2 -2 -2 -2 50000 -2 

40000 7500 17105 -16 -2 -2 -12 100000 
-2 30000 -2 -2 -2 -2 130000 -2 

28571 7500 -2 -2 -2 -2 -4 100000 
-2 -2 -2 -2 40000 -2 50000 -2 

25000 7500 75000 -2 -2 -2 -4 100000 
-2 30000 -2 -2 160000 -2 50000 -2 

-4 -6 -2 -2 -8 -2 -6 -8 
20000 -2 20000 -2 -2 -2 -2 -2 

-4 -6 -2 -2 -8 -2 -6 75000 
20000 -2 30000 -2 -2 -2 -2 -2 

-4 -6 -2 -2 -8 -2 -6 -2 
20000 -2 -2 -2 -2 -2 -2 -2 

-2 -2 -2 -2 -2 -2 -4 -2 
-2 -2 -2 -2 -2 -2 -2 -2 

-2 -2 892 -2 -2 -2 -2 -2 
-2 -2 -2 -2 -2 -2 -2 -2 

-2 -2 33333 -2 -2 -2 -2 75000 
30000 -2 -2 -2 -2 -2 -2 -2 

-2 -2 -4 -2 -2 -4 -4 -4 
-2 -2 -2 -2 -2 -2 -2 -2 

-2 -2 -4 -2 -2 -4 100000 -4 
-2 -2 -2 -2 20000 -2 -2 -2 

-2 -2 -2 -8 -6 15384 -6 -6 
30000 -2 -2 -2 -2 -2 -2 -2 

-2 -2 -2 -8 -6 50000 -6 -6 
50000 -2 -2 -2 -2 -2 -2 -2 

-2 -2 -2 -2 -2 -2 23076 -2 
-2 -2 -2 40000 -2 -2 -2 -2 

62500 -2 62500 -2 -2 66666 23076 100000 
-2 40000 -2 40000 20000 -2 50000 50000 

-2 -4 -2 -2 -2 -2 -4 -2 
-2 -2 -2 -2 -2 -2 -2 -2 

-2 -2 16666 -2 -2 -2 -10 -2 
-2 80000 -2 20000 -2 -2 -2 -2 

-4 -2 -4 -4 -4 -6 -2 -10 
-2 -2 -2 -2 -2 -2 -2 -2 

-4 -2 -4 -2 -4 -6 -2 -10 
-2 -2 -2 -2 -2 -2 -2 -2 

-4 -2 -4 23437 -4 -6 -2 -10 
-2 150000 -2 -2 -2 -2 -2 -2 

-4 -2 -2 -2 -2 55555 -2 -2 
-2 -2 -2 -2 -2 -2 100000 -2 

-10 -6 -8 -14 -2 -2 -2 -6 
-2 -2 -2 -2 -2 -2 -2 -2 

-2 -2 -2 -2 -2 -2 -2 -2 
-2 -2 -2 -2 -2 -2 -2 -2 

-10 -4 -8 -6 -2 -8 -2 -2 
-2 -2 -2 -2 -2 -2 -2 -2 

16666 -4 -8 -66 -2 -8 -2 -2 
-2 -2 30000 -2 -2 -2 30000 -2 

16666 -4 -8 -4 -2 -4 10000 -2 
-2 20000 -2 -2 -2 -2 30000 -2 

16666 -4 -8 -4 -2 66666 10000 -2 
40000 20000 -2 -2 -2 -2 30000 -2 

16666 -4 -8 -4 -2 50000 10000 -2 
30000 20000 -2 -2 -2 -2 30000 -2 

16666 -2 -8 -4 62500 41666 10000 41666 
50000 20000 -2 50000 -2 -2 50000 -2 

16666 -2 -8 -4 62500 50000 10000 41666 
30000 20000 -2 50000 -2 -2 50000 -2 

16666 -2 -8 -4 62500 75000 10000 41666 
30000 20000 -2 50000 -2 -2 50000 -2 

16666 -2 -8 -4 62500 -2 10000 41666 
-2 20000 -2 50000 -2 -2 50000 -2 

16666 50000 -8 -4 -2 50000 10000 -2 
60000 20000 -2 50000 -2 30000 -2 -2 

-66 -18 -26 -46 -10 -12 -30 3125 
-2 -2 -2 -2 20000 -2 -2 -2 

-66 -6 -4 -4 33333 -2 -30 3125 
-2 -2 -2 -2 -2 -2 -2 -2 

-66 62500 -4 -4 17307 -2 -30 3125 
-2 -2 -2 -2 -2 -2 -2 50000 

-6 -6 -4 -2 16666 -2 -8 -2 
-2 20000 -2 20000 20000 -2 -2 -2 

-6 -6 -4 -2 100000 -2 -8 -2 
-2 20000 -2 20000 20000 -2 -2 20000 

-6 -6 -2 -2 100000 -2 -8 -2 
-2 20000 -2 20000 20000 -2 -2 20000 

-6 -2 -2 -2 -2 -2 -2 -2 
-2 -2 -2 -2 -2 -2 -2 -2 

-6 -2 -2 -2 -2 -2 50000 -2 
20000 -2 -2 -2 -2 -2 20000 -2 

-4 -2 -2 -2 -2 -2 -2 -2 
-2 -2 -2 -2 -2 -2 -2 -2 

-4 -2 -2 -2 -2 -2 100000 -2 
-2 20000 -2 -2 -2 -2 -2 -2 

-2 -6 50000 -2 -4 -2 -2 -2 
-2 -2 -2 30000 -2 -2 -2 20000 

-2 -2 -2 -2 -2 -2 -2 -2 
-2 -2 -2 -2 -2 -2 -2 -2 

-2 -2 -2 -2 -2 -2 -2 75000 
-2 -2 -2 -2 -2 30000 -2 -2 

-2 -2 -2 -2 -2 -2 -4 -4 
-2 -2 -2 -2 -2 -2 -2 -2 

-2 -2 40000 -2 66666 -2 -4 -4 
40000 -2 -2 -2 -2 40000 -2 -2 

-2 -2 -2 -2 -2 -2 -2 -2 
-2 20000 70000 -2 -2 -2 -2 -2 

-2 -4 -16 -2 -6 -2 -4 -2 
-2 -2 -2 -2 -2 -2 -2 -2 

-6 -2 -4 -2 -2 -2 -4 -2 
-2 20000 -2 -2 -2 -2 -2 -2 

-6 -2 -4 -2 -2 -2 -4 -2 
-2 20000 -2 -2 -2 -2 -2 -2 

-6 36363 37500 -2 -2 -2 -4 -2 
30000 80000 -2 -2 -2 -2 -2 -2 

-6 -2 37500 -2 -2 -2 -2 50000 
-2 -2 -2 -2 -2 -2 40000 -2 

-20 -2 -2 -2 -6 -8 -6 -4 
-2 -2 -2 -2 -2 -2 -2 -2 

-2 -2 -2 -2 -2 -2 -2 -2 
-2 -2 -2 -2 -2 -2 -2 -2 

-8 -2 -8 -4 -4 -8 -2 -14 
-2 -2 -2 -2 -2 -2 -2 -2 

-8 10000 -2 -4 -4 -8 -2 -14 
-2 -2 20000 30000 -2 -2 -2 -2 

-14 -12 -2 6250 -4 -6 -2 -14 
-2 -2 -2 30000 -2 -2 20000 -2 

-14 -12 -2 75000 -4 -6 -2 -14 
30000 -2 -2 30000 -2 -2 20000 -2 

-14 -12 -2 50000 -4 -6 -2 -14 
40000 -2 -2 30000 -2 -2 20000 -2 

-14 -2 -2 50000 -4 -6 62500 75000 
50000 -2 -2 30000 -2 50000 20000 30000 

-14 -2 -2 50000 -4 -6 62500 75000 
50000 -2 -2 30000 -2 50000 20000 30000 

-14 -2 -2 50000 -4 -6 75000 75000 
30000 -2 -2 30000 -2 50000 20000 30000 

-14 -2 -2 50000 -4 -6 -2 75000 
-2 -2 -2 30000 -2 50000 20000 30000 

-14 -2 -2 50000 -4 -6 50000 75000 
70000 -2 -2 30000 -2 50000 20000 30000 

-18 -12 -2 6818 -12 -4 -30 -58 
-2 -2 -2 30000 -2 -2 -2 -2 

-8 -12 -2 6818 -12 25000 -6 -4 
-2 20000 -2 30000 -2 -2 -2 -2 

-8 -12 -2 6818 -12 17307 62500 -4 
-2 90000 -2 30000 50000 -2 -2 -2 

-2 14285 -2 -6 -4 -4 -4 -6 
-2 -2 -2 -2 -2 -2 -2 20000 

-2 14285 -2 -6 50000 -4 -4 -6 
-2 30000 -2 -2 -2 -2 -2 20000 

-2 14285 -2 -6 -2 -4 -4 -6 
-2 -2 -2 -2 -2 -2 -2 20000 

-2 -2 961 -2 -2 -4 -2 -510 
-2 -2 -2 -2 -2 -2 -2 -2 

-2 37500 961 -2 50000 -2 -2 -510 
20000 -2 -2 -2 -2 30000 -2 -2 

-2 -2 -2 -2 -2 -2 -2 -2 
-2 -2 -2 -2 -2 -2 -2 -2 

-2 -2 -2 100000 -2 -2 -2 -2 
-2 -2 -2 -2 20000 -2 -2 -2 

-2 25000 -2 -4 -2 -2 30000 -4 
20000 -2 70000 -2 -2 -2 30000 -2 

-2 -2 -4 -2 -4 -2 -4 -2 
-2 -2 -2 -2 -2 -2 -2 -2 

-2 -2 -4 -2 -4 -2 75000 -2 
-2 30000 -2 -2 -2 -2 -2 -2 

30769 21428 -2 -2 25000 -2 -2 -2 
-2 -2 20000 -2 -2 -2 -2 40000 

30769 66666 -2 -2 75000 50000 -2 -2 
30000 -2 20000 -2 -2 40000 40000 40000 

-2 -2 -4 -2 -2 -2 -2 -2 
-2 -2 -2 -2 -2 -2 -2 -2 

20000 -2 -4 -2 -6 29166 -4 -8 
-2 -2 -2 -2 -2 -2 -2 -2 

-4 -6 -4 -2 -8 -6 -8 -4 
-2 -2 -2 -2 -2 -2 -2 -2 

-4 -6 -4 -2 -8 -6 -2 -4 
-2 -2 -2 -2 -2 -2 -2 -2 

-4 -6 -4 -2 -8 50000 37931 -4 
220000 -2 -2 -2 -2 -2 30000 -2 

-2 -6 -4 -2 -8 45000 37931 -4 
220000 -2 -2 -2 -2 90000 30000 -2 

-2 -4 -2 -2 -18 -6 -2 -2 
-2 -2 -2 -2 -2 -2 -2 -2 

-2 -2 -2 -2 -2 -2 -2 -2 
-2 -2 -2 -2 -2 -2 -2 -2 

-4 -2 -2 -2 -4 -12 -4 -6 
-2 -2 -2 -2 -2 -2 -2 -2 

11111 -2 -2 -2 -4 -12 -2 10714 
20000 -2 -2 -2 -2 30000 -2 -2 

-10 -2 -2 -16 16666 -12 -12 -18 
-2 20000 -2 -2 -2 -2 -2 -2 

-10 50000 -2 -16 16666 -12 -12 -18 
-2 20000 -2 -2 -2 -2 -2 40000 

-10 -2 -2 -16 16666 -12 -12 -18 
-2 20000 -2 -2 -2 -2 -2 -2 

-10 27777 60000 -16 -4 -12 -12 -18 
60000 20000 -2 -2 -2 -2 -2 50000 

-10 66666 60000 -16 -4 -12 -12 -18 
60000 20000 -2 -2 -2 -2 -2 40000 

-10 100000 60000 -16 -4 -12 -12 -18 
60000 20000 -2 -2 -2 -2 -2 20000 

-10 -2 60000 -16 -4 -12 -12 -18 
60000 20000 -2 -2 -2 -2 -2 -2 

-10 -2 50000 -16 58333 -12 -12 -18 
30000 20000 -2 70000 -2 -2 -2 40000 

-18 -2 -14 5263 -28 -18 -6 7692 
-2 -2 -2 -2 20000 -2 -2 -2 

66666 -2 -2 5263 -28 -2 25000 -2 
-2 -2 -2 -2 20000 40000 -2 40000 

66666 -2 -2 5263 -28 -2 17857 -2 
-2 -2 -2 -2 100000 40000 -2 40000 

-4 -2 -4 -2 -4 -6 20000 -2 
-2 -2 -2 -2 -2 -2 -2 -2 

-4 -2 -4 -2 -4 -6 20000 -2 
-2 -2 -2 -2 -2 -2 -2 -2 

-2 -2 -4 -2 -4 -6 20000 -2 
-2 -2 -2 -2 -2 -2 -2 -2 

-6 -2 -2 -2 -2 -2 -6 -2 
-2 -2 -2 -2 -2 -2 -2 -2 

-2 -2 -2 -2 -2 1123 -2 -2 
-2 -2 -2 20000 -2 -2 -2 -2 

-2 -2 100000 -2 50000 50000 -2 -2 
-2 30000 -2 20000 -2 20000 -2 -2 

-2 -2 -2 -2 -2 -2 -4 -2 
-2 -2 -2 -2 -2 -2 -2 -2 

-2 100000 -2 -2 -2 -2 -4 -2 
-2 -2 -2 -2 -2 -2 20000 -2 

-2 14285 -2 -4 16666 -2 22222 33333 
-2 20000 -2 70000 -2 -2 -2 60000 

75000 14285 -2 -4 16666 -2 22222 33333 
-2 20000 30000 70000 -2 -2 -2 60000 

-2 -2 -2 50000 33333 -2 -2 -2 
-2 -2 30000 -2 20000 -2 -2 20000 

-2 -2 -2 50000 66666 -2 66666 -2 
-2 -2 40000 40000 20000 -2 -2 30000 

-4 -2 -2 -2 -2 -2 -2 -2 
-2 -2 -2 -2 -2 -2 -2 -2 

-10 -2 -2 -6 -2 -6 -2 -2 
-2 -2 -2 -2 -2 20000 -2 -2 

-4 33333 -4 33333 -4 30000 -4 -2 
-2 -2 -2 -2 -2 -2 20000 -2 

-4 33333 -4 33333 -4 30000 -4 -2 
-2 -2 -2 -2 -2 -2 20000 -2 

25000 35714 41666 33333 -4 30000 -4 33333 
-2 -2 -2 50000 -2 70000 100000 140000 

-2 62500 -2 33333 -4 30000 -4 50000 
-2 -2 -2 -2 -2 -2 50000 80000 

-2 -2 -4 -2 -10 -2 -2 -4 
-2 -2 -2 -2 -2 -2 -2 -2 

-2 -2 -2 -2 -2 -2 -2 -2 
-2 -2 -2 -2 -2 -2 -2 -2 

-2 -4 -12 -4 -4 -6 -2 -10 
-2 -2 -2 -2 -2 -2 -2 -2 

-2 14285 -12 7142 33333 -6 -2 -10 
-2 -2 20000 -2 -2 -2 -2 -2 

-2 33333 -36 8333 -4 -6 -2 20000 
-2 -2 -2 20000 -2 -2 -2 20000 

75000 33333 -36 8333 -4 -6 -2 20000 
-2 -2 -2 20000 -2 30000 -2 20000 

100000 33333 -36 8333 -4 -6 -2 20000 
-2 -2 -2 20000 -2 20000 -2 20000 

33333 33333 -36 -2 -4 75000 -2 37500 
30000 -2 -2 20000 -2 30000 -2 20000 

50000 33333 -36 -2 -4 75000 -2 37500 
30000 -2 -2 20000 -2 40000 -2 20000 

-2 33333 -36 -2 -4 75000 -2 37500 
30000 -2 -2 20000 -2 -2 -2 20000 

-2 33333 -36 -2 -4 75000 -2 37500 
30000 -2 -2 20000 -2 -2 -2 20000 

50000 57142 -4 -2 -4 75000 -2 37500 
-2 80000 -2 20000 -2 -2 -2 20000 

-12 -4 -38 5263 -46 -30 -12 -20 
20000 -2 -2 -2 -2 -2 -2 -2 

-2 -4 58333 -4 -46 -6 -12 -20 
-2 -2 -2 -2 -2 -2 70000 -2 

-2 -4 23809 62500 -46 -6 -12 -20 
-2 -2 50000 -2 -2 -2 100000 -2 

13636 -2 -2 -4 -6 -4 33333 -2 
-2 -2 -2 -2 30000 -2 -2 -2 

13636 -2 -2 -4 -6 -4 33333 -2 
-2 -2 -2 -2 30000 -2 -2 -2 

13636 -2 -2 -4 -6 -4 33333 -2 
-2 -2 -2 -2 -2 -2 -2 -2 

-2 -2 -2 -2 -4 -2 -2 -2 
-2 -2 -2 -2 -2 -2 20000 -2 

-2 -2 -2 -2 75000 33333 -2 -2 
-2 30000 -2 -2 -2 -2 20000 -2 

-4 -2 -2 -2 -2 -2 -2 -2 
-2 -2 -2 -2 -2 -2 -2 -2 

-4 -2 -2 -2 -2 -2 -2 -2 
-2 -2 -2 -2 -2 -2 -2 -2 

16666 -2 -2 25000 -2 -2 31250 -2 
-2 -2 -2 -2 -2 -2 -2 -2 

-2 -2 -2 -2 -4 -2 -4 -2 
-2 -2 -2 -2 -2 -2 -2 -2 

-2 -2 -2 -2 -4 -2 75000 -2 
-2 -2 -2 30000 -2 -2 -2 -2 

-2 -2 28571 -2 -2 15000 -2 -2 
-2 -2 -2 -2 -2 30000 70000 -2 

-2 -2 28571 -2 -2 62500 66666 75000 
-2 40000 30000 -2 -2 30000 70000 50000 

-2 -2 -2 -2 -2 -4 -4 -2 
-2 -2 -2 -2 -2 -2 -2 -2 

31250 37500 -2 -2 -2 -2 -2 -6 
-2 -2 30000 -2 -2 -2 -2 -2 

-4 -2 -2 -4 -4 -2 -2 -4 
-2 20000 -2 -2 -2 -2 -2 -2 

-4 -2 -2 -2 -4 -2 -2 -4 
-2 20000 -2 -2 -2 -2 -2 -2 

-2 -2 -2 33333 -4 -2 -2 -4 
-2 20000 -2 -2 -2 180000 -2 -2 

-2 -2 -2 50000 -2 -2 -2 -4 
-2 20000 -2 -2 -2 90000 -2 -2 

-2 -4 -2 -2 -2 -2 -2 -2 
-2 -2 -2 -2 -2 -2 -2 -2 

-4 -2 -2 -2 -4 -2 -2 -2 
-2 -2 -2 -2 -2 -2 -2 -2 

-2 -4 -6 -8 -6 -10 -4 -6 
-2 -2 -2 -2 -2 -2 -2 -2 

-2 -4 16666 -8 -6 -10 -4 18181 
-2 -2 20000 -2 -2 20000 -2 40000 

-2 -2 16666 -8 -6 -10 4166 -2 
-2 -2 20000 -2 -2 -2 -2 40000 

-2 -2 16666 100000 -6 -10 4166 -2 
-2 -2 20000 20000 -2 -2 -2 40000 

-2 -2 16666 -2 -6 -10 4166 -2 
-2 -2 20000 -2 -2 -2 -2 40000 

62500 -2 -4 58333 -6 -10 4166 -2 
70000 -2 40000 50000 -2 -2 -2 50000 

62500 -2 100000 50000 -6 -10 4166 -2 
70000 -2 40000 80000 -2 20000 -2 50000 

62500 -2 100000 -2 -6 -10 4166 -2 
70000 -2 40000 -2 -2 20000 -2 50000 

62500 -2 100000 -2 -6 -10 4166 -2 
70000 -2 40000 -2 -2 20000 -2 50000 

-2 -2 50000 -2 -6 -10 4166 -2 
70000 -2 -2 70000 -2 20000 -2 -2 

-22 -68 -40 -28 -20 -24 -28 5263 
-2 -2 -2 -2 20000 -2 -2 -2 

30000 -68 -40 -2 -20 -2 -6 -2 
-2 -2 -2 30000 -2 -2 -2 -2 

26086 -68 -40 -2 -20 -2 -6 -2 
-2 -2 -2 120000 -2 -2 -2 -2 

-12 -68 -2 -4 -4 -2 -2 -8 
-2 -2 -2 -2 -2 -2 -2 -2 

-12 -68 -2 -4 -4 -2 50000 -8 
-2 -2 -2 -2 -2 -2 -2 50000 

-12 -68 -2 -4 -4 -2 -2 -8 
-2 -2 -2 -2 -2 -2 -2 -2 

-2 -2 -2 -2 -2 -2 -2 -2 
-2 -2 -2 20000 -2 -2 20000 20000 

-2 -2 -2 -2 50000 -2 -2 -2 
-2 -2 -2 20000 -2 20000 20000 20000 

-2 -2 -2 -2 -2 -2 -2 -2 
-2 -2 -2 -2 -2 -2 -2 -2 

-2 100000 -2 -2 -2 -2 -2 -2 
20000 -2 -2 -2 -2 -2 -2 -2 

37500 -2 -6 -2 -2 -4 -2 -2 
20000 100000 -2 30000 -2 -2 -2 -2 

-4 -6 -4 -4 -2 -4 -2 -2 
-2 -2 -2 -2 -2 -2 -2 -2 

-4 -6 -4 75000 -2 -4 -2 -2 
-2 -2 -2 -2 30000 -2 -2 -2 

-2 -2 -2 -6 25000 -2 -2 22727 
-2 -2 -2 -2 50000 -2 -2 -2 

-2 66666 66666 -6 25000 60000 -2 50000 
30000 -2 -2 40000 60000 40000 40000 -2 

-2 -2 -2 -2 -2 -2 -2 -2 
-2 -2 -2 -2 -2 -2 -2 -2 

-2 -6 -4 -4 -10 -6 33333 -2 
-2 20000 -2 -2 -2 -2 -2 -2 

-12 50000 -2 -4 -4 -2 -2 16666 
-2 -2 -2 -2 -2 -2 -2 -2 

-12 50000 -2 -4 -4 -2 -2 16666 
-2 -2 -2 -2 -2 -2 -2 -2 

-12 50000 -2 -4 -4 -2 -2 16666 
-2 -2 -2 -2 -2 -2 -2 180000 

-12 50000 -2 -2 -4 -2 -2 16666 
-2 -2 -2 -2 -2 -2 -2 90000 

-2 -2 -2 -2 -2 -4 -4 -2 
-2 -2 -2 -2 -2 -2 -2 -2 

-2 -2 -2 -2 -6 -2 -2 -2 
-2 -2 -2 -2 -2 -2 -2 -2 

-6 -14 -4 -4 -2 -6 -6 -10 
-2 -2 -2 -2 -2 -2 -2 -2 

-6 14285 -4 16666 -2 -6 13636 -10 
-2 -2 -2 30000 20000 -2 -2 -2 

-6 -18 -4 -4 -8 -16 16666 -10 
-2 20000 -2 20000 20000 -2 -2 -2 

-6 -18 -4 100000 -8 -16 16666 -10 
-2 20000 -2 20000 20000 -2 -2 -2 

-6 -18 -4 66666 -8 -16 16666 -10 
-2 20000 -2 40000 20000 -2 -2 -2 

-4 -18 58333 35714 -8 -16 16666 -10 
70000 20000 -2 50000 -2 -2 -2 -2 

-4 -18 58333 62500 -8 -16 16666 -10 
70000 20000 -2 50000 -2 -2 -2 -2 

-4 -18 50000 62500 -8 -16 16666 -10 
70000 20000 -2 50000 -2 -2 30000 -2 

-4 -18 -2 62500 -8 -16 16666 -10 
70000 20000 -2 50000 -2 -2 -2 -2 

-4 -18 62500 -2 -8 -2 50000 -2 
70000 -2 -2 50000 80000 -2 50000 -2 

-10 -24 -12 -6 -32 -2 -34 50000 
-2 -2 -2 -2 20000 -2 -2 -2 

-10 -24 -2 -4 37500 -4 -34 -6 
-2 -2 -2 -2 20000 -2 -2 30000 

-10 -24 -2 -4 29032 -4 -34 -6 
-2 -2 -2 -2 20000 -2 -2 180000 

-4 -2 -8 -6 -2 15000 -4 -2 
-2 -2 -2 -2 -2 20000 -2 -2 

-4 -2 -8 -6 -2 15000 40000 -2 
-2 -2 40000 -2 -2 20000 -2 -2 

-4 -2 -8 -6 -2 15000 40000 -2 
-2 -2 40000 -2 -2 -2 -2 -2 

-2 -2 -18 -104 4761 -2 -2 -274 
-2 -2 -2 -2 -2 -2 -2 -2 

-2 -2 50000 50000 4761 -2 -2 100000 
-2 -2 -2 -2 -2 20000 20000 -2 

-2 -4 -2 -2 -2 -2 -2 -4 
-2 -2 -2 -2 -2 -2 -2 -2 

-2 -4 100000 -2 -2 -2 -2 -4 
-2 -2 20000 -2 -2 -2 -2 -2 

-8 -2 -2 -6 -2 -2 -10 -2 
-2 -2 -2 20000 50000 -2 -2 -2 

-2 -2 -2 -2 -2 -2 -2 -2 
-2 -2 -2 -2 -2 -2 -2 -2 

-2 -2 75000 -2 -2 -2 -2 -2 
-2 -2 -2 -2 -2 -2 -2 30000 

-2 -2 75000 -2 -2 -6 16666 -2 
-2 60000 -2 -2 -2 -2 -2 -2 

-2 66666 75000 -2 -2 -6 33333 100000 
20000 20000 -2 -2 40000 -2 -2 -2 

-2 -2 -2 -2 -2 -2 -2 -2 
-2 -2 -2 -2 -2 -2 -2 -2 

-8 -2 -16 -2 -4 -2 -2 -2 
-2 -2 -2 -2 -2 -2 30000 -2 

-2 -2 33333 -2 33333 -6 -8 -2 
-2 20000 20000 -2 -2 -2 20000 30000 

-2 -2 33333 -2 33333 -6 -8 -2 
-2 -2 20000 -2 -2 -2 20000 30000 

-2 40000 33333 28571 33333 37500 -8 23809 
-2 100000 40000 -2 -2 -2 80000 30000 

-2 -2 -2 66666 33333 -2 -8 56250 
-2 90000 -2 -2 -2 -2 40000 -2 

-2 -2 -6 -2 -2 -2 -4 -2 
-2 -2 -2 -2 -2 -2 -2 -2 

-2 -2 -2 -2 -2 -2 -2 -2 
-2 -2 -2 -2 -2 -2 -2 -2 

-6 -4 -4 -4 -2 -6 -14 -4 
-2 -2 -2 -2 -2 -2 -2 -2 

-2 -4 -4 -4 16666 -6 9375 -4 
-2 -2 -2 -2 -2 30000 -2 20000 

-32 -12 -10 7142 5263 -6 6666 -4 
-2 -2 20000 20000 -2 -2 -2 -2 

-32 100000 -10 7142 5263 -6 6666 -4 
-2 -2 20000 20000 -2 -2 -2 -2 

-32 -2 -10 7142 5263 -6 6666 -4 
-2 -2 -2 20000 -2 -2 -2 -2 

50000 50000 -10 50000 5263 -6 6666 41666 
-2 50000 80000 60000 -2 -2 -2 40000 

50000 50000 -10 50000 5263 -6 6666 41666 
-2 50000 20000 60000 -2 -2 -2 40000 

50000 -2 -10 50000 5263 -6 6666 41666 
-2 50000 -2 60000 -2 -2 -2 40000 

50000 -2 -10 50000 5263 -6 6666 41666 
-2 50000 -2 60000 -2 -2 -2 40000 

50000 -2 -10 50000 5263 -2 50000 41666 
-2 50000 -2 60000 -2 -2 -2 40000 

-10 -18 -22 5263 -24 -24 -24 -10 
-2 -2 20000 -2 -2 -2 -2 -2 

-2 37500 31250 5263 -2 -4 -24 -2 
-2 -2 20000 -2 -2 -2 -2 30000 

-2 -2 20689 5263 -2 -2 -24 66666 
-2 -2 -2 -2 -2 -2 -2 30000 

-2 -6 -2 -4 -4 -2 -6 33333 
-2 20000 -2 -2 20000 -2 -2 20000 

-2 -6 100000 -4 -4 -2 -6 33333 
-2 20000 20000 -2 20000 -2 -2 20000 

-2 -6 -2 -4 -4 -2 -6 33333 
-2 20000 -2 -2 20000 -2 -2 20000 

-2 -2 -2 -2 -2 -2 -2 -2 
-2 -2 -2 -2 -2 -2 -2 -2 

724 -2 -2 -2 -2 -2 -2 -2 
-2 -2 -2 -2 -2 -2 -2 -2 

33333 -2 66666 -2 -2 -2 -2 -2 
40000 -2 -2 -2 20000 -2 -2 -2 

33333 -2 66666 -2 -2 -2 100000 -2 
40000 -2 -2 -2 20000 -2 -2 20000 

-2 -4 -2 -2 22500 -4 -2 -2 
-2 -2 -2 -2 -2 -2 -2 -2 

-2 -2 -2 -2 -2 -2 -2 -2 
-2 -2 -2 -2 -2 -2 -2 -2 

-2 75000 -2 -2 -2 -2 -2 -2 
-2 -2 -2 -2 -2 -2 30000 -2 

-2 -2 50000 25000 20000 -2 -2 -2 
30000 -2 -2 -2 -2 -2 -2 -2 

-2 -2 50000 25000 50000 -2 -2 -2 
30000 70000 -2 -2 -2 -2 -2 -2 

-2 -2 -2 -4 -2 -2 -2 -2 
-2 -2 -2 -2 -2 -2 -2 -2 

-8 -2 -4 -2 25000 -8 25000 -4 
-2 70000 -2 -2 -2 20000 -2 -2 

-6 -4 15000 -4 -4 -4 -6 -6 
-2 -2 -2 30000 -2 -2 -2 -2 

-6 -2 15000 -4 -4 -4 -6 -6 
-2 -2 -2 30000 -2 -2 -2 -2 

-6 41176 15000 -2 -4 -4 31578 -6 
140000 -2 -2 30000 120000 -2 -2 -2 

-6 55555 15000 -2 -4 -4 -2 -2 
100000 -2 -2 30000 -2 -2 -2 -2 

-2 -4 -4 -2 -2 -2 -2 -4 
-2 -2 -2 -2 -2 -2 -2 -2 

-2 -2 -2 -2 -2 -2 -2 -2 
-2 -2 -2 -2 -2 -2 -2 -2 

-8 -2 -2 -6 -12 -2 -4 -10 
-2 -2 -2 -2 -2 -2 -2 -2 

-8 -2 -2 -6 20000 -2 11111 -10 
20000 -2 -2 40000 -2 -2 -2 -2 

-6 5263 -4 -12 -6 4166 -4 -2 
-2 -2 -2 20000 -2 20000 -2 -2 

-6 66666 -4 -12 -6 4166 -4 -2 
-2 40000 -2 20000 -2 20000 -2 -2 

-6 50000 -4 -12 -6 4166 -4 -2 
-2 20000 -2 20000 -2 20000 -2 -2 

-6 50000 -4 -12 -6 4166 -4 -2 
-2 110000 -2 20000 -2 20000 -2 -2 

-6 33333 -4 -12 -6 4166 -4 -2 
-2 20000 -2 20000 -2 20000 -2 -2 

-6 50000 -4 -12 -6 4166 -4 -2 
-2 20000 -2 20000 -2 20000 20000 -2 

-6 -2 -4 -12 -6 4166 -4 -2 
-2 20000 -2 20000 -2 20000 -2 -2 

-6 62500 -4 -4 -6 -2 -2 50000 
-2 20000 -2 20000 -2 -2 50000 -2 

-20 -6 6000 -22 -52 -6 -14 -8 
-2 -2 -2 -2 -2 30000 -2 -2 

-20 -6 6000 -22 -52 -6 -4 -4 
-2 -2 -2 -2 -2 20000 -2 -2 

-20 -6 6000 -22 -52 -6 -2 62500 
-2 -2 -2 -2 50000 130000 -2 -2 

-4 -2 -4 -8 33333 -2 -4 -2 
-2 -2 -2 -2 -2 -2 20000 -2 

-4 -2 -4 -8 33333 -2 -4 -2 
-2 -2 -2 -2 -2 -2 20000 -2 

-4 -2 -4 -8 33333 -2 -4 -2 
-2 -2 -2 -2 -2 -2 20000 -2 

-4 -2 -2 -2 -2 -2 -2 -2 
-2 -2 -2 -2 -2 -2 20000 20000 

-4 -2 -2 -2 -2 -2 50000 50000 
-2 -2 -2 20000 -2 -2 20000 20000 

-2 -4 -2 -2 -2 -2 -2 -2 
-2 -2 -2 -2 -2 -2 -2 -2 

-2 -2 -6 -2 -2 -2 -2 -2 
-2 -2 -2 -2 -2 -2 -2 -2 

-2 100000 -6 -2 -2 -2 -2 -2 
-2 -2 -2 -2 -2 -2 20000 -2 

100000 9090 -2 -2 -2 -4 -6 -2 
-2 -2 20000 -2 -2 -2 -2 -2 

100000 75000 -2 -2 -2 -4 -6 -2 
-2 -2 20000 30000 -2 -2 -2 -2 

-2 11538 33333 21428 -2 -2 -2 100000 
30000 170000 -2 -2 20000 -2 -2 -2 

75000 11538 62500 21428 -2 50000 -2 100000 
30000 50000 -2 50000 20000 30000 -2 -2 

-2 -2 -2 -2 -2 -2 -2 -2 
-2 -2 -2 -2 -2 -2 -2 -2 

-2 25000 58333 -4 12500 -4 50000 -16 
-2 -2 -2 -2 -2 -2 -2 -2 

-2 33333 20000 50000 66666 -6 -4 -12 
-2 20000 40000 20000 -2 -2 20000 -2 

-2 33333 -2 50000 66666 -6 -4 -12 
-2 20000 40000 -2 -2 -2 20000 -2 

-2 21428 27777 35294 66666 -6 -4 -12 
-2 30000 40000 100000 -2 120000 20000 -2 

-2 -2 -2 -2 66666 -6 -4 -12 
-2 -2 40000 80000 -2 -2 20000 -2 

-2 -6 -8 -8 -12 -4 -12 -2 
-2 -2 -2 -2 -2 -2 -2 -2 

-2 -2 -2 -2 -2 -2 -4 -2 
-2 -2 -2 -2 -2 -2 -2 -2 

-8 -8 -4 -4 -2 -4 -4 -4 
-2 -2 -2 -2 -2 -2 -2 -2 

-8 -8 11111 7692 -2 -2 -4 9090 
20000 -2 -2 -2 20000 -2 -2 20000 

-8 -12 -2 33333 -2 8333 -8 12500 
-2 -2 20000 -2 20000 -2 -2 -2 

-8 -12 -2 75000 -2 8333 -8 12500 
30000 -2 20000 -2 20000 -2 -2 -2 

-8 -12 -2 100000 -2 8333 -8 12500 
20000 -2 20000 -2 20000 -2 -2 -2 

-8 -2 -2 33333 -2 37500 42857 60000 
70000 20000 -2 60000 20000 -2 30000 -2 

-8 -2 -2 75000 -2 37500 42857 60000 
30000 20000 -2 60000 20000 -2 30000 -2 

-8 -2 -2 75000 -2 37500 42857 60000 
30000 20000 -2 60000 20000 -2 30000 -2 

-8 -2 -2 75000 -2 37500 42857 60000 
30000 20000 -2 60000 20000 -2 30000 -2 

-8 -2 50000 75000 60000 40000 42857 -2 
30000 40000 -2 60000 20000 -2 30000 30000 

-58 -22 -40 -12 20000 -10 -22 -52 
-2 20000 -2 -2 -2 -2 -2 20000 

-58 -22 -2 40000 -8 -4 -22 -52 
-2 -2 40000 -2 -2 -2 -2 70000 

-58 -22 -2 62500 -2 -4 -22 -52 
-2 -2 50000 -2 -2 -2 -2 130000 

-4 25000 -2 -4 -2 50000 -2 -4 
-2 -2 -2 -2 -2 30000 -2 -2 

-4 25000 -2 -4 -2 50000 -2 -4 
-2 -2 -2 -2 -2 30000 -2 -2 

-4 25000 -2 -4 -2 50000 -2 -4 
-2 -2 -2 -2 -2 30000 -2 -2 

-2 -2 -2 -2 -4 -4 -2 -2 
-2 -2 -2 -2 -2 -2 -2 -2 

-2 -2 -2 -2 -2 -2 -2 -2 
20000 -2 -2 -2 20000 -2 -2 -2 

-2 -2 75000 -2 -2 -2 -2 -2 
20000 -2 -2 -2 20000 -2 -2 -2 

-2 -2 -2 -2 -2 -2 -2 -2 
-2 -2 -2 -2 -2 -2 -2 -2 

-2 -2 -2 -2 -2 -2 -2 -2 
-2 -2 -2 -2 -2 -2 -2 -2 

-2 -2 -6 -2 25000 -10 7894 33333 
20000 -2 20000 -2 30000 -2 -2 -2 

75000 -2 -6 -2 25000 -10 7894 33333 
20000 -2 20000 -2 30000 -2 30000 -2 

-2 -2 -2 -2 -2 -2 -2 25000 
-2 -2 -2 -2 -2 -2 20000 20000 

60000 -2 66666 -2 -2 -2 -2 25000 
-2 -2 -2 -2 60000 40000 20000 20000 

-2 -2 -2 -2 -2 -2 -2 -2 
-2 -2 -2 -2 -2 -2 -2 -2 

-8 35714 -2 -4 -6 -2 -6 -2 
-2 20000 -2 -2 -2 -2 -2 -2 

25000 -2 -4 -2 33333 -4 -4 -2 
-2 -2 -2 20000 -2 -2 -2 -2 

25000 -2 -4 -2 33333 -4 -4 -2 
-2 -2 -2 20000 -2 -2 -2 -2 

25000 50000 -4 42307 100000 -4 -4 -2 
-2 -2 110000 20000 -2 20000 100000 70000 

25000 -2 -4 -2 -2 -4 -2 -2 
-2 -2 -2 20000 -2 -2 30000 -2 

-2 -4 33333 -4 -2 -2 -4 -2 
-2 -2 -2 -2 -2 -2 -2 -2 

-2 -2 -2 -2 -2 -2 -2 -2 
-2 -2 -2 -2 -2 -2 -2 -2 

-12 -8 -8 -6 -2 -4 -6 -4 
-2 -2 -2 -2 -2 -2 -2 -2 

14285 -8 7142 14285 -2 33333 -6 -4 
-2 20000 20000 20000 -2 20000 -2 -2 

14285 -8 -10 6250 -2 -4 -6 7692 
-2 -2 20000 -2 20000 -2 -2 -2 

14285 75000 -10 6250 -2 -4 -6 7692 
-2 -2 20000 -2 20000 -2 -2 30000 

14285 66666 -10 6250 -2 -4 -6 7692 
-2 -2 20000 -2 20000 -2 -2 40000 

14285 -4 -4 6250 -2 -4 -6 33333 
-2 -2 -2 -2 20000 -2 40000 80000 

14285 50000 -4 6250 -2 -4 -6 33333 
-2 -2 -2 -2 20000 -2 40000 40000 

14285 75000 -4 6250 -2 -4 -6 33333 
-2 -2 -2 -2 20000 -2 40000 30000 

14285 -2 -4 6250 -2 -4 -6 33333 
-2 -2 -2 -2 20000 -2 40000 -2 

14285 66666 50000 6250 50000 -4 -6 50000 
40000 -2 30000 -2 20000 -2 20000 70000 

-26 -30 -30 6818 -18 -86 -28 -46 
30000 -2 -2 -2 30000 -2 -2 -2 

25000 50000 -2 6818 27272 -2 -4 -2 
30000 60000 -2 -2 50000 -2 20000 -2 

25806 50000 -2 6818 66666 -2 -4 -2 
30000 40000 -2 160000 50000 -2 20000 -2 

-2 -6 -2 -2 -8 -2 20000 -4 
-2 -2 -2 20000 -2 -2 20000 -2 

-2 -6 -2 -2 100000 -2 20000 -4 
-2 -2 -2 20000 20000 -2 20000 -2 

-2 -6 -2 -2 -2 -2 20000 -4 
-2 -2 -2 20000 -2 -2 20000 -2 

-2 -6 -2 -2 925 -2 -2 1086 
-2 -2 -2 -2 -2 -2 20000 -2 

-2 -6 -2 -2 -2 75000 -2 33333 
-2 -2 -2 -2 -2 -2 30000 20000 

-2 -4 -2 -2 -2 -2 -2 -2 
-2 -2 -2 -2 -2 -2 -2 -2 

-2 -4 -2 -2 -2 -2 -2 -2 
-2 -2 -2 -2 -2 -2 -2 -2 

-2 -2 -2 -2 -2 -2 -4 -2 
-2 -2 -2 -2 20000 -2 -2 20000 

-2 -2 -2 -2 -2 -2 -2 -2 
-2 -2 -2 -2 -2 -2 -2 -2 

-2 -2 -2 -2 -2 -2 75000 -2 
-2 -2 -2 -2 30000 -2 -2 -2 

-2 -2 50000 21428 40000 30000 66666 -2 
-2 -2 -2 50000 40000 -2 -2 -2 

-2 -2 50000 21428 40000 30000 66666 66666 
40000 -2 -2 50000 40000 40000 -2 -2 

-4 -2 -2 -2 -2 -2 -2 -2 
-2 -2 -2 -2 -2 -2 -2 -2 

-2 -2 -8 -6 -2 -4 -4 -6 
-2 20000 -2 30000 -2 40000 -2 -2 

-4 -4 40000 -8 -2 -4 -4 -6 
-2 -2 -2 -2 -2 -2 -2 20000 

-4 -4 40000 -8 -2 -2 -4 -6 
-2 -2 -2 -2 -2 -2 -2 20000 

-4 -4 40000 -8 -2 27586 -2 -6 
160000 -2 -2 -2 -2 -2 -2 -2 

-2 -2 40000 -8 -2 50000 -2 -6 
90000 -2 -2 -2 -2 -2 -2 -2 

-2 -4 -2 -2 -2 -2 -4 -2 
-2 -2 -2 -2 -2 -2 -2 -2 

-2 -2 -2 -2 -2 -4 -2 -2 
-2 -2 -2 -2 -2 -2 -2 -2 

-6 -2 -4 -6 -2 -4 -10 -2 
-2 -2 -2 -2 -2 -2 -2 -2 

-6 -2 -4 11111 -2 -2 -10 7692 
20000 -2 -2 -2 -2 -2 -2 -2 

8333 -10 -2 -6 -14 -2 -4 -8 
-2 -2 20000 -2 -2 -2 -2 -2 

8333 75000 -2 -6 -14 -2 -4 -8 
-2 30000 20000 -2 -2 -2 -2 -2 

8333 66666 -2 -6 -14 -2 -4 -8 
-2 40000 20000 -2 -2 -2 -2 -2 

8333 66666 -2 -6 -14 42857 42857 -4 
-2 40000 20000 -2 60000 -2 -2 40000 

8333 50000 -2 -6 -14 27272 -2 38888 
-2 40000 20000 20000 -2 -2 70000 -2 

8333 50000 -2 -6 -14 75000 -2 38888 
-2 40000 20000 20000 -2 -2 30000 -2 

8333 50000 -2 -6 -14 -2 -2 38888 
-2 40000 20000 20000 -2 -2 -2 -2 

8333 -2 -2 -6 -14 50000 -2 -2 
-2 40000 20000 20000 -2 -2 -2 -2 

9090 -34 9090 -66 -58 -44 -20 -18 
-2 20000 -2 20000 -2 -2 -2 -2 

-6 -34 9090 -66 -4 -44 -2 -4 
70000 -2 -2 -2 -2 -2 -2 -2 

-6 -34 9090 -66 -4 -44 -2 22222 
120000 -2 -2 -2 -2 -2 -2 -2 

11111 -6 -4 -2 -4 -2 -2 -4 
-2 20000 -2 -2 -2 -2 20000 -2 

11111 -6 -4 -2 -4 -2 100000 -4 
-2 20000 -2 -2 -2 -2 20000 20000 

11111 -6 -4 -2 -4 -2 -2 -4 
-2 20000 -2 -2 -2 -2 20000 -2 

-2 -2 -2 -2 -2 -2 -2 -2 
-2 -2 -2 -2 -2 -2 -2 -2 

50000 100000 -2 -2 -2 -2 -2 -2 
-2 20000 30000 -2 20000 -2 -2 -2 

-2 -2 -2 -2 757 -2 -2 -2 
-2 -2 -2 -2 20000 -2 -2 -2 

-2 -2 -2 -2 757 -2 -2 100000 
-2 -2 -2 20000 20000 -2 -2 -2 

16666 -2 -6 -6 -2 -2 -4 25000 
60000 -2 -2 50000 -2 -2 -2 30000 

-2 -2 -2 -2 -2 -2 -2 -2 
-2 -2 -2 -2 -2 -2 -2 -2 

-2 -2 -2 -2 -2 -2 -2 58333 
70000 -2 -2 -2 -2 -2 -2 -2 

-2 -2 16666 18750 -2 21428 -2 -4 
-2 30000 -2 -2 -2 30000 -2 -2 

58333 -2 75000 18750 -2 21428 -2 -4 
50000 30000 30000 -2 -2 70000 -2 -2 

-2 -4 -2 -6 -4 -2 -2 -2 
-2 -2 -2 -2 -2 -2 -2 -2 

-2 -4 33333 -10 -8 -4 -4 -2 
-2 -2 -2 20000 -2 -2 -2 -2 

-4 -2 -4 -2 -2 -2 -2 -6 
-2 -2 -2 -2 -2 20000 -2 30000 

-4 -2 -4 -2 -2 -2 -2 -6 
-2 -2 -2 -2 -2 20000 -2 30000 

-4 -2 -4 21212 -2 -2 -2 -6 
-2 -2 140000 -2 -2 20000 -2 30000 

-4 -2 -2 -2 -2 -2 -2 -2 
-2 -2 90000 -2 -2 20000 -2 -2 

-2 -2 -2 -2 -4 -2 -2 -2 
-2 -2 -2 -2 -2 -2 -2 -2 

-2 -2 -2 -2 -4 -2 -2 -2 
-2 -2 -2 -2 -2 -2 -2 -2 

-4 -6 -4 -8 -6 -2 -2 -8 
-2 -2 -2 -2 -2 -2 -2 -2 

-4 -6 25000 -8 10000 50000 -2 -8 
20000 -2 30000 20000 -2 20000 -2 -2 

-4 -6 -14 -8 10000 -12 10000 -10 
-2 -2 20000 20000 -2 20000 -2 -2 

-4 -6 -14 75000 10000 -12 10000 -10 
-2 -2 30000 20000 -2 20000 -2 -2 

-4 -6 -14 -2 10000 -12 10000 -10 
-2 -2 -2 20000 -2 20000 -2 -2 

-4 -6 -14 -2 10000 -4 75000 -10 
-2 -2 60000 20000 -2 20000 30000 50000 

-4 -6 -14 33333 10000 -4 75000 -10 
-2 -2 20000 20000 -2 20000 30000 50000 

-4 -6 -14 50000 10000 -4 75000 -10 
-2 -2 20000 20000 -2 20000 30000 50000 

-4 -6 -14 -2 10000 -4 75000 -10 
-2 -2 -2 20000 -2 20000 30000 50000 

50000 -6 50000 -2 10000 -4 -2 -10 
-2 -2 -2 20000 40000 20000 30000 50000 

-6 -6 -26 -20 -10 9523 -8 -54 
40000 -2 -2 -2 -2 -2 -2 -2 

-4 25000 -2 -4 -10 -8 -4 -2 
-2 -2 -2 50000 -2 -2 -2 -2 

-4 22222 -2 -4 -10 -8 -4 -2 
-2 -2 -2 50000 -2 120000 -2 -2 

-2 -6 -4 20000 -4 -2 15000 -14 
-2 -2 -2 -2 -2 -2 -2 20000 

50000 -6 -4 20000 -4 -2 15000 -14 
-2 -2 -2 -2 -2 -2 -2 20000 

-2 -6 -4 20000 -4 -2 15000 -14 
-2 -2 -2 -2 -2 -2 -2 -2 

-2 -2 -2 -2 -2 -2 -2 -14 
-2 -2 -2 -2 -2 -2 -2 -2 

-2 -2 75000 -2 -2 33333 -2 -14 
20000 30000 -2 -2 -2 -2 -2 -2 

-2 -4 -2 -2 -2 -2 -2 -2 
-2 -2 -2 -2 -2 -2 -2 -2 

-2 -4 100000 -2 -2 -2 -2 -2 
-2 -2 20000 -2 -2 -2 -2 -2 

-2 -2 -4 -4 22222 33333 -4 -2 
-2 20000 -2 -2 -2 -2 -2 -2 

-2 -2 -2 -2 -2 -2 -2 -2 
-2 -2 -2 -2 -2 -2 -2 -2 

-2 -2 -2 50000 -2 -2 -2 -2 
-2 -2 -2 -2 -2 50000 -2 -2 

-2 -2 -2 -2 -2 -4 -2 50000 
-2 30000 30000 -2 -2 -2 -2 -2 

75000 66666 -2 75000 -2 -4 -2 62500 
-2 30000 30000 50000 -2 -2 30000 40000 

-2 -2 -2 -4 -2 -4 -2 -2 
-2 -2 -2 -2 -2 -2 -2 -2 

-2 20000 -4 -4 -4 -2 -10 -2 
-2 -2 -2 -2 20000 -2 -2 -2 

-4 -4 -6 -12 50000 -4 50000 16666 
-2 -2 20000 -2 -2 -2 -2 -2 

-4 -4 -6 -12 50000 -4 -2 16666 
-2 -2 20000 -2 -2 -2 -2 -2 

-4 -4 -6 -2 50000 -4 32812 16666 
-2 -2 20000 -2 210000 -2 -2 -2 

-4 -2 -6 -2 50000 -4 -2 -2 
-2 -2 -2 -2 80000 -2 -2 -2 

-2 -2 -2 -2 -2 -4 -2 -4 
-2 -2 -2 -2 -2 -2 -2 -2 

-2 -2 -2 -2 -2 -4 -2 -2 
-2 -2 -2 -2 -2 -2 -2 -2 

-4 -6 -2 -8 -4 -2 -8 -6 
-2 -2 -2 -2 -2 -2 -2 -2 

8333 -6 -2 -8 -4 -2 -8 7692 
-2 20000 -2 -2 -2 -2 -2 -2 

11111 -4 -24 -2 -20 -20 -8 5555 
-2 20000 -2 -2 20000 -2 -2 -2 

11111 -4 -24 75000 -20 -20 -8 5555 
30000 20000 -2 -2 20000 -2 -2 -2 

11111 -4 -24 66666 -20 -20 -8 5555 
40000 20000 -2 -2 20000 -2 -2 -2 

-4 -4 -24 35714 -20 -20 -8 60000 
60000 20000 -2 -2 20000 -2 -2 -2 

100000 -4 -24 30000 -20 -20 -8 60000 
60000 20000 -2 20000 20000 -2 -2 -2 

100000 -4 -24 50000 -20 -20 -8 60000 
40000 20000 -2 20000 20000 -2 -2 -2 

100000 -4 -24 -2 -20 -20 -8 60000 
-2 20000 -2 20000 20000 -2 -2 -2 

50000 -4 -24 50000 -20 -20 -8 -2 
-2 20000 -2 20000 20000 -2 -2 -2 

-8 -42 -10 -8 9090 -8 -8 -34 
-2 -2 -2 -2 20000 -2 -2 -2 

-10 50000 -2 -8 9090 -2 -8 -2 
20000 -2 -2 -2 -2 -2 -2 -2 

20370 50000 -2 -8 9090 -2 -8 -2 
110000 -2 -2 -2 -2 -2 -2 -2 

-2 -4 -2 -2 -2 -4 33333 -4 
-2 30000 -2 -2 20000 -2 -2 20000 

-2 -4 -2 -2 100000 -4 33333 -4 
-2 30000 -2 -2 20000 -2 20000 20000 

-2 -4 -2 -2 -2 -4 33333 -4 
-2 30000 -2 -2 20000 -2 -2 20000 

-2 -2 -2 -2 -6 -2 -2 -2 
-2 -2 -2 -2 -2 -2 -2 -2 

-2 -2 -2 -2 -2 -2 -2 -2 
-2 -2 -2 -2 -2 -2 -2 -2 

50000 -2 -2 -2 -2 100000 -2 -2 
-2 -2 30000 40000 -2 -2 -2 20000 

-2 -2 -2 -2 -2 -2 -2 -2 
-2 -2 -2 -2 -2 -2 -2 -2 

-2 100000 -2 -2 -2 -2 -2 -2 
-2 -2 -2 -2 -2 -2 -2 20000 

-2 -2 -2 11111 -2 -2 -2 -2 
20000 -2 -2 -2 30000 -2 -2 -2 

-2 -2 -2 11111 66666 -2 -2 -2 
20000 -2 -2 -2 30000 -2 -2 40000 

-2 -2 25000 -2 8333 -2 -2 19230 
30000 -2 -2 30000 70000 20000 -2 30000 

-2 -2 62500 -2 8333 100000 -2 75000 
40000 -2 -2 30000 20000 30000 -2 50000 

-2 -2 -2 -2 -2 -2 -2 -2 
-2 -2 -2 -2 -2 -2 -2 -2 

-2 -6 -10 -8 -2 20000 -4 -2 
-2 -2 -2 -2 -2 -2 -2 20000 

-6 -2 50000 -4 -4 -2 -4 21428 
-2 20000 -2 20000 -2 -2 -2 -2 

-6 -2 50000 -4 -4 -2 -4 -2 
-2 20000 -2 20000 -2 -2 -2 -2 

-6 -2 -2 32142 -4 -2 -4 32608 
90000 20000 150000 20000 -2 -2 -2 -2 

-2 -2 62500 -2 -4 -2 -2 50000 
-2 20000 80000 20000 50000 -2 -2 -2 

-2 -14 -6 -2 -2 -2 -4 -6 
-2 -2 -2 -2 -2 -2 -2 -2 

-2 -2 -2 -2 -2 -2 -2 -2 
-2 -2 -2 -2 -2 -2 -2 -2 

-10 -10 -8 -8 -12 -2 -2 -4 
-2 -2 -2 -2 -2 -2 -2 -2 

-10 -10 -8 -8 -12 -2 16666 -4 
20000 -2 -2 -2 30000 -2 -2 -2 

-12 -6 -6 8333 -6 -22 -28 33333 
-2 -2 20000 -2 20000 -2 -2 -2 

-12 -6 -6 50000 -6 -22 -28 33333 
-2 -2 20000 -2 20000 -2 20000 -2 

-12 -6 -6 75000 -6 -22 -28 33333 
-2 -2 20000 -2 20000 -2 30000 -2 

-12 -4 57142 100000 -6 -22 -28 33333 
80000 -2 -2 20000 20000 -2 50000 -2 

-12 100000 57142 38888 -6 -22 -28 33333 
80000 -2 20000 20000 20000 -2 70000 -2 

-12 100000 57142 50000 -6 -22 -28 33333 
80000 -2 20000 20000 20000 -2 20000 -2 

-12 100000 57142 -2 -6 -22 -28 33333 
80000 -2 20000 20000 20000 -2 -2 -2 

-12 -2 57142 42857 -6 -22 -28 33333 
80000 -2 40000 -2 20000 -2 60000 -2 

-24 -12 -10 -36 -60 -8 4054 -44 
-2 30000 -2 -2 -2 -2 -2 -2 

-2 -12 -2 -36 -4 -6 4054 43750 
-2 -2 -2 -2 -2 -2 70000 -2 

-2 -12 -2 -36 -4 -6 4054 20370 
-2 -2 -2 -2 -2 -2 110000 -2 

-8 -2 -2 -4 -6 -2 -4 -2 
-2 -2 -2 40000 -2 20000 -2 -2 

-8 -2 50000 -4 -6 -2 -4 -2 
-2 -2 20000 40000 -2 20000 -2 -2 

-8 -2 -2 -4 -6 -2 -4 -2 
-2 -2 -2 40000 -2 20000 -2 -2 

-2 -2 -2 -8 -2 -2 -2 -2 
-2 -2 -2 -2 -2 20000 -2 -2 

-2 -2 33333 -8 50000 -2 -2 -2 
-2 20000 -2 -2 -2 20000 -2 -2 

-2 -4 -2 -2 -2 -4 -2 -2 
-2 -2 -2 -2 -2 -2 -2 -2 

100000 -4 -2 -2 -2 -4 -2 -2 
20000 -2 -2 -2 -2 -2 -2 -2 

-2 38888 -4 -2 20000 -8 -2 25000 
70000 80000 -2 20000 -2 -2 -2 30000 

-2 -2 -2 -2 -4 -2 -2 -6 
-2 -2 -2 -2 -2 -2 -2 -2 

-2 -2 -2 -2 -4 -2 -2 75000 
-2 -2 -2 -2 -2 30000 -2 -2 

-2 -2 -2 -4 -2 -2 -2 -2 
-2 -2 -2 -2 -2 -2 -2 -2 

-2 50000 -2 -4 -2 75000 -2 75000 
-2 -2 50000 -2 30000 -2 -2 30000 

-2 -2 -2 -2 31250 11111 -2 -2 
-2 20000 -2 -2 50000 -2 20000 -2 

18750 -2 -2 -2 -6 11111 -16 -2 
-2 -2 -2 -2 -2 -2 20000 -2 

-4 -2 -4 -6 -2 -4 16666 -6 
-2 -2 -2 30000 -2 -2 -2 -2 

-4 -2 -4 -6 -2 -4 16666 -6 
-2 -2 -2 30000 -2 -2 -2 -2 

-4 -2 -4 28000 -2 -4 16666 -6 
-2 -2 -2 30000 -2 -2 -2 -2 

-4 -2 -2 -2 -2 -4 16666 -6 
-2 -2 -2 30000 -2 -2 -2 -2 

-2 -6 -2 -6 -4 -2 -10 -2 
-2 -2 -2 -2 -2 -2 -2 -2 

-4 -2 -4 -2 -2 -4 -4 -2 
-2 -2 -2 -2 -2 -2 -2 -2 

-10 -6 -8 -8 -4 -12 -4 -10 
-2 -2 -2 -2 -2 -2 -2 -2 

-10 14285 12500 -8 30000 -12 -4 -10 
20000 -2 -2 -2 20000 30000 -2 -2 

-30 -6 5263 -10 30000 -2 -4 -10 
20000 -2 20000 -2 20000 30000 -2 20000 

-30 50000 5263 -10 30000 -2 -4 -10 
20000 -2 20000 -2 20000 30000 -2 20000 

-30 -2 5263 -10 30000 -2 -4 -10 
20000 -2 20000 -2 20000 30000 -2 -2 

-30 50000 5263 -10 30000 -2 -4 -10 
20000 -2 20000 -2 20000 30000 -2 110000 

-30 33333 5263 -10 30000 -2 -4 -10 
20000 -2 20000 -2 20000 30000 -2 40000 

-30 50000 5263 -10 30000 -2 -4 -10 
20000 -2 20000 -2 20000 30000 -2 30000 

-30 50000 -2 -10 30000 -2 -4 -10 
20000 -2 20000 -2 20000 -2 -2 30000 

-2 50000 62500 -10 -2 -2 -2 30000 
20000 -2 20000 -2 20000 -2 -2 40000 

-8 -66 -52 -34 2325 4545 -14 -32 
20000 20000 -2 -2 -2 -2 -2 -2 

-8 -66 -2 -8 -6 75000 -14 -2 
20000 20000 -2 -2 -2 -2 30000 -2 

-8 -66 -2 66666 -6 75000 -14 17500 
20000 20000 70000 -2 -2 -2 40000 -2 

-8 50000 -4 -6 -24 -2 -4 -6 
-2 -2 -2 -2 30000 -2 -2 -2 

-8 50000 -4 -6 -24 -2 -4 100000 
-2 -2 20000 -2 30000 -2 -2 -2 

-8 50000 -2 -6 -24 -2 -4 100000 
-2 -2 20000 -2 -2 -2 -2 -2 

-4 -2 -2 -2 -2 -4 -2 -2 
-2 -2 -2 -2 -2 -2 -2 -2 

-4 -2 -2 -2 -2 -2 -2 -2 
-2 -2 -2 20000 -2 -2 -2 -2 

-4 -2 -2 -2 50000 100000 -2 50000 
20000 -2 30000 20000 -2 20000 -2 -2 

-4 -2 -2 -2 50000 100000 100000 50000 
20000 -2 20000 20000 -2 20000 -2 -2 

14285 -2 -2 -2 -4 -2 15000 -2 
-2 20000 -2 -2 -2 -2 -2 -2 

-2 -2 -2 -2 -2 -2 -2 -2 
-2 -2 -2 -2 -2 -2 -2 -2 

-2 -2 -2 -2 -2 -2 75000 -2 
-2 -2 -2 -2 -2 -2 30000 -2 

-2 -2 -2 -2 -2 -2 -2 -4 
-2 -2 -2 30000 -2 -2 30000 30000 

56250 -2 -2 -2 -2 -2 -2 -4 
-2 90000 -2 30000 -2 -2 30000 30000 

-2 -2 -2 -2 -2 -2 -2 -2 
-2 -2 -2 -2 -2 -2 -2 -2 

-2 -2 -2 -2 -2 -6 -8 -2 
-2 -2 -2 -2 -2 -2 -2 -2 

25000 -2 -4 -4 -4 -2 -4 -2 
-2 -2 -2 -2 -2 -2 -2 -2 

25000 -2 -4 -4 -4 -2 -2 -2 
-2 -2 -2 -2 -2 -2 -2 -2 

25000 13636 50000 -4 -4 -2 32758 -2 
-2 -2 190000 30000 -2 -2 -2 -2 

-2 -2 -2 -4 -4 -2 50000 -2 
-2 -2 80000 -2 -2 -2 -2 -2 

-2 -2 -2 -4 -18 -6 -6 -6 
-2 -2 -2 -2 -2 -2 -2 -2 

-2 -2 -2 -2 -2 -4 -2 -2 
-2 -2 -2 -2 -2 -2 -2 -2 

-8 -4 -4 -10 -4 -4 -10 -6 
-2 -2 -2 -2 -2 -2 -2 -2 

-8 16666 -2 -10 7142 -4 15000 8333 
-2 -2 -2 20000 20000 -2 -2 30000 

-8 -4 -2 -10 -22 -4 15000 5263 
20000 -2 -2 20000 20000 20000 -2 -2 

-8 -4 -2 -10 -22 50000 15000 5263 
20000 -2 -2 20000 20000 20000 -2 -2 

-8 -4 -2 -10 -22 75000 15000 5263 
30000 -2 -2 20000 20000 20000 -2 -2 

-8 50000 66666 -10 -22 -4 -4 5263 
60000 20000 40000 20000 40000 -2 -2 -2 

-8 50000 66666 -10 -22 50000 -4 5263 
40000 20000 40000 20000 40000 -2 -2 -2 

-8 50000 66666 -10 -22 100000 -4 5263 
20000 20000 40000 20000 40000 -2 -2 -2 

-2 50000 66666 -10 -22 100000 -4 5263 
-2 20000 40000 20000 40000 -2 -2 -2 

50000 -2 66666 -10 -22 -2 -4 5263 
-2 20000 40000 20000 40000 -2 -2 -2 

-50 -24 -14 -14 4761 -24 -46 -26 
20000 -2 -2 20000 -2 -2 -2 -2 

-50 -24 -2 -14 50000 -24 -6 -2 
-2 -2 -2 -2 -2 20000 -2 20000 

-50 -24 -2 -14 50000 -24 22727 -2 
-2 -2 -2 -2 -2 100000 -2 20000 

-2 -4 -6 -2 -8 -4 -4 -4 
-2 -2 -2 -2 -2 -2 -2 -2 

-2 -4 -6 -2 -8 -4 100000 -4 
-2 -2 -2 -2 -2 20000 -2 -2 

-2 -2 -6 -2 -8 -4 100000 -4 
-2 -2 -2 -2 -2 20000 -2 -2 

-2 -2 -12 -2 -2 -2 100000 -4 
-2 -2 -2 -2 -2 20000 -2 -2 

-2 -2 100000 -2 50000 -2 50000 -4 
-2 30000 20000 -2 -2 20000 -2 -2 

-4 -4 -2 -2 -2 -2 -2 -2 
-2 -2 -2 -2 -2 -2 -2 -2 

-4 -4 100000 -2 -2 -2 -2 -2 
-2 -2 -2 -2 -2 -2 20000 -2 

20000 -4 -2 -4 -2 41666 -2 -2 
-2 20000 -2 50000 -2 -2 30000 -2 

-2 -4 -2 -2 -4 -4 -2 -2 
-2 -2 -2 -2 -2 -2 -2 -2 

-2 -4 -2 -2 -4 75000 -2 -2 
-2 -2 -2 -2 30000 -2 -2 -2 

17391 -2 50000 -2 -2 -2 100000 -2 
-2 20000 20000 -2 -2 -2 -2 -2 

42857 -2 50000 -2 -2 -2 62500 -2 
-2 20000 20000 -2 -2 50000 -2 60000 

-2 -4 -2 -2 -2 -2 -2 -2 
-2 -2 -2 -2 -2 -2 -2 -2 

-2 44444 20000 -12 -4 -2 -2 -10 
-2 -2 30000 30000 20000 -2 -2 -2 

-2 25000 -10 -2 -8 -4 33333 -4 
-2 -2 -2 -2 20000 -2 -2 -2 

-2 25000 -10 -2 -8 -4 33333 -2 
-2 -2 -2 -2 20000 -2 -2 -2 

-2 40000 -10 -2 40000 -4 50000 25000 
-2 40000 -2 110000 40000 -2 -2 40000 

-2 37500 -10 -2 -2 -4 -2 -2 
-2 30000 -2 -2 -2 -2 -2 -2 

-6 -4 -2 -4 -8 -2 -14 -4 
-2 -2 -2 -2 -2 -2 -2 -2 

-2 -2 -2 -2 -2 -2 -2 -2 
-2 -2 -2 -2 -2 -2 -2 -2 

-8 -4 -4 -8 -6 -4 -8 -4 
-2 -2 -2 -2 -2 -2 -2 -2 

-8 -4 14285 -2 -6 -4 -8 18750 
20000 -2 30000 20000 -2 -2 -2 30000 

-8 -10 -12 12500 -6 -4 -8 18750 
20000 -2 20000 20000 -2 -2 -2 -2 

-8 -10 -12 12500 -6 -4 50000 18750 
20000 -2 20000 20000 20000 -2 -2 -2 

-8 -10 -12 12500 -6 -4 50000 18750 
20000 -2 20000 20000 30000 -2 -2 -2 

-8 -4 50000 12500 -6 -4 40000 18750 
20000 -2 20000 -2 80000 -2 60000 -2 

-8 -4 50000 12500 -6 -4 25000 18750 
20000 -2 20000 -2 20000 -2 60000 -2 

-8 -4 50000 12500 -6 -4 25000 50000 
20000 -2 20000 -2 20000 20000 60000 -2 

-8 -4 50000 12500 -6 -4 25000 -2 
20000 -2 20000 -2 20000 -2 60000 -2 

-8 -2 50000 12500 50000 -4 -2 62500 
20000 -2 20000 -2 -2 50000 60000 -2 

-20 7777 -34 -10 -48 -30 -18 -46 
-2 -2 -2 -2 -2 70000 -2 -2 

-4 7777 -34 33333 50000 -4 -2 -2 
40000 -2 -2 40000 -2 80000 -2 -2 

-4 7777 -34 22727 50000 -4 -2 -2 
40000 -2 -2 40000 -2 100000 -2 -2 

-6 -4 -2 -4 20000 -4 -4 -4 
20000 -2 -2 -2 -2 -2 -2 -2 

-6 -4 75000 -4 20000 -4 -4 -4 
20000 -2 30000 -2 -2 -2 -2 -2 

-6 -4 -2 -4 20000 -4 -4 -4 
20000 -2 -2 -2 -2 -2 -2 -2 

-2 -2 -2 -4 -4 -2 -2 -2 
-2 -2 -2 -2 -2 -2 -2 -2 

917 -2 -2 -2 -4 -432 -2 -2 
-2 -2 -2 -2 -2 20000 -2 -2 

33333 -2 -2 -2 -4 -432 -2 75000 
-2 -2 -2 -2 -2 20000 30000 -2 

33333 -2 -2 -2 -4 100000 -2 75000 
-2 -2 -2 -2 -2 20000 20000 -2 

-2 25000 -2 -2 28571 -2 -4 -2 
-2 -2 -2 -2 -2 -2 -2 -2 

-2 -2 -2 -2 -2 -2 -2 -2 
-2 -2 -2 -2 -2 -2 -2 -2 

-2 -2 -2 -2 -2 75000 -2 -2 
30000 -2 -2 -2 -2 -2 -2 -2 

31250 -2 -2 -4 -2 -2 20000 11111 
-2 -2 -2 60000 20000 -2 -2 -2 

31250 60000 50000 -4 -2 -2 20000 62500 
-2 60000 -2 20000 20000 50000 -2 -2 

-4 -2 -2 -4 -2 -2 -2 -2 
-2 -2 -2 -2 -2 -2 -2 -2 

-8 -6 -6 -6 -4 -2 -2 -2 
-2 -2 30000 -2 -2 -2 -2 -2 

-8 -4 -6 100000 -4 -4 -8 33333 
-2 20000 20000 -2 -2 -2 -2 -2 

-8 -4 -6 -2 -4 -4 -8 33333 
-2 -2 20000 -2 -2 -2 -2 -2 

-2 -4 -6 27586 -4 -4 -8 33333 
-2 -2 20000 -2 -2 -2 -2 -2 

-2 -4 -6 27586 -4 -2 -2 -2 
80000 -2 -2 -2 -2 -2 -2 -2 

-2 -2 -4 -2 -6 -16 -2 -2 
-2 -2 -2 -2 -2 -2 -2 -2 

-2 -2 -2 -2 -2 -2 -2 -2 
-2 -2 -2 -2 -2 -2 -2 -2 

-14 -10 -6 -16 -8 -2 -10 -8 
-2 -2 -2 -2 -2 -2 -2 -2 

-14 7142 -6 -16 33333 14285 -10 -8 
20000 -2 20000 -2 -2 -2 -2 -2 

-14 -22 11111 -22 -12 -4 -26 -2 
-2 -2 -2 -2 -2 -2 20000 -2 

-14 -22 11111 66666 -12 -4 -26 -2 
-2 -2 -2 -2 40000 -2 20000 -2 

-14 -22 11111 50000 -12 -4 -26 -2 
-2 -2 -2 -2 30000 -2 20000 -2 

-14 -2 66666 35714 -4 50000 -26 50000 
-2 -2 -2 -2 50000 -2 20000 40000 

-14 -2 66666 27777 100000 50000 -26 50000 
20000 -2 -2 -2 50000 -2 20000 40000 

-14 -2 66666 100000 100000 50000 -26 50000 
20000 -2 -2 -2 20000 -2 20000 40000 

-14 -2 66666 -2 100000 50000 -26 50000 
20000 -2 -2 -2 -2 -2 20000 40000 

-14 -2 66666 42857 50000 -2 -26 50000 
20000 -2 -2 -2 -2 -2 20000 40000 

4347 9090 8333 -60 -38 -2 -48 14285 
20000 -2 -2 -2 20000 -2 20000 60000 

-2 9090 8333 -60 -38 -2 -4 -8 
-2 -2 -2 -2 20000 -2 20000 60000 

-2 9090 8333 -60 -38 -2 66666 23076 
120000 -2 -2 -2 20000 40000 20000 60000 

-4 -2 50000 -8 -2 -4 -2 -2 
-2 -2 -2 -2 -2 20000 -2 -2 

-4 -2 50000 -8 -2 -4 -2 -2 
-2 -2 -2 -2 -2 20000 -2 -2 

-4 -2 50000 -8 -2 -4 -2 -2 
-2 -2 -2 -2 -2 20000 -2 -2 

-4 -2 -2 -2 -2 -2 -2 -2 
-2 -2 -2 -2 -2 -2 -2 -2 

50000 75000 -2 -2 -2 -2 -2 -2 
-2 -2 30000 -2 -2 30000 -2 -2 

-2 -2 -2 -2 -2 -2 -2 -2 
-2 -2 -2 -2 -2 -2 -2 -2 

-2 -2 -2 -2 -2 -2 -2 -2 
-2 -2 -2 -2 -2 -2 -2 -2 

-2 -2 -10 -2 -2 -2 -2 -2 
-2 20000 -2 -2 -2 -2 -2 -2 

-2 -4 -2 -2 -2 -2 -4 -2 
-2 -2 -2 -2 -2 -2 -2 -2 

-2 -4 -2 75000 -2 -2 -4 -2 
-2 -2 -2 -2 -2 30000 -2 -2 

-2 -2 -2 -2 -2 -2 -2 -2 
-2 -2 110000 -2 -2 -2 -2 40000 

-2 -2 -2 -2 -2 66666 75000 66666 
-2 -2 110000 -2 40000 -2 40000 30000 

-2 -2 -2 -2 -2 -2 -2 -2 
-2 -2 -2 -2 -2 -2 -2 -2 

20000 -2 -6 -6 -6 -2 -2 -2 
-2 -2 -2 -2 -2 -2 30000 -2 

-4 50000 -4 -2 -2 -4 50000 -2 
-2 -2 -2 -2 -2 20000 -2 -2 

-4 50000 -4 -2 -2 -4 50000 -2 
-2 -2 -2 -2 -2 -2 -2 -2 

25862 -2 -4 -2 -2 -4 50000 -2 
-2 -2 -2 -2 -2 -2 150000 -2 

50000 -2 -2 -2 -2 -4 50000 -2 
-2 -2 -2 -2 -2 -2 100000 -2 

-2 -2 -2 -2 -2 -2 -2 -2 
-2 -2 -2 -2 -2 -2 -2 -2 

-2 -4 -2 -2 -2 -4 -2 -2 
-2 -2 -2 -2 -2 -2 -2 -2 

-2 -2 -4 -6 -4 -6 -4 -10 
-2 -2 -2 -2 -2 -2 -2 -2 

-2 -2 -4 -6 -2 -6 7500 21428 
-2 30000 30000 -2 -2 -2 -2 -2 

-14 -6 -18 -6 -22 -14 -10 5000 
-2 -2 30000 -2 -2 20000 -2 -2 

-14 -6 -18 -6 100000 -14 -10 5000 
-2 20000 30000 -2 -2 20000 -2 -2 

-14 -6 -18 -6 -2 -14 -10 5000 
-2 -2 30000 -2 -2 20000 -2 -2 

100000 75000 -18 50000 50000 33333 -4 5000 
30000 80000 20000 -2 -2 20000 20000 -2 

100000 75000 -18 50000 50000 33333 -4 5000 
30000 40000 20000 -2 -2 20000 20000 -2 

100000 75000 -18 50000 -2 33333 -4 5000 
30000 -2 20000 -2 -2 20000 20000 -2 

100000 75000 -18 50000 -2 33333 -4 5000 
30000 -2 20000 -2 -2 20000 20000 -2 

-2 75000 -2 50000 50000 50000 -4 5000 
30000 -2 -2 70000 -2 20000 20000 -2 

-40 -66 -26 -10 12500 -26 -4 -30 
-2 -2 -2 -2 -2 -2 -2 20000 

-2 -2 -26 -6 60000 -4 -4 38888 
-2 -2 -2 -2 -2 -2 -2 -2 

-2 66666 -26 -6 60000 -4 -4 23076 
120000 -2 -2 -2 -2 -2 40000 -2 

-4 -6 -2 -2 -2 -4 -8 -4 
-2 -2 -2 -2 -2 30000 -2 -2 

-4 -6 100000 -2 -2 -4 -8 -4 
-2 -2 -2 -2 20000 30000 -2 -2 

-4 -6 -2 -2 -2 -4 -8 -4 
-2 -2 -2 -2 -2 30000 -2 -2 

-2 -2 -4 -4 -2 -2 -2 -2 
-2 -2 -2 -2 -2 -2 -2 -2 

-2 -2 1250 833 833 -2 719 -2 
-2 -2 20000 -2 -2 20000 20000 -2 

-2 -2 1250 33333 833 100000 719 -2 
-2 -2 20000 -2 -2 20000 20000 -2 

-2 -2 1250 33333 833 100000 719 -2 
-2 -2 20000 -2 -2 20000 20000 -2 

50000 30000 -10 -2 -2 -2 -2 -4 
-2 -2 20000 -2 20000 30000 -2 40000 

-2 -2 -4 -4 -2 -2 -2 -2 
-2 -2 -2 -2 -2 -2 -2 -2 

-2 66666 -4 -4 -2 -2 -2 -2 
-2 -2 -2 -2 -2 40000 -2 -2 

-2 -2 -2 -2 -2 -2 -2 -4 
-2 -2 -2 -2 -2 -2 -2 -2 

60000 -2 -2 -2 -2 60000 -2 -4 
-2 -2 -2 -2 60000 -2 -2 -2 

-2 12500 -2 -2 25000 -2 -2 -2 
20000 60000 -2 -2 50000 -2 -2 -2 

-4 -2 -4 -2 -16 -2 -2 -2 
-2 -2 -2 -2 -2 -2 -2 -2 

14285 -2 -4 -2 -8 -6 -4 -4 
-2 -2 -2 -2 -2 -2 -2 -2 

14285 -2 -4 -2 -8 -6 -4 -2 
-2 -2 -2 -2 -2 -2 -2 -2 

29166 -2 -4 -2 -8 35714 -4 25000 
100000 -2 -2 -2 -2 -2 70000 110000 

-2 -2 -2 -2 -8 -2 -2 -2 
40000 -2 -2 -2 -2 -2 -2 -2 

-2 -2 -4 -2 -12 -6 -2 -4 
-2 -2 -2 -2 -2 -2 -2 -2 

-2 -2 -2 -2 -2 -2 -2 -2 
-2 -2 -2 -2 -2 -2 -2 -2 

-6 -4 -2 -2 -6 -2 -6 -2 
-2 -2 -2 -2 -2 -2 -2 -2 

-6 -4 -2 -2 -6 20000 12500 -2 
-2 20000 30000 -2 -2 -2 -2 -2 

-6 -18 -2 -14 -6 14285 12500 -2 
20000 20000 -2 -2 -2 20000 -2 -2 

-6 -18 100000 -14 -6 14285 12500 -2 
20000 20000 -2 -2 -2 20000 -2 20000 

-6 -18 50000 -14 -6 14285 12500 -2 
20000 20000 -2 -2 -2 20000 -2 30000 

-6 -18 -2 -14 -6 14285 12500 66666 
20000 20000 -2 -2 40000 20000 -2 80000 

-6 -18 75000 -14 -6 14285 12500 66666 
20000 20000 -2 -2 40000 20000 -2 30000 

-6 -18 75000 -14 -6 14285 12500 66666 
20000 20000 -2 -2 40000 20000 -2 30000 

-6 -18 -2 -14 -6 14285 12500 66666 
20000 20000 -2 -2 40000 20000 -2 -2 

-2 -18 50000 33333 -6 62500 12500 66666 
20000 20000 -2 50000 40000 20000 -2 50000 

12500 -52 -4 12500 -20 -6 -4 -20 
-2 20000 20000 -2 -2 -2 -2 -2 

31250 -2 -6 12500 -20 33333 -4 -20 
-2 -2 20000 -2 -2 -2 20000 -2 

30952 -2 -6 12500 -20 33333 -4 -20 
-2 -2 20000 -2 130000 -2 20000 -2 

25000 -2 -6 -4 -4 -4 -2 -2 
-2 -2 20000 20000 -2 -2 -2 -2 

25000 -2 -6 50000 -4 -4 -2 -2 
-2 -2 20000 20000 -2 -2 -2 -2 

25000 -2 -6 -2 -4 -4 -2 -2 
-2 -2 20000 -2 -2 -2 -2 -2 

-2 -2 -2 -2 -2 -2 -2 -2 
-2 -2 -2 -2 -2 -2 -2 -2 

-2 -2 50000 -2 -2 -2 -2 75000 
-2 -2 -2 30000 -2 -2 30000 -2 

-6 -8 -2 -2 -6 -2 -4 -2 
-2 -2 -2 -2 -2 -2 -2 -2 

-6 -8 -2 -2 -6 -2 100000 -2 
-2 20000 -2 -2 -2 -2 -2 -2 

50000 12500 50000 -2 60000 33333 -2 25000 
20000 20000 20000 30000 -2 -2 20000 20000 

-2 -2 -2 -2 -2 -2 -2 -2 
-2 -2 -2 -2 -2 -2 -2 -2 

-2 -2 75000 -2 -2 -2 -2 -2 
-2 -2 -2 -2 -2 -2 -2 30000 

-2 -2 -2 15000 -2 -2 23076 28571 
70000 40000 20000 -2 -2 -2 -2 20000 

-2 -2 -2 15000 75000 66666 -2 50000 
70000 40000 20000 -2 -2 40000 -2 20000 

-2 -2 -2 -2 -2 -2 -2 -2 
-2 -2 -2 -2 -2 -2 -2 -2 

-6 -12 -2 -4 -8 -4 -2 -4 
-2 20000 -2 -2 -2 -2 -2 -2 

-6 -4 100000 21428 -4 -6 -2 -4 
-2 20000 -2 -2 -2 -2 -2 20000 

-6 -4 100000 21428 -4 -2 -2 -4 
-2 20000 -2 -2 -2 -2 -2 20000 

-6 -4 100000 -2 -4 31034 -2 -4 
-2 20000 -2 -2 -2 180000 -2 20000 

-6 -4 100000 -2 -2 -2 -2 -4 
-2 -2 -2 -2 -2 -2 -2 20000 

-2 -8 -12 -2 -6 -2 -6 -14 
-2 -2 -2 -2 -2 -2 -2 -2 

-6 -12 -4 -2 -2 -10 -4 -2 
-2 -2 -2 -2 -2 -2 -2 -2 

-6 -12 12500 -2 -2 -10 20000 -2 
-2 -2 -2 -2 30000 -2 20000 -2 

-6 -4 -30 -2 6250 -10 20000 -12 
-2 20000 -2 -2 -2 -2 20000 -2 

-6 -4 -30 -2 6250 -10 20000 66666 
-2 20000 -2 -2 -2 -2 40000 -2 

-6 -4 -30 -2 6250 -10 20000 100000 
-2 20000 -2 -2 -2 -2 20000 -2 

-6 -4 -30 -2 6250 62500 20000 38888 
70000 20000 -2 -2 -2 -2 50000 -2 

-6 -4 -30 -2 6250 62500 20000 50000 
40000 20000 -2 -2 -2 -2 50000 -2 

-6 -4 -30 -2 6250 62500 20000 50000 
40000 20000 -2 -2 -2 -2 50000 -2 

-6 -4 -30 -2 6250 62500 20000 -2 
-2 20000 -2 -2 -2 -2 50000 -2 

-6 -2 -30 50000 6250 -2 20000 66666 
40000 20000 -2 -2 60000 -2 -2 -2 

-50 -8 -6 7142 -12 -34 -22 -30 
30000 -2 -2 -2 -2 -2 -2 -2 

-50 -6 -6 -4 -2 -6 -22 -30 
30000 -2 -2 -2 -2 -2 -2 -2 

-50 66666 -6 -4 -2 -6 -22 -30 
30000 -2 -2 -2 -2 40000 -2 -2 

-6 20000 -4 -2 -4 33333 -2 -4 
-2 -2 -2 -2 20000 -2 -2 20000 

-6 20000 -4 -2 -4 33333 -2 -4 
-2 -2 -2 -2 20000 -2 -2 20000 

-6 20000 -4 -2 -4 -2 -2 -4 
-2 -2 -2 -2 20000 -2 -2 20000 

-2 -2 -2 -2 -2 -2 -2 -2 
-2 -2 -2 -2 -2 -2 -2 -2 

-2 -2 -2 990 1587 -2 -2 -2 
-2 -2 20000 -2 -2 -2 -2 -2 

75000 -2 -2 990 1587 -2 -2 -2 
-2 -2 20000 -2 30000 -2 -2 30000 

-2 -2 -2 -2 -2 -2 -2 -4 
-2 -2 -2 -2 -2 -2 -2 -2 

-2 -2 -2 -2 -2 -2 -2 -4 
-2 -2 -2 -2 -2 -2 -2 -2 

-2 -2 -2 -2 -4 -4 37500 -2 
-2 -2 -2 -2 -2 -2 -2 -2 

-2 -6 -2 -6 -2 -2 -2 -4 
-2 -2 -2 -2 -2 -2 -2 -2 

-2 -6 50000 -6 -2 -2 -2 -4 
-2 -2 -2 40000 -2 -2 -2 -2 

-2 -2 -4 -2 -2 -2 -2 -2 
-2 -2 -2 -2 -2 -2 -2 -2 

-2 -2 66666 -2 62500 -2 -2 75000 
-2 -2 30000 40000 -2 50000 -2 -2 

-2 16666 50000 13636 21875 -2 -4 -2 
-2 20000 -2 -2 -2 20000 -2 -2 

-2 -2 -2 -2 -2 -2 -2 -6 
-2 -2 -2 -2 -2 20000 -2 -2 

33333 -12 33333 -2 -2 -2 50000 -2 
-2 -2 -2 -2 -2 20000 -2 20000 

33333 -12 33333 -2 -2 -2 50000 -2 
-2 -2 -2 -2 -2 20000 -2 20000 

33333 -12 33333 -2 -2 31034 50000 -2 
-2 -2 -2 -2 -2 20000 -2 20000 

33333 -12 -2 50000 -2 31034 50000 -2 
-2 -2 -2 -2 -2 80000 -2 -2 

-4 -2 -10 -2 -6 -2 -6 -4 
-2 -2 -2 -2 -2 -2 -2 -2 

-2 -4 -2 -4 -2 -4 -2 -2 
-2 -2 -2 -2 -2 -2 -2 -2 

-6 -8 -6 -2 -8 -2 -16 -8 
-2 -2 -2 -2 -2 -2 -2 -2 

-6 50000 20000 -2 -8 14285 -16 -8 
-2 -2 30000 -2 20000 20000 -2 20000 

-2 -6 -6 50000 -8 14285 -6 -6 
-2 -2 -2 -2 -2 20000 -2 20000 

-2 -6 100000 50000 -8 14285 -6 -6 
-2 -2 -2 -2 -2 20000 -2 20000 

-2 -6 50000 50000 -8 14285 -6 -6 
-2 -2 -2 -2 -2 20000 -2 20000 

-2 -6 50000 50000 -8 14285 -6 -6 
-2 -2 -2 -2 -2 110000 -2 20000 

100000 -6 18181 50000 -8 14285 -6 -6 
-2 -2 -2 20000 -2 40000 -2 20000 

100000 -6 -2 50000 -8 14285 -6 -6 
-2 -2 -2 20000 -2 -2 -2 20000 

100000 -6 -2 50000 -8 14285 -6 -6 
-2 -2 -2 20000 -2 -2 -2 20000 

50000 -6 -2 50000 -8 14285 -6 -2 
-2 -2 -2 -2 -2 -2 -2 20000 

14285 6250 -32 -16 -16 -34 -8 -10 
-2 -2 20000 -2 -2 -2 -2 -2 

14285 -2 -32 -2 -2 -34 -10 -4 
-2 -2 -2 -2 -2 -2 -2 -2 

14285 -2 -32 -2 -2 -34 20967 -4 
-2 -2 -2 -2 -2 -2 130000 -2 

-2 -2 -4 -8 -4 -6 -10 -6 
-2 -2 -2 -2 -2 20000 -2 -2 

-2 -2 -4 -8 -4 -6 -10 75000 
-2 30000 -2 -2 -2 20000 -2 -2 

-2 -2 -4 -8 -4 -6 -10 -2 
-2 -2 -2 -2 -2 20000 -2 -2 

-2 -2 -4 -2 -2 -4 -2 -2 
-2 -2 -2 -2 -2 -2 -2 -2 

-2 -2 -426 -2 -2 680 952 -2 
-2 20000 -2 -2 -2 -2 -2 -2 

50000 -2 50000 -2 -2 680 952 -2 
-2 20000 -2 -2 -2 -2 -2 -2 

50000 -2 100000 -2 -2 680 952 -2 
-2 20000 -2 -2 -2 -2 -2 -2 

-2 -4 16666 -4 33333 -4 -6 21428 
20000 -2 -2 50000 -2 30000 -2 -2 

-2 -2 -4 -2 -2 -2 -2 -2 
-2 -2 -2 -2 -2 -2 -2 -2 

-2 -2 75000 -2 -2 -2 -2 -2 
-2 -2 -2 -2 -2 -2 -2 30000 

25000 22727 18750 -2 13636 -2 -2 28571 
30000 40000 40000 40000 -2 -2 30000 30000 

25000 22727 62500 -2 13636 -2 -2 100000 
-2 20000 40000 40000 20000 50000 30000 30000 

-2 -2 -2 -2 -2 -2 -2 -2 
-2 -2 -2 -2 -2 -2 -2 -2 

-2 20000 37500 -2 -2 -2 -2 -2 
-2 -2 -2 -2 40000 -2 40000 20000 

-6 -2 -4 -4 -2 -2 -2 -2 
-2 -2 -2 -2 -2 -2 -2 -2 

-6 -2 -4 -4 -2 -2 -2 -2 
-2 -2 -2 -2 -2 -2 -2 -2 

-6 -2 -4 -4 -2 25000 36666 -2 
220000 40000 -2 -2 -2 -2 -2 -2 

-6 -2 -4 -4 -2 -2 50000 -2 
-2 -2 -2 -2 -2 -2 -2 -2 

-2 -2 -2 -2 -2 -4 -2 -4 
-2 -2 -2 -2 -2 -2 -2 -2 

-2 -2 -2 -2 -2 -2 -2 -2 
-2 -2 -2 -2 -2 -2 -2 -2 

-2 -2 -4 -10 -14 -4 -6 -2 
-2 -2 -2 -2 -2 -2 -2 -2 

12500 -2 -4 -10 -14 -4 6666 -2 
20000 -2 -2 -2 20000 -2 -2 -2 

12500 -8 -2 -2 -14 -4 -2 -2 
-2 -2 -2 -2 -2 -2 -2 -2 

12500 -8 -2 66666 -14 -4 -2 -2 
-2 -2 -2 40000 -2 -2 -2 -2 

12500 -8 -2 75000 -14 -4 -2 -2 
-2 -2 -2 30000 -2 -2 -2 -2 

-4 50000 -2 50000 -14 -4 -2 -2 
-2 -2 -2 70000 -2 50000 -2 -2 

-4 50000 -2 66666 -14 -4 -2 -2 
-2 -2 -2 40000 -2 50000 -2 -2 

-4 75000 -2 66666 -14 -4 -2 -2 
-2 -2 -2 40000 -2 30000 -2 -2 

-4 -2 -2 66666 -14 -4 -2 -2 
-2 -2 -2 40000 -2 -2 -2 -2 

-4 58333 -2 100000 -14 -2 -2 66666 
-2 -2 -2 -2 -2 20000 -2 -2 

-26 -8 10000 -48 -14 -4 -18 -32 
-2 20000 -2 -2 -2 -2 -2 -2 

-26 -8 56250 -6 -14 -2 -18 -32 
-2 20000 -2 90000 -2 -2 -2 -2 

-26 -8 20689 -6 -14 66666 -18 -32 
-2 20000 40000 120000 -2 -2 -2 -2 

-12 -2 -4 -2 -4 -2 -8 -4 
-2 -2 -2 -2 -2 -2 -2 -2 

-12 -2 -4 -2 -4 -2 -8 -4 
-2 -2 -2 -2 -2 -2 -2 -2 

-12 -2 -2 -2 -4 -2 -8 -4 
-2 -2 -2 -2 -2 -2 -2 -2 

-2 -2 -2 -2 -2 -2 -2 -2 
-2 -2 -2 20000 -2 -2 -2 -2 

-2 -2 -2 -2 75000 -2 -2 50000 
-2 30000 -2 20000 -2 -2 -2 30000 

-2 -4 -2 -4 -2 -2 -2 -2 
-2 -2 -2 -2 -2 -2 -2 -2 

-2 -4 -2 -4 -2 -2 -2 -2 
-2 -2 -2 -2 -2 -2 -2 -2 

-2 -4 -2 -2 -2 -2 -2 -2 
-2 30000 -2 -2 50000 -2 -2 -2 

-2 -2 -2 -2 -2 -2 -2 -2 
-2 -2 -2 -2 -2 -2 -2 -2 

75000 -2 -2 -2 -2 -2 -2 -2 
-2 30000 -2 -2 -2 -2 -2 -2 

15217 -2 -2 -2 -2 -2 50000 -2 
-2 -2 -2 -2 -2 -2 -2 40000 

15217 -2 75000 -2 50000 -2 50000 66666 
40000 -2 -2 -2 30000 -2 -2 40000 

-2 -2 -6 -4 -2 -2 -2 -2 
-2 -2 -2 -2 -2 -2 -2 -2 

-2 50000 -6 -2 -2 -4 -10 -6 
-2 -2 -2 -2 -2 -2 -2 30000 

-2 -2 -2 -2 -4 -2 -8 -4 
-2 -2 -2 -2 -2 -2 -2 -2 

-2 -2 -2 -2 -4 -2 -8 -4 
-2 -2 -2 -2 -2 -2 -2 -2 

-2 20833 -2 -2 -4 -2 -2 -4 
-2 -2 -2 -2 -2 -2 -2 -2 

-2 -2 -2 -2 -4 -2 -2 -4 
-2 -2 -2 -2 -2 -2 100000 -2 

-4 -2 -8 -2 -2 -2 -2 -2 
-2 -2 -2 -2 -2 -2 -2 -2 

-2 -2 -2 -2 -2 -2 -2 -2 
-2 -2 -2 -2 -2 -2 -2 -2 

-4 -4 -2 -6 -8 -8 -6 -2 
-2 -2 -2 -2 -2 -2 -2 -2 

-4 12500 25000 -6 10000 14285 -6 50000 
-2 -2 20000 20000 -2 20000 -2 -2 

-6 12500 25000 30000 -8 25000 7142 -8 
-2 -2 20000 20000 20000 20000 -2 -2 

-6 12500 25000 30000 -8 25000 7142 66666 
-2 40000 20000 20000 20000 20000 -2 -2 

-6 12500 25000 30000 -8 25000 7142 100000 
-2 20000 20000 20000 20000 20000 -2 -2 

50000 -2 30000 30000 -2 25000 -4 50000 
70000 30000 40000 -2 70000 20000 -2 -2 

50000 -2 30000 30000 -2 25000 -4 75000 
70000 30000 40000 -2 70000 20000 -2 -2 

50000 -2 30000 30000 -2 25000 -4 75000 
70000 30000 40000 -2 70000 20000 -2 -2 

50000 -2 30000 30000 -2 25000 -2 75000 
70000 30000 40000 -2 70000 20000 -2 -2 

50000 -2 30000 30000 -2 -2 56250 -2 
70000 -2 40000 -2 -2 20000 90000 -2 

-36 -4 -38 -42 -54 -8 -6 4000 
-2 -2 -2 -2 -2 20000 -2 -2 

100000 -2 -6 -42 -54 -2 -4 4000 
-2 -2 -2 -2 -2 30000 -2 -2 

20967 -2 -6 -42 -54 -2 -4 4000 
-2 -2 -2 -2 -2 30000 130000 -2 

-4 -2 -8 -2 -4 -4 -2 -4 
-2 20000 -2 -2 -2 -2 -2 -2 

-4 -2 -8 -2 -4 -4 -2 -4 
-2 20000 -2 -2 -2 -2 -2 -2 

-4 -2 -8 -2 -4 -2 -2 -4 
-2 20000 -2 -2 -2 -2 -2 -2 

-2 -2 -2 -2 -2 -2 -2 -4 
-2 -2 -2 -2 -2 -2 -2 -2 

-2 862 -2 -2 -2 -2 -2 -2 
-2 -2 -2 -2 -2 -2 -2 -2 

-2 75000 -2 -2 -2 -2 -2 -2 
-2 -2 -2 -2 -2 -2 -2 30000 

-2 -2 -2 -4 -2 -2 -2 -2 
-2 -2 -2 -2 -2 -2 -2 -2 

-2 -2 -2 -4 -2 -2 -2 -2 
-2 -2 -2 -2 -2 -2 -2 -2 

-2 -8 -2 -4 -2 -2 -6 -6 
-2 -2 -2 -2 -2 40000 70000 -2 

-2 -8 75000 -4 -2 -2 -6 -6 
-2 30000 -2 -2 -2 40000 70000 -2 

15000 100000 18750 -2 -2 -2 -2 -2 
-2 30000 70000 -2 20000 -2 -2 -2 

15000 100000 18750 50000 -2 50000 75000 -2 
40000 30000 -2 -2 20000 -2 50000 -2 

-2 -2 -2 -2 -2 -2 -2 -4 
-2 -2 -2 -2 -2 -2 -2 -2 

-2 -2 -4 -4 -4 -10 -8 -4 
-2 -2 -2 60000 -2 -2 -2 -2 

-4 -2 -2 -2 -4 -6 -2 -4 
-2 -2 -2 -2 -2 -2 -2 -2 

-4 -2 -2 -2 -4 -6 -2 -4 
-2 -2 -2 -2 -2 -2 -2 -2 

-4 -2 29166 35714 -4 -6 43750 -4 
-2 70000 -2 120000 -2 100000 -2 -2 

-4 -2 29166 35714 44444 -6 43750 -2 
-2 70000 -2 -2 -2 100000 -2 -2 

-2 -2 -2 -2 -2 -2 -2 -2 
-2 -2 -2 -2 -2 -2 -2 -2 

-2 -4 -2 -2 -2 -2 -2 -2 
-2 -2 -2 -2 -2 -2 -2 -2 

-4 -4 -6 -6 -6 -4 -4 -10 
-2 -2 -2 -2 -2 -2 -2 -2 

-4 25000 9375 -6 16666 -4 -4 -10 
-2 -2 -2 20000 -2 -2 -2 -2 

-14 -6 7692 -8 -24 -4 -4 -2 
-2 -2 -2 20000 -2 -2 -2 -2 

-14 -6 7692 -8 -24 -4 50000 -2 
-2 40000 -2 20000 -2 -2 -2 -2 

-14 -6 7692 -8 -24 -4 50000 -2 
-2 30000 -2 20000 -2 -2 -2 -2 

-2 60000 7692 66666 -24 -4 38888 -2 
-2 60000 -2 -2 -2 -2 -2 40000 

-2 60000 7692 66666 -24 -4 50000 -2 
-2 60000 20000 -2 -2 -2 -2 40000 

-2 60000 7692 66666 -24 -4 75000 -2 
-2 60000 30000 -2 -2 -2 -2 40000 

-2 60000 7692 66666 -24 -4 -2 -2 
-2 60000 -2 -2 -2 -2 -2 40000 

-2 60000 7692 -2 -24 -4 50000 -2 
-2 60000 70000 -2 -2 -2 -2 -2 

-8 -8 7692 8333 -34 -48 34782 -22 
-2 20000 -2 -2 -2 -2 -2 -2 

-8 -8 -2 41666 -34 -48 -6 -4 
-2 -2 60000 -2 -2 -2 -2 -2 

-8 -8 -2 20967 -34 -48 -6 -4 
-2 -2 130000 -2 -2 -2 -2 -2 

-2 25000 -4 -4 -8 -4 50000 -2 
-2 -2 -2 20000 -2 -2 -2 20000 

-2 25000 -4 -4 -8 -4 50000 -2 
-2 -2 -2 20000 -2 -2 -2 20000 

-2 25000 -4 -4 -8 -4 50000 -2 
-2 -2 -2 20000 -2 -2 -2 20000 

-2 -2 -2 -4 1111 -2 -2 -2 
-2 -2 -2 20000 -2 20000 -2 -2 

-2 50000 -2 -4 1111 -2 50000 -2 
-2 20000 -2 20000 -2 20000 30000 -2 

-6 -2 -4 -2 -2 -2 -4 -2 
-2 -2 -2 -2 -2 -2 -2 -2 

-6 -2 -4 -2 -2 -2 -4 -2 
-2 -2 -2 -2 -2 -2 -2 -2 

-2 -2 -2 -4 -2 -2 22727 -2 
20000 -2 -2 -2 -2 -2 -2 20000 

-2 -2 -2 -2 -4 -4 -2 -2 
-2 -2 -2 -2 -2 -2 -2 -2 

-2 -2 -2 -2 -4 -4 -2 66666 
-2 -2 -2 40000 -2 -2 -2 -2 

-2 -2 -2 -2 -2 -2 -2 -2 
-2 -2 -2 -2 -2 -2 -2 -2 

-2 -2 60000 -2 -2 75000 66666 -2 
-2 -2 -2 -2 -2 30000 -2 -2 

-2 25000 12500 -4 -2 41666 24242 100000 
-2 -2 -2 30000 20000 -2 40000 30000 

-2 -8 -8 50000 33333 41666 -12 37500 
30000 -2 30000 -2 -2 -2 -2 20000 

-2 100000 -6 -4 -2 -4 -8 -6 
-2 -2 -2 -2 -2 -2 -2 -2 

-2 100000 -6 -4 -2 -4 -8 -2 
-2 -2 -2 -2 -2 -2 -2 -2 

-2 100000 -6 -4 -2 50000 -8 25925 
-2 140000 50000 -2 -2 -2 -2 -2 

-2 100000 -6 -4 -2 -2 -8 50000 
-2 100000 -2 -2 -2 -2 -2 -2 

-2 -2 -6 -2 -2 -2 -2 -2 
-2 -2 -2 -2 -2 -2 -2 -2 

-4 -2 -2 -2 -2 -2 -2 -2 
-2 -2 -2 -2 -2 -2 -2 -2 

-6 -8 -4 -8 -2 -2 -4 -12 
-2 -2 -2 -2 -2 -2 -2 -2 

-6 -8 33333 -8 -2 -2 10000 -2 
20000 -2 -2 -2 -2 -2 -2 -2 

-6 -8 -2 9090 -2 -2 8333 -18 
-2 -2 -2 -2 -2 20000 -2 -2 

-6 -8 50000 9090 -2 -2 8333 -18 
-2 -2 -2 -2 -2 20000 -2 40000 

-6 -8 33333 9090 -2 -2 8333 -18 
-2 -2 -2 -2 -2 20000 -2 20000 

35714 -8 -4 -2 -2 -2 8333 -18 
-2 40000 -2 -2 -2 50000 -2 -2 

35714 -8 50000 -2 -2 -2 8333 -18 
-2 40000 20000 -2 -2 50000 -2 50000 

35714 -8 100000 -2 -2 -2 8333 -18 
-2 40000 20000 -2 -2 50000 -2 20000 

35714 -8 100000 -2 -2 -2 8333 -18 
-2 40000 20000 -2 -2 50000 -2 20000 

35714 -8 100000 -2 -2 50000 -2 -18 
20000 40000 20000 -2 -2 -2 70000 20000 

-10 -50 7692 -66 -50 -4 -12 -24 
-2 20000 -2 -2 -2 -2 -2 20000 

-6 -2 -2 -66 -50 37500 37500 -24 
-2 30000 -2 -2 -2 60000 -2 -2 

-6 -2 -2 -66 -50 37500 20967 -24 
-2 30000 -2 -2 -2 130000 -2 -2 

-6 -4 -4 -8 -6 -6 -2 -4 
-2 -2 -2 -2 -2 -2 -2 -2 

-6 -4 -4 -8 -6 -6 75000 -4 
-2 -2 30000 -2 -2 -2 -2 -2 

-6 -4 -4 -8 -6 -6 -2 -4 
-2 -2 -2 -2 -2 -2 -2 -2 

-2 -2 -2 -2 -2 -6 -2 -2 
-2 -2 -2 -2 -2 -2 -2 -2 

-2 -2 33333 -2 -2 -2 -2 -2 
20000 -2 -2 20000 -2 -2 -2 -2 

-2 -2 -2 -2 -2 -2 -4 -2 
-2 -2 -2 -2 -2 -2 -2 -2 

-2 -2 -2 -2 -2 -2 -4 -2 
-2 -2 -2 -2 -2 -2 -2 -2 

-2 27777 47222 33333 -2 25000 -2 33333 
-2 -2 -2 -2 -2 -2 -2 20000 

-2 -2 -2 -2 -2 -2 -4 -4 
-2 -2 -2 -2 -2 -2 -2 -2 

-2 -2 -2 75000 -2 -2 -4 -4 
-2 -2 -2 30000 -2 -2 -2 -2 

-2 -2 -2 12500 -2 33333 -2 16666 
-2 -2 -2 -2 -2 -2 -2 130000 

-2 75000 -2 12500 -2 33333 -2 16666 
-2 -2 -2 -2 -2 40000 -2 30000 

-2 -2 -2 -2 -2 -2 -2 -2 
-2 -2 -2 -2 -2 -2 -2 -2 

-6 -2 -4 -2 20000 -6 -4 -2 
20000 -2 -2 20000 -2 -2 -2 -2 

-6 -4 -2 -10 -2 -2 -4 -4 
-2 -2 -2 20000 -2 -2 -2 -2 

-6 -4 -2 -10 -2 -2 -4 -4 
-2 -2 -2 20000 -2 -2 -2 -2 

-6 -4 -2 -2 32142 -2 -4 -4 
-2 -2 -2 20000 180000 -2 -2 -2 

-2 -4 -2 -2 50000 -2 -4 -4 
-2 -2 -2 20000 -2 -2 -2 -2 

-2 -2 -2 -6 -4 -10 -6 -2 
-2 -2 -2 -2 -2 -2 -2 -2 

-6 -4 -4 -2 -16 -12 -6 -4 
-2 -2 -2 -2 -2 -2 -2 -2 

-6 -4 -4 -2 -16 20000 15000 7142 
-2 20000 -2 -2 -2 30000 20000 -2 

-6 -4 -4 -2 -10 -14 15000 12500 
-2 20000 -2 -2 20000 20000 -2 -2 

-6 -4 -4 -2 50000 -14 15000 12500 
-2 20000 -2 -2 20000 20000 -2 20000 

-6 -4 -4 -2 75000 -14 15000 12500 
-2 20000 -2 -2 20000 20000 -2 30000 

-6 -4 -4 -2 75000 -14 15000 50000 
-2 20000 -2 -2 20000 110000 -2 30000 

-6 -4 -4 -2 75000 -14 15000 66666 
-2 20000 -2 -2 20000 40000 -2 30000 

-6 -4 -4 -2 75000 -14 15000 50000 
-2 20000 -2 -2 20000 20000 -2 30000 

-6 -4 -4 -2 75000 -14 15000 -2 
-2 20000 -2 -2 20000 -2 -2 30000 

-6 -4 -4 -2 75000 100000 50000 66666 
-2 50000 -2 -2 -2 20000 -2 30000 

-30 -46 -12 -20 4166 -14 -10 -32 
-2 -2 20000 -2 -2 -2 -2 -2 

-30 -46 -8 -20 -2 -4 -2 -32 
-2 -2 -2 -2 -2 40000 -2 -2 

-30 -46 -8 -20 -2 20967 -2 -32 
-2 -2 130000 -2 -2 40000 -2 -2 

-4 -6 25000 -2 -2 50000 -6 -4 
-2 -2 -2 -2 -2 -2 -2 -2 

-4 -6 25000 -2 -2 50000 -6 50000 
-2 -2 -2 -2 20000 -2 -2 -2 

-4 -6 25000 -2 -2 50000 -6 -2 
-2 -2 -2 -2 -2 -2 -2 -2 

-2 -2 -2 -2 -2 -2 -2 -2 
-2 -2 -2 -2 -2 -2 -2 -2 

-2 -2 -2 -2 -2 -2 -2 -2 
-2 -2 -2 -2 -2 -2 -2 20000 

33333 -2 -2 -2 -2 50000 -2 -2 
-2 -2 -2 -2 -2 -2 -2 20000 

-2 -2 -2 -2 -2 -2 -6 -2 
-2 -2 -2 -2 -2 -2 -2 -2 

-2 100000 -2 -2 -2 -2 -6 -2 
-2 -2 -2 20000 -2 -2 -2 -2 

-2 -2 33333 -2 -4 16666 -2 33333 
-2 -2 -2 -2 -2 -2 -2 -2 

-2 -2 -2 -4 -2 -2 -2 -2 
-2 -2 -2 -2 -2 -2 -2 -2 

-2 -2 -2 -4 62500 -2 -2 -2 
-2 -2 -2 -2 -2 -2 -2 50000 

-2 -2 -2 -2 -2 21428 -2 -2 
-2 30000 -2 -2 -2 -2 -2 -2 

-2 -2 -2 -2 50000 21428 -2 -2 
-2 70000 -2 -2 -2 -2 -2 -2 

-2 -2 -2 -2 -2 -2 -2 -4 
-2 -2 -2 -2 -2 -2 -2 -2 

-2 -2 -4 -2 20000 -4 -6 -2 
-2 -2 -2 -2 -2 20000 -2 -2 

-4 -6 -2 -4 -2 -6 -2 -14 
-2 -2 -2 -2 30000 -2 -2 -2 

-4 -6 -2 -4 -2 -2 -2 -14 
-2 -2 -2 -2 30000 -2 -2 -2 

-4 -6 -2 -2 -2 32142 -2 -14 
-2 -2 -2 -2 -2 -2 180000 -2 

-2 -6 -2 -2 -2 50000 -2 -14 
-2 -2 -2 -2 -2 -2 90000 -2 

-6 -2 -4 -8 -4 -2 -6 -2 
-2 -2 -2 -2 -2 -2 -2 -2 

-2 -2 -2 -2 -2 -2 -2 -2 
-2 -2 -2 -2 -2 -2 -2 -2 

-14 -6 -2 -4 -14 -8 -6 -2 
-2 -2 -2 -2 -2 -2 -2 -2 

-14 -6 -2 14285 -14 -8 18750 25000 
-2 20000 -2 -2 -2 30000 -2 40000 

-4 -6 14285 14285 -14 -2 -16 25000 
-2 20000 -2 -2 -2 30000 -2 -2 

-4 -6 14285 14285 -14 -2 -16 50000 
-2 20000 20000 -2 -2 30000 -2 -2 

-4 -6 14285 14285 -14 -2 -16 33333 
-2 20000 20000 -2 -2 30000 -2 -2 

-4 -6 14285 14285 -14 -2 -16 40000 
-2 20000 80000 -2 -2 30000 -2 -2 

-4 -6 14285 14285 -14 -2 -16 66666 
-2 20000 40000 -2 -2 30000 -2 -2 

-4 -6 14285 14285 -14 -2 -16 -2 
-2 20000 -2 -2 -2 30000 -2 -2 

-4 -6 14285 14285 -14 -2 -16 -2 
-2 20000 -2 -2 -2 30000 -2 -2 

-4 -6 100000 14285 -2 -2 -16 66666 
-2 20000 80000 -2 -2 20000 60000 -2 

-4 -6 -66 -10 -24 50000 -38 -8 
-2 30000 -2 -2 -2 -2 80000 -2 

-4 50000 -4 40000 -4 50000 -2 50000 
40000 30000 -2 -2 -2 -2 -2 -2 

-4 50000 62500 22916 -4 50000 -2 50000 
110000 30000 -2 -2 -2 -2 50000 -2 

25000 -4 -10 -6 -2 -2 -2 -2 
-2 -2 -2 -2 -2 -2 -2 -2 

25000 100000 -10 -6 -2 -2 -2 -2 
-2 -2 20000 -2 -2 -2 -2 -2 

25000 -2 -10 -6 -2 -2 -2 -2 
-2 -2 -2 -2 -2 -2 -2 -2 

-2 781 -4 -2 1315 -2 -2 -2 
-2 -2 -2 -2 -2 -2 -2 -2 

-2 781 -4 50000 1315 -2 33333 -2 
-2 -2 -2 20000 -2 -2 20000 -2 

-4 -6 -4 -2 -2 -2 -2 -4 
-2 -2 -2 -2 -2 -2 -2 -2 

-4 -6 -4 -2 -2 -2 -2 -4 
-2 -2 -2 -2 -2 -2 -2 -2 

-2 20000 25000 50000 10000 -4 -2 -2 
-2 20000 -2 -2 -2 -2 20000 -2 

-2 -2 -2 -2 -2 -2 -4 -2 
-2 -2 -2 -2 -2 -2 -2 -2 

-2 -2 -2 62500 -2 -2 -4 -2 
-2 -2 -2 -2 50000 -2 -2 -2 

-2 30000 26666 25000 -2 -2 50000 -2 
20000 40000 -2 30000 -2 -2 30000 50000 

75000 30000 26666 50000 -2 75000 50000 -2 
20000 40000 30000 30000 40000 -2 30000 30000 

-2 -2 -2 -2 -2 -2 -2 -2 
-2 -2 -2 -2 -2 -2 -2 -2 

-2 -2 33333 -2 -4 -2 -6 -2 
20000 -2 20000 -2 -2 -2 -2 -2 

-2 33333 -8 -2 -6 25000 50000 -4 
-2 20000 -2 20000 -2 -2 -2 -2 

-2 33333 -8 -2 -6 25000 50000 -2 
-2 20000 -2 20000 -2 -2 -2 -2 

50000 33333 -8 -2 -6 25000 50000 -2 
-2 20000 -2 20000 -2 140000 -2 -2 

-2 -2 -8 -2 -6 25000 50000 -2 
-2 -2 -2 -2 -2 110000 -2 -2 

-14 -2 -2 -4 -2 -2 -4 -4 
-2 -2 -2 -2 -2 -2 -2 -2 

-2 -2 -2 -2 -2 -2 -2 -2 
-2 -2 -2 -2 -2 -2 -2 -2 

-8 -8 -10 -8 -8 -6 -10 -12 
-2 -2 -2 -2 -2 -2 -2 -2 

5555 -8 -10 -2 20000 -6 -10 -12 
-2 20000 -2 20000 -2 -2 -2 -2 

4347 -8 -16 -8 7692 -6 -26 -10 
-2 -2 -2 -2 20000 -2 -2 20000 

4347 -8 -16 -8 7692 50000 -26 -10 
-2 -2 -2 -2 20000 20000 -2 20000 

4347 -8 -16 -8 7692 50000 75000 -10 
-2 -2 -2 -2 30000 20000 -2 20000 

4347 50000 -4 -8 50000 50000 50000 -10 
-2 20000 -2 30000 100000 20000 -2 20000 

4347 50000 -4 -8 50000 50000 50000 -10 
-2 20000 -2 30000 30000 20000 -2 20000 

4347 50000 -4 -8 50000 50000 75000 -10 
-2 20000 -2 30000 30000 20000 -2 20000 

4347 50000 -4 -8 50000 50000 -2 -10 
-2 20000 -2 30000 -2 20000 -2 20000 

4347 50000 -2 -8 50000 50000 50000 -10 
-2 20000 -2 30000 70000 20000 -2 20000 

-20 10000 -60 -26 -10 -22 -36 -28 
-2 -2 -2 -2 20000 -2 -2 -2 

-20 10000 50000 -2 -10 -6 -6 43750 
-2 -2 -2 -2 -2 -2 -2 70000 

-20 10000 50000 -2 -10 -6 66666 17307 
-2 -2 -2 -2 40000 -2 -2 90000 

-4 -4 -2 -4 -2 -2 -2 -4 
-2 -2 -2 -2 -2 -2 -2 -2 

-4 -4 -2 -4 -2 -2 62500 -4 
-2 -2 -2 -2 -2 -2 50000 -2 

-4 -4 -2 -4 -2 -2 -2 -4 
-2 -2 -2 -2 -2 -2 -2 -2 

-2 -2 -4 -2 -2 -2 -2 -2 
-2 -2 -2 -2 20000 -2 -2 -2 

-2 -2 -4 -2 925 980 -2 729 
-2 -2 20000 -2 -2 -2 20000 -2 

-2 -2 100000 -2 66666 980 50000 729 
-2 -2 20000 40000 -2 20000 20000 30000 

-2 -2 -2 -2 -2 -2 -4 -4 
-2 -2 -2 -2 -2 -2 -2 -2 

-2 -2 -2 -2 -2 -2 100000 -4 
-2 -2 -2 -2 -2 20000 -2 -2 

-4 -4 -2 50000 -2 50000 16666 -2 
-2 30000 30000 -2 20000 20000 -2 -2 

-2 -2 -2 -2 -2 -4 -2 -2 
-2 -2 -2 -2 -2 -2 -2 -2 

-2 -2 -2 75000 -2 -4 -2 -2 
-2 -2 -2 -2 -2 30000 -2 -2 

-2 -2 -2 -2 -2 -2 -2 -2 
-2 -2 -2 -2 -2 -2 -2 -2 

-2 -2 -2 66666 -2 -2 58333 -2 
-2 -2 -2 -2 -2 -2 -2 40000 

-6 -8 -2 -4 -2 -2 30000 -2 
-2 -2 -2 -2 -2 -2 40000 -2 

-4 -4 -4 -6 -4 -6 -4 -2 
-2 -2 20000 -2 -2 -2 -2 -2 

-4 -4 -4 -2 -4 -6 -4 -2 
-2 -2 20000 -2 -2 -2 -2 -2 

-4 -4 -4 -2 -4 -6 -4 -2 
-2 -2 20000 180000 -2 -2 -2 -2 

-4 -2 -4 -2 -4 -2 -4 -2 
-2 -2 -2 100000 -2 -2 -2 -2 

-2 -6 -2 -2 -12 -2 -4 -6 
-2 -2 -2 -2 -2 -2 -2 -2 

-2 -2 -2 -2 -2 -2 -2 -4 
-2 -2 -2 -2 -2 -2 -2 -2 

-12 -6 -2 -10 -14 -2 -2 -6 
-2 -2 -2 -2 -2 -2 -2 -2 

5263 -6 -2 8333 33333 -2 -2 -6 
-2 -2 -2 20000 20000 -2 20000 -2 

-28 -6 -12 -10 -12 -2 9090 7142 
-2 -2 20000 -2 -2 -2 -2 20000 

-28 -6 -12 -10 -12 -2 9090 50000 
-2 -2 20000 20000 -2 -2 -2 20000 

-28 -6 66666 -10 -12 -2 9090 50000 
-2 -2 40000 20000 -2 -2 -2 20000 

50000 -6 50000 -10 -4 -2 40000 62500 
-2 -2 70000 40000 60000 -2 -2 20000 

50000 -6 50000 -10 -4 -2 40000 62500 
-2 -2 30000 40000 60000 -2 -2 20000 

50000 -6 50000 -10 -4 -2 40000 62500 
-2 -2 30000 40000 60000 -2 -2 20000 

50000 -6 -2 -10 -4 -2 40000 62500 
-2 -2 -2 40000 60000 -2 -2 20000 

50000 -6 -2 -10 -4 40000 40000 50000 
-2 -2 40000 40000 60000 40000 -2 -2 

-18 -16 7142 -54 -10 -12 -48 12500 
-2 20000 -2 -2 -2 -2 -2 -2 

-18 -16 7142 -54 -4 -12 -48 12500 
-2 20000 -2 20000 -2 -2 -2 -2 

-18 -16 7142 -54 19642 -12 -48 12500 
-2 20000 -2 110000 -2 -2 -2 -2 

-2 -2 -2 25000 -4 -6 20000 20000 
-2 -2 -2 -2 20000 -2 -2 20000 

-2 -2 -2 25000 -4 50000 20000 20000 
-2 -2 -2 -2 70000 -2 -2 20000 

-2 -2 -2 25000 -4 -2 20000 20000 
-2 -2 -2 -2 -2 -2 -2 20000 

-2 -4 -6 -2 -2 -2 -2 -2 
-2 -2 -2 -2 -2 -2 -2 -2 

-2 -2 1282 -2 -2 -2 884 -2 
-2 -2 -2 20000 20000 -2 -2 -2 

-2 -2 1282 50000 -2 -2 33333 -2 
-2 -2 -2 20000 20000 -2 20000 -2 

-2 -2 1282 100000 -2 -2 33333 -2 
-2 -2 -2 20000 20000 -2 20000 20000 

-4 50000 14285 -2 -2 -2 -4 -4 
-2 -2 -2 -2 -2 -2 -2 20000 

-2 -2 -4 50000 -2 -2 -2 -2 
-2 -2 -2 -2 -2 -2 -2 -2 

-2 50000 -4 50000 -2 -2 -2 -2 
-2 -2 -2 -2 -2 -2 -2 40000 

30000 20000 -2 -2 -2 -2 35714 -2 
-2 30000 40000 -2 -2 30000 40000 -2 

30000 20000 -2 -2 -2 -2 56250 -2 
-2 30000 90000 -2 -2 30000 40000 -2 

-2 -2 -2 -2 -2 -2 -2 -2 
-2 -2 -2 -2 -2 -2 -2 -2 

-6 -6 -12 -2 -2 -6 -2 41666 
-2 -2 20000 -2 -2 20000 -2 30000 

-4 -2 -4 -8 -10 -6 -4 -4 
-2 -2 -2 20000 -2 -2 -2 -2 

-4 -2 -4 -8 -10 -6 -4 -2 
-2 -2 -2 20000 -2 -2 -2 -2 

-4 -2 -4 -8 25000 -6 -4 20000 
-2 -2 30000 20000 -2 -2 120000 -2 

-4 -2 -4 -2 -2 -6 -4 -2 
-2 80000 -2 -2 -2 -2 40000 -2 

-2 -4 33333 -8 -2 -6 -2 -4 
-2 -2 -2 -2 -2 -2 -2 -2 

-2 -2 -4 -2 -2 -2 -4 -4 
-2 -2 -2 -2 -2 -2 -2 -2 

-8 -12 -12 -12 -4 -4 -2 -8 
-2 -2 -2 -2 -2 -2 -2 -2 

7894 -12 -12 -12 -2 -4 25000 -8 
-2 -2 -2 -2 20000 -2 30000 -2 

-22 -12 7692 -12 -6 -4 -14 -8 
-2 -2 -2 -2 -2 -2 -2 20000 

-22 -12 50000 -12 -6 -4 -14 -8 
-2 -2 -2 -2 20000 -2 -2 20000 

-22 -12 62500 -12 -6 -4 -14 -8 
-2 -2 -2 -2 50000 -2 -2 20000 

-22 -12 40000 -12 -6 -4 -14 -8 
-2 -2 -2 -2 80000 -2 -2 20000 

-22 -12 40000 75000 -6 -4 -14 -8 
-2 -2 -2 -2 30000 -2 -2 20000 

-22 -12 40000 75000 -6 -4 -14 -8 
-2 -2 -2 -2 30000 -2 -2 20000 

-22 -12 40000 -2 -6 -4 -14 -8 
-2 -2 -2 -2 -2 -2 -2 20000 

-22 -12 -2 -2 -6 -4 -14 -8 
-2 -2 -2 -2 -2 -2 -2 20000 

-24 -28 -18 -38 11111 -48 -48 -20 
20000 -2 -2 -2 -2 -2 -2 140000 

-6 -28 37500 -2 25000 -48 -2 -20 
40000 -2 -2 -2 -2 -2 -2 140000 

-6 -28 23076 -2 66666 -48 -2 -20 
40000 -2 -2 -2 -2 -2 -2 140000 

-2 -6 37500 -2 20000 -2 -4 -4 
-2 -2 -2 -2 -2 -2 20000 30000 

-2 -6 37500 50000 20000 -2 -4 -4 
-2 70000 -2 -2 -2 -2 20000 30000 

-2 -6 37500 50000 -2 -2 -4 -4 
-2 70000 -2 -2 -2 -2 20000 30000 

-2 -2 37500 -352 -166 -2 862 -2 
-2 -2 -2 -2 -2 -2 20000 30000 

50000 -2 37500 -352 -166 100000 862 -2 
40000 -2 -2 20000 20000 -2 20000 30000 

-4 -2 -2 -2 -4 -4 -2 -2 
-2 -2 -2 -2 -2 -2 -2 -2 

-4 -2 -2 -2 -4 -4 -2 -2 
-2 -2 -2 -2 -2 -2 -2 -2 

-2 33333 -2 25000 -4 34615 -2 -4 
-2 -2 -2 -2 -2 -2 -2 -2 

-2 -2 -2 -2 -2 -2 -2 -2 
-2 -2 -2 -2 -2 -2 -2 -2 

-2 -2 -2 -2 66666 -2 -2 -2 
-2 -2 -2 -2 40000 -2 -2 -2 

-2 -2 -2 -2 -2 33333 33333 20000 
40000 -2 20000 -2 -2 -2 -2 -2 

-2 -2 -2 66666 75000 33333 66666 20000 
40000 30000 40000 -2 -2 -2 40000 50000 

-2 -2 -2 -2 -2 -2 -2 -2 
-2 -2 -2 -2 -2 -2 -2 -2 

-4 -4 -4 33333 -2 -2 -2 -4 
-2 30000 -2 -2 -2 -2 -2 -2 

-6 -6 50000 -2 -2 33333 -2 -4 
30000 -2 -2 -2 -2 20000 -2 -2 

-2 -6 50000 -2 -2 33333 -2 -4 
30000 -2 -2 -2 -2 20000 -2 -2 

25806 -6 50000 -2 -2 -2 -2 -4 
30000 -2 -2 -2 -2 20000 -2 -2 

50000 -6 50000 -2 -2 -2 -2 -4 
30000 -2 -2 -2 -2 -2 -2 -2 

-2 -4 -2 -2 -14 -2 -10 -2 
-2 -2 -2 -2 -2 -2 -2 -2 

-2 -4 -4 -4 -4 -2 -2 -2 
-2 -2 -2 -2 -2 -2 -2 -2 

-12 -2 -12 -12 -14 -4 -2 -2 
-2 -2 -2 -2 -2 -2 -2 -2 

14285 7142 -12 16666 -14 10000 -2 -2 
-2 20000 -2 20000 -2 -2 20000 -2 

-6 -14 11111 16666 -14 -18 -12 -2 
-2 20000 20000 -2 -2 -2 -2 -2 

-6 -14 11111 16666 50000 -18 -12 -2 
-2 20000 20000 20000 -2 -2 -2 -2 

-6 -14 11111 16666 50000 -18 -12 -2 
-2 20000 20000 20000 -2 -2 -2 -2 

-4 -14 11111 16666 21428 50000 41666 -2 
-2 20000 20000 30000 50000 -2 -2 -2 

-4 -14 11111 16666 50000 50000 41666 -2 
-2 20000 20000 40000 50000 -2 -2 -2 

-4 -14 11111 16666 75000 50000 41666 -2 
-2 20000 20000 30000 50000 -2 -2 -2 

-4 -14 11111 16666 -2 50000 41666 -2 
-2 20000 20000 -2 50000 -2 -2 -2 

-2 -14 11111 16666 58333 -2 41666 -2 
-2 20000 20000 70000 -2 -2 -2 -2 

12500 -38 -6 -34 8333 -22 41666 7777 
-2 -2 70000 20000 -2 -2 -2 -2 

12500 -38 -6 -34 -6 -6 41666 42857 
-2 60000 70000 20000 -2 -2 -2 -2 

12500 -38 -6 -34 66666 -6 41666 21153 
-2 110000 70000 20000 40000 -2 -2 -2 

-4 -4 -12 -4 -2 50000 -4 -4 
-2 20000 -2 -2 -2 -2 -2 -2 

-4 -4 -12 -4 -2 50000 -4 -4 
-2 20000 -2 -2 -2 -2 30000 -2 

-4 -4 -12 -4 -2 -2 -4 -4 
-2 20000 -2 -2 -2 -2 -2 -2 

-2 -2 -2 -4 -2 -2 -2 -2 
-2 -2 -2 -2 -2 -2 -2 -2 

-2 -2 -2 -4 -2 -2 -2 75000 
-2 30000 -2 -2 -2 30000 -2 -2 

-2 -4 -2 -2 -2 -2 -2 -2 
-2 -2 -2 -2 -2 -2 -2 -2 

-2 -4 -2 -2 -2 -2 -2 -2 
-2 -2 -2 -2 -2 -2 -2 -2 

-4 22222 -2 50000 -2 -2 -6 -2 
-2 80000 -2 -2 20000 -2 20000 -2 

-2 -2 -4 -2 -2 -2 -2 -2 
-2 -2 -2 -2 -2 -2 -2 -2 

-2 -2 75000 -2 -2 -2 -2 -2 
30000 -2 -2 -2 -2 -2 -2 -2 

16666 -2 -2 16666 -2 -2 -2 33333 
90000 -2 30000 40000 -2 -2 -2 -2 

16666 -2 -2 16666 -2 -2 56250 33333 
90000 -2 90000 40000 -2 -2 -2 -2 

-2 -2 -2 -2 -2 -4 -2 -2 
-2 -2 -2 -2 -2 -2 -2 -2 

-2 -4 -4 30000 -2 25000 -2 -2 
-2 -2 -2 -2 30000 20000 20000 -2 

-8 -4 -6 -2 -4 33333 -4 -2 
-2 -2 20000 -2 -2 -2 -2 -2 

-8 -4 -6 -2 -4 33333 -4 -2 
-2 -2 20000 -2 -2 -2 -2 -2 

-8 20000 -6 -2 -4 33333 25000 -2 
30000 120000 20000 -2 -2 -2 -2 -2 

-8 42857 -2 -2 -4 33333 -2 -2 
-2 60000 20000 -2 -2 -2 -2 -2 

-2 -2 -4 -2 -2 -6 -4 -6 
-2 -2 -2 -2 -2 -2 -2 -2 

-2 -2 -4 -2 -2 -2 -2 -2 
-2 -2 -2 -2 -2 -2 -2 -2 

-6 -6 -4 -6 -2 -10 -4 -2 
-2 -2 -2 -2 -2 -2 -2 -2 

-6 16666 -4 -6 -2 -10 6666 -2 
-2 20000 20000 -2 20000 -2 -2 -2 

12500 16666 -12 -14 8333 -4 6666 -18 
-2 -2 -2 -2 20000 20000 -2 -2 

12500 16666 75000 -14 8333 -4 6666 -18 
-2 -2 -2 -2 30000 20000 -2 -2 

12500 16666 62500 -14 8333 -4 6666 -18 
-2 -2 -2 -2 50000 20000 -2 -2 

12500 16666 40909 -14 8333 -4 6666 -18 
-2 -2 -2 -2 90000 20000 -2 -2 

12500 16666 66666 -14 8333 -4 6666 -18 
-2 -2 -2 -2 40000 20000 -2 -2 

12500 16666 75000 -14 8333 -4 6666 -18 
-2 -2 -2 -2 30000 20000 -2 -2 

12500 16666 -2 -14 8333 -4 6666 -18 
-2 -2 -2 -2 -2 20000 -2 -2 

12500 16666 66666 60000 8333 66666 -2 66666 
-2 -2 -2 -2 40000 20000 -2 20000 

7142 -12 -24 -8 -6 -8 -20 -24 
-2 -2 -2 -2 -2 -2 -2 20000 

33333 50000 -4 -2 -6 -2 -4 -24 
-2 70000 -2 -2 -2 -2 -2 20000 

26785 50000 -4 -2 -6 -2 -4 -24 
-2 70000 150000 -2 -2 -2 -2 20000 

-10 -2 -2 20000 -4 -4 -6 -4 
-2 -2 20000 -2 -2 -2 -2 -2 

-10 -2 -2 20000 -4 -4 -6 -4 
-2 -2 20000 -2 -2 -2 -2 -2 

-10 -2 -2 20000 -4 -4 -2 -4 
-2 -2 -2 -2 -2 -2 -2 -2 

-2 -420 -2 -2 -2 -2 -2 -418 
-2 -2 -2 -2 -2 -2 -2 -2 

-2 -420 75000 -2 -2 50000 -2 -418 
-2 -2 -2 -2 -2 30000 -2 30000 

-2 -2 -2 -2 -2 -2 -2 -2 
-2 -2 -2 -2 -2 -2 -2 -2 

-2 -2 -2 -2 -2 -2 -2 -2 
-2 -2 -2 -2 -2 -2 -2 -2 

-2 25000 -2 -2 -2 -2 -6 25000 
-2 30000 -2 -2 -2 -2 -2 30000 

-2 -2 -2 -2 -2 -2 -2 -2 
-2 -2 -2 -2 -2 -2 -2 -2 

-2 -2 -2 50000 -2 -2 -2 -2 
-2 -2 -2 40000 -2 -2 -2 -2 

16666 20000 -2 -2 -2 30000 30000 -2 
-2 -2 20000 30000 -2 30000 -2 -2 

16666 20000 -2 -2 -2 50000 50000 -2 
40000 -2 20000 30000 40000 30000 -2 -2 

-2 -2 -2 -6 -2 -2 -2 -2 
-2 -2 -2 -2 -2 -2 -2 -2 

16666 -4 -2 50000 20000 -2 30000 -2 
-2 -2 -2 30000 -2 20000 -2 20000 

-10 -6 20000 -4 -8 25000 -2 -2 
20000 20000 -2 -2 -2 30000 -2 -2 

-10 -6 -2 -4 -8 25000 -2 -2 
-2 20000 -2 -2 -2 30000 -2 -2 

-10 20000 23913 37500 37500 25000 -2 -2 
90000 20000 -2 40000 -2 30000 30000 -2 

-2 -2 -2 37500 37500 25000 -2 -2 
90000 20000 -2 -2 -2 -2 40000 -2 

-12 -2 -2 -2 -8 -4 -4 -2 
-2 -2 -2 -2 -2 -2 -2 -2 

-18 -8 -18 -4 -4 -8 -12 -4 
-2 -2 -2 -2 -2 -2 -2 -2 

25000 8333 10000 -2 -4 -8 -12 12500 
-2 20000 20000 -2 -2 -2 -2 -2 

25000 -20 -6 -2 -4 -8 4761 -18 
20000 20000 20000 -2 -2 -2 -2 -2 

25000 -20 -6 66666 -4 -8 4761 -18 
20000 40000 20000 -2 -2 -2 -2 -2 

25000 -20 -6 50000 -4 -8 4761 -18 
20000 20000 20000 -2 -2 -2 -2 -2 

25000 -20 -6 38888 50000 -4 4761 41666 
20000 -2 20000 -2 -2 -2 40000 -2 

25000 -20 -6 66666 50000 -4 4761 41666 
20000 40000 20000 -2 -2 -2 40000 -2 

25000 -20 -6 50000 50000 -4 4761 41666 
20000 40000 20000 -2 -2 -2 40000 -2 

25000 -20 -6 -2 50000 -4 4761 41666 
20000 -2 20000 -2 -2 -2 40000 -2 

25000 -20 -6 50000 50000 50000 50000 66666 
20000 50000 20000 -2 -2 20000 40000 -2 

-2 -2 -2 -2 -6 -2 -2 -4 
-2 -2 -2 -2 -2 -2 -2 -2 

33333 -2 50000 -6 -4 -2 -2 -2 
-2 -2 -2 -2 70000 40000 -2 -2 

30434 -2 50000 -6 -4 -2 -2 -2 
-2 -2 -2 -2 70000 140000 -2 -2 

-4 33333 50000 50000 -6 100000 -4 -4 
-2 20000 20000 -2 -2 -2 -2 -2 

-4 33333 50000 50000 -6 100000 -4 -4 
-2 20000 20000 -2 -2 -2 -2 -2 

-4 33333 50000 50000 -6 100000 -4 -2 
-2 20000 20000 -2 -2 -2 -2 -2 

-14 -22 -10 -26 -50 -14 4545 -58 
20000 -2 -2 -2 -2 -2 -2 -2 

-2 -2 -2 -2 -2 -2 -2 -58 
-2 -2 -2 -2 -2 -2 -2 -2 

50000 50000 -2 -2 -2 -2 -2 -58 
30000 -2 20000 -2 -2 -2 -2 -2 

-2 -2 -2 -4 -2 -2 -2 -4 
-2 -2 -2 -2 -2 -2 -2 -2 

-2 -2 -2 -4 -2 -2 -2 -4 
-2 -2 -2 -2 -2 -2 -2 -2 

30000 27272 -4 -6 -2 -2 -2 -2 
-2 -2 -2 30000 30000 -2 -2 -2 

-2 -4 -2 -2 50000 -2 -6 -2 
-2 -2 -2 -2 -2 -2 -2 -2 

-2 -4 -2 -2 66666 -2 -6 -2 
-2 -2 -2 -2 40000 -2 -2 -2 

12500 -2 -2 -2 -2 -2 21428 -2 
-2 -2 30000 -2 -2 -2 -2 -2 

12500 -2 -2 -2 62500 50000 21428 -2 
50000 -2 30000 -2 -2 50000 -2 -2 

-2 -4 -2 -2 -4 -2 -2 -2 
-2 -2 -2 -2 -2 -2 -2 -2 

-4 -6 -6 -2 -12 25000 -4 -2 
-2 50000 -2 -2 -2 -2 -2 -2 

-4 -2 -4 -2 -2 -4 25000 -2 
-2 -2 -2 -2 -2 30000 -2 -2 

-4 -2 -4 -2 -2 -4 25000 -2 
-2 -2 -2 -2 -2 30000 -2 -2 

-4 -2 -4 20000 -2 -4 25000 -2 
-2 140000 -2 -2 -2 30000 -2 -2 

-4 -2 -4 50000 -2 -4 -2 -2 
-2 100000 -2 -2 -2 -2 -2 -2 

-4 -2 -8 -2 -4 -2 -6 -4 
-2 -2 -2 -2 -2 -2 -2 -2 

-2 -2 -2 -2 -2 -2 -4 -2 
-2 -2 -2 -2 -2 -2 -2 -2 

-2 -6 -4 -10 -14 -4 -10 -8 
-2 -2 -2 -2 -2 -2 -2 -2 

-2 -6 -4 -10 -2 -4 5882 -8 
20000 -2 -2 -2 -2 -2 -2 -2 

-8 -6 10000 -10 -22 -4 -24 -14 
-2 -2 -2 -2 20000 -2 -2 -2 

-8 -6 66666 -10 -22 -4 -24 -14 
40000 -2 -2 -2 20000 -2 -2 -2 

-8 -6 -2 -10 -22 -4 -24 -14 
-2 -2 -2 -2 20000 -2 -2 -2 

-8 -6 33333 50000 100000 37500 -24 -14 
60000 20000 -2 -2 20000 -2 40000 -2 

-8 -6 75000 50000 100000 37500 -24 -14 
30000 20000 -2 -2 20000 -2 40000 -2 

-8 -6 50000 50000 100000 37500 -24 -14 
40000 20000 -2 -2 20000 -2 40000 -2 

-8 -6 -2 50000 100000 37500 -24 -14 
-2 20000 -2 -2 20000 -2 40000 -2 

-8 -6 33333 50000 25000 -4 -24 -14 
60000 -2 -2 -2 20000 -2 20000 20000 

-54 -52 -68 -34 -10 -34 5813 -58 
-2 -2 -2 50000 -2 -2 -2 -2 

-54 31250 -2 -34 -10 -2 -2 37500 
-2 -2 -2 50000 -2 -2 -2 -2 

-54 26190 -2 -34 -10 -2 -2 62500 
-2 -2 -2 50000 50000 -2 -2 -2 

-4 -2 -2 -4 -4 -2 -2 -2 
-2 30000 -2 -2 -2 -2 -2 -2 

-4 -2 -2 -4 -4 50000 -2 -2 
-2 30000 -2 40000 -2 -2 -2 -2 

-4 -2 -2 -4 -4 -2 -2 -2 
-2 30000 -2 -2 -2 -2 -2 -2 

-2 980 -2 -2 -2 -2 -2 -2 
-2 -2 -2 -2 -2 -2 -2 -2 

50000 980 -2 -2 -2 -2 50000 -2 
20000 30000 -2 -2 -2 -2 -2 -2 

-2 -4 -2 -2 -2 -2 -2 -6 
-2 -2 -2 -2 -2 -2 -2 -2 

100000 -4 -2 -2 -2 -2 -2 -6 
-2 -2 -2 -2 -2 20000 -2 -2 

50000 -2 18750 -2 -4 -4 -2 -2 
-2 -2 -2 20000 130000 -2 -2 -2 

-2 -2 -2 -2 -4 -2 -2 -2 
-2 -2 -2 -2 -2 -2 -2 -2 

-2 -2 -2 75000 -4 -2 -2 -2 
-2 -2 -2 -2 -2 -2 -2 30000 

-2 -2 -2 -4 -2 -2 -2 -2 
160000 -2 -2 -2 -2 -2 -2 -2 

50000 -2 -2 -2 75000 60000 -2 -2 
160000 60000 -2 20000 -2 30000 -2 -2 

-2 -2 -2 -2 -2 -2 -2 -2 
-2 -2 -2 -2 -2 -2 -2 -2 

-4 -2 41666 -2 -4 -10 -2 20000 
-2 -2 -2 -2 -2 -2 -2 -2 

-4 -2 -2 -2 -4 -4 -2 -4 
-2 -2 -2 -2 -2 -2 -2 -2 

-4 -2 -2 -2 -4 -4 -2 -4 
-2 -2 -2 -2 -2 -2 -2 -2 

40000 41666 34090 -2 -2 27777 -2 -4 
-2 40000 -2 -2 20000 100000 -2 -2 

-2 55555 34090 -2 -2 27777 -2 -2 
-2 40000 -2 -2 20000 100000 -2 -2 

-4 -2 -4 -2 -2 -4 -8 -2 
-2 -2 -2 -2 -2 -2 -2 -2 

-2 -2 -2 -2 -2 -2 -4 -2 
-2 -2 -2 -2 -2 -2 -2 -2 

-10 -4 -6 -2 -6 -8 -4 -6 
-2 -2 -2 -2 -2 -2 -2 -2 

-10 -4 15000 -2 -2 -8 -4 -6 
-2 30000 -2 -2 -2 -2 30000 -2 

-6 11111 -2 -8 -12 -8 -6 -4 
-2 20000 -2 -2 20000 -2 -2 -2 

-6 75000 -2 -8 -12 -8 -6 -4 
-2 20000 -2 -2 20000 -2 30000 -2 

-6 -2 -2 -8 -12 -8 -6 -4 
-2 20000 -2 -2 20000 -2 -2 -2 

-6 50000 -2 -8 40000 33333 -6 -4 
60000 40000 40000 -2 20000 -2 50000 -2 

-6 50000 -2 -8 40000 33333 -6 -4 
60000 40000 40000 -2 20000 -2 30000 -2 

-6 50000 -2 -8 40000 33333 -6 -4 
60000 40000 40000 -2 20000 -2 40000 -2 

-6 -2 -2 -8 40000 33333 -6 -4 
60000 40000 40000 -2 20000 -2 -2 -2 

-2 -2 -2 -8 50000 100000 -6 -4 
40000 -2 50000 -2 20000 -2 50000 -2 

-2 -2 -2 -2 -2 -6 -2 -2 
-2 -2 -2 -2 -2 -2 -2 -2 

-8 -2 -4 -2 -2 -2 -2 -2 
-2 -2 -2 -2 -2 -2 -2 40000 

-8 -2 -4 -2 -2 26086 -2 -2 
-2 -2 -2 -2 -2 -2 -2 120000 

-2 -8 -4 -4 -2 -2 -8 -4 
-2 -2 -2 20000 -2 -2 -2 -2 

-2 -8 -4 -4 -2 -2 -8 -4 
-2 -2 -2 20000 -2 -2 -2 -2 

-2 -8 -4 -4 -2 -2 -8 -2 
-2 -2 -2 -2 -2 -2 -2 -2 

-52 -16 -42 -20 -54 -54 5000 -16 
20000 -2 -2 -2 -2 -2 -2 -2 

-4 -2 -2 -2 -2 -54 -2 -2 
-2 -2 -2 -2 -2 20000 -2 -2 

-4 -2 33333 75000 100000 -54 -2 -2 
30000 20000 -2 -2 -2 20000 -2 -2 

100000 -2 33333 75000 100000 -54 -2 -2 
30000 20000 -2 -2 -2 20000 -2 -2 

-2 50000 25000 -2 -4 -2 -10 13333 
20000 -2 -2 40000 -2 -2 30000 -2 

-2 -2 -4 -2 -2 -2 -2 -2 
-2 -2 -2 -2 -2 -2 -2 -2 

-2 -2 -4 -2 -2 75000 -2 -2 
-2 -2 30000 -2 -2 -2 -2 -2 

-2 -2 50000 -2 -2 50000 -2 15000 
-2 20000 30000 -2 -2 -2 -2 20000 

-2 -2 50000 -2 -2 50000 66666 66666 
-2 20000 30000 40000 -2 40000 -2 20000 

-2 -2 -2 -2 -2 -4 -2 -2 
-2 -2 -2 -2 -2 -2 -2 -2 

-2 50000 33333 -6 -2 -2 -2 -2 
-2 40000 -2 -2 20000 40000 -2 -2 

-2 -2 -2 -2 100000 -4 -12 -6 
-2 -2 20000 -2 -2 -2 -2 -2 

-2 -2 -2 -2 100000 -4 -12 -6 
-2 -2 -2 -2 -2 -2 -2 -2 

-2 17187 -2 -2 -2 -4 -12 -6 
-2 -2 110000 -2 -2 -2 -2 -2 

-2 50000 -2 -2 -2 -4 -2 -6 
-2 -2 90000 -2 -2 -2 -2 -2 

-6 -2 -8 -8 -4 -4 -4 -2 
-2 -2 -2 -2 -2 -2 -2 -2 

-2 -2 -2 -2 -2 -2 -2 -2 
-2 -2 -2 -2 -2 -2 -2 -2 

-6 -2 -2 -8 -10 -2 -10 -2 
-2 -2 -2 -2 -2 -2 -2 -2 

6250 -2 -2 -8 12500 -2 -10 -2 
-2 -2 -2 -2 20000 -2 -2 -2 

-2 -2 9090 -8 -16 -10 5882 -16 
-2 -2 -2 20000 20000 -2 -2 -2 

-2 -2 9090 -8 -16 -10 5882 75000 
-2 30000 -2 20000 20000 -2 -2 -2 

-2 -2 100000 -8 -16 -10 5882 75000 
20000 30000 -2 20000 20000 -2 -2 -2 

-2 -2 33333 -8 -16 -10 5882 75000 
80000 30000 -2 20000 20000 -2 -2 -2 

-2 -2 50000 -8 -16 -10 5882 75000 
30000 30000 -2 20000 20000 -2 -2 -2 

-2 -2 50000 -8 -16 -10 5882 75000 
30000 30000 -2 20000 20000 -2 -2 -2 

-2 -2 -2 -8 -16 -10 5882 75000 
-2 30000 -2 20000 20000 -2 -2 -2 

-2 -2 50000 -8 -16 42857 -2 75000 
-2 30000 -2 -2 20000 -2 60000 -2 

-34 -48 -44 -26 -10 -26 -4 5813 
-2 -2 50000 -2 -2 -2 -2 -2 

-6 -2 -4 -2 -10 30000 -4 -2 
-2 -2 50000 -2 -2 -2 -2 -2 

-6 -2 -4 -2 -10 21739 -4 -2 
-2 100000 50000 -2 -2 -2 -2 -2 

-8 -2 -2 25000 -4 -6 25000 -2 
-2 20000 -2 -2 -2 -2 -2 -2 

-6 -4 -2 -2 -6 -2 -2 -4 
-2 -2 -2 -2 -2 -2 -2 -2 

-6 50000 -2 -2 -6 -2 -2 -4 
-2 -2 -2 -2 -2 40000 -2 -2 

-6 -2 -2 -2 -6 -2 -2 -4 
-2 -2 -2 -2 -2 -2 -2 -2 

-2 -2 -2 -2 -2 -6 -2 -2 
-2 -2 -2 -2 -2 -2 -2 -2 

877 -2 -2 -2 -2 -2 -2 -2 
-2 -2 -2 -2 -2 -2 -2 -2 

877 -2 -2 -2 -2 -2 -2 -2 
-2 30000 -2 -2 -2 -2 -2 -2 

877 -2 -2 -2 -2 -2 -2 -2 
-2 30000 -2 -2 -2 -2 -2 -2 

-4 -2 28571 25000 -6 37500 -6 -2 
-2 40000 20000 -2 -2 30000 -2 -2 

-2 -2 -2 -2 -2 -2 -4 -2 
-2 -2 -2 -2 -2 -2 -2 -2 

-2 -2 -2 -2 -2 -2 -4 75000 
-2 -2 30000 -2 -2 -2 -2 -2 

25000 -2 12500 -2 20000 35714 -2 -2 
50000 -2 -2 -2 -2 -2 80000 -2 

75000 50000 75000 -2 20000 35714 -2 -2 
30000 50000 -2 -2 -2 60000 80000 -2 

-14 50000 -2 -4 -2 27777 -2 -10 
-2 50000 -2 -2 30000 60000 -2 -2 

-6 -6 -6 50000 -8 -4 -12 -6 
-2 -2 -2 -2 -2 -2 -2 20000 

-6 -2 -6 50000 -8 -4 -12 -6 
-2 -2 -2 -2 -2 -2 -2 20000 

-6 30357 -6 50000 -8 -2 75000 -6 
-2 -2 -2 -2 30000 -2 -2 20000 

-6 43750 -2 50000 -2 50000 -2 -6 
-2 -2 40000 -2 -2 -2 -2 20000 

-4 -2 -2 -2 -4 -4 -2 -2 
-2 -2 -2 -2 -2 -2 -2 -2 

-2 -2 -2 -2 -2 -2 -2 -2 
-2 -2 -2 -2 -2 -2 -2 -2 

-6 -12 -4 -2 -8 -4 -2 -2 
-2 -2 -2 -2 -2 -2 -2 -2 

-6 7692 -4 -2 16666 -4 14285 11111 
20000 20000 -2 20000 20000 -2 -2 -2 

-2 14285 -4 -4 16666 -14 -12 11111 
-2 20000 -2 20000 20000 -2 -2 -2 

-2 14285 -4 75000 16666 -14 -12 11111 
-2 30000 -2 20000 20000 -2 -2 -2 

-2 14285 -4 -2 16666 -14 -12 11111 
-2 -2 -2 20000 20000 -2 -2 -2 

-2 66666 -4 -4 66666 50000 -12 11111 
-2 40000 -2 20000 20000 -2 40000 -2 

-2 66666 -4 -4 66666 50000 -12 11111 
-2 40000 -2 20000 20000 -2 20000 -2 

-2 66666 -4 -4 66666 50000 -12 11111 
-2 40000 -2 20000 20000 -2 20000 -2 

-2 66666 -4 -4 66666 -2 -12 11111 
-2 40000 -2 20000 20000 -2 -2 -2 

-2 66666 -4 50000 -2 50000 -12 11111 
-2 40000 -2 20000 20000 -2 -2 -2 

-58 -58 -16 -48 -66 -10 7142 -6 
-2 -2 -2 20000 -2 20000 -2 -2 

16666 -2 22727 -2 -2 -10 25000 -6 
20000 -2 -2 20000 -2 -2 -2 -2 

23913 -2 22727 -2 -2 -10 25000 -6 
20000 -2 -2 20000 110000 -2 -2 -2 

-2 37500 -2 -6 -2 -4 -4 -6 
-2 -2 -2 -2 -2 -2 -2 -2 

-2 37500 -2 -6 -2 -4 -4 -6 
-2 -2 -2 -2 -2 -2 -2 -2 

-4 -2 -2 -2 -2 -2 -2 -2 
-2 -2 -2 -2 -2 -2 -2 -2 

-4 -2 -2 -2 -2 -2 -2 -2 
-2 -2 -2 -2 -2 -2 -2 -2 

-12 -6 -2 -2 -4 -2 -2 -2 
-2 -2 -2 -2 -2 -2 -2 -2 

-2 1204 -2 -2 -2 854 -2 -2 
-2 -2 -2 -2 -2 20000 -2 -2 

-2 1204 -2 50000 -2 854 -2 -2 
-2 -2 -2 -2 -2 20000 -2 -2 

-2 -2 -2 -2 -2 -2 -2 -2 
-2 -2 -2 -2 -2 -2 -2 -2 

-2 -2 -2 -2 -2 -2 -2 -2 
-2 -2 -2 -2 -2 -2 -2 -2 

-2 -2 -2 -4 28571 37500 -6 -2 
-2 -2 -2 -2 -2 20000 -2 20000 

-2 -2 75000 -4 28571 37500 -6 -2 
30000 -2 -2 -2 -2 20000 -2 20000 

12500 -2 -2 -2 -2 25000 18750 -2 
-2 20000 30000 20000 30000 -2 20000 30000 

12500 -2 -2 60000 -2 75000 50000 -2 
-2 20000 30000 20000 30000 -2 20000 -2 

-2 -2 -2 -2 -2 -2 -2 -2 
-2 -2 -2 -2 -2 -2 -2 -2 

-4 33333 -6 40000 -2 -8 -2 16666 
-2 20000 -2 -2 40000 40000 20000 -2 

-6 -10 50000 -4 -2 -2 -4 -4 
-2 -2 -2 -2 -2 -2 -2 -2 

-6 -10 50000 -4 -2 -2 -4 -4 
-2 -2 -2 -2 -2 -2 -2 -2 

-6 -10 50000 -2 -2 30000 -4 -4 
-2 -2 -2 -2 -2 180000 -2 -2 

-6 -2 -2 -2 -2 56250 -2 -4 
-2 -2 -2 -2 -2 90000 -2 -2 

-4 -2 -2 -2 -2 -6 -14 -4 
-2 -2 -2 -2 -2 -2 -2 -2 

-2 -2 -2 -2 -4 -2 -2 -2 
-2 -2 -2 -2 -2 -2 -2 -2 

-4 -6 -2 -2 -12 -10 -6 -6 
-2 -2 -2 -2 -2 -2 -2 -2 

-4 10000 -2 -2 -12 -10 -6 16666 
20000 20000 -2 -2 -2 20000 -2 -2 

-12 -6 -8 -2 -20 7142 -6 16666 
-2 -2 -2 -2 20000 20000 -2 -2 

-2 -2 -2 -2 -4 -2 -4 -2 
-2 -2 -2 -2 -2 -2 -2 -2 

75000 -2 -2 -2 -4 -2 -4 -2 
-2 -2 -2 -2 -2 -2 -2 30000 

50000 -2 -2 -2 -4 -2 -4 -2 
-2 -2 -2 -2 -2 -2 -2 20000 

40000 -2 -2 -4 -4 -2 -4 -2 
-2 -2 40000 -2 40000 -2 -2 -2 

50000 -2 -2 -4 -4 -2 -4 -2 
-2 -2 40000 -2 40000 -2 -2 40000 

100000 -2 -2 -4 -4 -2 -4 -2 
-2 -2 40000 -2 40000 -2 -2 20000 

-2 -2 -2 -4 -4 -2 -4 -2 
-2 -2 40000 -2 40000 -2 -2 -2 

43750 -2 -2 -4 -4 -2 -4 -2 
-2 -2 -2 -2 40000 -2 70000 -2 

4761 -86 -12 -58 -32 -32 -52 -26 
-2 -2 -2 20000 -2 -2 -2 -2 

4761 -4 -12 -2 -32 -6 -52 -2 
60000 -2 -2 20000 -2 -2 -2 -2 

4761 -4 -12 26086 -32 -6 -52 -2 
120000 -2 -2 20000 -2 -2 -2 -2 

-6 -2 33333 -2 -2 -4 -2 -4 
-2 -2 -2 -2 -2 -2 20000 -2 

-6 -2 33333 50000 -2 -4 -2 -4 
50000 -2 -2 -2 -2 -2 20000 -2 

-6 -2 33333 -2 -2 -4 -2 -4 
-2 -2 -2 -2 -2 -2 20000 -2 

-2 -2 -2 -2 -2 -2 -2 -4 
20000 -2 -2 -2 -2 -2 20000 20000 

-2 -2 -2 -2 -2 33333 -2 50000 
20000 20000 20000 -2 -2 -2 20000 20000 

-2 -2 -2 -2 -2 -2 -2 -2 
-2 -2 -2 -2 -2 -2 -2 -2 

-2 -2 -2 -2 -2 -2 -2 -2 
-2 -2 -2 -2 -2 -2 -2 -2 

33333 -2 -8 50000 11111 -4 -4 -2 
-2 20000 20000 -2 -2 -2 20000 20000 

-2 -2 -2 -2 -4 -2 -2 -2 
-2 -2 -2 -2 -2 -2 -2 -2 

-2 -2 -2 -2 -4 -2 -2 75000 
30000 -2 -2 -2 -2 -2 -2 -2 

-2 -2 -10 -2 -2 -2 27500 -2 
-2 -2 -2 20000 -2 -2 -2 -2 

66666 -2 -10 -2 -2 66666 75000 66666 
-2 -2 40000 40000 30000 -2 40000 -2 

-2 -2 31250 -2 -4 -10 -2 -2 
-2 -2 -2 -2 50000 -2 40000 -2 

50000 -4 -2 -2 25000 -6 25000 -2 
-2 -2 -2 20000 -2 20000 20000 -2 

50000 -4 -2 -2 25000 -6 25000 -2 
-2 -2 -2 20000 -2 20000 20000 -2 

50000 -4 -2 -2 22727 -6 25000 -2 
-2 140000 -2 20000 -2 20000 50000 -2 

50000 -4 -2 -2 -2 -6 25000 -2 
-2 90000 -2 20000 -2 20000 -2 -2 

-2 -2 -4 -2 -2 -2 -2 -2 
-2 -2 -2 -2 -2 -2 -2 -2 

-2 -2 -2 -4 -2 -2 -2 -2 
-2 -2 -2 -2 -2 -2 -2 -2 

-4 -4 -8 -6 -8 -8 -2 -10 
-2 -2 -2 -2 -2 -2 -2 -2 

-2 -2 -2 -2 -2 -2 -4 -2 
-2 -2 -2 -2 -2 -2 -2 -2 

-2 10000 -2 20000 20000 -2 -4 9090 
20000 30000 -2 -2 20000 20000 -2 -2 

-4 -4 -2 -18 -4 7142 -4 -4 
-2 -2 20000 -2 -2 -2 -2 -2 

-4 -4 100000 -18 -4 7142 -4 -4 
-2 -2 20000 -2 20000 -2 -2 -2 

-4 -4 50000 -18 -4 7142 -4 -4 
-2 -2 20000 -2 20000 -2 -2 -2 

41666 -4 50000 -2 -4 7142 50000 -4 
-2 -2 20000 60000 70000 -2 50000 -2 

41666 -4 75000 -2 -4 7142 50000 -4 
-2 -2 20000 60000 30000 -2 50000 -2 

41666 -4 100000 -2 -4 7142 50000 -4 
-2 -2 20000 60000 20000 -2 50000 -2 

41666 -4 -2 -2 -4 7142 50000 -4 
-2 -2 20000 60000 20000 -2 50000 -2 

-2 -4 -2 -2 -4 7142 43750 -4 
-2 -2 20000 60000 20000 70000 50000 -2 

4347 -12 -6 -8 -26 -48 -6 -22 
-2 -2 -2 -2 -2 -2 20000 -2 

-8 -2 -2 -2 -2 -48 -6 57142 
-2 80000 -2 -2 -2 -2 30000 -2 

62500 -2 -2 -2 -2 -48 -6 21739 
-2 100000 50000 -2 -2 -2 30000 -2 

-4 -2 50000 -6 -8 -4 -2 25000 
-2 -2 20000 -2 -2 -2 -2 -2 

-4 -2 50000 -6 -8 -4 -2 25000 
-2 -2 20000 -2 -2 -2 -2 -2 

-4 -2 50000 -6 -2 -4 -2 25000 
-2 -2 20000 -2 -2 -2 -2 -2 

-2 -2 -2 -2 -2 -2 609 -422 
-2 20000 -2 -2 -2 -2 -2 -2 

-2 -2 -2 33333 -2 -2 100000 -422 
20000 20000 -2 -2 20000 -2 -2 -2 

-2 -4 -2 -2 -2 -2 -2 -2 
-2 -2 -2 -2 -2 -2 -2 -2 

-2 -4 -2 -2 -2 -2 -2 -2 
-2 -2 -2 -2 -2 -2 -2 -2 

-2 -2 -2 -2 14285 -2 16666 -8 
60000 -2 -2 -2 20000 -2 -2 50000 

-2 -2 -4 -2 -2 -2 -2 -2 
-2 -2 -2 -2 -2 -2 -2 -2 

-2 -2 -4 -2 75000 -2 -2 -2 
-2 -2 -2 -2 30000 -2 -2 -2 

-2 -2 -2 12500 -2 -2 -2 -2 
-2 -2 -2 20000 -2 50000 -2 -2 

-2 -2 -2 12500 -2 50000 -2 75000 
-2 -2 20000 30000 -2 40000 -2 -2 

-2 -2 -2 -2 -2 -2 -2 -4 
-2 -2 -2 -2 -2 -2 -2 -2 

-6 -2 -4 30000 30000 -2 20000 50000 
-2 30000 -2 -2 -2 -2 20000 -2 

33333 21428 25000 50000 -4 33333 -4 -6 
-2 20000 -2 -2 20000 -2 -2 20000 

33333 21428 25000 50000 -2 33333 -4 -6 
-2 20000 -2 -2 20000 -2 -2 -2 

33333 -2 25000 50000 32142 33333 -4 -6 
-2 20000 -2 -2 20000 -2 -2 180000 

33333 -2 25000 50000 57142 -2 -2 -6 
-2 20000 -2 -2 20000 -2 -2 -2 

-8 -4 -8 -2 -4 -2 -2 -4 
-2 -2 -2 -2 -2 -2 -2 -2 

-2 -4 -2 -2 -2 -4 -2 -4 
-2 -2 -2 -2 -2 -2 -2 -2 

-14 -2 -14 -6 -6 -2 -18 -2 
-2 -2 -2 -2 -2 -2 -2 -2 

16666 -2 -14 100000 21428 -2 -18 9090 
20000 -2 -2 -2 -2 20000 -2 20000 

-16 -2 -14 -6 -6 -2 -8 10000 
20000 -2 -2 -2 -2 -2 -2 -2 

-16 -2 -14 -6 -6 -2 75000 10000 
20000 -2 30000 -2 -2 -2 -2 -2 

-16 -2 -14 -6 -6 -2 75000 66666 
20000 -2 30000 40000 -2 -2 -2 -2 

-16 -2 -14 -6 -6 -2 75000 45000 
20000 -2 30000 90000 -2 -2 -2 -2 

-16 -2 -14 -6 -6 -2 75000 50000 
20000 -2 30000 20000 -2 -2 -2 -2 

-16 -2 -14 -6 -6 -2 75000 100000 
20000 -2 30000 20000 -2 -2 -2 -2 

-16 -2 -14 -6 -6 -2 75000 -2 
20000 -2 30000 -2 -2 -2 -2 -2 

-2 50000 66666 -6 -6 -2 50000 -2 
20000 -2 60000 60000 -2 -2 -2 -2 

4166 -44 -46 -56 -52 -46 -24 -50 
-2 -2 20000 -2 -2 -2 -2 -2 

4166 -44 -46 -2 -52 37500 -2 -50 
-2 -2 -2 20000 -2 20000 30000 -2 

4166 -44 -46 -2 -52 37500 27083 -50 
-2 -2 -2 130000 -2 20000 30000 -2 

33333 -4 -4 -2 -4 -4 100000 -2 
-2 -2 -2 -2 20000 -2 -2 -2 

