0 0 0 0 0 1000 0 0 
0 0 200 0 0 0 0 0 

0 0 0 0 0 333 500 1000 
0 0 200 0 0 200 200 0 

0 0 0 0 0 329 500 1000 
0 0 197 0 0 200 200 0 

0 0 0 0 0 1325 500 1000 
0 0 395 0 0 200 200 0 

0 0 0 0 0 2061 500 1000 
0 0 691 0 0 200 200 0 

527 283 0 0 0 1244 1715 2314 
197 588 1169 882 1067 859 2182 684 

527 283 1148 0 0 1981 1715 3040 
197 588 1457 882 1456 1141 2460 684 

0 0 0 0 0 1308 513 976 
0 0 785 0 0 194 390 0 

333 0 494 296 0 1636 507 956 
0 593 959 0 400 487 386 0 

313 489 642 804 0 1555 943 908 
678 769 1350 0 584 463 378 197 

313 489 642 804 0 1555 943 908 
678 761 1350 0 584 463 378 197 

313 484 642 804 280 1555 943 908 
678 2153 1350 0 578 463 378 197 

313 479 629 804 707 1555 943 908 
678 2803 1350 0 572 463 378 193 

3331 1233 5804 3472 2341 3902 3031 4368 
6623 8826 5377 4854 2263 5221 8082 7447 

-3 80 -3 -3 -3 -3 -3 -3 
-1 -1 -1 -1 -1 48 -1 -1 

-3 73 -3 125 -3 -3 -3 -3 
176 -1 -1 -1 -1 44 -1 -1 

163 358 -3 125 -3 122 -3 -3 
474 -1 -1 199 199 44 -1 199 

159 350 -3 125 80 120 -3 -3 
664 -1 -1 196 196 44 -1 196 

159 350 -3 873 80 120 -3 -3 
664 -1 299 196 196 44 -1 196 

159 350 -3 864 80 120 -3 -3 
664 -1 295 196 196 44 -1 196 

159 350 -3 864 80 743 413 372 
1157 -1 295 196 687 44 299 196 

159 350 -3 864 80 743 908 372 
1157 -1 295 196 980 44 299 196 

159 350 -3 864 80 743 1648 372 
1157 -1 295 196 1270 44 299 196 

159 350 -3 864 80 743 1631 372 
1157 -1 295 196 1257 44 299 196 

159 350 -3 864 80 743 2186 364 
1157 -1 295 196 2023 44 295 196 

159 350 -3 864 80 743 2339 498 
1157 -1 295 196 4069 44 295 196 

157 350 -3 855 463 735 2339 498 
1157 691 295 194 4069 43 295 194 

157 350 -3 855 675 735 2339 498 
1157 1984 295 194 4069 43 295 194 

701 820 -2 1052 635 1188 2370 622 
1078 2237 680 471 4257 38 489 188 

701 820 -2 1052 635 1188 2846 622 
1078 2237 680 666 4257 38 489 188 

701 820 -2 1052 635 1188 2817 622 
1078 2237 680 659 4257 38 489 188 

-3 -3 -3 7 6 -3 390 13 
-1 -1 15 -1 -1 14 -1 167 

4 -3 -3 22 12 4 383 12 
195 195 14 -1 -1 13 771 163 

503 -3 -3 22 12 1498 383 12 
393 493 14 199 -1 13 771 163 

-1 -3 -3 -3 -3 -3 0 0 
-1 -1 -1 -1 1 1 0 -1 

-1 -3 -3 -3 -3 -3 0 0 
-1 -1 -1 -1 1 1 0 -1 

227 660 917 1059 1002 484 2893 907 
391 1368 3387 1609 1221 864 1987 2586 

78 6 173 36 168 23 294 69 
18 134 145 189 14 13 5 123 

78 755 173 36 168 23 294 69 
18 134 145 189 313 13 5 123 

2175 2987 6052 2528 3967 2360 5342 1195 
4069 7857 6130 3645 6695 3650 4859 5889 

2175 3582 6658 2528 3967 2336 5955 1195 
4069 7857 6903 3645 7028 3650 4859 5830 

-3 -3 -3 11 -3 -3 11 -3 
-1 5 9 0 -1 -1 -1 -1 

-3 -3 -2 10 -3 279 500 -3 
-1 4 8 0 592 -1 -1 399 

-3 137 193 9 192 262 584 -3 
-1 3 7 192 764 193 -1 575 

-3 137 193 8 192 262 584 -3 
-1 3 7 192 756 193 -1 575 

-3 137 193 354 192 259 584 -3 
-1 3 7 192 2548 193 -1 569 

-3 137 191 787 192 256 578 -2 
-1 3 7 192 3190 191 -1 563 

-4 64 -4 -4 -4 -4 241 -4 
-1 -1 -1 -1 162 -1 -1 22 

-3 71 -3 -3 21 8 38 26 
-1 -1 -1 54 -1 77 -1 22 

-3 62 -3 -3 285 5 31 23 
-1 -1 -1 233 -1 69 -1 19 

-3 62 -3 139 285 5 89 23 
-1 -1 199 430 -1 69 -1 19 

-3 258 -3 137 285 5 139 22 
-1 -1 397 421 -1 69 199 19 

-3 258 -3 802 285 5 139 22 
399 -1 397 421 -1 69 199 19 

-3 258 -3 1460 285 5 139 22 
795 -1 397 421 -1 69 199 19 

-3 258 -3 1778 285 379 494 22 
1475 499 393 421 -1 69 199 19 

-3 258 -3 2426 285 379 494 22 
1860 499 393 421 -1 69 199 19 

-3 258 -3 2901 285 379 494 22 
2141 499 393 421 -1 69 199 19 

-3 258 -3 2871 285 379 494 22 
2119 499 393 421 -1 69 199 19 

-3 258 330 3342 285 375 489 22 
2769 493 589 421 -1 69 199 19 

425 258 330 3308 342 371 483 296 
2769 488 589 1016 1077 69 697 18 

420 258 660 3308 338 371 483 290 
2741 483 589 1005 1077 69 690 417 

420 258 843 3308 959 371 483 290 
2741 978 589 1005 1077 69 690 1512 

407 692 1585 3883 1301 1094 706 500 
2554 1960 754 1165 1402 345 1182 1667 

407 692 1585 3883 1301 1094 706 500 
2554 1960 754 1165 1402 345 1182 1667 

407 692 1585 3883 1287 1094 706 500 
2554 1960 754 1165 1402 345 1182 1650 

475 -4 -4 49 118 -4 24 -4 
-1 190 57 -1 -1 68 -1 112 

475 4 7 40 117 16 30 21 
-1 384 253 -1 569 261 195 298 

475 4 1006 40 117 16 529 354 
-1 774 253 -1 569 261 195 495 

-3 -3 27 -3 -3 -3 -3 -3 
-1 -1 -1 -1 -1 -1 39 -1 

-3 -3 27 -3 -3 -3 -3 -3 
-1 -1 -1 -1 -1 -1 39 -1 

981 496 830 -3 1150 -3 512 980 
1944 195 1283 674 -1 394 1786 394 

-3 4 -3 -3 -3 -3 4 3 
-1 -1 -1 -1 -1 -1 11 9 

-3 4 -3 -3 -3 -3 4 669 
-1 -1 -1 -1 -1 -1 11 408 

3247 1627 1748 4312 2060 3202 3948 4147 
5796 9534 5966 5338 3398 2065 5566 5501 

3247 1627 2397 4312 2060 3919 3948 4772 
5796 10040 5966 5338 3764 2065 5566 5501 

46 3 107 100 89 306 107 30 
38 136 211 0 17 0 0 611 

45 402 107 906 89 299 495 29 
37 430 408 0 404 0 0 984 

1044 617 261 818 85 425 651 526 
227 602 391 288 391 0 392 1117 

1044 617 261 818 85 425 651 520 
227 602 391 288 391 0 392 1105 

1044 936 803 1809 85 728 651 1014 
524 602 391 485 391 0 2942 1293 

1533 926 803 1809 84 720 644 1014 
524 589 391 485 391 0 2912 2180 

7 566 41 15 -2 85 14 46 
5 172 5 1 0 -1 28 426 

-3 -3 -3 -3 -3 -3 -3 -2 
-1 -1 -1 -1 -1 -1 -1 -1 

439 -3 435 -3 -3 -3 -3 -2 
187 -1 -1 -1 -1 -1 174 -1 

559 -3 435 -3 -3 -3 -3 68 
185 -1 -1 397 -1 -1 174 -1 

553 -2 435 -3 -3 -2 -3 263 
383 -1 -1 389 -1 -1 174 -1 

553 664 435 -3 -3 -2 -3 263 
383 -1 -1 389 -1 -1 174 399 

553 1407 435 -3 -3 -2 -3 263 
383 -1 -1 389 -1 -1 174 695 

553 1855 430 893 -3 498 -3 263 
379 199 -1 389 -1 -1 766 1488 

553 2336 430 893 -3 498 -3 263 
379 199 -1 389 -1 -1 766 1673 

553 2336 925 893 -3 498 -3 263 
379 199 -1 685 -1 -1 766 1673 

553 2336 915 893 -3 498 -3 263 
379 199 -1 678 -1 -1 766 1673 

1047 2336 1391 893 -3 493 -3 260 
379 199 -1 1071 -1 -1 1344 1656 

1080 2153 1637 993 110 490 484 230 
1629 644 1157 2598 275 198 1342 1777 

1080 2153 1620 993 110 490 479 227 
1629 644 1145 2598 275 198 1342 1741 

1080 2153 1620 993 110 490 1140 439 
1629 644 1145 2598 275 198 1342 3294 

1292 1946 1798 953 302 485 1128 439 
1741 822 1099 2546 266 388 1761 3261 

1292 1946 1798 953 302 485 1128 439 
1741 822 1099 2546 266 388 1761 3261 

1292 1926 1798 953 302 485 1128 439 
1741 822 1099 2546 266 384 1761 3261 

-4 -3 -4 124 -4 -4 -4 -3 
-1 -1 -1 -1 -1 -1 130 -1 

20 6 -3 119 3 -3 -3 -2 
-1 -1 199 196 -1 -1 712 -1 

20 755 -3 451 3 -3 -3 -2 
-1 -1 199 196 -1 -1 712 497 

-3 -3 -3 -3 -3 2 104 -3 
-1 -1 -1 39 -1 -1 -1 3 

-3 997 -3 -3 -3 2 104 -3 
-1 -1 199 39 -1 -1 -1 3 

244 977 931 977 632 1321 953 565 
1879 987 199 2312 391 -1 1087 490 

-3 -3 11 -3 -1 4 -3 -3 
-1 0 -1 0 -1 -1 -1 16 

-3 -3 11 -3 -1 753 -3 -3 
-1 0 -1 0 -1 -1 299 16 

2632 1401 2984 2521 2793 3796 3095 3856 
3677 7681 5685 3964 4930 4354 6191 5279 

2632 1401 3620 2521 2793 3796 3689 3856 
3677 7681 5685 4324 4930 4354 6629 5279 

2880 1401 3620 2495 2793 3683 3652 4309 
3677 7681 6500 4280 4880 4310 6562 5318 

3532 1359 3655 2445 2655 3800 4023 4378 
3640 7304 6441 4141 5320 4587 6367 5302 

3532 1359 3655 2445 2655 3800 4023 4334 
3640 7304 6376 4141 5320 4587 6367 5302 

3532 1359 3655 2445 2870 3800 4023 4290 
3640 7304 6376 4141 6699 4587 6367 5302 

3496 1345 3655 2420 3396 3800 4023 4247 
3603 7304 6376 4099 7480 4587 6367 5302 

4 -3 -3 -3 -3 -3 -3 -3 
-1 -1 5 -1 -1 -1 -1 -1 

2 -3 -3 -3 -3 -3 -3 241 
-1 -1 183 -1 -1 -1 -1 -1 

500 -3 -3 108 87 -3 -3 241 
-1 199 183 -1 199 199 199 -1 

494 -3 -3 108 87 -3 44 238 
-1 199 183 -1 195 397 196 -1 

494 -3 -3 108 87 747 44 238 
-1 199 183 -1 195 693 196 -1 

494 -3 -3 108 87 1489 44 238 
-1 199 183 -1 195 986 196 -1 

494 -3 497 108 87 1954 543 238 
499 199 183 -1 691 1676 196 -1 

494 -3 825 108 87 1954 543 238 
499 199 183 -1 884 1676 196 -1 

494 -3 1316 108 87 1954 543 238 
499 199 183 -1 1175 1676 196 -1 

494 -3 1302 108 87 1954 543 238 
499 199 183 -1 1163 1676 196 -1 

494 -3 1788 108 87 2434 1027 238 
493 199 183 199 1851 2259 196 -1 

463 -4 1940 100 78 2503 1064 215 
634 179 657 183 3274 2270 182 193 

453 -3 1940 100 78 2453 1064 796 
634 179 1350 183 3241 2224 180 191 

1115 -3 1940 100 78 2453 1064 1002 
634 179 2536 183 3241 2224 578 191 

1366 526 2045 236 76 2309 1021 981 
615 373 2435 465 3113 2136 934 381 

1366 526 2045 236 76 2309 1021 981 
615 373 2435 465 3113 2136 934 381 

1366 526 2045 236 75 2309 1021 981 
608 373 2435 465 3113 2136 934 381 

47 173 81 81 44 107 1015 62 
48 272 72 132 283 74 106 452 

46 171 79 88 53 105 1012 61 
245 272 71 327 280 74 304 438 

46 171 79 88 53 603 1012 802 
245 272 71 327 277 74 894 438 

-3 -3 2 -3 -3 74 -3 -3 
-1 -1 2 -1 62 -1 -1 -1 

997 -3 2 -3 -3 74 -3 -3 
-1 199 2 -1 62 -1 -1 -1 

1270 -2 251 -2 429 74 -2 193 
-1 3543 1 -1 353 -1 -1 759 

0 -4 130 -4 -4 0 -2 -3 
-1 -1 -1 5 5 3 -1 155 

0 -4 130 -4 746 0 -2 -3 
-1 299 -1 5 5 3 -1 155 

1657 1445 2635 3561 2182 1898 2093 1290 
3260 8720 772 3074 5229 3808 5958 4229 

1657 3156 3108 3561 2182 1898 2572 1290 
3427 8720 772 3443 5229 4169 5958 4486 

-3 86 -3 -3 8 -3 -3 -3 
-1 -1 14 74 -1 -1 -1 -1 

-3 85 372 -3 497 -3 197 796 
-1 -1 892 573 -1 496 -1 -1 

244 78 357 196 1129 -3 577 1726 
196 589 1031 561 476 466 -1 196 

244 77 357 196 1129 -3 577 1726 
196 583 1031 561 476 466 -1 196 

866 296 357 196 1129 -3 577 1708 
196 1677 1031 561 476 466 -1 694 

848 864 357 196 1106 -2 577 2190 
196 2460 1031 561 471 461 493 680 

-3 -3 248 -3 -1 -3 -3 -3 
-1 -1 -1 -1 140 -1 -1 0 

-3 280 216 -3 -1 -3 232 -3 
-1 -1 185 176 126 -1 -1 0 

184 280 713 108 -1 -3 232 547 
-1 397 579 176 324 -1 299 0 

181 277 698 194 124 -3 232 525 
397 389 567 174 317 -1 295 0 

181 277 698 194 872 -3 232 525 
693 389 567 174 317 -1 295 0 

181 277 698 194 1613 -3 232 525 
986 389 567 174 317 -1 295 0 

179 277 1191 194 2962 -3 232 525 
2540 389 567 172 317 -1 792 0 

179 277 1191 194 3682 -3 232 525 
2814 389 567 172 317 -1 792 0 

179 277 1191 194 3645 -3 232 525 
2785 389 567 172 317 -1 792 0 

179 277 1191 194 3608 -3 232 525 
2757 389 567 172 317 -1 792 0 

677 277 1191 194 4060 -3 232 525 
3494 389 567 470 317 -1 784 0 

730 253 1166 257 3783 71 495 773 
3356 573 528 437 604 377 708 1925 

715 253 1142 257 3783 564 495 773 
3522 573 528 432 586 373 708 1925 

922 253 1142 257 3783 564 495 773 
3522 573 528 1627 586 373 708 1925 

867 245 2235 812 3910 968 775 1240 
3706 729 491 2121 1043 851 673 2239 

867 245 2235 812 3910 968 1767 1240 
3706 921 491 2121 1043 851 673 2239 

867 245 2235 812 3910 968 1749 1240 
3706 911 491 2121 1043 851 673 2239 

16 121 74 392 86 37 138 13 
4 208 186 6 71 7 8 280 

22 121 72 388 85 44 133 12 
4 201 380 5 264 392 7 277 

764 121 72 388 85 44 465 12 
4 201 380 5 461 688 6 277 

-4 -4 -4 -4 51 -4 144 -3 
-1 27 -1 -1 5 -1 -1 80 

-4 -4 -4 -4 51 -4 144 -3 
-1 27 -1 -1 5 -1 -1 80 

133 891 992 696 1211 795 1154 4 
492 2071 1803 2099 200 375 899 2193 

-1 -3 -3 40 -3 -3 27 0 
-1 0 46 -1 5 -1 -1 22 

-1 -3 663 40 -3 -3 27 0 
-1 0 46 -1 404 -1 -1 22 

4320 3528 3650 3294 2827 3020 2782 2214 
1173 5711 7570 4472 7107 6160 3520 9261 

4320 3528 4280 3294 2827 2989 3420 2214 
1561 5711 7570 4472 7035 6498 3520 9261 

-3 -3 -4 -3 -3 -3 -3 -3 
-1 -1 -1 -1 -1 -1 -1 -1 

-3 162 -4 -3 487 297 -3 412 
-1 -1 -1 496 -1 875 -1 -1 

496 147 572 193 462 731 -3 387 
398 199 -1 868 -1 832 -1 393 

496 147 572 193 462 731 -3 383 
398 199 -1 868 -1 823 -1 393 

491 147 572 193 462 731 -3 656 
394 199 -1 868 -1 2314 -1 393 

491 700 1191 191 462 723 -3 656 
390 1086 -1 1359 -1 2314 -1 393 

-3 0 -3 -3 -3 -3 -3 -3 
-1 -1 -1 -1 -1 -1 -1 -1 

-3 0 -3 227 301 -3 -3 273 
-1 -1 -1 191 -1 -1 -1 436 

267 0 -3 227 301 -3 -3 270 
-1 199 -1 191 -1 -1 -1 631 

314 0 -3 227 301 -3 -3 267 
-1 195 199 191 -1 -1 -1 624 

314 0 -3 227 301 -3 -3 1014 
-1 195 199 191 -1 -1 299 624 

314 0 -3 227 301 -3 -3 1670 
-1 195 199 191 -1 -1 696 624 

314 0 580 227 301 -3 -3 2042 
699 195 199 191 -1 -1 1375 624 

314 0 580 227 301 -3 -3 2621 
699 195 199 191 -1 -1 1961 624 

314 0 580 227 301 -3 -3 3594 
699 195 199 191 -1 -1 2141 624 

314 0 580 227 301 -3 -3 3558 
699 195 199 191 -1 -1 2119 624 

314 0 1949 224 301 -3 497 4147 
1180 593 199 191 -1 -1 2971 817 

389 -1 2206 350 299 -5 452 4287 
1133 756 177 857 765 1383 3054 1040 

389 -1 2162 350 299 -4 452 4244 
1121 748 177 848 757 1383 3023 1040 

389 -1 2428 350 299 -4 452 4868 
1121 748 177 2339 1149 1383 3023 1040 

362 353 2778 1087 450 326 924 5155 
1365 733 366 2246 1103 2494 3183 1306 

362 353 3250 1087 450 326 924 5155 
1365 733 366 2246 1103 2494 3351 1306 

362 353 3217 1087 450 326 924 5155 
1365 733 366 2246 1103 2494 3317 1306 

57 42 12 85 5 330 142 9 
11 65 109 40 277 283 6 53 

63 40 12 83 24 333 134 25 
11 447 105 38 268 475 399 52 

63 40 511 83 24 333 632 25 
310 447 105 38 268 475 595 52 

73 -4 -4 -4 -4 -4 286 -4 
-1 125 -1 -1 -1 -1 -1 98 

73 -4 -4 -4 -4 -4 286 -4 
-1 125 -1 -1 -1 -1 -1 98 

1394 688 2021 1057 1399 877 1352 1130 
1079 1779 863 1726 1327 1338 1454 3424 

-3 -3 -3 -3 -3 -3 20 31 
-1 -1 -1 -1 -1 20 -1 26 

-3 -3 -3 747 -3 -3 20 31 
-1 -1 -1 -1 -1 20 -1 325 

4123 2728 4151 3025 3103 4280 2409 3706 
4656 4173 4525 4526 5177 6148 7041 12416 

4748 2728 4151 3594 3103 4903 2409 3706 
4656 4531 4525 4526 5725 6486 7041 12416 

-3 255 -3 33 -3 -3 86 -3 
-1 -1 27 -1 105 11 -1 149 

242 744 -3 33 614 330 334 -2 
-1 295 26 -1 391 11 -1 1308 

232 912 272 224 1126 560 1199 96 
499 972 906 196 756 10 -1 1570 

232 912 272 224 1126 560 1199 96 
499 972 906 196 756 10 -1 1570 

232 902 272 224 1346 560 1199 96 
493 972 906 196 2048 10 -1 1570 

227 884 272 224 1832 560 1199 96 
483 972 906 194 2727 10 -1 1554 

0 0 -3 -3 -3 -3 -3 -3 
-1 0 -1 -1 -1 0 -1 0 

0 0 -3 298 -3 -3 -3 280 
-1 0 -1 -1 170 0 -1 184 

250 0 -3 298 -3 -3 52 280 
497 0 -1 -1 170 0 -1 184 

247 62 232 368 86 -3 51 277 
687 0 -1 397 368 197 -1 180 

247 62 232 368 86 663 51 277 
687 0 399 397 368 197 -1 180 

247 62 232 368 86 1323 51 277 
687 0 795 397 368 197 -1 180 

661 62 232 364 86 1709 51 277 
687 0 1587 397 368 695 -1 180 

661 62 232 364 86 2191 51 277 
687 0 1871 397 368 695 -1 180 

661 62 232 364 86 2669 51 277 
687 0 2052 397 368 695 -1 180 

661 62 232 364 86 2642 51 277 
687 0 2031 397 368 695 -1 180 

1043 62 232 860 86 3084 51 277 
687 494 2386 397 368 1088 -1 180 

1059 59 226 807 402 3052 130 267 
680 2468 2315 381 357 1239 195 167 

1191 58 223 807 959 3052 128 267 
864 2468 3091 381 353 1239 195 163 

1482 58 223 807 959 3052 128 267 
2555 2468 3091 381 353 1239 195 163 

1437 388 409 807 1748 2844 412 1239 
2479 2564 2909 1040 1216 1582 179 543 

1437 388 409 1298 1748 2844 412 1239 
2479 2564 2909 1040 1216 1582 377 543 

1437 388 409 1285 1748 2844 412 1239 
2479 2564 2909 1040 1216 1582 373 543 

189 73 128 290 200 7 279 174 
18 127 240 314 120 243 6 210 

187 82 125 296 192 24 281 174 
215 325 237 505 115 440 199 207 

185 82 125 296 690 357 281 174 
215 325 434 505 115 435 199 404 

-3 -3 -3 62 -3 -2 12 -3 
20 -1 -1 -1 -1 24 -1 -1 

-3 -3 -3 62 -3 -2 12 -3 
20 -1 -1 -1 -1 24 -1 -1 

2372 2806 2100 1614 -3 913 1012 1423 
999 2314 1609 1052 1414 697 2879 2019 

-4 -4 100 170 -4 -4 -4 19 
-1 69 -1 -1 -1 157 -1 24 

-4 746 100 170 -4 -4 -4 19 
-1 69 -1 -1 -1 455 -1 24 

1313 2370 6823 3879 3248 2036 2207 2870 
6119 4585 4243 4402 6400 4052 1460 7005 

1313 2370 6823 3879 3248 2036 2768 2870 
6119 5239 4243 4402 6400 4052 1460 7005 

-3 -3 -3 19 16 177 21 -3 
-1 119 19 -1 19 22 -1 -1 

-3 282 -3 18 515 177 20 605 
-1 117 218 299 18 421 -1 493 

-3 273 323 507 1042 177 18 976 
-1 503 607 486 17 400 -1 630 

-3 273 323 507 1042 177 18 966 
-1 503 607 486 17 400 -1 623 

-3 273 323 507 1042 378 18 956 
-1 503 607 486 17 400 -1 1916 

-2 273 323 501 1042 929 17 946 
-1 503 600 486 17 395 -1 2867 

-3 -3 -3 -3 -2 -3 0 -3 
-1 -1 -1 0 0 -1 -1 -1 

-3 -3 -3 -3 468 -3 0 -3 
-1 -1 -1 0 0 174 -1 -1 

-3 112 -3 -3 629 -3 47 -3 
-1 -1 -1 0 0 667 -1 199 

-3 112 -3 96 629 -3 46 -3 
-1 -1 -1 0 0 853 -1 196 

663 112 -3 96 629 -3 46 -3 
-1 -1 -1 400 0 853 -1 196 

989 112 -3 96 629 -3 46 -3 
-1 -1 -1 596 0 853 -1 196 

1479 112 -3 594 1122 -3 46 -3 
-1 -1 -1 1290 995 853 -1 196 

2214 112 -3 594 1122 -3 46 -3 
-1 -1 -1 1577 995 853 -1 196 

3191 112 -3 594 1122 -3 46 -3 
-1 -1 -1 1761 995 853 -1 196 

3159 112 -3 594 1122 -3 46 -3 
-1 -1 -1 1743 995 853 -1 196 

3698 112 -3 588 1110 -3 46 -3 
-1 -1 -1 2525 985 853 -1 196 

3727 181 -3 669 1279 30 42 -3 
-1 189 -1 2704 1819 811 1541 188 

3689 793 -2 669 1266 362 41 -2 
592 185 -1 2704 1800 994 1525 386 

3689 1025 -2 669 1266 983 41 -2 
1886 683 -1 2704 1800 994 1525 386 

3615 1194 -2 774 1203 1191 286 -2 
2005 662 -1 2823 1764 1348 1450 566 

3615 1194 -2 1391 1203 1191 286 -2 
2005 662 -1 2823 1764 1348 1935 566 

3615 1194 -2 1377 1203 1191 286 -2 
2005 662 -1 2823 1764 1348 1915 566 

-4 227 344 -4 20 -4 -4 27 
-1 162 6 -1 9 -1 -1 150 

-3 217 337 13 28 -4 6 26 
-1 353 5 -1 206 -1 385 148 

-3 217 337 13 28 738 339 26 
-1 649 5 -1 206 -1 581 146 

99 200 21 123 7 37 -1 47 
2 293 3 15 92 103 7 200 

99 200 21 123 7 37 -1 47 
2 293 3 15 92 103 7 200 

1027 191 411 1508 790 232 271 778 
960 567 1448 1061 390 93 2561 1567 

-3 -3 0 -3 -3 -3 -3 -3 
-1 -1 -1 0 0 -1 -1 -1 

-3 622 0 -3 -3 -3 -3 -3 
499 -1 -1 0 0 -1 -1 -1 

3038 2355 2035 2165 3440 2363 3575 1759 
5175 7395 6916 2993 1211 1519 2538 13070 

3038 2355 2035 2705 3440 2363 3575 1759 
5175 7395 7746 2993 1211 1519 2538 13070 

302 12 36 33 -3 -3 -3 110 
17 -1 65 -1 -1 53 -1 137 

298 386 530 33 -3 163 246 274 
16 395 65 -1 587 352 196 135 

286 386 978 366 -2 318 455 926 
306 1048 63 298 546 526 188 321 

286 386 978 366 -2 318 455 916 
306 1048 62 298 546 526 188 321 

286 382 978 366 -2 546 455 916 
302 1048 62 298 546 526 1486 321 

286 382 958 366 -2 1030 455 906 
302 1048 62 298 546 520 1471 1095 

-3 129 116 31 -3 -3 -3 -3 
191 -1 -1 34 -1 -1 40 -1 

-3 117 106 25 -3 292 -3 -3 
172 -1 -1 28 -1 183 35 -1 

-3 117 106 25 -3 489 97 139 
570 199 -1 28 -1 381 35 -1 

-3 117 106 358 -3 575 97 139 
570 199 -1 28 -1 577 234 -1 

-3 117 106 358 -3 575 97 887 
864 199 -1 28 -1 577 234 -1 

-3 117 106 358 -3 575 97 1544 
1255 199 -1 28 -1 577 234 -1 

354 117 106 350 -2 575 97 1966 
1923 196 -1 28 499 577 234 -1 

354 117 106 846 -2 575 97 2100 
2303 196 -1 28 499 577 234 199 

354 117 106 846 -2 575 97 3079 
2479 196 -1 28 499 577 234 199 

354 117 106 846 -2 575 97 3048 
2454 196 -1 28 499 577 234 199 

1175 117 106 2114 498 575 97 3642 
3300 694 -1 28 887 577 234 597 

1175 316 103 2050 636 562 147 3461 
3234 640 199 27 860 559 1786 961 

2334 312 103 2362 1100 562 145 3426 
4035 1033 196 27 860 559 1768 961 

2560 312 103 2362 1100 562 145 4141 
5838 1033 196 27 860 559 1768 961 

2479 296 468 2920 1146 699 141 4477 
5669 1270 386 221 809 1022 1664 941 

2479 296 468 2920 1146 699 141 5182 
5669 1270 386 221 809 1311 1664 941 

2479 296 468 2920 1146 699 141 5130 
5669 1270 386 221 809 1297 1664 941 

0 -3 -4 -4 -4 -4 -4 -4 
-1 -1 2 -1 -1 -1 -1 -1 

7 31 -3 -4 -3 -4 -3 -3 
393 -1 199 -1 193 -1 -1 -1 

6 364 747 -4 -3 -4 -3 -3 
393 -1 199 -1 193 199 -1 299 

16 -1 223 45 0 442 109 49 
8 130 74 1 144 182 15 83 

1015 -1 223 45 0 442 109 49 
8 130 74 200 144 182 15 83 

1323 -1 945 1283 994 1353 402 48 
1455 424 1979 1995 1196 178 2737 83 

-3 -3 -3 -3 -3 -3 -2 -3 
-1 -1 -1 -1 0 -1 -1 -1 

-3 -3 -3 -3 -3 -3 498 -3 
-1 -1 -1 -1 0 499 -1 -1 

3619 566 2767 2029 1605 2359 3397 753 
2526 4723 4145 6933 2818 6207 2079 5539 

3619 566 2767 2758 2188 2359 3363 1245 
2526 4723 4703 7163 2789 6207 2358 5539 

1 -3 -4 419 -3 -3 -3 27 
-1 -1 161 -1 -1 18 -1 34 

0 -3 -4 850 -2 290 163 26 
-1 -1 159 -1 295 308 -1 825 

0 320 -4 1010 -2 272 161 114 
-1 193 157 -1 571 483 -1 808 

0 320 -4 1010 -2 269 161 114 
-1 193 157 -1 565 483 -1 808 

0 320 -4 1010 -2 500 159 114 
-1 193 157 -1 2059 478 -1 808 

0 320 -4 989 -2 1040 157 114 
-1 193 155 -1 3008 473 -1 799 

-3 0 -3 28 -3 -3 -3 -3 
-1 1 -1 -1 -1 -1 -1 13 

-3 0 438 23 -3 439 147 -3 
-1 0 -1 189 -1 181 -1 361 

-3 100 438 322 -3 439 228 -3 
199 0 -1 782 -1 181 -1 361 

-3 181 428 390 -3 439 285 -3 
199 0 199 782 -1 566 -1 361 

-3 181 428 390 -3 439 285 663 
199 0 199 1174 -1 566 -1 361 

-3 181 428 390 -3 439 285 1156 
199 0 199 1462 -1 566 -1 361 

-3 179 428 390 -3 434 285 1907 
196 0 199 2104 -1 560 -1 857 

-3 179 428 390 -3 1429 285 2221 
196 0 199 3252 -1 560 -1 857 

-3 179 428 390 -3 1429 285 2948 
196 0 199 3519 -1 560 -1 857 

-3 179 428 390 -3 1429 285 2918 
196 0 199 3483 -1 560 -1 857 

-3 927 428 390 -2 1914 285 3354 
494 0 199 4365 -1 554 -1 857 

-4 870 597 421 414 1874 311 3221 
474 199 2018 4535 -1 537 -1 1004 

-4 1162 597 421 409 2207 311 3221 
464 199 2472 4741 -1 537 -1 1004 

-4 1310 597 421 409 2851 311 3221 
464 199 3247 5093 -1 537 -1 1004 

236 1566 1904 985 536 3013 628 3062 
614 763 3614 4992 193 702 -1 1766 

236 1566 1904 985 536 3982 628 3062 
614 763 3614 4992 193 894 -1 1766 

236 1566 1904 985 536 3942 628 3062 
614 763 3614 4992 193 885 -1 1766 

14 152 8 0 537 69 -4 66 
0 97 164 128 46 84 13 179 

32 160 32 44 513 77 18 83 
192 872 936 326 235 470 12 545 

32 158 365 543 513 77 18 83 
390 872 936 326 428 470 12 545 

-3 179 3 -3 -3 58 -3 -3 
-1 -1 -1 96 11 -1 -1 53 

-3 1177 3 -3 -3 58 -3 -3 
-1 -1 -1 295 11 -1 -1 53 

1614 3628 1476 977 895 430 -2 676 
2237 1652 675 1838 1277 792 1488 2297 

-3 34 -4 -3 -2 -4 -2 -4 
-1 -1 -1 -1 -1 28 -1 0 

-3 34 -4 747 -2 -4 -2 -4 
299 -1 -1 -1 -1 28 -1 0 

3148 1716 2569 2620 2423 1300 3355 1879 
7870 4905 8387 6179 4045 314 4119 4662 

3148 2365 2569 2620 2423 2037 3783 2860 
7870 4905 8418 6517 4404 314 4119 4915 

146 63 -4 309 38 231 -4 30 
-1 37 188 18 114 184 -1 -1 

344 60 481 309 37 413 -4 29 
-1 35 386 517 109 482 -1 -1 

575 782 773 764 427 392 491 148 
671 33 570 689 662 662 -1 579 

569 782 773 764 427 392 491 148 
671 32 570 689 662 662 -1 579 

1433 782 773 764 427 392 491 148 
671 2231 864 689 662 662 -1 579 

1899 782 773 764 422 392 491 148 
671 3208 855 689 662 662 -1 579 

-3 -3 476 -3 -3 -3 -3 0 
-1 -1 -1 182 -1 -1 4 -1 

-3 -3 416 424 234 -3 -3 0 
167 -1 176 167 -1 -1 191 -1 

-3 97 416 424 234 -3 -3 299 
365 -1 176 167 299 199 191 -1 

-3 97 411 424 234 -3 -3 449 
365 -1 374 165 299 193 189 199 

747 97 411 424 234 -3 -3 449 
365 -1 374 463 299 193 189 199 

1239 97 411 424 234 -3 -3 449 
365 -1 374 858 299 193 189 199 

2293 845 411 1577 234 -3 -3 449 
661 696 374 1349 696 193 189 199 

2895 845 411 1577 234 -3 -3 449 
661 696 374 1835 696 193 189 199 

3616 845 411 1577 234 -3 -3 449 
661 696 374 2116 696 193 189 199 

3579 845 411 1577 234 -3 -3 449 
661 696 374 2094 696 193 189 199 

4043 836 411 1577 234 -3 -3 449 
661 689 374 2773 696 193 189 199 

4001 949 372 1467 253 105 -3 445 
876 1000 544 4235 661 181 371 195 

4001 949 368 1437 253 105 -3 690 
867 989 544 4235 654 181 371 393 

4001 949 368 2089 253 105 -3 843 
1258 989 544 4235 654 181 371 1189 

3804 911 1297 2839 737 100 330 801 
1430 1960 811 4109 634 370 731 1130 

3804 911 1297 2839 737 100 826 801 
1430 1960 811 4109 927 370 731 1130 

3804 911 1297 2839 737 100 817 801 
1430 1960 811 4109 917 370 731 1130 

21 223 36 67 84 82 278 120 
14 105 162 133 8 364 -1 243 

28 220 43 66 78 80 276 116 
213 294 342 130 7 353 -1 427 

27 220 43 66 78 949 276 116 
410 294 342 130 7 349 299 427 

234 29 8 -3 -3 -3 -1 -3 
-1 -1 6 -1 18 -1 -1 98 

1231 29 8 -3 -3 -3 -1 -3 
-1 199 6 -1 18 -1 -1 98 

1315 748 1936 1745 1752 586 412 -2 
2312 3131 874 695 1743 -1 1247 1551 

-4 -4 -4 64 -4 288 154 -4 
-1 -1 -1 -1 15 321 -1 31 

746 -4 -4 64 -4 288 154 -4 
-1 -1 -1 -1 15 321 299 31 

5826 3102 3500 4257 4726 1600 5441 4642 
3272 10250 5465 5455 4448 3735 9069 8540 

5826 3102 3500 4257 5345 1600 5386 5220 
3272 10250 5465 5746 4448 3735 9069 8954 

0 -3 -4 -3 -3 -3 -3 -3 
-1 -1 -1 -1 -1 0 -1 -1 

0 326 -4 247 197 393 197 497 
-1 782 -1 -1 -1 0 591 199 

122 1478 -3 237 187 381 190 638 
-1 1230 299 -1 293 0 748 497 

122 1478 -3 237 187 377 190 638 
-1 1230 299 -1 293 0 740 497 

122 1478 -3 237 187 673 188 638 
-1 1217 299 -1 293 0 2532 497 

120 1463 -3 237 187 666 686 631 
-1 1217 295 -1 290 0 2532 1279 

9 -3 -3 -1 -3 -3 -3 -3 
-1 -1 9 -1 -1 -1 -1 0 

340 -3 -3 -1 -3 -3 -3 -3 
-1 -1 7 358 -1 -1 -1 0 

340 -3 122 199 104 -3 -3 478 
-1 199 7 358 -1 496 299 200 

336 139 120 196 102 -3 -3 468 
-1 196 7 358 -1 486 490 197 

336 139 120 196 102 497 -3 468 
-1 196 7 754 -1 486 490 197 

336 139 120 196 102 492 -3 468 
-1 196 7 746 -1 486 490 197 

336 139 120 196 700 757 -3 468 
-1 792 7 1238 -1 486 490 197 

336 139 120 196 700 1416 -3 468 
-1 792 7 1625 -1 486 490 197 

336 139 120 196 700 2401 -3 468 
-1 792 7 1808 -1 486 490 197 

336 139 120 196 692 2401 -3 468 
-1 792 7 1808 -1 486 490 197 

336 139 118 196 1256 2376 497 468 
799 792 6 1808 -1 486 490 495 

324 293 112 191 1574 2280 518 458 
2319 792 5 1789 498 476 843 662 

320 287 110 191 1574 2701 512 458 
2295 776 5 1789 488 476 1634 662 

320 287 110 191 1574 3340 512 613 
2295 776 404 1789 488 1271 1634 662 

1164 520 105 979 1849 3277 486 909 
2204 1026 388 2032 673 1533 1569 1481 

1164 520 105 979 1849 3277 486 909 
2204 1026 388 2032 673 1533 1569 1481 

1164 520 105 979 1830 3277 486 909 
2204 1026 388 2032 673 1533 1553 1481 

61 106 30 74 25 241 65 7 
0 119 12 76 330 76 20 201 

58 142 62 80 74 213 72 13 
749 305 207 656 516 267 219 1317 

557 142 62 579 74 213 1071 13 
749 305 207 1040 516 267 516 1317 

2 -2 7 -3 240 -3 -3 -3 
-1 55 78 0 -1 -1 -1 0 

2 -2 7 -3 240 -3 -3 997 
199 55 78 0 -1 -1 -1 0 

615 324 506 -2 535 1265 599 2107 
3043 1311 274 1350 995 394 1272 0 

129 76 -4 -4 -3 -4 -4 -4 
-1 80 -1 -1 -1 -1 -1 95 

129 76 -4 746 -3 -4 -4 -4 
-1 80 -1 -1 299 -1 -1 95 

2857 4740 6374 4599 2874 2623 2609 2527 
2133 8576 5308 5005 3653 6053 2996 11698 

3495 4740 6374 5053 2874 2623 2609 3168 
2511 8576 5308 5354 3653 6053 3266 11698 

3495 4692 6247 5446 3095 3295 2781 3136 
2485 9197 5548 5394 3616 6053 3596 11581 

3556 4823 6122 5481 3188 3320 4481 3012 
2805 9048 5670 5027 3638 6069 3454 11632 

3520 4823 6122 5481 3188 3320 4481 3012 
2805 9048 5670 5027 3638 6069 3419 11632 

3846 4823 6122 5426 3188 3320 4481 3339 
2805 9048 6113 4976 3638 6069 5484 11632 

4264 4823 6122 5371 3188 3286 4481 3305 
2805 9048 5991 4926 3638 6069 6067 11632 

-3 -3 -3 -3 -3 -4 -3 -3 
-1 -1 -1 -1 -1 -1 -1 -1 

-3 -3 -3 -3 -3 -3 -3 -3 
-1 -1 -1 -1 -1 -1 -1 -1 

-3 -3 -3 -3 -3 148 301 316 
-1 179 -1 -1 -1 -1 -1 381 

-3 330 -3 -3 -3 148 301 523 
199 179 -1 199 -1 -1 -1 577 

-3 323 -3 -3 -3 223 301 512 
393 177 -1 195 -1 -1 -1 571 

-3 1069 -3 -3 -3 223 301 512 
393 475 -1 195 -1 -1 -1 571 

-3 2058 -3 -3 -3 223 301 512 
393 670 -1 195 -1 -1 -1 571 

-3 2437 -3 -3 663 223 301 512 
393 1848 -1 195 -1 -1 -1 571 

-3 2712 -3 -3 1656 223 301 512 
393 2429 199 195 -1 -1 -1 571 

-3 2684 -3 -3 1656 223 301 512 
393 2404 199 195 -1 -1 -1 571 

-3 2657 -3 -3 1656 223 301 512 
393 2404 199 195 -1 -1 -1 565 

-3 3201 -3 -2 1656 649 301 512 
393 2404 199 195 -1 -1 -1 1945 

26 3051 -6 225 1399 633 425 474 
481 2453 357 357 -1 575 -1 3500 

168 3020 -6 722 1384 633 425 459 
481 2453 357 349 -1 569 -1 4128 

427 3020 -6 722 1384 633 425 459 
481 2453 357 349 -1 569 -1 5286 

414 3559 -6 870 1959 1476 902 731 
461 3017 832 525 486 1266 -1 5620 

414 3559 -6 870 1959 1476 902 731 
461 3017 832 525 486 1266 -1 5620 

409 3559 -6 870 1959 1476 902 731 
461 3017 832 525 486 1253 -1 5620 

147 158 154 163 96 81 145 54 
82 343 98 332 97 199 133 215 

147 160 157 159 95 79 158 52 
78 339 297 325 296 385 328 210 

147 160 483 907 95 79 158 52 
277 339 297 325 293 385 328 507 

-3 -3 -3 -3 -3 -3 -3 -3 
-1 -1 -1 -1 -1 -1 -1 -1 

-3 -3 -3 -3 -3 -3 -3 -3 
-1 -1 -1 -1 -1 -1 -1 -1 

87 -5 473 408 -5 2542 252 1010 
193 -1 4192 1073 -1 1732 1243 -1 

110 25 271 204 -4 26 1 -4 
-1 -1 193 -1 11 115 -1 84 

858 25 271 204 -4 26 1 -4 
-1 -1 193 299 11 115 -1 84 

-4 -3 -3 -3 -4 -3 1 -3 
-1 -1 -1 -1 6 -1 -1 -1 

746 -3 -3 -3 -4 622 1 622 
-1 299 -1 499 6 -1 499 -1 

1597 1439 1855 1470 1542 1870 1979 2705 
2522 3876 3329 5986 1714 5700 1010 4270 

1695 1396 2214 1411 1511 1832 2236 3014 
2496 3798 3524 5959 1714 5586 1554 4437 

1965 1313 2148 1341 1618 1777 2147 3794 
2446 3942 3705 5698 1696 5312 1433 4373 

1965 1313 2148 1341 1618 1777 2125 3794 
2446 3942 3705 5698 1696 5312 1433 4329 

1945 1313 2148 1341 1618 1777 2437 3794 
2446 3942 3667 5698 1696 5312 1433 6085 

2425 1313 2148 1327 1618 1777 2437 3756 
2446 3902 3667 6641 1696 5312 1433 6024 

-3 -3 -3 -3 -3 0 -3 -3 
-1 -1 -1 -1 -1 -1 -1 -1 

-3 -3 -3 -3 292 0 453 -3 
-1 174 -1 -1 185 -1 -1 -1 

43 -3 -3 -3 455 0 453 59 
-1 174 299 -1 383 -1 -1 199 

43 97 -3 -3 441 0 453 58 
-1 174 299 -1 579 -1 -1 199 

43 97 -3 -3 441 0 453 1057 
-1 174 299 -1 579 -1 -1 397 

43 97 -3 -3 441 0 453 1057 
-1 174 299 -1 579 -1 -1 393 

1137 97 -3 -3 441 357 453 1046 
-1 770 299 -1 579 -1 599 889 

1137 97 597 -3 441 357 453 1046 
-1 770 299 -1 579 599 599 889 

1137 97 597 -3 441 353 453 1046 
-1 770 295 -1 579 599 599 889 

1137 97 597 -3 441 353 448 1046 
-1 770 292 -1 579 599 599 889 

1137 97 597 -3 441 349 934 1035 
-1 770 1089 -1 579 592 599 889 

1069 85 543 101 488 378 868 1391 
-1 1257 974 -1 907 1705 530 1228 

1069 83 537 593 478 378 868 1391 
-1 1257 954 -1 897 1705 530 2015 

1069 83 537 847 478 378 868 1391 
-1 1257 954 -1 897 1705 530 3194 

1603 80 1190 1080 459 619 985 1640 
-1 2046 1087 -1 1035 1805 989 3592 

1603 80 1190 1080 459 619 985 2123 
-1 2046 1087 499 1035 1805 989 3592 

1603 80 1190 1080 459 619 985 2101 
-1 2046 1087 493 1035 1805 989 3592 

26 512 195 115 87 190 36 537 
30 377 138 266 389 86 19 246 

34 501 193 115 86 188 41 548 
225 377 336 263 585 83 216 443 

366 501 193 613 86 188 40 548 
422 377 336 263 579 282 216 443 

45 -4 -4 9 43 -4 -4 5 
-1 15 -1 -1 95 16 -1 17 

45 -4 -4 9 43 -4 -4 1004 
-1 15 -1 -1 95 215 -1 17 

717 1011 465 137 375 460 710 1526 
1357 305 488 595 778 964 1812 1004 

-2 -3 231 -3 -3 -3 -3 -3 
-1 -1 -1 -1 -1 -1 -1 192 

-2 747 231 -3 -3 -3 -3 -3 
-1 -1 -1 -1 -1 -1 -1 490 

4585 5387 5759 2048 1462 2731 1417 3793 
2878 8278 4896 3372 6678 3351 5909 8139 

5205 5387 5759 2048 2030 2731 1402 3793 
2878 8895 4896 3372 6678 3351 6249 8057 

5205 5333 5701 2637 2387 2731 1360 3755 
2849 9416 4896 3538 6545 3317 6186 8176 

4754 5700 5852 2532 3247 2676 1461 4309 
2937 9084 4948 3692 6350 3218 5882 8365 

4754 5700 5852 2532 3247 2676 1461 4265 
2937 9084 4948 3692 6286 3218 5882 8365 

4754 5700 5852 2766 3247 2649 1461 4722 
2937 9084 4948 3692 6423 4440 5882 8365 

4754 5642 5852 2738 3247 2596 1461 5237 
2937 8993 4898 3692 7258 4351 5882 8365 

-3 -3 -2 -3 -3 -3 -3 -3 
-1 -1 0 -1 -1 -1 -1 -1 

-3 -3 -3 -2 32 -3 -3 -1 
-1 -1 -1 1 15 -1 -1 -1 

-3 -3 -3 230 25 -3 -3 -1 
-1 -1 -1 0 12 -1 172 -1 

-3 -3 -3 477 25 -2 104 -1 
-1 -1 295 200 12 -1 172 -1 

37 -3 68 477 24 -2 102 -1 
-1 -1 492 197 211 -1 170 -1 

37 -3 68 477 24 -2 1100 -1 
199 -1 492 197 211 -1 170 -1 

37 -3 68 477 24 664 1100 -1 
199 -1 492 197 211 -1 170 399 

36 -3 68 477 24 2004 1100 570 
199 -1 1287 197 208 -1 170 1086 

36 -3 68 477 24 2004 1100 1189 
199 499 1287 197 208 -1 170 1086 

36 -3 68 477 24 2004 1100 1677 
497 499 1287 197 208 -1 170 1086 

36 -3 68 477 24 2004 1100 1660 
492 499 1287 197 208 -1 170 1086 

530 622 561 477 357 2004 1100 2745 
1177 687 1287 595 698 -1 568 1086 

221 257 355 326 162 775 373 1205 
947 257 479 735 446 360 277 563 

218 629 355 322 162 767 373 1205 
947 554 469 735 441 360 277 563 

218 915 355 985 162 767 373 1205 
947 2248 864 735 441 360 277 563 

399 1105 344 1087 323 1022 354 1157 
1087 2181 1203 705 969 530 263 749 

399 1105 344 1087 323 1411 354 1157 
1087 2181 1203 705 1359 530 263 749 

399 1105 344 1087 323 1396 354 1157 
1087 2181 1203 705 1345 530 263 749 

120 170 208 210 305 408 31 400 
86 305 344 341 251 182 241 457 

126 175 203 205 288 395 30 395 
83 491 340 327 245 180 236 652 

1618 175 203 702 288 395 30 395 
282 686 340 327 542 180 236 652 

267 74 -4 -4 283 130 -4 -4 
-1 -1 109 98 140 110 -1 167 

267 1073 -4 -4 283 130 -4 -4 
-1 -1 307 98 140 110 -1 167 

1102 1106 689 932 271 322 -3 109 
1605 691 1548 94 327 1955 -1 550 

1 -3 266 2 0 -3 -3 -3 
-1 1 0 -1 -1 -1 170 0 

750 -3 266 2 0 -3 -3 -3 
299 1 0 -1 -1 -1 170 0 

2189 1213 2301 2958 1158 1917 3280 2541 
5403 8032 4037 1420 5199 4788 2087 3653 

2189 1213 2301 2958 1158 1917 3830 2541 
5403 8032 4696 1420 5199 4788 2087 3653 

0 7 -3 476 -3 -3 -3 -3 
18 -1 180 -1 -1 -1 -1 -1 

0 7 -2 795 -3 893 120 -2 
17 199 372 -1 399 -1 -1 799 

594 833 1556 2084 -3 848 115 -2 
16 876 1094 299 667 290 196 1411 

594 833 1556 2063 -3 848 115 -2 
16 876 1094 295 667 290 196 1411 

594 833 1556 2302 -3 848 115 -2 
16 876 1094 1592 667 290 196 1396 

588 824 1556 2302 -2 1387 115 -2 
16 867 1083 2476 660 287 196 1396 

-3 -3 15 -3 51 -3 -3 -3 
-1 36 -1 -1 -1 21 -1 -1 

-3 173 13 -3 345 211 -3 111 
360 210 -1 174 -1 20 -1 -1 

80 173 120 -3 345 211 -3 234 
656 407 -1 372 -1 20 -1 -1 

78 169 164 80 534 206 -3 226 
649 398 -1 564 -1 417 -1 -1 

78 169 164 80 534 206 997 226 
649 398 -1 758 -1 417 -1 -1 

78 169 164 80 534 206 987 226 
649 398 -1 750 -1 417 -1 -1 

78 169 164 704 1153 203 1477 226 
649 398 -1 1442 -1 417 -1 994 

78 169 164 704 1153 203 1962 226 
649 398 -1 1442 -1 417 199 994 

78 169 164 704 1153 203 1942 226 
649 398 -1 1442 -1 417 196 994 

78 169 164 704 1153 203 1922 226 
649 398 -1 1442 -1 417 194 994 

78 169 164 696 1141 203 2474 226 
649 398 -1 1442 -1 417 992 984 

76 167 159 686 1106 198 2635 294 
629 386 193 1611 497 392 2259 935 

761 167 157 686 1094 198 2635 294 
622 378 193 1594 497 588 2259 1425 

761 368 157 686 1094 862 2608 294 
622 774 191 1594 1692 588 2236 1425 

708 357 150 1125 1040 1423 2530 615 
603 1130 369 1546 1608 570 2585 1355 

708 357 150 1125 1040 1423 3504 615 
603 1130 369 1730 1608 570 2585 1355 

708 357 148 1125 1040 1423 3504 615 
603 1130 369 1712 1608 570 2585 1355 

77 6 128 39 338 114 26 114 
1 151 27 28 152 2 13 614 

76 5 137 35 343 131 26 127 
198 341 420 222 150 386 210 601 

76 5 137 35 672 796 25 127 
198 341 420 219 150 582 210 994 

-3 -3 -3 -3 -3 -3 -3 -3 
-1 -1 -1 -1 -1 -1 -1 -1 

-3 997 -3 -3 -3 -3 -3 -3 
-1 -1 -1 -1 -1 -1 -1 199 

347 1969 1462 1358 1096 163 324 821 
1663 1160 1658 1953 785 1172 196 982 

-4 -4 572 -4 -4 -3 -4 205 
-1 98 -1 60 -1 -1 -1 196 

-4 -4 572 746 -4 -3 -4 205 
-1 98 299 60 -1 -1 -1 196 

2701 2667 3953 3597 3346 2131 3261 2123 
3943 4958 3486 4727 2439 10324 3115 6099 

2701 3140 4580 3597 3346 2131 3261 3101 
3943 5208 3486 4727 2439 10324 3483 6238 

3007 3431 4488 3525 3712 2109 3531 3039 
4760 5401 3616 4679 2366 10017 3448 6238 

3250 3295 4664 3585 3674 2291 3324 3324 
4632 5384 3704 4603 2644 9525 3345 6326 

3250 3295 4664 3549 3674 2291 3324 3324 
4632 5384 3704 4556 2644 9525 3345 6326 

3217 3295 4664 3880 3674 2291 3324 3324 
4585 5384 3704 6710 2644 9525 3345 6326 

3934 3295 4617 4297 3674 2268 3324 3257 
4839 5330 3666 7642 2565 9525 3345 6326 

-4 -3 -3 -3 16 90 202 -3 
9 102 -1 -1 -1 -1 -1 108 

-3 -3 37 -2 -3 45 -2 -3 
-1 -1 17 32 -1 -1 -1 -1 

-3 220 31 -2 -3 39 299 -3 
-1 -1 15 26 176 -1 -1 187 

108 220 97 -2 -3 39 299 197 
-1 -1 15 225 176 -1 199 585 

106 220 93 -2 -2 135 299 194 
-1 -1 15 420 174 -1 193 579 

106 220 93 -2 -2 135 962 194 
-1 -1 15 420 572 -1 193 579 

106 220 93 -2 -2 135 1452 194 
-1 -1 15 420 766 -1 193 579 

106 220 93 -2 -2 984 1999 194 
-1 -1 15 411 2141 699 193 579 

106 220 93 -2 -2 984 2312 194 
-1 -1 15 411 2319 699 193 579 

106 220 93 -2 -2 984 2788 194 
-1 -1 15 411 2495 699 193 579 

106 220 93 -2 -2 984 2760 194 
-1 -1 15 411 2470 699 193 579 

103 220 93 -2 -2 984 3232 194 
-1 -1 15 411 2470 1477 193 573 

272 214 90 56 -2 1057 3218 249 
293 196 14 394 2348 3270 368 738 

272 214 90 55 379 1057 3185 249 
293 194 13 390 2348 3897 368 738 

272 878 89 55 379 1046 3185 453 
293 194 13 786 3489 3897 368 730 

258 1105 84 252 367 1014 3170 633 
281 384 398 1208 3317 3668 368 701 

258 1105 84 252 367 1014 3170 633 
281 384 398 1208 3317 3668 368 701 

258 1093 84 252 367 1014 3170 633 
278 384 398 1208 3317 3668 368 701 

481 328 124 220 132 148 137 308 
195 595 113 416 175 576 178 472 

473 321 122 220 129 142 135 313 
389 583 108 407 175 762 368 467 

473 321 122 220 627 473 633 313 
389 583 503 407 175 954 368 467 

-3 -3 -3 -3 -3 -3 -3 -3 
-1 -1 -1 -1 -1 -1 -1 -1 

-3 -3 -3 997 -3 -3 -3 -3 
-1 -1 -1 -1 -1 199 -1 -1 

675 663 371 1656 1183 909 1302 953 
1644 1561 581 3179 488 1722 1077 2358 

306 288 -4 51 -4 -4 -4 154 
-1 194 -1 -1 168 54 188 -1 

306 288 -4 800 -4 -4 -4 154 
-1 194 299 -1 168 54 188 -1 

3740 3446 2060 2413 1447 4202 2340 2197 
3601 7819 5781 3233 7777 3815 2967 7232 

4285 3446 2060 2413 1447 4202 2340 2197 
3601 8440 5781 3233 7777 3815 2967 7232 

-4 -3 -3 109 137 -3 -3 -3 
228 -1 -1 -1 -1 -1 -1 -1 

-4 211 -3 497 135 -3 -3 -2 
223 1091 -1 -1 -1 -1 -1 -1 

-3 200 967 1017 130 -2 504 -2 
503 1235 195 -1 -1 -1 193 495 

-3 200 967 1017 130 -2 498 -2 
503 1235 195 -1 -1 -1 193 490 

-3 200 967 1017 128 -2 855 248 
503 1235 195 -1 299 -1 191 2585 

-3 200 957 1017 126 -2 1402 245 
503 1235 193 -1 295 -1 189 3559 

-5 537 139 207 485 4 10 -1 
6 91 72 85 93 416 0 358 

-5 465 119 186 438 2 222 126 
5 80 61 74 250 553 0 313 

-4 465 119 186 438 2 298 374 
5 80 61 74 250 553 296 509 

-4 460 185 286 491 1 288 429 
4 77 58 72 429 932 484 503 

-4 460 185 286 491 750 288 429 
4 77 58 72 429 1222 484 503 

-4 460 185 286 491 1742 288 429 
4 77 58 72 429 1409 484 503 

-4 460 185 283 491 2224 847 429 
903 76 58 72 429 2094 484 503 

-4 460 185 283 491 2951 847 429 
903 76 58 72 429 2373 484 503 

-4 460 185 283 491 2921 847 429 
903 76 58 72 429 2349 484 503 

-4 460 185 283 491 2891 847 429 
903 76 58 72 429 2325 484 503 

-4 460 185 655 486 3278 838 429 
893 371 58 72 429 2801 484 503 

-6 497 166 633 497 2916 779 386 
1073 1047 54 62 364 3366 602 441 

-6 497 166 633 497 2886 763 810 
1073 1047 54 661 364 3265 602 441 

-6 497 166 633 497 2857 1414 1008 
1073 1047 54 1854 364 3563 602 441 

154 805 657 754 828 2828 1476 1185 
1041 1236 338 2347 346 4022 584 889 

154 805 657 754 828 2828 1476 1185 
1041 1236 338 2347 346 4022 584 889 

154 805 657 754 828 2828 1461 1185 
1030 1236 338 2347 346 4022 584 889 

52 -3 -3 -1 -3 -3 -3 -3 
-1 -1 38 -1 -1 -1 -1 -1 

66 13 4 27 21 26 12 20 
199 389 612 385 393 393 377 571 

66 346 4 1026 21 525 12 20 
397 389 805 385 393 589 377 571 

-1 -3 -1 281 65 -1 -3 -3 
-1 0 -1 -1 -1 35 -1 126 

-1 -3 -1 281 65 -1 -3 -3 
-1 0 -1 -1 -1 35 -1 126 

96 880 1430 772 884 761 291 639 
2453 1071 1853 -1 673 324 979 2083 

-4 -4 -4 -2 0 -4 -3 -4 
-1 -1 -1 -1 -1 -1 -1 10 

-4 -4 -4 -2 0 -4 -3 746 
-1 -1 -1 -1 -1 -1 299 10 

2852 5006 2385 3526 2975 3608 1909 4233 
2848 5109 3160 3704 5431 3136 6231 8381 

3423 5006 2385 3526 3611 3608 1909 4233 
2848 5109 3160 3704 5431 3136 6568 8897 

-3 -3 -3 -3 63 -3 -3 -3 
-1 68 -1 -1 -1 -1 -1 -1 

-3 -2 184 368 62 -3 -3 -3 
-1 1257 -1 -1 -1 -1 -1 -1 

-3 -2 182 356 225 -3 313 -3 
-1 1219 -1 195 195 -1 -1 -1 

-2 -2 182 356 225 -3 313 -3 
-1 1219 -1 195 195 -1 -1 -1 

308 -2 1180 356 225 -3 313 -3 
-1 1219 -1 393 195 1799 -1 -1 

304 -2 1584 352 225 -3 671 -2 
-1 1206 -1 682 195 2235 -1 -1 

472 -3 -3 -3 27 -3 -3 -3 
-1 194 -1 -1 10 -1 -1 -1 

413 179 -3 694 22 -3 -3 -3 
-1 343 -1 181 8 -1 466 -1 

413 391 108 694 22 -3 -3 68 
299 343 -1 181 207 199 466 -1 

413 383 106 694 22 -3 47 66 
295 339 -1 181 202 196 466 199 

1158 383 106 694 22 -3 47 66 
295 339 -1 479 202 196 466 199 

1813 383 106 694 22 -3 47 66 
295 339 -1 874 202 196 466 199 

2617 379 106 694 22 -3 47 482 
789 339 -1 1465 699 196 466 199 

3090 379 106 694 22 -3 47 482 
789 339 -1 1850 699 196 466 199 

3809 379 106 694 22 -3 47 482 
789 339 -1 2131 699 196 466 199 

3770 379 106 694 22 -3 47 482 
789 339 -1 2109 699 196 466 199 

4251 375 106 694 22 -3 47 477 
773 339 -1 2987 691 196 466 199 

4101 384 235 962 15 -4 174 442 
720 497 -1 3871 637 755 421 370 

4059 876 235 962 15 -4 561 442 
720 492 196 3871 1030 755 421 659 

4059 867 235 962 15 -4 1471 442 
720 487 1794 3871 1419 755 421 659 

4225 1454 451 1434 241 241 1356 428 
677 1590 2041 3871 1363 1126 408 908 

4225 1454 1446 1434 241 241 1356 428 
677 1590 2041 4032 1363 1126 408 908 

4225 1454 1431 1434 241 241 1356 428 
677 1590 2041 3991 1363 1126 408 908 

0 610 240 130 440 174 51 -3 
-1 293 607 161 50 12 -1 49 

7 603 240 130 435 183 51 -3 
-1 490 600 159 49 211 -1 248 

756 603 240 130 435 183 50 330 
-1 685 593 159 348 211 -1 248 

-3 -3 -3 -3 0 -3 -3 73 
-1 -1 -1 -1 -1 -1 3 24 

-3 -3 -3 -3 0 -3 -3 73 
-1 -1 -1 -1 -1 -1 3 24 

1335 1480 488 446 343 732 944 623 
1146 1479 1728 1164 2302 2457 398 23 

196 -4 77 -4 -4 -4 -4 -4 
-1 -1 -1 -1 158 -1 -1 -1 

196 -4 77 746 -4 -4 -4 -4 
-1 299 -1 -1 158 -1 -1 -1 

3824 2273 4040 4196 4562 4641 5440 5304 
2434 9547 3219 5270 5266 2478 5335 7575 

3824 2887 4040 4196 5183 4641 6135 5304 
2434 9547 3586 5809 5266 2478 5335 7575 

-3 -3 -3 155 -3 -3 -3 -3 
-1 115 -1 -1 -1 -1 -1 -1 

-3 162 -3 153 -2 323 330 244 
399 113 793 -1 196 -1 -1 -1 

-3 485 -3 149 245 456 313 496 
379 305 1130 -1 190 587 -1 -1 

-3 485 -3 149 245 451 313 496 
379 305 1118 -1 190 587 -1 -1 

-3 480 -3 149 245 722 313 496 
379 305 1118 -1 190 2181 -1 -1 

-3 470 -3 149 245 1214 313 491 
379 305 1118 -1 190 3059 -1 -1 

-3 -3 -3 -2 -3 -3 -3 -3 
-1 -1 -1 -1 0 -1 -1 -1 

-3 -3 -3 -2 232 -3 -3 -3 
172 -1 -1 -1 0 -1 -1 -1 

-3 -3 -3 -2 232 -3 241 -3 
172 -1 199 299 0 -1 -1 -1 

-3 -3 -3 -2 232 -3 238 73 
172 199 199 295 0 -1 -1 -1 

-3 -3 -3 -2 979 -3 238 73 
172 199 199 295 300 -1 -1 -1 

-3 -3 -3 -2 1635 -3 238 73 
172 199 199 295 697 -1 -1 -1 

330 497 -3 -2 2047 -3 233 73 
172 199 196 982 1290 -1 -1 -1 

826 497 -3 -2 2047 -3 233 73 
172 199 196 982 1290 -1 -1 399 

1567 497 -3 -2 2047 -3 233 73 
172 199 196 982 1290 -1 -1 695 

1551 497 -3 -2 2047 -3 233 73 
172 199 196 982 1290 -1 -1 688 

2015 497 -2 -2 2047 -3 233 72 
172 199 194 972 1290 -1 -1 1381 

1952 809 -3 -2 2005 -3 293 70 
166 191 388 933 1239 -1 -1 2852 

1952 809 -3 -2 2005 -2 290 639 
164 191 384 933 1239 699 -1 2795 

1952 809 -3 -2 2005 -2 290 854 
164 191 384 933 1239 1892 -1 2795 

2243 1274 -3 -2 1945 -2 477 811 
355 377 564 896 1226 1835 -1 2711 

2243 1274 -3 -2 1945 -2 477 1802 
355 377 564 896 1226 2016 -1 2711 

2243 1274 -3 -2 1945 -2 477 1783 
355 377 564 896 1226 1995 -1 2711 

129 540 -2 20 184 356 115 173 
189 45 153 267 95 145 170 423 

129 529 7 9 195 365 122 160 
387 44 726 641 288 143 558 588 

129 529 7 9 193 365 122 1278 
387 44 726 934 585 143 552 588 

-2 -3 -3 -2 -3 13 16 -3 
-1 -1 -1 -1 0 -1 23 7 

-2 -3 -3 -2 997 13 16 -3 
-1 -1 -1 -1 200 -1 23 7 

93 -3 490 -2 2934 729 425 -3 
3102 -1 484 983 188 198 1544 202 

-4 -4 -4 -4 -4 -4 -4 -4 
-1 -1 -1 -1 -1 -1 -1 -1 

-4 -4 579 -4 -4 -4 -4 -4 
-1 -1 699 -1 -1 -1 -1 -1 

3433 3230 2370 2819 3163 3929 3668 4195 
7167 7190 8353 2510 4813 4889 5962 6509 

5104 3864 2370 2819 3798 3929 3668 4819 
7495 7518 8669 2510 4813 4889 5962 6877 

60 -3 -3 60 -3 135 -3 123 
-1 48 74 -1 -1 46 -1 88 

59 -3 -3 182 735 135 -3 120 
-1 634 73 -1 196 45 -1 375 

264 -3 482 584 1476 883 242 788 
-1 984 365 292 835 243 -1 1016 

264 -3 482 584 1461 883 242 788 
-1 974 365 292 835 243 -1 1016 

264 -3 482 584 1641 883 242 788 
-1 2364 365 292 835 243 -1 1005 

261 -2 482 584 2165 883 242 780 
-1 3240 365 292 835 243 -1 965 

258 39 128 227 52 343 79 201 
1 314 25 96 227 198 -1 255 

214 37 109 204 42 297 185 181 
0 267 22 258 196 175 -1 219 

497 37 109 201 42 297 185 181 
0 267 22 258 196 173 496 219 

529 37 109 198 41 297 183 179 
200 267 22 258 194 171 481 216 

529 37 109 198 41 297 931 179 
498 267 22 258 194 171 481 216 

529 37 109 198 41 297 921 179 
493 267 22 258 194 171 481 216 

529 36 109 612 41 297 1411 927 
1088 267 521 258 192 171 481 513 

529 36 441 612 41 297 1411 927 
1088 464 521 258 192 171 481 513 

529 36 936 612 41 297 1411 927 
1088 659 521 258 192 171 481 513 

529 36 926 612 41 297 1411 927 
1088 652 521 258 192 171 481 513 

523 535 1735 612 41 794 1411 927 
1088 1045 521 258 388 171 1166 513 

479 475 1749 730 120 790 1247 902 
1354 2120 480 237 354 352 1237 641 

474 810 1749 972 120 790 1234 884 
1354 2098 975 234 350 348 1237 1111 

474 1468 1749 1173 120 790 1234 884 
1354 2098 2065 234 350 348 1237 1499 

757 1395 2210 1349 117 774 1149 1061 
1607 2611 2023 220 336 621 1200 1745 

757 1881 2210 1349 117 774 1149 1061 
1607 2611 2023 417 336 621 1200 1745 

757 1862 2210 1349 117 774 1149 1061 
1607 2611 2023 412 336 621 1200 1745 

-3 -3 -3 -3 -3 -1 153 0 
-1 -1 110 0 -1 -1 -1 -1 

6 -2 5 3 6 -1 151 0 
193 -1 106 0 193 397 -1 -1 

6 -2 5 752 339 -1 151 0 
391 299 106 0 191 397 -1 -1 

49 -4 178 -4 -4 -4 -4 -4 
-1 74 26 30 -1 -1 -1 73 

49 -4 178 996 -4 -4 -4 -4 
199 74 26 30 -1 -1 -1 73 

762 722 879 1886 740 1158 223 1079 
1863 1301 406 976 490 1155 558 2247 

-3 -3 44 -3 202 -3 -2 -3 
122 1 -1 -1 -1 -1 45 -1 

-3 -3 44 -3 202 -3 -2 497 
122 1 499 -1 -1 -1 45 -1 

2327 2032 2731 2696 3520 2639 1863 2279 
10012 5254 6998 1592 4330 7867 2291 2937 

2327 2032 2731 2696 3520 3195 1863 2279 
10012 5254 7628 1592 4330 7867 2291 2937 

-3 -3 77 -3 -3 2 -3 -3 
-1 32 -1 -1 -1 -1 -1 -1 

323 -3 852 -3 -3 246 861 180 
295 31 194 -1 1065 -1 195 775 

638 -3 1008 350 239 233 818 496 
286 525 184 -1 1194 585 185 1117 

631 -3 1008 350 239 233 818 496 
286 525 184 -1 1194 585 183 1117 

952 -3 1008 346 239 233 818 496 
286 525 184 -1 1194 585 2281 1117 

1342 -3 1008 335 239 233 809 496 
286 525 182 -1 1194 585 3058 1105 

-3 -3 -3 -3 -3 -3 -3 -3 
-1 -1 -1 -1 -1 -1 -1 -1 

288 153 444 -3 -3 -3 184 335 
-1 631 -1 -1 -1 193 -1 177 

368 153 444 -3 -3 -2 184 408 
-1 631 -1 -1 -1 391 199 177 

356 151 435 -3 -3 50 182 403 
195 631 -1 -1 -1 387 196 175 

356 151 435 747 -3 50 182 403 
195 631 -1 -1 299 387 196 175 

356 151 435 1406 -3 50 182 403 
195 631 -1 -1 696 387 196 175 

356 151 859 1731 -3 649 182 403 
195 631 599 -1 1189 387 196 771 

356 151 859 2993 -3 649 182 403 
195 631 599 -1 1777 387 196 963 

356 151 859 3463 -3 649 182 403 
195 631 599 -1 2159 387 196 963 

356 149 859 3463 -3 649 182 403 
193 631 599 -1 2159 387 196 963 

356 647 859 3463 -3 642 673 398 
585 1324 599 -1 2159 383 196 953 

352 790 918 3393 -4 635 637 524 
1708 1310 787 -1 2073 658 194 933 

352 1021 908 3393 -4 628 637 524 
1690 1296 787 -1 2052 658 492 923 

352 1214 908 3393 -4 628 637 524 
1690 1296 787 -1 2052 658 1587 923 

634 1153 1031 3825 -4 974 599 488 
1623 1814 755 293 2209 651 1539 834 

634 1153 1031 3825 -4 974 1593 488 
1623 1814 755 293 2209 844 1539 834 

634 1153 1031 3825 -4 974 1577 488 
1623 1814 755 293 2209 835 1539 834 

4 24 20 253 73 5 18 345 
0 440 0 11 20 10 17 75 

3 32 19 259 70 5 24 334 
197 635 0 10 20 193 16 73 

3 531 19 923 70 5 24 1330 
197 635 0 409 20 391 315 73 

-3 -2 0 -2 -3 0 -3 -3 
-1 -1 3 -1 -1 0 -1 0 

-3 -2 0 -2 -3 0 -3 997 
-1 -1 3 -1 -1 200 -1 0 

301 956 401 1069 -2 0 400 2391 
1637 193 984 295 691 2696 682 588 

53 17 -4 -4 -4 -4 84 -4 
-1 -1 29 118 -1 -1 -1 98 

53 17 -4 -4 -4 -4 749 -4 
-1 -1 29 118 399 -1 -1 98 

20 -3 -4 -3 -3 -3 -3 -3 
-1 -1 14 -1 -1 20 -1 -1 

20 372 746 -3 -3 372 -3 -3 
-1 -1 313 -1 299 20 299 -1 

3472 1210 2956 2856 774 1596 2933 2338 
4295 4145 3663 3532 6081 1404 4083 5797 

4010 1173 2810 2827 750 2021 3090 2291 
4125 4315 3788 3392 5900 1362 4001 6929 

4154 1865 3433 2742 1047 2298 3178 3288 
4002 4452 4041 3628 6034 2209 3766 7324 

4154 1865 3433 2742 1047 2298 3178 3255 
3961 4452 4041 3628 6034 2209 3766 7324 

4154 1865 3433 2742 1269 2298 3178 4301 
5421 4407 4041 3628 6034 2586 4428 8050 

4154 1846 3821 2742 1862 2275 3178 4301 
5866 5162 4000 3555 5973 2586 4428 7969 

152 230 129 152 125 90 78 155 
214 175 155 87 211 310 116 460 

-3 26 -3 409 -3 -3 -3 -3 
-1 -1 151 15 -1 -1 -1 -1 

-3 301 -3 376 -3 -3 -3 -3 
-1 -1 133 13 164 -1 -1 -1 

145 301 997 747 112 122 -3 -3 
299 299 133 13 164 299 299 196 

141 297 957 739 110 207 -3 -2 
295 295 133 12 162 581 295 190 

141 297 957 739 608 207 -3 -2 
492 295 133 12 162 581 295 190 

141 297 957 739 1351 207 -3 -2 
787 295 133 12 162 581 295 190 

709 297 957 739 2677 207 -3 -2 
1279 1092 131 12 162 581 295 388 

1701 297 957 739 3039 207 -3 -2 
1966 1092 329 12 162 581 295 388 

1701 297 957 739 3508 207 -3 -2 
2146 1092 329 12 162 581 295 388 

1701 297 957 739 3508 204 -3 -2 
2146 1092 329 12 162 581 292 388 

1701 294 957 739 4139 630 -3 -2 
2524 1081 329 12 162 581 889 388 

1683 318 957 739 4132 940 -3 29 
2698 1270 329 211 160 575 2332 384 

2041 318 1371 1474 4049 940 -2 29 
2671 1270 322 503 160 575 2978 680 

2041 318 1560 1474 4049 940 -2 29 
2671 1270 322 503 160 575 4048 680 

2082 302 2626 2359 4276 911 -2 27 
2920 1693 306 1228 156 557 3849 931 

2082 302 2626 2359 4276 911 -2 526 
2920 1693 306 1228 156 751 3849 931 

2082 302 2626 2359 4276 911 -2 520 
2920 1693 306 1228 156 743 3849 931 

2020 308 2626 2233 4115 910 42 502 
3259 2342 302 1553 545 889 3852 1273 

2020 308 2626 2233 4407 1400 42 502 
3259 2518 302 1553 545 889 3852 1460 

-3 16 -3 -3 12 -3 49 -3 
-1 -1 19 -1 14 1 48 -1 

-3 16 -3 -3 12 997 49 -3 
-1 -1 19 -1 14 1 48 199 

972 559 947 267 11 1705 765 852 
896 1845 1085 2090 711 1467 338 196 

401 -4 -4 -4 -3 -4 -4 -4 
-1 202 -1 -1 -1 -1 148 -1 

401 -4 -4 -4 -3 746 -4 -4 
-1 202 -1 -1 -1 -1 446 -1 

3408 1948 5462 2573 1258 2837 3864 3627 
1456 11564 2991 6635 4438 6451 4231 3591 

3873 3277 6157 2573 1258 2837 3864 3627 
1841 11564 2991 6868 4693 6886 4231 3591 

-3 -3 -3 -3 -3 -3 -3 -3 
-1 -1 -1 -1 -1 -1 -1 -1 

297 -3 -2 756 -3 497 -3 197 
-1 785 -1 -1 675 -1 -1 -1 

282 -2 -2 1454 477 472 -3 517 
-1 1596 -1 -1 622 193 -1 191 

282 -2 -2 1454 477 472 -3 517 
-1 1596 -1 -1 622 193 -1 191 

282 -2 321 1989 477 472 -3 517 
-1 1596 899 -1 1015 193 1099 191 

279 -2 817 2444 477 472 -3 517 
-1 1580 1290 -1 1004 193 1888 189 

16 -3 1132 191 136 223 72 270 
-1 704 13 65 366 77 15 422 

13 -3 943 165 117 201 289 246 
177 623 11 57 327 70 11 373 

13 -3 943 463 258 323 289 246 
177 816 11 57 623 70 11 569 

13 -3 943 444 351 316 333 246 
175 807 10 57 994 68 10 763 

13 -3 1433 444 351 316 333 246 
175 807 10 57 994 267 10 763 

13 -3 1433 439 351 316 333 246 
173 807 10 57 994 267 10 763 

13 -3 1433 439 351 316 333 743 
173 1898 10 57 994 267 10 763 

346 -3 1433 439 351 316 333 743 
173 1898 10 57 994 267 10 1155 

842 -3 1433 439 351 316 333 743 
173 1898 10 57 994 267 10 1443 

833 -3 1433 439 351 316 333 743 
173 1898 10 57 994 267 9 1443 

833 -3 3163 439 838 312 333 743 
171 2379 409 56 994 664 9 1628 

-3 -3 -3 -2 -3 -3 32 -3 
-1 27 -1 -1 -1 -1 -1 -1 

-3 -3 -3 -2 -3 -3 31 282 
394 27 -1 -1 -1 -1 -1 -1 

663 -3 -3 -2 -3 -3 31 454 
1090 27 -1 -1 -1 -1 399 -1 

1085 -3 1187 -2 330 234 29 610 
1026 226 196 196 -1 292 554 595 

1085 -3 1187 -2 330 234 29 1603 
1215 226 196 196 -1 292 554 595 

1085 -3 1187 -2 330 234 29 1586 
1202 226 196 196 -1 292 554 595 

1057 -5 2924 398 976 285 443 673 
156 4205 518 232 935 885 207 1472 

1057 -4 2846 393 946 291 434 666 
152 4205 512 229 1103 858 600 1413 

1057 1241 2846 393 946 291 434 659 
152 4205 512 229 1378 1149 600 1413 

-2 -4 -4 -4 -4 129 232 -4 
-1 -1 -1 2 -1 269 -1 -1 

-2 -4 996 -4 -4 129 232 -4 
-1 -1 -1 2 -1 269 -1 199 

597 1651 1330 268 872 470 967 907 
767 886 1624 586 194 1624 1357 1155 

-2 -3 -3 -3 -3 53 -3 -3 
-1 22 -1 -1 -1 0 -1 -1 

-2 -3 -3 -3 -3 53 -3 747 
-1 22 -1 -1 299 0 -1 -1 

2757 1525 3406 2605 2080 2205 1429 3175 
6990 5208 1067 3779 7111 4847 6486 5265 

2757 2509 3406 2605 2080 2205 1429 4230 
7120 5655 1067 3779 7111 4847 6821 5265 

0 -3 -3 220 -3 -3 24 -3 
-1 -1 -1 195 -1 17 -1 -1 

489 417 -3 960 -3 -3 270 -2 
-1 -1 199 389 599 17 298 394 

1165 530 482 1396 -3 -3 1246 -2 
-1 193 393 967 581 412 286 572 

1165 530 482 1396 -3 -2 1246 -2 
-1 193 393 967 581 407 286 572 

1165 530 482 1396 -2 231 1246 -2 
-1 191 393 967 581 1802 286 572 

1153 530 477 1396 -2 721 1246 -2 
-1 189 393 967 575 2583 286 566 

23 13 41 80 6 68 272 82 
10 99 32 25 66 212 11 192 

-3 -3 -3 -3 -3 -3 -3 444 
-1 -1 -1 -1 171 -1 -1 -1 

-3 -3 155 -3 190 -3 289 384 
-1 -1 183 -1 501 -1 -1 -1 

-3 -3 353 330 188 139 289 530 
-1 399 183 196 695 -1 199 199 

-3 -3 849 330 188 139 289 530 
-1 399 183 196 695 -1 397 199 

-3 -3 1590 330 188 139 289 530 
-1 399 183 196 695 -1 693 199 

-3 -3 1990 330 188 139 289 530 
-1 399 183 196 695 -1 1686 199 

-3 -3 2470 330 188 139 289 530 
-1 399 183 196 695 -1 2069 199 

-3 -3 3445 330 188 139 289 530 
-1 399 183 196 695 -1 2248 199 

-3 -3 3445 330 186 139 289 530 
-1 399 183 196 695 -1 2248 199 

-3 -3 3445 330 1498 137 286 530 
-1 399 181 196 695 799 2500 199 

-3 -3 456 323 185 137 289 560 
-1 391 183 190 688 -1 195 593 

-3 -3 456 323 183 622 452 554 
-1 387 381 188 1274 -1 195 587 

-3 663 651 323 183 622 452 554 
-1 387 381 188 1274 -1 195 1767 

486 1368 618 643 314 927 776 740 
193 848 767 180 1657 198 195 1872 

486 1368 1611 643 314 927 776 740 
193 848 767 180 1657 198 393 1872 

486 1368 1611 643 314 927 768 740 
193 848 767 180 1657 198 389 1872 

-11 149 1609 188 773 86 161 308 
-1 273 295 1145 661 423 1252 102 

11 147 1609 196 765 86 157 308 
196 270 487 1145 661 423 1227 297 

11 895 1609 196 765 579 157 308 
196 567 482 1145 661 718 1227 297 

-3 -3 -3 -3 -3 -3 -3 -3 
-1 -1 -1 -1 -1 -1 -1 -1 

-3 -3 -3 -3 -3 -3 997 -3 
-1 -1 -1 -1 -1 199 -1 -1 

391 739 421 1442 714 656 2959 731 
596 1374 1074 1267 -1 2794 1760 -1 

-4 195 -4 369 -4 -4 14 -4 
-1 -1 -1 133 226 -1 -1 31 

-4 195 -4 369 -4 -4 763 -4 
-1 -1 -1 133 523 -1 -1 31 

3906 3136 2545 3042 5424 4030 4375 3295 
3763 8919 1851 5841 8719 6076 8275 6865 

4295 3136 2545 3042 5994 4030 4375 3295 
3763 8919 2432 5841 8719 6076 8692 6865 

27 -3 -3 -3 -3 23 -4 -4 
-1 32 -1 18 -1 -1 -1 -1 

26 -2 -3 -2 527 393 -4 371 
-1 32 394 215 592 299 -1 -1 

302 198 849 -2 930 641 -4 363 
293 429 568 594 749 572 -1 393 

302 198 849 -2 930 634 -4 363 
293 429 568 594 741 572 -1 393 

298 198 849 -2 930 905 -4 363 
293 429 568 588 2233 572 -1 393 

298 194 840 -2 1420 905 -4 359 
1277 429 562 582 2233 572 -1 389 

11 33 14 2 67 193 7 21 
47 176 22 64 54 8 4 176 

9 28 11 1 58 382 5 16 
41 158 18 58 45 6 3 315 

85 170 11 0 58 382 5 16 
41 156 18 257 45 6 202 315 

85 266 11 0 134 615 4 16 
40 152 217 257 244 205 202 315 

85 266 11 0 134 615 4 515 
40 152 217 454 244 205 202 315 

85 266 11 0 134 615 4 1009 
40 152 217 749 244 205 202 315 

85 1013 11 350 132 615 4 1498 
39 152 217 749 244 702 899 611 

85 1013 11 350 380 615 4 2483 
338 152 217 749 244 702 899 804 

85 1013 11 350 380 615 4 2958 
338 152 414 749 244 702 899 804 

85 1013 11 350 376 615 4 2958 
338 150 414 749 244 702 899 804 

1573 1944 677 350 376 1108 4 3553 
534 150 414 1716 741 702 899 1483 

-3 -3 -3 28 -3 -3 -3 -3 
-1 -1 -1 10 -1 -1 -1 15 

-3 -3 497 28 -3 372 -3 -3 
-1 -1 299 9 493 -1 -1 15 

-3 -3 692 28 -3 372 -3 663 
-1 -1 299 9 1675 -1 -1 15 

-2 589 1360 27 247 669 -3 1094 
762 299 947 208 1592 -1 756 210 

-2 589 2096 27 247 669 -3 1094 
762 299 947 208 1876 -1 756 210 

-2 589 2075 27 247 669 -3 1094 
762 299 947 208 1857 -1 756 210 

1331 1906 615 314 434 941 146 2961 
675 1878 355 1631 1047 615 772 1188 

1310 1886 612 307 437 912 143 2902 
668 2059 738 1598 1026 602 945 1152 

1310 1886 1355 637 437 902 143 2902 
661 2059 1030 1598 1026 602 945 1340 

-3 -3 -3 -3 380 -3 22 -3 
-1 -1 -1 26 -1 -1 127 24 

-3 -3 -3 -3 380 997 22 -3 
-1 -1 199 26 -1 -1 127 24 

798 2345 1783 1357 1582 2601 1429 2630 
1463 2142 3925 2056 2191 1358 1307 2309 

283 -4 200 -4 -4 -4 -4 84 
-1 -1 -1 -1 -1 254 -1 77 

283 -4 200 -4 -4 -4 746 84 
299 -1 -1 -1 -1 254 -1 77 

-3 -4 -3 -3 -3 -3 -4 12 
-1 -1 -1 -1 -1 19 -1 -1 

-3 596 -3 663 497 747 -4 12 
-1 -1 -1 695 -1 19 599 199 

1731 1587 955 1016 446 512 1894 779 
5125 3477 2475 960 880 445 3056 5210 

1731 1587 935 1016 726 1332 2209 779 
5022 3842 2623 950 1071 445 3226 5449 

1679 1587 1180 966 649 2015 2454 763 
4872 4062 2519 885 968 1132 3217 5487 

1679 1587 1180 966 642 2015 2454 763 
4872 4062 2519 885 968 1132 3184 5487 

1679 1587 1180 966 911 2015 2429 763 
4872 4062 2519 885 968 1132 4752 5432 

1679 1587 1180 946 911 1974 2967 763 
4872 4021 3393 885 958 1120 4752 5377 

16 386 163 163 305 27 37 485 
53 169 89 64 92 209 220 584 

-3 -2 -2 -3 -3 -3 -3 -3 
-1 -1 -1 -1 -1 -1 -1 0 

-3 -2 -2 304 -3 232 -3 313 
-1 -1 185 -1 -1 -1 177 180 

-3 -2 140 634 68 232 -3 313 
-1 -1 185 199 199 199 177 180 

997 74 140 621 68 232 -3 313 
-1 -1 383 199 397 195 175 180 

997 74 140 621 733 232 -3 313 
-1 -1 383 199 397 195 573 180 

997 74 140 621 1225 232 -3 313 
-1 -1 383 199 397 195 867 180 

1487 673 138 614 1569 232 -3 313 
-1 599 383 196 397 793 1358 180 

1487 673 138 614 2812 232 -3 313 
-1 599 579 196 397 793 1844 180 

1487 673 138 614 3783 232 -3 313 
-1 599 579 196 397 793 2025 180 

1487 673 138 614 3745 232 -3 313 
-1 599 579 196 397 793 2004 180 

1472 673 138 614 4594 232 -3 309 
-1 599 773 192 397 793 2583 180 

1330 580 114 531 4360 233 -6 283 
-1 724 855 335 534 674 3811 325 

1330 580 114 531 4230 233 -6 280 
-1 724 846 331 534 674 3811 325 

1330 580 114 531 4437 233 -6 280 
1399 724 846 331 534 674 3811 325 

1384 562 1087 509 4461 1403 717 266 
1303 986 804 507 497 826 4052 1274 

1384 562 1087 509 4461 1403 717 266 
1303 986 804 507 497 826 4052 1274 

1370 562 1087 509 4461 1403 717 266 
1303 986 804 507 497 826 4052 1261 

-4 19 -4 -4 -4 135 -4 -3 
-1 -1 -1 -1 119 -1 -1 47 

996 19 -4 496 -4 633 -4 -3 
-1 -1 199 -1 317 299 -1 47 

1313 539 1064 510 4230 1386 682 270 
1858 947 1346 1242 852 1183 4155 1248 

1313 539 1064 510 4230 1386 682 270 
1858 947 1346 1242 852 1183 4155 1248 

1568 1034 1042 1445 4928 1386 1116 1247 
2939 918 1600 1613 1306 2888 3951 3096 

-3 49 -3 -3 -3 -3 -3 -3 
-1 -1 -1 -1 -1 18 -1 -1 

-3 49 -3 -3 747 -3 -3 -3 
-1 -1 -1 -1 -1 317 -1 -1 

2324 3462 3765 2660 3676 1937 2929 4136 
4094 3697 2651 9312 4296 7021 4901 5634 

2900 3462 3765 3300 3676 2667 2929 4136 
4353 3697 3224 9618 4296 7021 4901 5634 

-3 13 -3 -3 -2 274 22 -3 
-1 161 -1 -1 -1 35 -1 -1 

-3 425 372 360 294 268 164 -3 
-1 159 986 -1 -1 631 -1 -1 

-3 416 935 1190 282 482 160 -3 
379 157 1109 198 199 599 -1 290 

-3 411 935 1190 282 482 160 -3 
379 157 1097 198 199 599 -1 290 

-3 684 925 1566 282 482 160 -3 
379 157 3260 198 199 592 -1 290 

-3 1177 915 1534 282 477 160 -3 
375 157 4185 196 199 586 -1 290 

4 260 49 710 43 13 18 276 
10 293 276 27 107 293 5 359 

2 234 258 615 38 10 14 246 
8 259 249 24 271 259 4 296 

2 398 258 615 162 81 14 246 
8 259 446 223 271 259 203 296 

2 398 308 608 251 77 14 246 
7 259 635 223 271 256 200 493 

1001 398 308 608 251 77 14 246 
7 259 635 223 271 256 200 688 

1001 394 308 608 251 77 14 246 
6 259 635 223 271 256 200 688 

1001 778 308 1390 248 77 513 243 
698 259 635 223 271 553 200 1364 

1001 1270 308 1390 248 77 513 243 
1091 259 635 223 271 553 200 1364 

1001 1257 308 1390 248 77 513 243 
1080 259 635 223 271 553 200 1364 

1001 1244 308 1390 248 77 513 243 
1069 259 635 223 271 553 200 1364 

1001 1831 308 1733 845 77 507 990 
1941 259 635 223 271 547 200 2208 

960 1866 298 1787 900 390 668 1004 
1864 451 635 2236 268 726 188 3193 

1369 1847 292 1733 900 877 668 1382 
2519 446 1228 2236 257 1011 188 3161 

2021 1847 292 1733 900 877 668 1598 
3693 446 1228 2236 257 1400 188 3161 

3474 1756 1088 2044 873 1352 648 1566 
3441 419 1751 2347 906 1854 178 3240 

3474 1756 1088 2044 1864 1352 648 1566 
3441 419 1933 2347 906 1854 178 3240 

3474 1756 1088 2044 1845 1352 648 1566 
3441 419 1913 2347 906 1854 178 3240 

-3 -3 -3 6 25 -3 -2 -3 
-1 22 -1 -1 -1 -1 -1 -1 

15 15 -2 21 23 -7 18 5 
587 212 -1 195 -1 193 397 196 

15 348 -2 21 772 -7 18 4 
581 212 -1 195 -1 391 397 494 

-4 87 164 171 294 388 248 0 
-1 163 -1 1 358 201 -1 95 

-4 87 164 171 294 388 248 0 
-1 163 -1 1 358 201 -1 95 

494 265 152 807 872 1021 1632 772 
1451 1513 1950 693 543 991 381 392 

-3 -3 -3 -3 -3 -3 -3 -2 
-1 -1 -1 -1 -1 -1 -1 -1 

-3 -3 -3 -3 -3 663 -3 -2 
-1 -1 -1 399 -1 -1 -1 -1 

2835 727 3235 3880 1400 5184 3290 2534 
3508 5811 4442 3363 5237 6716 2205 7416 

2835 1344 3802 3880 1886 5184 3290 2534 
3508 5811 4597 3363 5237 6716 2205 8362 

-3 -3 -3 -3 -3 -3 -4 -3 
-1 -1 -1 -1 -1 -1 -1 -1 

-3 -2 405 -3 -3 343 -4 -3 
499 -1 -1 -1 -1 -1 685 -1 

-3 385 380 -3 -3 417 406 -2 
677 -1 -1 195 284 195 843 -1 

-3 381 380 -3 -3 417 406 -2 
677 -1 -1 195 284 195 843 -1 

288 627 380 -3 354 417 406 -2 
677 -1 -1 195 284 893 843 2088 

282 1192 380 -3 950 417 406 -2 
670 -1 -1 195 281 884 843 3339 

121 193 150 -5 517 557 -1 110 
1 406 65 116 48 8 4 424 

105 170 135 -5 452 473 -1 327 
189 338 56 107 43 7 3 368 

105 170 233 -5 452 634 -1 390 
189 338 56 107 242 7 202 564 

105 170 233 -5 447 634 -1 489 
187 531 56 105 239 7 202 558 

105 170 233 -5 447 634 999 489 
187 531 56 105 239 7 202 752 

105 170 233 -5 447 634 1489 489 
187 531 56 105 239 7 202 1044 

103 543 233 -5 447 634 2289 489 
187 531 355 103 239 7 202 2019 

103 543 233 -5 447 634 3016 489 
187 531 355 103 239 7 202 2298 

103 543 233 -5 447 634 3735 489 
187 531 355 103 239 7 202 2575 

103 543 233 -5 447 634 3697 489 
187 531 355 103 239 7 202 2549 

101 537 233 -5 447 634 4189 489 
187 531 351 101 239 7 202 3290 

126 488 565 -7 419 824 3742 620 
177 867 314 89 2097 6 376 3308 

126 768 1059 -6 823 807 3704 1107 
675 1146 301 285 2076 6 764 3308 

126 768 1348 -6 1481 807 3704 1107 
675 1146 697 285 2076 6 764 4474 

117 1039 2398 811 1408 790 3995 1686 
641 2688 662 840 2214 197 926 4408 

117 1039 2874 811 1408 790 3995 1686 
641 2688 662 840 2214 197 926 4563 

117 1039 2874 811 1408 790 3955 1686 
641 2688 662 840 2191 197 926 4563 

7 -3 -3 -3 -3 -2 150 -3 
97 0 -1 0 -1 -1 -1 2 

22 23 -4 16 -2 -2 150 -2 
681 197 199 0 195 -1 -1 199 

521 23 -4 16 498 -2 1148 -2 
681 197 199 398 493 -1 -1 199 

-3 -3 217 -3 -3 -2 -3 -3 
-1 -1 -1 114 -1 -1 -1 0 

-3 -3 217 -3 -3 -2 997 -3 
199 -1 -1 114 -1 -1 -1 0 

411 -2 879 -3 403 283 1402 -3 
3154 -1 584 110 592 680 -1 197 

300 12 -4 -4 -4 -4 -4 2 
-1 7 24 -1 -1 175 -1 -1 

300 12 746 -4 -4 -4 -4 2 
-1 7 24 -1 -1 175 299 -1 

1640 1958 2844 3659 3897 1895 2894 3081 
4432 6416 4408 1730 4066 6640 2259 7786 

1640 1958 3565 4372 4483 1895 2894 3550 
4687 6416 4408 1730 4066 7302 2259 8008 

143 89 -4 -3 -3 -3 -3 -3 
94 -1 -1 -1 -1 95 -1 -1 

140 88 -4 163 -3 -3 -3 1496 
293 199 -1 299 790 394 -1 -1 

335 416 -4 159 323 -2 119 1707 
287 193 486 471 951 856 -1 -1 

335 416 -3 159 323 -2 119 1707 
287 191 486 471 951 856 -1 -1 

335 416 358 159 665 498 119 1967 
287 1974 681 471 951 1747 -1 -1 

335 416 354 159 658 498 611 1947 
284 2854 681 471 941 1729 -1 -1 

-1 107 62 17 301 97 19 50 
4 141 255 79 30 35 -1 43 

-3 292 -2 -3 -3 -1 3 -3 
0 -1 0 2 -1 111 -1 -1 

-3 271 286 -3 -3 219 178 227 
188 185 0 1 -1 96 172 177 

-3 562 286 -3 -3 219 228 227 
188 185 0 300 -1 96 172 375 

-3 550 286 -3 68 219 225 227 
188 185 0 296 -1 96 172 567 

-3 550 286 -3 68 219 889 227 
188 185 0 296 399 96 172 567 

-3 550 286 997 68 219 889 227 
386 185 0 296 399 96 172 567 

-3 550 286 1375 67 219 889 808 
1771 185 0 296 399 96 172 567 

-3 550 286 2111 67 219 889 808 
2053 185 0 296 399 96 172 567 

-3 550 286 2589 67 219 889 808 
2432 185 0 296 399 96 172 567 

-3 550 286 2563 67 219 889 808 
2407 185 0 296 399 96 172 567 

-3 550 286 3037 66 219 889 799 
3052 185 0 296 399 96 172 567 

354 516 255 2645 57 477 767 698 
2705 172 0 1819 1037 261 152 497 

354 500 252 2645 56 477 767 698 
2705 170 0 1782 1037 261 152 497 

354 1361 252 2645 56 477 767 698 
2705 170 1200 2164 1037 261 152 497 

555 1807 652 2566 1507 457 744 677 
2446 845 1339 2388 1160 544 148 487 

555 1807 652 2566 1507 457 744 677 
2446 845 1339 2388 1160 544 148 487 

555 1788 652 2566 1507 457 744 677 
2446 845 1339 2388 1148 544 148 487 

-4 -4 -4 -4 -4 -4 -4 306 
-1 -1 173 -1 -1 -1 -1 -1 

496 -4 -4 -4 -4 -4 746 306 
-1 -1 173 -1 -1 596 -1 -1 

5 -4 -3 23 8 17 6 306 
196 196 561 199 195 195 -1 199 

5 -4 -3 23 8 17 6 306 
196 196 561 199 195 195 -1 199 

1133 772 173 22 1833 544 1217 296 
2296 190 832 2091 783 2011 383 1159 

-3 -3 -3 -3 -3 -3 -3 -3 
-1 -1 -1 -1 -1 -1 -1 -1 

-3 -3 -3 -3 -3 -3 -3 497 
-1 -1 -1 -1 399 -1 -1 -1 

5764 3410 4540 2556 3306 3498 4411 4235 
5801 10039 10040 5476 5997 6146 1061 8008 

5764 3410 4540 2556 3939 4129 4411 4942 
5801 10039 10040 5821 5997 6146 1061 8545 

72 -3 -3 -3 -3 -3 -3 -3 
-1 -1 86 -1 -1 -1 -1 -1 

72 -3 -3 -2 282 -3 -3 -2 
-1 685 85 -1 -1 -1 -1 -1 

1544 787 900 799 584 -3 -3 324 
194 926 663 199 198 689 -1 672 

1544 787 900 799 584 -2 -3 324 
194 926 656 199 198 689 -1 672 

1528 787 900 799 584 308 -3 324 
194 926 2449 199 196 689 -1 672 

1512 779 900 799 578 804 -3 320 
194 926 3224 196 194 689 -1 658 

10 390 12 173 2 62 165 4 
5 227 29 69 216 36 1 155 

-3 -3 -3 -3 -3 -3 -3 -3 
-1 -1 -1 -1 -1 -1 -1 -1 

-3 239 -3 -3 -3 575 -3 -3 
185 -1 189 -1 -1 -1 181 -1 

104 486 -3 -3 -2 575 -3 -3 
183 299 387 -1 -1 -1 181 -1 

348 466 -3 -3 -2 563 -2 -3 
181 287 383 -1 -1 -1 175 198 

1344 466 -3 -3 -2 563 -2 -3 
181 287 383 -1 -1 -1 175 396 

1830 466 -3 -3 -2 563 -2 -3 
181 287 383 -1 -1 -1 175 592 

2228 466 -3 -3 498 563 -2 497 
179 287 383 -1 794 -1 175 1086 

2605 466 -3 -3 498 563 -2 497 
179 287 383 -1 794 -1 175 1475 

2578 466 -3 -3 498 563 -2 497 
179 287 383 -1 794 -1 175 1460 

2552 466 -3 -3 498 563 -2 497 
179 287 383 -1 794 -1 175 1445 

2552 466 -3 -3 488 563 498 497 
977 287 379 -1 794 -1 175 1445 

2499 496 -3 -3 472 563 716 497 
2543 287 371 198 794 -1 173 1445 

2499 496 -3 -3 472 563 716 497 
2543 284 371 196 786 -1 173 1445 

2499 496 203 663 472 563 716 497 
2543 1481 371 196 1178 -1 173 1445 

2376 794 196 912 1195 742 2640 487 
2492 1691 563 1229 1314 -1 169 1552 

3102 794 196 912 1195 742 2640 487 
2767 1691 563 1229 1314 -1 169 1552 

3070 794 196 912 1195 742 2640 487 
2739 1691 563 1229 1314 -1 169 1552 

3039 780 196 896 1183 729 2613 484 
2739 2034 563 1229 1274 193 363 1521 

3039 780 196 896 1183 729 2613 1469 
2739 2313 563 1229 1274 391 363 1521 

-3 -1 20 -2 0 -3 75 -3 
-1 79 -1 5 -1 6 -1 -1 

-3 -1 20 -2 0 -3 1074 -3 
-1 79 -1 204 -1 6 -1 -1 

191 298 1171 1184 795 -2 1608 -2 
-1 77 1479 2772 1169 1292 -1 1740 

-3 18 -4 -3 -3 28 -3 -3 
-1 24 27 -1 -1 -1 -1 -1 

-3 767 -4 -3 -3 28 -3 -3 
-1 24 27 -1 -1 -1 -1 299 

2179 2619 2923 1526 2317 1748 2170 1476 
3020 4789 3134 6098 3957 5056 3793 6117 

2179 2619 2923 1526 2317 1748 2170 2440 
3020 4789 3134 6098 3957 5056 3793 6790 

69 -4 -4 -4 16 -4 26 -4 
-1 42 -1 108 -1 -1 -1 -1 

69 -4 -3 183 316 -4 26 -3 
-1 338 790 108 -1 -1 -1 -1 

69 241 175 426 728 196 25 565 
489 716 728 302 293 196 -1 573 

69 241 175 426 720 196 25 565 
489 716 720 302 293 196 -1 573 

69 238 175 426 1023 196 25 565 
489 716 2487 302 293 196 -1 573 

69 238 175 921 1023 194 24 559 
489 716 2487 292 293 1094 -1 573 

70 118 146 62 35 106 3 72 
28 11 204 220 9 25 24 451 

-3 -3 -3 -3 -3 -2 89 -3 
-1 -1 -1 -1 -1 62 -1 -1 

-3 -3 236 -3 -3 186 80 339 
-1 -1 272 -1 385 54 -1 -1 

-3 211 236 139 -3 431 80 535 
-1 -1 272 299 775 353 199 -1 

-3 273 236 139 -3 426 79 629 
199 -1 266 299 967 349 199 -1 

-3 273 236 139 -3 426 744 629 
199 -1 266 299 967 349 199 399 

-3 273 236 139 -3 426 1486 629 
199 -1 266 299 967 349 199 695 

-3 273 671 139 -3 426 3091 622 
199 1092 266 293 967 742 199 1288 

-3 273 671 139 -3 426 3726 622 
199 1092 266 293 967 742 199 1675 

-3 273 671 139 -3 426 4438 622 
199 1092 266 293 967 742 199 1958 

-3 273 671 139 -3 426 4393 622 
199 1092 266 293 967 742 199 1938 

497 273 657 139 -3 426 4393 1187 
196 1781 266 293 967 727 897 1938 

537 244 712 140 -6 454 3976 1349 
539 3368 427 1199 892 618 973 1788 

817 244 712 462 -6 454 3976 1335 
733 3368 822 1199 892 605 963 1788 

817 244 1569 462 -6 454 3976 1335 
733 3368 822 1199 892 605 2531 1788 

988 239 1863 588 324 1757 4694 2135 
718 4043 995 1322 848 1601 2892 1988 

988 239 1863 588 324 1757 4694 2135 
718 4043 995 1322 848 1601 2892 1988 

988 239 1863 588 320 1757 4694 2135 
710 4043 995 1322 848 1601 2892 1988 

965 227 1794 586 321 1700 4610 2060 
1056 4273 1692 1308 839 1947 3063 1928 

965 227 1794 1069 321 1700 4610 2789 
1056 4530 1692 1294 839 2227 3063 1928 

-3 -3 3 -3 144 12 -3 -3 
-1 44 17 -1 -1 -1 -1 12 

-3 -3 3 -3 144 12 -3 -3 
-1 44 17 -1 -1 -1 -1 12 

225 39 690 715 1300 407 164 -2 
691 1793 891 678 195 -1 1160 596 

295 -4 -4 -4 -3 330 -4 150 
-1 129 110 -1 -1 -1 -1 119 

1042 -4 -4 -4 -3 330 -4 150 
-1 129 110 -1 -1 -1 299 119 

2966 2956 1420 2293 2269 3905 2634 928 
1519 8518 4541 8007 3837 2800 4255 3807 

3336 2956 1420 2293 2912 3905 2634 928 
1519 8518 4541 8643 3837 2800 4255 3807 

-3 -2 -3 -3 -3 -1 -3 -3 
-1 -1 0 -1 -1 -1 -1 -1 

405 -2 -2 -3 -3 311 -2 -3 
-1 -1 0 -1 -1 493 -1 499 

666 -2 -2 320 544 481 354 -3 
-1 593 0 -1 396 1054 -1 474 

666 -2 -2 320 544 476 354 -3 
-1 593 0 -1 396 1054 -1 469 

666 -2 -2 320 544 679 354 -3 
-1 593 0 -1 396 1043 -1 1464 

666 -2 -2 316 544 679 841 -3 
-1 1587 0 -1 396 1043 -1 1449 

207 148 46 186 233 178 15 -5 
-1 229 77 186 208 15 0 431 

192 126 38 460 534 163 11 221 
-1 217 63 354 361 199 0 393 

280 249 38 460 528 163 11 221 
-1 217 63 354 551 199 200 393 

276 246 237 450 528 246 10 218 
-1 412 63 539 551 195 195 393 

939 246 237 450 528 246 10 218 
-1 412 63 539 551 593 195 393 

1929 246 237 450 528 246 10 218 
-1 412 63 539 551 787 195 393 

2354 246 815 450 528 246 10 218 
699 407 63 539 551 1579 195 393 

3080 246 815 450 528 246 10 218 
699 407 63 539 551 1863 195 393 

3080 246 815 450 528 246 10 965 
992 407 63 539 551 1863 195 393 

3080 246 815 450 528 246 10 955 
982 407 63 539 551 1863 195 393 

3080 246 806 445 528 246 422 1545 
1572 398 63 539 551 2320 195 393 

-3 -3 -3 -3 -3 -3 79 -3 
-1 69 -1 -1 -1 -1 -1 -1 

-3 -2 -2 -3 425 987 956 -3 
-1 661 -1 399 199 896 -1 -1 

-3 -2 -2 206 425 987 956 -3 
-1 661 -1 399 1497 896 -1 -1 

155 654 -2 409 549 1112 927 132 
-1 839 -1 862 1623 887 198 577 

155 654 -2 409 549 1112 927 132 
-1 839 -1 862 1623 887 198 577 

155 647 -2 409 549 1112 927 132 
-1 839 -1 853 1623 887 198 577 

2876 218 756 575 547 682 423 1862 
3154 749 239 875 508 2575 174 1458 

-4 189 -4 -4 159 33 -4 -4 
-1 101 -1 71 9 115 -1 -1 

-4 189 -4 746 159 33 -3 496 
299 99 -1 71 9 115 -1 299 

2790 223 766 570 546 666 414 1749 
3510 734 997 1220 688 2694 551 1414 

2790 223 766 570 546 666 414 1749 
3510 734 997 1220 688 2694 551 1414 

2822 220 1004 1491 529 1277 647 1989 
3461 1802 1146 3512 674 2736 523 1721 

-3 -3 -3 75 15 10 -3 -3 
10 -1 -1 -1 -1 -1 70 14 

-3 747 -3 75 15 10 -3 -3 
10 -1 299 -1 -1 -1 70 14 

3061 4678 5402 3179 2663 2791 5196 2451 
5292 9003 6879 6792 2246 3614 2401 10805 

3061 4678 5402 3647 2663 3230 5810 3176 
5639 9003 7110 7124 2246 3577 2401 11096 

-3 -3 -4 -3 8 -3 -2 -3 
-1 15 -1 -1 -1 -1 -1 -1 

-3 -3 496 -3 307 -3 -2 -3 
-1 14 592 -1 -1 -1 587 -1 

107 618 466 330 955 723 242 -3 
196 997 568 -1 196 579 1701 -1 

107 611 466 330 955 723 242 -3 
196 997 568 -1 196 579 1701 -1 

107 1247 466 330 955 1028 242 -3 
694 997 568 599 196 579 1701 1399 

105 1634 456 330 955 1642 242 -2 
1163 997 568 587 196 573 1701 1885 

7 16 165 183 93 18 0 134 
26 132 370 10 219 9 37 45 

-3 -3 -3 -3 -3 -3 -3 418 
-1 -1 -1 153 -1 -1 -1 -1 

-3 -3 -3 -3 -3 -3 304 377 
-1 -1 -1 134 -1 -1 -1 172 

-3 1162 -3 -3 423 -3 304 623 
-1 -1 199 134 199 -1 299 665 

-3 1138 -3 -3 414 -3 304 707 
-1 -1 196 134 397 -1 295 651 

-3 1138 -3 -3 909 -3 304 707 
-1 -1 196 134 397 399 295 651 

-3 1138 -3 -3 1399 -3 304 707 
-1 -1 196 134 397 695 295 651 

-3 1126 -3 497 1718 747 800 1074 
-1 -1 196 134 793 1288 589 1435 

-3 1126 -3 497 2200 747 800 1074 
-1 -1 196 134 793 1475 589 1435 

-3 1126 -3 497 2928 747 800 1074 
-1 -1 196 134 793 1760 589 1435 

-3 1126 -3 497 2898 747 800 1074 
-1 -1 196 134 793 1742 589 1435 

-3 1114 -3 497 3369 747 791 1074 
-1 -1 196 134 785 2424 583 1435 

34 1536 516 470 3106 732 705 1989 
-1 172 365 119 2956 2482 571 1436 

34 1536 510 470 3074 1153 705 1969 
-1 172 361 119 2956 2457 1153 1436 

34 1536 510 470 3074 1351 705 1969 
-1 172 361 119 2956 2457 2441 1436 

199 1505 489 442 3859 1271 820 2735 
-1 744 532 306 2811 2554 2519 1573 

199 1505 489 442 3859 1271 820 2735 
-1 744 532 306 2811 2554 2519 1573 

196 1505 489 442 3859 1271 820 2735 
-1 744 532 306 2811 2528 2519 1573 

199 1505 484 442 3859 1243 803 2680 
-1 736 532 494 2953 2528 2493 1557 

697 1505 484 442 3859 1243 1294 2680 
199 736 532 494 2953 2528 2493 1841 

-4 -4 -4 -4 228 -1 -4 2 
-1 1 -1 -1 0 137 23 2 

-4 -4 -4 -4 228 -1 -4 2 
-1 1 -1 -1 0 137 23 2 

236 115 1608 -6 822 -3 760 742 
195 1451 1248 -1 0 728 2359 774 

-3 -3 0 -3 -3 -3 -3 -3 
-1 0 -1 -1 -1 -1 -1 -1 

-3 -3 0 -3 -3 663 -3 -3 
-1 0 399 -1 -1 -1 -1 -1 

3341 1704 4799 2441 2492 2945 2715 3452 
7871 4374 7055 3256 3827 2318 4468 3872 

3307 1704 5351 2441 3133 2945 2715 3452 
7792 4374 7384 3256 3827 2318 5023 3872 

17 -3 -3 -3 9 -3 7 -3 
-1 -1 16 -1 -1 6 -1 6 

17 184 -3 -2 8 826 7 -3 
-1 -1 908 -1 -1 5 -1 299 

738 390 195 405 7 1204 378 327 
-1 394 1218 198 -1 586 196 951 

738 390 195 405 7 1204 378 323 
-1 394 1218 198 -1 586 196 951 

738 390 195 400 506 1204 378 579 
1384 394 1218 198 499 586 196 951 

738 390 195 395 500 1204 378 1062 
2346 394 1218 198 493 586 194 951 

105 69 11 89 6 136 36 30 
35 103 89 6 323 11 7 185 

-3 -3 -3 -3 226 -3 -3 341 
-1 -1 -1 140 138 -1 -1 -1 

-3 -3 -3 -3 502 211 183 311 
-1 -1 -1 129 392 349 -1 -1 

-2 200 -3 -3 502 324 183 311 
496 299 -1 129 392 349 -1 -1 

-2 197 170 -3 491 324 183 304 
496 299 395 129 388 349 -1 -1 

-2 695 170 -3 491 324 183 304 
891 299 395 129 388 349 -1 -1 

-2 1021 170 -3 491 324 183 304 
1082 299 395 129 388 349 -1 -1 

-2 1433 170 354 491 720 183 300 
2171 299 395 526 388 349 499 -1 

-2 1627 170 850 491 720 183 300 
2649 299 395 720 388 349 499 -1 

-2 2610 170 850 491 720 183 300 
2822 299 395 720 388 349 499 -1 

-2 2583 170 850 491 720 183 300 
2793 299 395 720 388 349 499 -1 

-2 3157 170 1410 491 712 183 797 
3365 299 395 1398 388 349 493 199 

-2 3030 167 1366 563 682 640 788 
3531 287 391 1536 384 338 478 2139 

-2 2999 167 1366 563 1298 633 780 
3531 284 387 1820 1180 338 478 2117 

-2 2999 167 1366 563 1494 633 780 
3531 284 387 1820 2468 338 478 2117 

422 3144 411 2010 2188 1826 601 1051 
4015 671 1054 1930 2786 694 454 2452 

422 3144 411 2010 2188 2557 601 1051 
4015 671 1343 1930 2786 694 454 2452 

422 3144 411 2010 2188 2531 601 1051 
4015 671 1329 1930 2786 694 454 2452 

409 3050 402 1998 2157 2497 601 1030 
4052 664 1289 2068 2928 687 449 2801 

409 3050 402 1998 2944 2497 594 1030 
4211 664 1476 2068 2928 687 449 2772 

-3 -3 -3 -3 -3 -3 -3 -3 
-1 -1 -1 -1 -1 -1 -1 -1 

-3 -3 -3 -3 -3 -3 -3 -3 
-1 -1 -1 -1 -1 -1 -1 -1 

1165 413 950 482 144 1207 310 648 
4099 -1 1551 577 1902 281 2255 196 

71 96 219 -4 -4 -4 -4 405 
-1 107 -1 -1 291 -1 -1 198 

71 845 219 -4 -4 -4 -4 405 
-1 107 299 -1 291 -1 -1 198 

2228 2193 1301 2948 1845 1311 1983 737 
294 6657 6476 3362 3258 1220 1542 5595 

2228 2193 1301 2948 1845 1922 2363 737 
294 6657 6476 3828 3258 1220 1926 5595 

-3 -3 -3 -3 71 -3 -4 -3 
-1 -1 -1 -1 53 -1 -1 -1 

-3 347 -3 364 68 330 281 -2 
-1 394 299 -1 51 -1 -1 682 

491 458 402 1338 582 304 1679 -2 
-1 561 1595 290 429 393 472 1040 

491 458 402 1338 576 304 1679 -2 
-1 555 1595 290 429 393 472 1040 

491 458 402 1338 891 304 1662 -2 
-1 2349 1595 290 429 393 472 1029 

491 453 397 1324 1382 304 1645 -2 
-1 3125 1579 290 429 393 467 1018 

-2 48 164 192 5 123 493 111 
3 152 125 360 258 55 3 49 

-3 -3 -3 -3 -3 -3 -3 -3 
-1 -1 -1 -1 -1 -1 -1 -1 

-3 -3 -3 -3 277 435 160 -3 
-1 -1 383 -1 -1 -1 -1 174 

147 -3 197 -3 277 435 160 68 
199 299 383 -1 -1 199 -1 174 

145 -3 194 -3 277 435 160 125 
196 295 383 -1 -1 196 199 174 

145 -3 194 -3 277 930 160 125 
196 492 383 -1 -1 196 199 174 

145 -3 194 -3 277 1670 160 125 
196 787 383 -1 -1 196 199 174 

145 -3 194 -3 857 2069 160 125 
196 1279 383 699 -1 196 199 172 

145 -3 194 -3 857 2714 160 125 
196 1666 383 699 -1 196 199 172 

145 -3 194 -3 857 3186 160 125 
196 1849 383 699 -1 196 199 172 

145 -3 194 -3 857 3154 160 125 
196 1830 383 699 -1 196 199 172 

145 -3 194 330 848 3622 160 125 
196 2511 383 691 -1 196 199 570 

244 246 609 393 807 3200 143 203 
163 2997 353 767 585 1691 179 536 

239 246 596 889 1087 3200 143 203 
555 2967 349 767 585 1674 177 830 

239 246 596 1089 1087 3200 143 203 
1849 2967 349 767 585 1674 177 830 

227 238 1376 1035 1520 4522 137 832 
1812 3098 1108 1197 567 2645 355 1121 

227 238 1376 1035 2004 4522 137 832 
1812 3098 1108 1197 567 2645 551 1121 

227 235 1376 1035 2004 4522 137 832 
1812 3098 1096 1197 567 2645 551 1121 

-4 -4 -4 9 -4 100 615 -4 
-1 -1 -1 -1 -1 177 -1 250 

-3 -4 -3 8 5 102 619 -3 
-1 -1 195 -1 -1 175 393 250 

-3 -4 -3 507 338 102 612 -3 
-1 199 193 -1 -1 175 393 447 

-3 -3 5 -3 -3 37 -3 -3 
-1 19 -1 -1 -1 -1 -1 -1 

-3 -3 1004 -3 -3 37 -3 -3 
-1 19 -1 -1 -1 -1 199 -1 

514 -3 1593 606 -5 278 745 61 
-1 784 299 484 1852 -1 3397 -1 

388 73 -3 169 -3 -3 -3 -3 
-1 98 -1 -1 -1 62 -1 141 

388 73 -3 169 622 -3 -3 -3 
-1 98 -1 -1 -1 561 -1 141 

3825 2785 2548 2321 2717 2908 3776 2761 
3783 5385 8962 5375 1500 12708 5623 4525 

3825 2785 3189 2321 4319 2908 4404 2761 
3783 5531 8962 5375 1885 12708 5623 5230 

3825 2757 3094 2714 4484 3017 4359 2733 
4045 5531 8783 5705 1885 12455 5401 5377 

4078 3778 3254 2884 4750 3086 4272 3311 
4081 5366 8677 5941 1828 12164 5952 6092 

4078 3778 3221 2884 4750 3086 4272 3311 
4081 5312 8677 5941 1828 12164 5952 6092 

4370 3778 3844 2884 4750 3086 4272 3563 
4081 6458 8677 5941 2309 12642 6692 6092 

4326 3778 4262 2884 4750 3086 4272 3527 
4081 7293 8677 5941 2285 12515 6625 6092 

274 87 443 65 81 177 76 276 
57 460 160 79 242 259 195 129 

47 -3 -3 -3 -3 -3 -3 -3 
-1 -1 -1 8 -1 -1 -1 21 

37 -3 310 283 339 -3 -3 153 
-1 454 -1 185 177 -1 -1 19 

86 -3 310 283 478 -2 -3 153 
-1 454 199 383 177 -1 -1 19 

219 -3 310 280 473 -2 -3 153 
-1 454 195 579 177 -1 -1 218 

219 -3 310 777 473 -2 -3 153 
-1 454 393 579 177 -1 -1 218 

219 -3 310 777 801 -2 -3 153 
-1 454 393 579 177 -1 199 218 

219 -3 306 1185 1181 498 -3 776 
-1 454 1178 579 177 -1 897 715 

219 -3 306 1185 1835 498 -3 776 
-1 454 1178 579 177 -1 1288 715 

219 -3 306 1185 1816 498 -3 776 
-1 454 1178 579 177 -1 1275 715 

219 -3 306 1185 1797 498 -3 776 
-1 454 1178 579 177 -1 1262 715 

219 -3 1052 1173 2350 493 -3 776 
-1 454 1437 579 177 -1 2049 715 

502 -5 1129 1353 2188 510 45 745 
-1 572 1810 692 1897 -1 2058 1517 

502 -5 1129 1339 2449 904 45 737 
-1 766 1810 678 1897 -1 2437 1517 

502 -5 1129 1339 2449 1124 45 1354 
-1 766 1810 1171 1897 -1 3512 1517 

1268 521 1062 1312 2554 1280 44 1340 
-1 948 2282 1102 2248 485 3907 1442 

1268 1515 1062 1312 2554 1280 44 1340 
-1 948 2282 1102 2248 485 3907 1627 

1268 1499 1062 1312 2554 1280 44 1340 
-1 948 2282 1102 2248 485 3907 1610 

1255 1432 1033 1298 2510 1254 50 1335 
-1 919 2259 1278 2401 480 4227 1758 

1742 1751 1033 1298 2510 1254 50 1335 
-1 919 2259 1278 2576 480 4384 1758 

-3 -1 -3 -3 4 -3 221 -3 
-1 -1 -1 -1 -1 1 -1 132 

-3 -1 -3 -3 4 -3 221 -3 
-1 -1 -1 -1 -1 1 -1 132 

1191 1302 579 493 665 282 814 826 
2275 198 785 1256 2436 1492 278 1209 

-2 253 -4 -1 -4 -3 -4 -4 
-1 -1 80 0 0 -1 -1 -1 

-2 253 -4 -1 621 -3 -4 -4 
-1 -1 80 500 0 -1 -1 -1 

-3 -3 -3 148 148 -3 -3 -3 
-1 5 -1 -1 275 -1 -1 -1 

1612 5123 3405 2358 3255 2349 2738 1637 
3364 6709 4017 6564 6414 4683 3969 4766 

2220 5696 3405 3334 3255 2349 2738 2287 
3830 7141 4176 6564 6414 5036 3969 4766 

2175 6077 3834 3566 3222 2549 2738 2664 
3716 7935 4642 6564 6349 5331 3929 4766 

2110 5917 3757 4405 3956 2595 2688 3048 
3801 8175 4992 6245 6285 5372 3736 4730 

2110 5917 3757 4405 3956 2595 2688 3017 
3801 8175 4992 6245 6285 5372 3736 4682 

2110 5917 3757 4405 3956 3069 2661 3205 
3962 8175 4992 6182 6285 5372 3736 6035 

2612 5857 3757 4405 3916 3038 2661 3172 
4972 8175 4992 6182 6222 5318 3698 5974 

16 33 596 120 110 161 12 494 
46 838 38 161 59 114 33 256 

-3 10 -3 0 -3 -3 0 -3 
-1 0 -1 14 -1 0 -1 -1 

-3 7 -3 437 -3 -3 0 -3 
-1 0 -1 12 174 0 -1 -1 

-3 7 -3 437 -3 197 55 -3 
196 0 -1 12 372 0 -1 -1 

-3 7 80 437 -2 267 54 -3 
190 0 299 12 564 0 -1 -1 

-3 7 80 437 -2 267 553 -3 
190 0 299 211 564 0 -1 -1 

-3 7 80 437 -2 267 1297 -3 
190 0 299 508 564 0 -1 -1 

-3 7 412 932 -2 267 1784 497 
586 0 299 1887 564 200 -1 -1 

-3 7 412 932 -2 267 2266 497 
586 0 299 2168 564 200 -1 -1 

-3 7 412 932 -2 267 2993 497 
586 0 299 2446 564 200 -1 -1 

-3 7 412 932 -2 267 2963 497 
586 0 299 2421 564 200 -1 -1 

-2 7 412 932 -2 267 3433 497 
580 0 299 3096 564 200 -1 -1 

73 4 390 840 308 233 3107 461 
524 374 766 2828 705 1602 -1 -1 

73 3 390 840 304 624 3075 884 
524 1048 766 2799 697 1966 -1 -1 

73 3 390 840 304 624 3710 1048 
524 2318 766 2799 697 1966 -1 -1 

569 773 572 823 1263 617 3785 1323 
713 2527 1143 3383 1052 2107 -1 195 

569 773 572 823 1263 617 4372 1323 
713 2527 1143 3383 1052 2107 -1 693 

569 773 572 823 1263 617 4328 1323 
713 2527 1143 3383 1052 2107 -1 686 

559 759 566 807 1250 604 4241 1270 
896 2451 1131 3349 1041 2173 195 672 

1553 759 566 807 1904 604 4241 1757 
896 2451 1131 3349 1041 2451 787 672 

-4 88 89 -4 -3 -3 18 48 
-1 -1 -1 -1 -1 81 -1 113 

-4 88 89 -4 997 -3 18 48 
-1 199 -1 -1 -1 81 -1 113 

860 580 1028 2314 2996 540 875 182 
2287 1329 1552 1991 2409 1229 469 1094 

3 -3 -3 -1 -3 -3 -3 0 
-1 -1 -1 -1 -1 2 -1 1 

3 747 -3 -1 -3 -3 -3 0 
-1 -1 299 -1 -1 2 -1 1 

2813 3143 2037 1818 1632 4561 2153 3118 
3938 2084 5717 4035 6367 4571 2910 7831 

2813 3143 2037 2466 2199 4561 2153 3086 
4298 2084 5717 3994 6367 4571 2910 8452 

-3 -3 -3 -3 347 -3 -3 -3 
-1 -1 -1 -1 -1 -1 -1 131 

-3 -3 -3 197 505 347 288 -3 
788 -1 -1 -1 199 196 -1 127 

330 184 587 581 585 807 867 -3 
1143 862 196 -1 189 666 -1 1390 

330 184 587 581 585 798 867 -3 
1143 862 196 -1 189 666 -1 1390 

330 182 587 581 585 1111 867 -3 
1143 862 196 1799 189 666 -1 1390 

330 176 587 581 585 1655 858 -3 
1143 862 194 2725 189 666 -1 1390 

217 219 28 377 226 84 16 -5 
24 203 6 35 540 155 3 62 

17 35 -3 -3 -3 -3 -3 -3 
12 -1 -1 -1 -1 47 -1 -1 

15 656 -3 209 175 -3 -3 -3 
391 -1 -1 177 -1 42 -1 174 

15 1149 80 290 316 -3 247 -3 
587 199 -1 575 -1 241 199 174 

13 1137 79 419 312 -3 575 -3 
575 196 -1 746 -1 538 196 167 

512 1137 79 419 312 -3 575 -3 
575 196 -1 746 199 538 196 167 

1173 1137 79 419 312 -3 575 -3 
575 196 -1 746 597 538 196 167 

1550 1614 79 414 308 497 569 -3 
569 194 -1 1231 1291 932 194 167 

1550 1614 79 414 804 497 569 -3 
569 492 -1 1231 1291 932 194 167 

1550 1614 79 414 1295 497 569 -3 
569 787 -1 1231 1291 932 194 167 

1550 1614 79 414 1282 497 569 -3 
569 779 -1 1231 1291 932 194 167 

1550 1597 78 414 1769 883 1063 -3 
953 1171 -1 1618 1291 932 194 167 

1370 1912 152 351 1962 865 1007 -3 
853 2743 179 1975 1179 834 175 433 

1370 1892 152 351 1942 865 1184 -2 
844 2715 179 1975 1179 825 373 428 

1370 1892 152 351 1942 865 1368 -2 
844 2715 179 1975 1179 825 1469 428 

1917 2083 345 634 1828 1349 1287 -2 
1335 2581 170 2777 1132 800 1396 1283 

1917 2083 345 634 1828 1349 1774 -2 
1335 3255 170 2777 1132 800 1396 1283 

1917 2083 345 634 1828 1349 1756 -2 
1335 3222 170 2777 1132 800 1396 1283 

308 -4 -4 -4 -3 -4 -4 -4 
-1 -1 -1 -1 182 -1 -1 -1 

310 22 4 9 0 3 5 4 
195 199 196 193 559 389 397 196 

640 22 4 508 0 3 5 4 
393 199 196 193 559 389 593 196 

640 22 4 508 0 3 5 1003 
393 199 196 193 559 585 593 196 

2648 2023 998 1069 457 492 709 2515 
1445 583 2964 859 2597 1824 2221 1082 

-3 -3 -3 -3 -3 -3 -3 -3 
-1 -1 -1 -1 -1 -1 -1 -1 

497 -3 -3 -3 -3 -3 -3 -3 
-1 -1 -1 -1 -1 399 -1 -1 

1190 2541 1656 3681 2677 2591 3702 1663 
6336 5169 3473 3177 2774 9636 1427 6118 

1740 2541 1656 3681 2677 2591 3702 1663 
6336 5169 3473 3177 2774 9636 1427 6956 

38 -3 36 16 -3 -3 -3 -3 
-1 -1 -1 -1 -1 -1 -1 87 

38 738 200 15 368 -3 197 -3 
199 -1 -1 -1 484 295 399 283 

36 1034 555 496 787 296 187 -3 
490 -1 295 695 450 671 843 560 

36 1023 555 496 787 296 187 -3 
490 -1 295 695 445 671 843 560 

36 1023 555 496 787 296 854 -3 
490 -1 295 695 2240 671 1634 560 

36 1023 543 491 787 296 1331 -3 
490 -1 292 695 3117 664 1601 560 

170 77 402 17 39 4 185 471 
21 251 8 385 32 146 13 89 

-3 -3 -3 0 -3 -3 -3 -3 
-1 -1 -1 -1 -1 -1 1 -1 

-3 -3 -3 0 -3 -3 -3 307 
-1 -1 -1 -1 -1 -1 187 -1 

247 197 -3 0 -3 147 -3 307 
-1 199 -1 199 299 -1 187 -1 

244 194 44 0 -3 226 -3 307 
-1 196 -1 196 496 199 185 -1 

244 692 44 0 -3 226 -3 307 
-1 394 -1 196 496 199 185 -1 

244 1310 44 0 -3 226 -3 307 
-1 890 -1 196 496 199 185 -1 

244 1696 44 0 -3 226 -3 307 
-1 1681 -1 196 496 199 185 -1 

244 2429 44 0 -3 226 -3 307 
-1 1964 -1 196 496 199 185 -1 

244 3154 44 0 -3 226 -3 307 
-1 2244 -1 196 496 199 185 -1 

244 3122 44 0 -3 226 -3 307 
-1 2244 -1 194 496 199 185 -1 

244 3678 44 0 -3 226 497 307 
-1 2821 -1 692 491 199 185 -1 

449 3778 243 0 -3 218 519 281 
-1 3470 757 1850 471 196 177 -1 

718 3740 243 500 451 218 513 278 
-1 3435 757 1831 461 196 869 999 

718 3740 243 500 696 218 513 278 
-1 3435 757 1831 461 196 869 2389 

773 3592 557 494 681 370 972 1596 
-1 3299 911 2152 832 192 843 2565 

773 3592 557 494 681 370 972 2080 
699 3299 911 2152 832 192 843 2565 

773 3592 557 494 681 370 972 2059 
691 3299 911 2152 832 192 843 2565 

768 3494 551 489 667 358 952 2048 
866 3265 883 2130 823 570 834 2565 

768 3792 551 489 667 358 952 2667 
1257 3265 883 2130 1004 570 834 2565 

-3 -3 -3 -3 -3 -2 -3 -3 
-1 -1 -1 -1 -1 -1 -1 -1 

-3 -3 -3 -3 -3 -2 -3 -3 
-1 -1 -1 -1 -1 -1 -1 -1 

1482 1763 285 610 327 1708 1153 1258 
1761 973 774 2944 865 2326 199 2187 

111 -4 40 -3 -4 -4 -4 334 
-1 -1 97 148 120 88 -1 -1 

776 -4 40 -3 -4 -4 -4 334 
-1 -1 97 148 120 487 -1 -1 

4853 2745 3224 3473 3720 3574 2447 3133 
4756 8558 4638 6578 6944 7741 3139 6613 

4853 2745 4445 3438 3720 3574 3172 3133 
4756 8558 4591 6812 7374 8063 3139 6613 

-3 -3 2 62 185 -3 -4 -3 
-1 34 -1 4 8 64 -1 -1 

-3 -3 496 62 181 -3 -4 737 
-1 32 -1 300 607 64 399 -1 

224 -3 1084 59 525 -3 1115 865 
-1 224 484 689 880 454 946 198 

224 -3 1084 59 525 -2 1115 865 
-1 224 484 689 871 454 946 198 

224 -3 1084 59 519 256 1115 865 
-1 224 484 689 2462 454 936 198 

221 497 1486 58 519 253 1115 865 
-1 621 479 682 2462 1049 926 198 

99 122 24 143 53 155 112 83 
5 25 63 309 174 339 16 181 

-1 -1 -3 -2 38 -2 -3 109 
-1 -1 -1 -1 -1 71 52 0 

-1 -1 -3 -2 33 183 -3 410 
-1 -1 -1 -1 181 64 236 0 

75 124 -3 -2 33 183 -3 405 
-1 -1 -1 -1 181 64 433 200 

75 124 -3 -2 114 681 -3 396 
-1 -1 199 199 179 63 433 197 

75 124 -3 -2 114 681 -3 892 
-1 -1 199 199 179 262 433 197 

75 124 -3 -2 114 681 -3 1383 
-1 -1 199 199 179 459 433 197 

75 124 -3 -2 114 681 -3 1702 
-1 -1 199 199 179 1254 433 197 

75 124 -3 -2 114 681 -3 2184 
-1 -1 199 199 179 1641 433 197 

75 124 -3 -2 114 681 -3 2912 
-1 -1 199 199 179 1924 433 197 

75 124 -3 -2 114 681 -3 2882 
-1 -1 199 199 179 1904 433 197 

474 622 747 -2 114 674 -2 4068 
-1 -1 199 199 765 2384 928 490 

507 622 747 -2 417 826 -2 4068 
-1 -1 199 196 949 2384 2318 878 

501 622 1168 -2 408 826 -2 4068 
-1 599 199 194 949 2360 2318 869 

1162 622 1367 -2 408 826 -2 4068 
-1 1693 199 592 949 2360 2318 869 

1334 609 1326 116 662 777 161 3947 
-1 1626 189 762 1094 2442 2249 1404 

1334 609 1326 116 662 777 659 3947 
-1 1626 189 762 1383 2442 2249 1404 

1334 609 1326 116 662 777 652 3947 
-1 1626 189 762 1369 2442 2249 1404 

1328 602 1306 129 635 746 619 3907 
-1 1577 181 954 1341 2539 2576 1389 

1328 602 1306 129 635 746 2101 4367 
-1 1577 479 954 1527 2539 2576 1575 

-4 -3 -4 -4 48 198 -4 -3 
-1 51 -1 -1 -1 -1 -1 89 

-4 -3 -4 -4 48 198 -4 -3 
-1 51 -1 -1 -1 -1 -1 89 

573 607 388 2594 2279 1249 490 2993 
2825 2122 1425 680 2830 775 2974 2416 

-3 -2 -3 -3 0 -3 -3 -3 
-1 -1 0 -1 -1 -1 -1 -1 

747 -2 -3 -3 0 -3 -3 -3 
-1 -1 300 -1 -1 -1 -1 -1 

2594 828 868 1773 1586 1706 2973 636 
4545 3835 8902 1405 2078 3098 969 3187 

2594 828 1609 1773 1586 2249 3693 636 
4499 3835 9512 1405 2357 3098 969 3455 

-3 47 -3 -3 -3 -3 -3 5 
-1 -1 59 7 -1 -1 -1 13 

120 372 -3 -2 -2 -3 401 4 
290 -1 351 386 -1 -1 -1 12 

115 466 244 -2 -2 330 635 3 
467 198 533 552 -1 -1 -1 211 

115 466 244 -2 -2 326 635 3 
462 198 533 552 -1 -1 -1 211 

113 466 244 -2 -2 522 635 3 
1857 198 527 552 -1 -1 -1 211 

110 466 244 -2 -2 954 635 3 
2513 198 516 552 -1 -1 -1 211 

170 27 96 -4 152 16 221 301 
11 174 120 167 98 5 0 422 

-3 201 -3 -3 -3 -3 -3 -3 
-1 88 -1 -1 -1 -1 -1 -1 

-3 476 220 307 -3 181 -3 -3 
-1 79 177 164 181 -1 -1 183 

63 476 220 307 163 181 -3 108 
-1 475 375 164 181 -1 -1 183 

61 476 217 300 161 179 153 197 
-1 475 567 360 179 199 -1 179 

61 476 964 300 161 179 153 197 
-1 475 567 360 179 199 299 179 

61 476 1579 300 161 179 153 197 
-1 475 567 360 179 199 796 179 

61 476 1972 300 161 179 153 197 
-1 475 567 360 179 199 1688 179 

61 476 2618 300 161 179 153 197 
-1 475 567 360 179 199 2071 179 

61 476 2618 300 161 179 901 197 
-1 475 567 360 179 497 2071 179 

61 476 2618 300 161 179 891 197 
-1 475 567 360 179 492 2071 179 

60 476 2591 300 161 179 1453 197 
-1 475 561 360 179 1287 2071 177 

449 436 2472 268 142 719 1939 173 
-1 1013 705 322 463 2662 1727 514 

449 860 2447 265 142 704 1939 169 
699 1013 697 315 463 2635 1692 508 

449 1101 2447 265 142 704 1939 833 
1992 1013 697 315 463 2635 1692 902 

439 1036 2326 1074 133 1055 2395 1455 
1875 1002 1123 487 649 3097 1658 875 

439 1036 2326 1074 133 1055 2395 1455 
1875 1002 1123 487 649 3097 1658 875 

439 1036 2326 1074 133 1044 2395 1455 
1875 1002 1123 482 649 3097 1658 875 

438 1036 2256 1062 130 1023 2395 1440 
1856 1156 1100 467 842 3266 1658 866 

438 1036 2256 2051 628 1023 3121 1440 
1856 1156 1100 954 842 3533 1658 866 

120 -4 -4 108 -4 -4 -4 -4 
-1 34 -1 -1 172 -1 -1 -1 

120 -4 -4 108 -4 -4 -4 -4 
-1 34 -1 -1 172 -1 -1 -1 

111 547 578 785 195 787 458 929 
-1 828 2265 1241 356 581 290 1722 

-3 -3 -3 -1 -3 -3 173 -3 
-1 -1 -1 -1 -1 -1 -1 104 

-3 -3 -3 -1 -3 -3 671 -3 
-1 -1 399 -1 -1 -1 -1 104 

5456 2152 1482 3926 2253 2850 2141 1169 
1688 4453 7602 2737 2703 5203 3711 7997 

5901 2152 1467 4511 2253 2850 3119 1823 
1688 4960 7950 2737 2703 5203 3973 7997 

-3 -3 74 -3 -3 -1 -3 85 
-1 61 0 -1 -1 -1 -1 83 

-2 -3 214 -2 -3 -1 -3 772 
199 60 0 199 -1 -1 685 81 

109 -3 351 245 -3 -1 464 741 
191 258 0 196 -1 479 942 452 

109 -3 351 245 -3 -1 464 733 
191 258 0 196 -1 479 932 452 

109 -3 347 245 -3 -1 709 925 
191 258 0 196 -1 474 2401 452 

109 -3 1010 245 -2 -1 701 1401 
191 255 0 196 -1 851 3145 452 

98 184 7 160 36 95 47 22 
0 281 44 3 147 56 19 166 

-3 -3 -3 10 -3 -3 -3 -3 
-1 -1 5 -1 -1 -1 -1 4 

-3 -3 686 7 477 -3 -3 -3 
-1 -1 4 -1 351 -1 -1 191 

197 -3 679 7 477 -3 44 -3 
-1 -1 203 -1 351 -1 199 191 

197 -3 679 97 467 73 102 -3 
-1 199 400 196 347 -1 199 189 

861 -3 679 97 467 73 102 -3 
-1 199 400 196 743 -1 199 189 

1352 -3 679 97 467 73 102 -3 
-1 199 400 196 935 -1 199 189 

1727 -3 679 97 467 73 529 -3 
599 199 400 196 1609 -1 199 189 

2376 -3 679 97 467 73 529 -3 
599 199 400 196 1992 -1 199 189 

2852 -3 679 97 467 73 529 -3 
599 199 400 196 2372 -1 199 189 

2823 -3 679 97 467 73 529 -3 
599 199 400 194 2372 -1 199 189 

3294 -3 679 96 467 72 529 -3 
599 199 395 892 2348 -1 199 189 

3314 -5 1107 163 556 819 506 -5 
552 681 1117 2335 2494 -1 179 879 

3280 -5 1095 753 556 819 506 -5 
540 1274 1117 2335 2469 -1 179 870 

3280 -5 1095 1049 556 819 506 -5 
540 2661 1117 2335 2469 -1 179 870 

3195 494 1886 1195 764 978 485 191 
518 2728 1062 2198 2687 394 170 1765 

3195 494 1886 1195 764 978 485 191 
518 2728 1062 2198 2687 394 170 1765 

3163 494 1886 1195 764 978 485 191 
518 2728 1062 2198 2687 394 168 1765 

2989 468 1867 1143 741 939 462 186 
502 2758 1178 2476 2825 386 166 1695 

2989 468 2348 1143 741 939 462 684 
989 2758 1178 2476 2825 386 166 1695 

-3 -2 -3 -3 -3 270 -3 -3 
-1 -1 104 -1 -1 0 -1 -1 

-3 -2 -3 -3 -3 270 -3 -3 
-1 -1 104 -1 -1 0 -1 -1 

596 808 -7 -3 976 1405 -5 497 
1186 -1 102 691 2939 1883 983 1323 

-4 247 -4 -4 -4 -4 -4 475 
144 145 -1 -1 -1 -1 144 -1 

-4 911 -4 -4 -4 -4 -4 475 
144 145 -1 -1 -1 399 144 -1 

2118 2753 2060 5292 3409 1698 3339 4450 
7215 3723 9163 7541 3672 4741 2945 4209 

2118 2753 2060 5822 3409 1698 3339 4450 
7215 4385 9163 7541 3672 4741 2945 4209 

36 -3 96 -3 -3 -3 3 -3 
-1 23 -1 107 -1 2 -1 -1 

35 -3 906 732 -3 -3 2 413 
-1 22 596 799 -1 395 -1 -1 

366 -3 835 1633 614 -2 199 641 
-1 218 951 938 196 575 298 490 

366 -3 835 1616 614 -2 199 641 
-1 218 951 938 194 575 298 490 

366 -3 835 1799 614 -2 199 641 
-1 218 951 938 1592 575 298 485 

366 -2 835 2281 614 -2 196 641 
-1 215 951 938 2576 575 298 480 

71 6 83 228 174 275 339 24 
117 97 44 420 328 344 52 31 

-3 -3 -3 -3 -3 -3 -3 -3 
-1 -1 -1 -1 -1 -1 -1 -1 

172 177 -3 -3 -3 -3 -3 -3 
170 -1 -1 -1 -1 -1 174 -1 

229 177 -3 -3 139 -3 -2 -3 
368 199 -1 -1 -1 -1 174 -1 

221 225 93 -3 137 79 55 -3 
357 199 198 195 -1 387 168 -1 

221 889 93 -3 137 79 55 -3 
753 199 198 195 -1 387 168 -1 

221 889 93 -3 137 78 55 -3 
753 199 198 195 -1 387 168 -1 

221 2030 93 -3 137 466 55 -3 
753 199 198 691 -1 387 168 992 

221 2030 93 -3 137 1211 55 -3 
753 199 198 691 -1 387 168 1282 

221 2030 93 -3 137 1698 55 -3 
753 199 198 691 -1 387 168 1669 

221 2030 93 -3 137 1681 55 -3 
753 199 198 691 -1 387 168 1652 

218 2296 93 -3 137 2264 55 663 
753 196 198 1073 -1 387 168 2613 

199 2106 190 -4 283 2470 173 1560 
687 931 466 1129 -1 1436 151 3860 

196 2084 190 431 283 2470 371 1560 
687 931 661 1129 -1 1436 947 3745 

196 2084 190 431 283 2470 649 1560 
687 931 1954 1129 -1 1436 947 3745 

906 2062 184 1109 924 2702 1624 1696 
1053 1259 2362 1321 575 1807 1098 3723 

906 2062 184 1109 924 2702 2107 1696 
1053 1646 2362 1321 575 1807 1098 3723 

906 2062 184 1109 924 2702 2085 1696 
1053 1629 2362 1321 575 1807 1098 3723 

877 1991 197 1075 897 2674 2043 1651 
1359 1758 2487 1268 569 2323 1417 3808 

877 1991 197 1075 1388 3147 2043 1651 
1359 1758 2487 1268 569 2323 1702 3969 

-4 -4 -4 -4 -3 214 -4 84 
-1 -1 -1 102 -1 -1 -1 102 

996 -4 -4 -4 -3 214 -4 84 
199 -1 -1 102 -1 -1 -1 102 

1702 423 1309 194 314 209 -4 565 
2039 399 379 1165 790 1251 -1 685 

-3 0 -3 -3 -3 100 -3 -3 
-1 -1 -1 -1 -1 4 -1 47 

-3 0 -3 -3 -3 849 -3 -3 
-1 -1 -1 -1 -1 4 -1 346 

2162 2492 1737 1902 2534 2960 2071 3742 
1908 3984 7784 3276 3749 3321 5104 4153 

2162 2492 2947 2549 2534 3597 2071 4704 
2466 3984 8325 3276 3749 3321 5452 4153 

4 9 -3 2 -3 -4 0 -3 
-1 5 27 0 0 -1 -1 -1 

253 366 247 2 -2 -4 0 683 
199 4 323 0 685 -1 -1 299 

522 554 617 1 331 478 499 1817 
668 582 898 0 1309 293 -1 688 

522 554 617 1 331 473 499 1817 
668 582 889 0 1309 293 -1 688 

522 554 617 1 331 765 493 1817 
668 582 2752 0 1309 293 -1 688 

522 548 617 1 327 1257 488 1817 
661 582 3588 0 1309 293 -1 688 

217 24 8 350 45 268 93 34 
17 152 594 74 38 37 18 114 

-3 -3 -3 486 -3 -3 -3 -3 
-1 194 -1 -1 -1 -1 -1 -1 

211 -3 -3 438 -3 -3 -3 -3 
-1 343 -1 -1 -1 -1 -1 -1 

211 147 -3 438 -3 -3 313 -3 
-1 539 299 -1 -1 -1 199 -1 

208 145 -3 438 -3 -3 371 47 
-1 728 478 -1 -1 -1 196 -1 

208 145 -3 438 -3 -3 1117 47 
-1 728 478 -1 299 -1 196 -1 

208 145 -3 438 -3 -3 1105 47 
-1 728 478 -1 295 -1 196 -1 

705 643 -3 438 327 -3 1105 47 
399 728 773 -1 295 -1 196 499 

705 643 -3 438 823 -3 1105 47 
695 728 773 -1 295 -1 196 499 

705 643 -3 438 1314 -3 1105 47 
1088 728 773 -1 295 -1 196 499 

705 643 -3 438 1300 -3 1105 47 
1077 728 773 -1 295 -1 196 499 

697 636 -3 438 2269 -3 1105 47 
1666 728 765 -1 295 -1 196 885 

725 616 233 428 2589 -3 1071 45 
1666 713 930 398 283 196 190 2212 

717 616 233 423 2813 -3 1060 45 
1849 705 930 394 283 196 190 2189 

717 616 233 423 3045 -3 1060 45 
3030 705 930 394 283 196 190 2189 

702 738 225 410 2866 330 1437 130 
2939 1156 1184 578 277 384 178 2102 

702 738 225 410 2866 330 1437 130 
2939 1156 1184 578 277 384 178 2102 

702 738 225 405 2866 330 1437 130 
2939 1156 1184 578 274 384 178 2102 

286 0 -4 -4 -4 -4 -4 106 
-1 -1 -1 -1 0 133 127 -1 

286 0 826 -4 -4 -4 -3 106 
-1 -1 -1 -1 0 131 325 299 

694 722 236 401 2761 315 1410 130 
3247 1121 1344 749 274 751 376 1978 

694 722 236 401 2761 315 1410 1128 
3247 1121 1530 749 274 751 376 1978 

1105 700 366 1724 2947 900 1781 1443 
4156 1395 3198 1219 1343 1868 368 2294 

-3 -3 -3 -3 218 -3 2 -3 
-1 2 -1 94 -1 -1 -1 -1 

747 -3 -3 -3 218 -3 2 -3 
299 2 -1 94 -1 -1 -1 -1 

3452 2051 1677 3950 2499 3440 2190 2953 
5506 6471 4705 4180 3917 6142 5758 3829 

3452 2030 2326 3950 2499 3440 2834 2953 
5506 6471 5057 4538 3877 6142 5758 3829 

-3 -3 0 -3 -3 -3 -3 158 
-1 -1 55 -1 -1 -1 34 -1 

-3 -3 0 582 -2 -3 -3 352 
-1 -1 739 -1 -1 196 33 199 

-3 119 0 1531 -2 399 737 445 
-1 396 709 194 -1 382 228 864 

-3 119 0 1531 -2 399 737 445 
-1 396 709 194 -1 382 228 855 

-3 474 780 1515 -2 399 737 445 
399 396 701 194 199 878 228 1746 

-3 469 1246 1499 -2 399 737 445 
394 396 693 194 196 869 228 2628 

98 81 1 458 43 60 63 350 
218 164 5 104 0 196 0 216 

-3 -3 -2 -3 8 -3 0 11 
-1 -1 20 -1 1 0 -1 4 

-3 207 -2 -3 6 -3 0 195 
-1 -1 16 -1 0 271 -1 185 

40 700 98 -3 6 -3 0 195 
-1 299 16 496 0 271 -1 383 

372 685 98 -3 6 -3 0 195 
-1 299 16 496 0 468 -1 383 

372 685 847 -3 6 -3 0 195 
-1 299 16 496 300 468 -1 383 

372 685 1838 -3 6 -3 0 195 
-1 299 16 496 497 468 -1 383 

582 685 1838 -3 6 497 912 193 
-1 796 315 496 792 468 499 383 

1076 685 1838 -3 6 497 912 193 
-1 796 711 496 792 468 499 383 

1565 685 1838 -3 6 497 912 193 
-1 796 1003 496 792 468 499 383 

1549 685 1838 -3 6 497 912 193 
-1 796 992 496 792 468 499 383 

2033 685 1838 -3 6 492 902 191 
-1 796 1782 496 784 468 489 383 

1914 672 2619 -6 107 900 829 282 
174 2640 1849 799 667 598 451 529 

1914 672 2863 -6 104 890 829 279 
467 2640 1830 799 660 598 441 529 

1914 672 3024 -6 104 1506 829 279 
1262 2640 1830 799 660 598 936 529 

1801 899 3018 -5 465 1707 1103 265 
1200 2813 1757 744 1351 859 1104 513 

1801 899 3018 -5 465 1707 1103 762 
1588 2813 1757 744 1351 859 1104 513 

1801 899 3018 -5 465 1707 1103 754 
1572 2813 1757 744 1351 859 1104 513 

1739 889 2909 -2 456 1665 1091 714 
1756 2815 2426 700 1351 850 1465 492 

1739 1880 2909 -2 951 2148 1091 714 
1756 2815 2426 700 1351 1041 1465 979 

-3 314 -3 -3 -3 -3 -3 -3 
-1 -1 -1 -1 115 -1 -1 -1 

-3 314 -3 -3 -3 -3 -3 -3 
-1 -1 -1 -1 115 -1 -1 -1 

181 546 953 633 1092 -5 976 139 
569 883 491 189 1192 1367 2028 879 

110 196 81 -4 72 244 -4 397 
-1 366 100 102 83 -1 -1 143 

110 196 81 -4 72 244 746 397 
-1 366 100 102 83 299 -1 143 

2345 1809 3113 2901 3558 2236 4505 3606 
1278 9541 2722 2297 5383 9872 2098 6503 

2345 2290 3113 2901 3522 2236 4505 4169 
1278 9541 2694 2297 5383 10173 2677 6503 

23 -3 70 -3 169 -3 -3 -3 
-1 162 -1 -1 -1 0 -1 27 

22 -3 569 182 169 163 -3 330 
875 355 -1 199 -1 0 -1 26 

266 -3 1020 1321 448 491 118 920 
1183 1604 -1 883 196 200 -1 25 

263 -3 1020 1321 448 491 118 920 
1183 1604 -1 883 196 197 -1 25 

554 -3 1020 1321 448 491 118 920 
1183 1604 -1 874 196 1995 -1 25 

1027 -2 1020 1321 448 491 116 920 
1171 1604 -1 865 196 2621 -1 25 

76 28 53 34 216 18 71 25 
106 84 4 387 8 145 7 18 

-3 95 131 -3 -3 -3 -3 -3 
-1 -1 72 -1 71 0 -1 -1 

-3 299 121 -3 -3 413 225 -3 
381 -1 62 -1 59 184 181 -1 

-3 299 196 -3 -3 519 225 197 
771 -1 62 199 59 184 181 -1 

-2 299 269 -3 -3 513 257 192 
771 -1 61 397 57 380 179 -1 

-2 299 269 -3 -3 513 1004 192 
771 -1 61 397 57 380 477 -1 

-2 299 269 -3 -3 513 993 192 
771 -1 61 397 57 380 472 -1 

435 295 269 -3 -3 513 1483 192 
771 -1 760 397 57 376 1467 -1 

435 295 269 -3 -3 513 1968 192 
771 -1 760 397 57 376 1652 -1 

435 295 269 -3 -3 513 2448 192 
771 -1 760 397 57 376 1835 -1 

435 295 269 -3 -3 513 2423 192 
771 -1 760 397 57 376 1816 -1 

435 292 269 -3 -3 513 2898 192 
771 -1 760 397 57 372 2597 -1 

590 369 694 130 -6 483 2512 171 
883 563 2322 355 237 517 2659 -1 

584 939 687 130 -6 483 2512 169 
874 557 2298 1051 237 517 2632 -1 

584 1757 687 130 -6 483 2512 169 
874 557 2775 1940 237 517 2632 -1 

1016 1925 1207 458 484 478 2461 163 
1797 1033 2612 1882 229 1261 2502 -1 

1016 1925 1207 458 484 478 2461 163 
1797 1033 2612 1882 229 1261 2502 -1 

1005 1925 1207 458 484 478 2461 163 
1797 1033 2612 1882 229 1261 2476 -1 

1002 1914 1207 453 469 468 2411 161 
1979 1012 2585 1882 418 1248 2426 196 

1002 1914 1512 453 469 468 2886 161 
1979 1201 2585 1882 418 1248 2426 390 

9 -3 -3 243 -3 -3 220 61 
-1 -1 95 22 158 9 -1 -1 

9 -3 -3 243 -3 -3 220 61 
-1 -1 95 22 158 9 -1 -1 

118 1309 1138 836 727 385 820 1423 
2256 989 1263 906 648 398 685 495 

27 258 -4 -4 -4 -4 220 259 
-1 143 -1 145 95 -1 -1 25 

27 258 -4 -4 -4 -4 967 259 
-1 143 -1 145 394 -1 -1 25 

4318 2601 2350 2868 3342 2582 3419 2948 
825 7221 4521 3292 7384 4293 7028 4558 

4318 2601 2326 3439 3342 2582 4051 2948 
825 7221 4521 3292 7310 4293 7028 5461 

-3 6 -3 1 0 -3 -3 -3 
-1 -1 0 2 6 -1 -1 -1 

-3 787 -3 0 0 -3 -3 -3 
599 499 0 1 5 -1 -1 -1 

-3 1451 -3 0 0 977 -3 183 
569 677 197 0 200 681 -1 -1 

-3 1436 -3 0 0 977 -3 183 
569 670 197 0 200 681 -1 -1 

-3 1436 -2 0 0 977 297 183 
2363 670 197 0 200 681 -1 -1 

-2 1436 -2 0 0 967 856 183 
3239 670 197 0 195 681 -1 -1 

-3 302 4 -3 -3 -3 -1 -3 
-1 3 0 180 -1 2 -1 -1 

135 -4 -4 136 6 -4 -4 -4 
-1 -1 110 -1 12 -1 -1 134 

278 -4 -4 114 5 149 300 -4 
174 -1 99 -1 10 -1 193 308 

278 -4 -4 114 171 312 300 -4 
174 -1 298 199 10 -1 391 308 

278 -4 -4 112 165 377 377 -3 
172 -1 292 397 209 -1 383 304 

278 -4 -4 112 165 377 377 747 
172 -1 292 693 209 -1 383 304 

278 -4 -4 112 165 377 377 1239 
172 -1 292 886 209 -1 383 304 

278 496 -4 112 161 377 377 1956 
670 -1 292 1577 206 -1 383 600 

278 496 -4 112 1159 377 377 2236 
670 199 292 2161 206 -1 383 600 

278 496 -4 112 1159 377 377 3213 
670 199 292 2339 206 -1 383 600 

278 496 -4 112 1159 377 377 3180 
670 199 292 2315 206 -1 383 600 

775 491 -4 610 1159 377 377 3148 
1363 196 292 2315 206 199 383 593 

679 558 -6 795 1078 355 364 2961 
2401 476 258 2776 363 603 353 520 

672 552 -5 1203 1067 355 364 2961 
2376 471 255 2776 359 596 353 1114 

672 552 -5 1451 1067 355 364 2961 
2376 471 255 2776 359 596 353 2302 

651 626 762 1815 1014 340 877 3402 
2282 836 247 3281 532 778 804 2478 

651 626 762 2296 1014 340 877 3402 
2282 1327 247 3281 532 778 804 2478 

651 626 762 2273 1014 340 877 3402 
2282 1313 247 3281 532 778 804 2478 

-3 -3 156 -3 -3 114 -3 -3 
101 -1 -1 -1 99 -1 -1 -1 

-2 -3 168 -2 -2 121 4 -2 
101 196 -1 196 298 -1 -1 -1 

72 30 84 64 38 486 80 60 
20 376 263 -1 8 72 -1 23 

72 529 84 396 38 486 80 60 
219 376 263 -1 8 271 -1 23 

-3 -3 -3 -3 -3 20 -3 -3 
-1 -1 -1 -1 -1 16 -1 -1 

-3 -3 -3 -3 -3 20 -3 -3 
-1 -1 -1 -1 -1 16 -1 -1 

636 2542 1176 -5 -3 18 694 450 
485 959 683 2625 2091 1500 678 389 

-3 -3 -1 -3 35 7 2 -4 
-1 11 -1 -1 8 26 -1 -1 

-3 747 -1 -3 35 7 2 -4 
-1 11 -1 -1 8 325 -1 -1 

1465 5029 3376 3317 3913 4672 1857 2085 
5198 5560 3578 8293 6112 4983 3699 3211 

1465 5029 3376 3317 3913 4672 2421 2085 
5198 6204 3578 8293 6112 4983 3699 3211 

-3 87 -4 -3 -3 -3 -4 -3 
-1 -1 -1 79 -1 -1 -1 -1 

-3 386 -3 737 -3 -2 329 -3 
298 979 299 79 -1 -1 -1 198 

155 370 247 1181 -3 217 506 528 
280 1126 485 277 383 -1 198 776 

155 366 247 1181 -3 217 506 528 
280 1126 485 277 383 -1 198 776 

903 665 247 1181 -3 217 506 522 
280 1126 775 277 383 1699 198 776 

893 1158 247 1169 -3 217 506 516 
280 1114 759 277 383 2582 198 776 

30 16 0 11 995 23 535 26 
3 23 44 0 36 212 9 408 

5 -3 -3 -3 -3 -3 -3 -3 
-1 9 -1 -1 -1 -1 -1 -1 

3 270 520 -3 -3 -3 -3 -3 
-1 278 185 -1 -1 -1 177 -1 

3 270 764 97 -3 -3 55 -3 
-1 278 483 397 -1 -1 177 -1 

3 270 756 301 -3 145 53 73 
-1 275 778 878 199 -1 175 -1 

3 270 756 301 997 145 53 73 
199 275 778 878 199 -1 175 -1 

3 270 756 301 1487 145 53 73 
397 275 778 878 199 -1 175 -1 

502 642 756 301 1888 145 468 73 
1175 275 778 878 597 -1 673 -1 

502 642 756 301 2619 145 468 73 
1463 275 778 878 597 -1 673 -1 

502 642 756 301 3592 145 468 73 
1648 275 778 878 597 -1 673 -1 

502 642 756 301 3556 145 468 73 
1631 275 778 878 597 -1 673 -1 

502 642 756 301 3556 643 463 566 
2314 275 778 869 791 -1 673 -1 

1525 596 744 291 3427 902 513 598 
3337 469 1320 1018 953 -1 905 -1 

1509 590 729 859 3392 902 513 598 
3303 469 1306 1018 943 -1 886 799 

1509 590 729 1079 3392 902 513 598 
3303 469 1306 1018 943 -1 886 1891 

2153 1799 707 1025 3506 1723 621 557 
4055 441 2030 1571 1546 -1 825 2156 

2153 1799 707 1025 3506 1723 621 557 
4055 441 2030 1571 1546 -1 825 2156 

2153 1799 707 1025 3470 1723 621 557 
4055 441 2030 1571 1530 -1 825 2156 

2096 1780 692 1025 3366 1717 621 549 
4055 432 1969 1937 1514 196 816 2113 

2096 1780 692 1747 3366 1717 621 876 
4055 727 1969 2096 1514 196 816 2113 

-3 -3 -3 -3 -3 -3 -2 -3 
-1 -1 -1 -1 -1 0 -1 -1 

-3 -3 -3 -3 -3 -3 -2 -3 
-1 -1 -1 -1 -1 0 -1 -1 

581 288 360 497 735 162 563 941 
790 1083 2261 290 976 472 1582 981 

-4 -4 -4 337 -3 -4 -4 -4 
-1 -1 134 -1 -1 -1 -1 -1 

-4 -4 -4 1083 -3 -4 -4 -4 
-1 -1 134 -1 -1 -1 -1 299 

722 2626 3547 2677 2530 1983 5003 4467 
3594 3751 6069 5994 9698 1366 5145 6563 

722 2626 3547 3233 2530 1983 5577 4422 
3558 4413 6069 5994 10101 1366 5145 6563 

-3 15 -4 34 -3 146 93 -3 
108 -1 -1 -1 -1 138 -1 -1 

-2 14 -4 33 -2 765 515 -3 
108 -1 -1 -1 592 807 -1 -1 

562 161 -4 281 -2 1658 499 196 
105 387 790 191 568 759 -1 198 

562 161 -4 281 -2 1641 499 196 
105 387 790 191 568 751 -1 198 

562 161 -4 281 -2 1926 499 196 
105 387 790 191 568 2518 -1 198 

562 159 -4 281 -2 2453 493 194 
105 387 790 191 562 3227 -1 198 

12 3 35 343 -2 160 24 172 
12 67 39 21 69 538 17 30 

-3 86 -3 1 -3 -3 -3 -3 
-1 0 -1 74 -1 -1 -1 -1 

-3 311 -3 0 -3 -3 -3 -3 
179 0 -1 66 -1 -1 -1 -1 

-3 311 -3 0 87 382 -3 -3 
179 0 -1 365 199 -1 199 -1 

-2 447 -2 0 85 445 -2 -3 
173 195 -1 550 185 -1 187 -1 

-2 447 748 0 85 445 -2 -3 
173 195 -1 550 185 299 187 -1 

-2 447 1407 0 85 445 -2 -3 
173 195 -1 550 185 696 187 -1 

-2 447 1842 0 85 445 -2 -3 
173 195 -1 550 185 1589 187 -1 

-2 447 2323 0 85 445 -2 -3 
173 195 -1 550 185 1773 187 -1 

-2 447 3299 0 85 445 -2 -3 
173 195 -1 550 185 1955 187 -1 

-2 447 3265 0 85 445 -2 -3 
173 195 -1 550 185 1935 187 -1 

623 447 3732 0 578 445 -2 -3 
664 195 -1 550 883 2515 187 -1 

584 413 3476 -1 616 746 120 268 
1861 579 398 819 822 2320 177 -1 

578 408 3476 -1 978 746 117 268 
1842 579 398 810 1483 2320 175 -1 

578 408 3476 -1 1239 746 117 268 
1842 579 398 810 2768 2320 175 -1 

760 1578 3499 160 1357 709 512 361 
1947 1138 1074 1146 2848 2497 161 191 

