2837 1442 2380 5003 3042 3138 2986 786 
9507 5730 7555 8846 2687 1853 12496 8906 

2837 2514 2922 9033 3042 3138 2986 1512 
9507 30813 18387 8846 7405 1853 12496 8906 

2837 5976 2922 9033 3042 8085 4115 1512 
9507 30045 19055 8846 7405 3966 14497 8906 

15526 15908 14306 15163 15452 14602 16226 15375 
15155 18459 15916 16136 14914 16674 16024 18152 

50399 59334 49829 61500 48525 50318 49777 57979 
51505 60589 42487 53885 67901 49797 61274 63932 

50399 59334 49829 61500 45051 50318 51706 57979 
59207 60589 42487 53885 67901 62795 61274 63932 

11779 11779 11779 11779 11778 11778 10600 11778 
11780 11780 11779 11780 11780 11780 11780 11780 

7110 7110 7110 6399 7110 7110 7111 7109 
7110 7111 7111 7110 7110 7110 7110 7110 

1236 1234 1234 1232 1235 1109 1236 1236 
1236 1236 1237 1237 1237 1235 1236 1237 

1579 1234 1766 1232 1416 1109 2729 3304 
1236 3058 4070 1592 1236 2760 4021 4999 

61402 61402 61404 55262 61402 61404 61403 61402 
61404 61402 61403 61403 61403 61403 61403 61402 

20422 21310 20121 20180 18074 21168 22203 19917 
21680 20150 21615 20199 20103 20182 20089 20982 

20422 21310 22543 21272 18951 21168 22203 19917 
21680 20150 180846 20199 20103 35181 20089 20982 

20422 21310 22543 21546 22002 26219 22203 23273 
23782 23251 180846 25658 20103 36790 20089 20982 

38269 34743 37179 38229 34140 36995 36652 38059 
36961 37323 42901 40564 36574 35896 35110 37513 

63257 73699 78537 61274 76786 62965 77394 76312 
63020 79151 77101 78573 74197 74724 73037 79789 

71739 74600 68594 73067 76179 70563 75873 75687 
73749 79680 75650 76873 73943 75090 77296 75217 

3616 3618 3620 3619 3257 3618 3617 3618 
3620 3620 3622 3621 3622 3620 3620 3619 

79337 79337 79338 79337 79337 71403 79338 79337 
79338 79337 79338 79338 79338 79337 79338 79338 

16476 16636 14998 16774 18039 16706 16743 16413 
16204 16958 16690 17149 16420 16746 16815 16595 

16569 17087 16402 16701 18077 16706 15390 18977 
19332 18906 16690 17108 20082 18564 18772 16755 

19044 19046 19044 17137 19045 19044 19043 19046 
19046 19046 19046 19046 19045 19048 19046 19046 

1254 1393 1392 1392 1392 1392 1392 1393 
1392 1393 1392 1392 1392 1392 1393 1395 

1254 1393 7108 1392 1391 2454 5411 1393 
167417 14392 4091 1392 1392 1392 1393 18394 

1267 1393 7108 1392 2680 2454 5946 1393 
167417 14392 4091 1392 1392 3391 1378 20095 

14702 18593 17963 27004 18349 19100 20461 16979 
21410 21302 19929 21544 18298 23678 17645 20788 

65396 70054 79359 62909 65729 73363 75944 56018 
71850 78731 69715 79828 70546 73374 66542 73845 

72686 73795 77063 70532 72509 67254 77585 67774 
72678 72977 71528 80143 71941 73175 77368 72563 

63219 63219 63219 56896 63220 63220 63220 63219 
63221 63219 63220 63218 63220 63220 63220 63219 

69987 77764 77764 77763 77764 77763 77763 77763 
77764 77764 77763 77763 77763 77764 77763 77764 

75355 75126 75032 67402 75200 75045 74983 75411 
75097 75017 75155 75002 75625 74937 74973 74841 

79979 80013 81883 76345 81184 77965 79560 77507 
82020 88191 84426 83879 80167 79716 77955 92156 

82752 82752 82749 82749 82751 82751 74478 82752 
82753 82754 82755 82754 82753 82754 82753 82754 

22630 22631 22630 22632 22630 22631 20368 22631 
22630 22631 22631 22631 22631 22632 22632 22631 

27159 22631 22630 22632 22630 22631 20368 22461 
97730 22631 22631 22631 22631 22632 22632 22631 

27706 22631 23700 22631 22630 22631 20368 22461 
97730 22631 24630 22631 26083 22632 22631 22631 

31652 30528 31626 31654 32387 28872 31463 30068 
36170 32650 30822 32365 30669 30764 30378 31437 

68683 69927 76675 77669 77350 74087 82184 94066 
70428 82872 81859 92425 89649 87947 62556 87105 

79439 76827 80250 81628 79947 78486 73983 88126 
76708 84129 83167 84378 86203 89758 70971 84070 

86984 86983 86983 86983 86984 78285 86983 86984 
86984 86984 86984 86985 86984 86983 86983 86984 

1486 1486 1486 1486 1337 1486 1487 1487 
1486 1486 1487 1487 1486 1485 1486 1486 

102081 102159 102148 102762 102193 102127 102109 91974 
102099 102711 102328 102158 102159 102097 102087 102015 

102072 94262 104386 103410 102873 103042 102640 97211 
107064 106252 103511 102367 105079 105255 107279 103174 

103967 103968 103966 103963 103963 93564 103964 103967 
103965 103967 103966 103966 103967 103966 103965 103967 

6880 7644 7645 7645 7645 7645 7646 7645 
7645 7644 7645 7644 7645 7645 7646 7646 

6880 7644 8332 8057 8716 8359 9112 7645 
22645 7644 18645 10644 7645 14275 15754 10645 

6880 7644 8332 8057 10478 10898 9629 7645 
23291 7644 19616 10644 7645 15719 15754 10645 

13736 14930 13123 13695 14524 14570 15032 14411 
15158 14903 14554 16200 15726 15342 13625 13850 

45851 42047 57148 44648 48544 54576 49212 45916 
58769 41860 55143 50009 45419 56088 38790 53652 

45339 52352 54085 51176 51625 52185 50743 48168 
54755 48586 54866 51046 50117 51806 46887 52032 

55368 55365 55363 55366 49827 55361 55362 55362 
55364 55365 55367 55369 55366 55362 55363 55359 

79968 79968 71971 79969 79968 79968 79967 79969 
79968 79968 79968 79968 79969 79967 79968 79968 

64926 65538 64518 64627 64450 64699 64558 59573 
64774 66396 64312 64639 65335 65244 64495 64728 

59841 65538 68212 67535 65905 66070 64715 64372 
67898 69982 70981 71491 67081 71412 68357 68532 

68451 61604 68448 68451 68449 68448 68447 68448 
68450 68452 68450 68451 68450 68450 68451 68451 

86381 77743 86382 86382 86382 86382 86382 86382 
86382 86382 86381 86382 86381 86382 86382 86382 

86381 82760 86382 86382 86381 86382 86380 81097 
93687 113888 86381 86381 86381 86381 86382 86382 

86381 82760 86382 86382 79409 88048 87289 81097 
93687 113888 86381 86381 88380 86381 88381 88382 

90744 90749 81961 91368 91618 91772 91075 90762 
92045 93360 92516 94055 89555 91374 91067 94018 

154891 154739 145054 140356 167729 144395 160561 150263 
158025 161948 148894 146594 149479 155956 161349 163901 

154550 153794 154084 153078 161210 151384 143076 158134 
157908 161395 153315 151635 154637 154901 160976 168149 

160169 160169 160169 160169 144152 160169 160171 160169 
160170 160170 160169 160169 160170 160169 160170 160170 

165979 166300 166001 166066 166126 166126 166086 149752 
166118 166121 166042 166311 166169 166105 166177 166438 

109907 109907 109907 109907 109907 109906 109907 98916 
109907 109907 109909 109907 109906 109907 109907 109907 

110661 111737 109988 101779 111884 111891 111139 110156 
112039 114054 115523 111740 111937 116009 113989 119999 

78510 78510 78510 78510 78509 78510 78510 70658 
78509 78509 78510 78510 78511 78509 78511 78510 

112838 112840 112837 112836 112836 112836 101551 112838 
112840 112839 112839 112840 112839 112842 112838 112838 

103927 112840 112837 112836 112836 112836 102923 113770 
112840 112839 123838 113711 140838 112842 112838 112838 

95200 122840 119570 112836 114502 112836 102923 113770 
112840 112839 123838 115623 139326 116192 112838 114838 

107706 120323 120114 120051 119096 119603 118780 118877 
119515 126248 120588 120095 121381 118976 120622 119876 

158653 162479 163266 143985 175458 165667 166808 164625 
162887 163559 161750 156424 158263 175498 168731 176743 

163182 165019 165005 163145 169362 167816 168438 151015 
172488 167738 168743 160975 160432 167553 168526 168979 

170596 153536 170596 170597 170597 170597 170597 170597 
170597 170596 170596 170597 170596 170596 170598 170597 

176540 176960 176522 158911 176421 176538 176290 179165 
176414 176688 176779 177763 176799 176444 176445 176723 

73751 73752 73753 73751 73752 73751 66377 73751 
73752 73752 73752 73752 73752 73752 73752 73752 

73843 73752 73952 73751 73752 73750 68559 66693 
73752 73087 73752 73752 77562 73760 73212 73744 

66628 74029 74027 74029 74029 74031 74023 74031 
74030 74031 74031 74032 74030 74031 74031 74031 

1867 1867 1680 1868 1868 1868 1867 1867 
1867 1868 1867 1867 1867 1868 1867 1868 

2860 1867 1680 1868 1868 1868 3514 1867 
1867 30867 1867 1867 22867 1868 1867 1868 

6200 3843 1680 1681 1868 4060 3514 1867 
1867 30867 1867 4656 23577 4983 1867 1868 

8474 8113 6932 7663 7038 7314 7492 7391 
6916 10314 7782 10071 9892 8994 7375 7174 

68244 60615 65152 63169 60981 62821 68138 62856 
62215 79791 62240 66149 69515 57695 51659 61892 

68872 66423 61750 68498 65777 68915 67659 64831 
64293 71223 64083 66367 66751 62355 60422 76659 

72602 72649 72576 72728 72507 72609 65327 74268 
73016 73016 73046 72676 72465 73056 72447 72658 

82389 82394 74096 82531 82533 85543 82457 82335 
82396 82257 82429 82344 82329 83062 82763 83669 

82813 82831 82812 82810 74532 82800 82848 82814 
82818 82849 82813 82821 82807 82828 82807 82810 

78136 86592 91554 90444 82571 85888 84517 85899 
92359 100561 83107 92093 89458 93283 91984 86847 

79544 79544 79544 71589 79543 79543 79543 79544 
79544 79545 79544 79543 79544 79544 79543 79543 

90222 90221 90220 90220 90225 90226 90224 81202 
90223 90225 90223 90225 90225 90225 90225 90226 

94154 86732 90220 90220 92171 95232 96170 82770 
100202 94223 105750 113047 95460 92404 100220 101564 

94154 86732 84955 90220 92171 95232 97575 82770 
100202 94223 108197 113047 97531 92404 101415 101564 

90362 99361 98596 101126 100157 100397 98365 100008 
100901 102564 102593 105289 106504 101112 100456 100052 

136757 138221 125963 135938 138817 136758 132427 134970 
122584 159588 128304 137679 144673 132044 125244 139134 

137766 138221 125882 139236 127679 136758 133652 133726 
127137 157304 128304 137679 144673 132737 125962 149282 

139977 139977 139978 139977 125979 139977 139977 139978 
139977 139977 139978 139977 139978 139977 139978 139978 

147165 147175 147267 147280 132591 149838 147699 152992 
147189 148282 148750 147099 147126 147168 149532 147496 

77238 69515 77239 77238 77239 77237 77238 77239 
77239 77238 77238 77239 77238 77238 77239 77239 

77894 71982 77238 77238 77238 78146 77910 69514 
80254 80238 77237 78585 79666 77238 78466 79253 

166186 166185 166185 166185 166185 149566 166185 166185 
166185 166185 166186 166185 166185 166185 166186 166185 

79469 79472 71523 79476 79475 79472 79471 79471 
79472 79474 79474 79475 79474 79474 79475 79474 

79702 79472 71523 79476 80663 79472 72763 79471 
79472 79474 91473 82582 87473 96474 84581 79474 

79702 79472 71523 79476 83244 74524 74267 79471 
79472 79474 91473 85390 87473 96102 84581 82473 

85160 86302 77032 84404 86566 85469 85118 85976 
87066 87517 86193 87476 88516 87964 83710 90043 

121053 115466 111721 129851 128022 120219 133596 124163 
132950 129790 132515 121863 123864 129424 115565 137590 

124542 126714 121772 116161 127574 128287 131205 130433 
131890 132046 131373 123253 126812 125932 121736 133878 

135728 135728 135728 122155 135727 135728 135728 135729 
135728 135728 135728 135729 135729 135729 135729 135730 

148469 148554 148216 151731 148298 148584 133390 148328 
148385 148194 148280 148308 148787 148405 148290 150148 

174719 174720 174719 174719 174720 157247 174720 174720 
174720 174719 174719 174720 174719 174719 174720 174719 

159197 182504 178147 185769 181207 169837 178146 185863 
182672 187045 181145 184300 179758 183906 182330 190301 

90307 90307 90308 90308 90308 81276 90307 90308 
90308 90308 90308 90309 90308 90308 90308 90307 

182141 182141 182142 163927 182142 182142 182139 182142 
182142 182143 182144 182143 182142 182144 182144 182143 

169038 182589 182142 167276 182141 182142 182139 191160 
182142 182143 182144 246303 218142 193365 182144 188142 

169038 182589 182142 153048 182141 182142 182594 191160 
184141 182143 182143 246303 218142 193365 182657 188142 

191759 191341 191483 192582 172851 193727 190290 191124 
190816 199666 194201 193260 193433 192656 190743 192324 

227929 223775 231091 236648 226407 228214 230909 200718 
222569 232088 224187 248230 241349 229163 226234 224435 

230715 230044 230721 234521 231239 232468 230425 201852 
233349 230312 224918 236611 232557 230143 228895 229836 

234423 234422 234422 210980 234422 234422 234423 234423 
234423 234422 234422 234423 234423 234423 234425 234422 

242342 242136 243843 217923 242384 241973 242091 242118 
242170 243721 242386 242735 241924 241949 242098 242378 

168254 168256 168255 151426 168256 168254 168253 168255 
168254 168253 168260 168254 168256 168260 168254 168252 

168973 169409 172639 163103 168560 173469 155259 171441 
171747 175665 171882 171421 171579 179684 171442 177331 

171453 171453 171448 171452 154306 171450 171450 171452 
171453 171452 171452 171455 171452 171454 171454 171453 

73544 81716 81716 81716 81716 81716 81716 81716 
81716 81716 81716 81715 81716 81716 81716 81716 

69731 81716 82176 81716 81716 81939 81716 81716 
81716 81716 88716 114897 81716 84716 81716 81716 

71859 74655 82176 81716 81716 81939 82898 81716 
81716 81716 92086 114897 81716 83217 81716 81716 

89848 91023 90329 91944 79174 90398 90137 88033 
88265 94439 92655 89316 95120 88601 87953 93519 

137001 150092 146461 142313 146659 132355 142584 147042 
137461 146714 144986 137496 143871 157904 141549 156569 

139257 148823 145065 148315 146380 136724 142695 135347 
140422 149733 147124 141383 143912 155856 152833 153995 

151558 136403 151558 151559 151559 151559 151558 151559 
151559 151559 151559 151559 151559 151559 151559 151558 

159535 159632 160363 159538 159455 159546 143551 163195 
159262 159257 160036 159446 159726 160978 159488 160009 

93713 84342 93714 93714 93714 93714 93714 93714 
93714 93715 93713 93714 93714 93716 93714 93714 

97641 97575 99377 96582 97359 90742 97525 96502 
102708 101316 104937 107905 98017 99989 100002 101451 

147806 147807 147806 133025 147807 147806 147806 147807 
147806 147807 147806 147806 147807 147807 147806 147807 

101340 101339 101337 91208 101340 101343 101339 101340 
101344 101342 101341 101341 101342 101342 101341 101342 

102464 102297 101337 91208 101599 92616 101755 101794 
103438 104342 110340 103340 104341 114341 117399 101341 

102464 102297 101337 85420 101599 94412 101755 104783 
105273 104342 110567 103340 104341 114341 116779 101341 

96964 107813 108345 107307 107105 110001 106383 108239 
108169 109540 107941 111960 112111 106858 107408 110940 

165999 170783 159403 170325 168289 142413 166051 180051 
176619 173921 154357 175213 174939 168980 148064 174621 

166599 171652 167681 170176 153069 166169 168510 175642 
169754 172302 161050 171830 168609 176979 164230 173555 

174355 174355 174355 174355 174355 174354 174354 156919 
174355 174356 174355 174355 174355 174356 174354 174354 

183900 165643 183722 185159 183868 183861 184110 183890 
183810 183797 183956 183902 184106 184970 183899 183902 

148961 148961 148961 148961 134064 148960 148960 148960 
148961 148961 148960 148960 148960 148961 148960 148960 

159155 136679 152217 149150 141507 148959 149426 150019 
152586 152825 156078 152027 155999 151669 150867 148959 

152653 152654 152652 152653 152654 152653 152653 137387 
152655 152654 152655 152654 152654 152655 152655 152654 

157977 175529 175530 175530 175529 175530 175530 175529 
175529 175531 175530 175529 175529 175529 175531 175530 

160861 176511 176714 175530 176055 161858 175528 175529 
175528 178058 187530 181529 202666 183473 175531 175529 

160861 176511 176714 175530 178225 161858 159086 176153 
181175 178058 187530 181529 201952 183473 175531 175529 

179152 179872 179190 179431 180847 178250 161696 179617 
181086 178773 180249 180739 180483 182012 181388 181242 

214902 209747 211253 190409 209379 209251 220854 215998 
208092 223389 221591 208643 210908 217122 209657 210885 

214902 214988 213716 190409 213546 189689 220854 216527 
208092 222024 232186 222741 210908 216559 214187 210885 

221751 221751 221749 221759 199593 221758 221746 221747 
221752 221758 221752 221750 221775 221747 221758 221756 

205282 228053 228915 228033 228995 227955 227910 228452 
227891 228679 228276 228602 228145 228204 228140 228878 

152093 136883 152092 152093 152093 152092 152091 152091 
152091 152093 152092 152092 152092 152093 152093 152092 

152093 125970 152273 152580 152459 152891 152941 152793 
155523 152092 150570 155930 154189 152252 152697 153702 

240980 240981 240981 216883 240982 240981 240982 240982 
240981 240981 240981 240981 240982 240981 240982 240981 

153255 153253 153256 153253 137931 153253 153256 153252 
153257 153258 153255 153257 153256 153258 153258 153255 

153255 153253 153256 153253 137931 139695 153256 154252 
153257 182257 153255 153257 153256 153258 165257 153255 

153255 153253 153256 153253 137931 139695 142474 154452 
153257 182257 153255 158183 153256 153258 164156 153255 

159558 157579 141850 159154 159580 155792 157712 156642 
155646 160487 157975 156962 161213 161732 158996 157080 

198624 197883 192220 204447 205335 200653 206113 193015 
195700 214367 200141 198725 217040 208853 203940 200663 

204262 203175 202286 185235 206075 204894 205473 204288 
203091 207721 203577 206507 212839 204779 202860 204154 

212457 212704 191304 212685 212767 215498 212464 212550 
212747 214108 212529 212495 212506 212526 213075 212510 

159074 143167 159075 159075 159075 159077 159075 159075 
159076 159076 159075 159076 159075 159075 159075 159075 

199481 221459 221520 222941 222025 221547 221375 221452 
221364 222687 222056 221801 221485 221974 221287 221908 

191898 222760 223215 227308 225740 226156 224458 225333 
227016 227287 226015 224198 223810 229984 222067 234116 

159112 159112 159113 159113 143202 159113 159113 159114 
159113 159112 159112 159113 159113 159113 159113 159113 

225527 225527 225528 225525 225528 225528 225529 202975 
225529 225530 225529 225528 225530 225530 225529 225529 

225527 226527 225528 228901 225528 227330 210609 209982 
247112 225529 230602 249674 225530 225530 242100 225529 

225527 226527 225528 207677 225528 227330 213189 213694 
247290 225529 230602 249674 225530 225530 242100 225331 

207528 230060 229027 228242 230277 230226 230343 230523 
229783 229101 231469 230216 230323 230053 230212 229461 

271904 280432 283811 276820 265861 243805 279447 268414 
279035 280823 280633 269155 275045 266586 267186 280430 

275242 275352 275290 275306 275228 251030 275284 275238 
275270 275347 275316 275229 275290 277243 275240 275325 

281774 253596 281775 281773 281774 281774 281773 281773 
281774 281774 281774 281774 281775 281774 281773 281775 

165475 183860 183860 183861 183861 183860 183861 183860 
183861 183860 183861 183860 183860 183861 183860 183860 

293477 293559 293795 293464 293427 293550 264011 293391 
293429 293332 293854 293420 293623 293459 293486 293529 

265361 296838 295165 295727 294622 295352 266821 294372 
299889 298910 293854 295509 297541 297400 298359 295544 

247631 247626 247633 247639 222877 247623 247629 247635 
247625 247651 247625 247634 247626 247634 247628 247640 

294287 294287 294290 294290 294291 294289 294290 264860 
294291 294291 294291 294293 294291 294292 294291 294292 

294287 294287 267484 295750 294291 297018 294290 264860 
294291 294291 311747 351613 294291 294292 294291 294292 

295239 294287 267484 267425 294560 297018 294290 264860 
298866 294291 311747 351613 294291 294292 294291 294292 

296997 297029 296727 297491 298203 299903 298367 268657 
297140 298152 297582 298009 297564 300381 297694 298812 

346960 344809 341553 308893 341367 347957 337729 350638 
350553 352759 345027 357131 334166 344229 352940 348040 

312824 346226 345694 326439 346626 348813 341143 347928 
348327 349831 345688 353180 338296 343688 357029 347182 

349212 349290 349458 350160 349253 314223 349263 349227 
349270 349973 349151 349229 349343 349241 349318 349524 

361808 361457 361715 361298 363936 329723 365820 366225 
361452 362569 363058 361502 362568 362132 361144 366287 

163274 163274 163274 163274 163275 163274 146948 163273 
163274 163276 163274 163274 163275 163275 163275 163274 

163274 165229 163273 163898 163881 146945 150707 163969 
163604 165275 163273 166809 165272 165274 163760 163273 

163792 163792 147412 163791 163789 163791 163790 163793 
163794 163793 163794 163795 163792 163793 163794 163793 

226371 226372 226372 226373 226372 226372 226372 203735 
226372 226373 226372 226372 226371 226372 226372 226372 

227085 226372 205313 226373 226371 226372 226598 206930 
235108 226372 229372 244394 226371 226372 226372 231371 

227085 203734 208621 227781 226371 226372 229115 209643 
234128 228192 229372 244591 226371 226372 226372 230926 

228054 205852 228931 228770 229114 230072 230240 229104 
228941 231573 230665 230457 228769 230461 229678 231708 

281758 275160 293529 293692 264672 284180 286358 294007 
292645 300323 303514 282401 280279 279655 299795 295545 

260746 284657 292323 292145 289188 287542 289684 292698 
290583 296617 293802 287807 285500 281258 293601 290375 

292569 292569 292569 292569 292569 292569 292568 263311 
292569 292569 292569 292569 292568 292569 292569 292569 

300325 300650 270989 300629 300668 300559 300583 300819 
300378 300512 300785 300877 300646 300485 300445 300731 

225580 250644 250644 250644 250645 250645 250645 250644 
250645 250645 250644 250644 250646 250644 250645 250645 

233310 251759 250973 253776 252054 226873 251536 251807 
252811 252644 253758 256989 255667 252675 253830 252542 

158508 158507 158507 158507 158507 158507 142656 158507 
158507 158507 158506 158507 158507 158507 158508 158507 

251269 251273 251271 251267 226144 251268 251270 251270 
251271 251271 251272 251272 251271 251272 251274 251273 

251269 251273 251271 251267 226144 251268 229005 251270 
251271 251271 251272 251272 251271 275448 251274 288272 

251269 251273 254799 251267 234114 230756 229005 251984 
251271 251271 253271 251272 251271 272634 251274 286571 

234084 259437 258632 259171 259735 258616 259811 259634 
260780 265643 260700 258633 264102 259411 259017 259717 

309462 266991 302326 297154 307832 280259 309523 300643 
294020 307677 318896 299976 303349 306744 308457 325002 

307756 259573 304443 300734 311480 290460 308947 307011 
299893 304749 312426 302738 302533 310084 305525 318222 

279035 310039 310038 310040 310038 310038 310038 310038 
310039 310038 310039 310040 310039 310039 310039 310039 

322476 321519 321181 288707 322367 321512 321749 321141 
320693 320960 321940 321732 321196 321558 321331 322238 

150370 167078 167079 167078 167077 167077 167078 167078 
167079 167079 167078 167078 167078 167078 167078 167078 

158508 151344 169064 168520 169968 170705 169135 169089 
167440 179443 170443 175142 172924 171489 168642 169133 

183131 183131 183130 164817 183130 183131 183130 183130 
183130 183130 183131 183130 183131 183131 183130 183131 

170943 170948 170946 170952 170955 153851 170951 170951 
170957 170953 170952 170949 170951 170950 170948 170949 

170943 171573 173233 170947 162153 153851 170947 174710 
170957 199133 192702 173948 179951 170950 189321 175045 

173663 171573 173233 170947 147366 159893 170947 174710 
170957 197938 192702 173948 179951 170950 188604 175045 

177119 181373 162561 177914 180885 180730 180855 180554 
177283 185086 179485 183185 183499 180935 177601 181792 

240654 224012 207755 223959 223097 226382 231858 233104 
220869 230219 232428 236110 234477 241000 232056 235164 

238260 205457 209890 227249 224719 228893 231858 234055 
234474 228517 233201 234003 236196 240934 232056 234833 

236535 236535 236535 236534 236535 236535 212881 236534 
236535 236535 236536 236535 236534 236534 236535 236537 

223710 246624 247120 247085 249926 248986 247597 250135 
247426 246727 248224 247368 247227 250852 247840 247309 

165113 165112 165113 165113 165113 165112 148601 165112 
165112 165112 165114 165112 165113 165113 165112 165114 

166586 149488 166320 165761 166567 166695 156031 167432 
171729 166963 164837 169976 171702 167569 169874 174497 

167817 167819 167821 151037 167820 167819 167818 167821 
167821 167821 167820 167821 167822 167820 167822 167822 

359894 359893 359895 359894 359894 359893 323905 359894 
359894 359894 359894 359894 359894 359894 359894 359894 

361579 359893 359895 359894 359894 325167 323905 359894 
359894 359894 359894 359894 359894 389894 359894 382893 

361579 360559 326405 365194 360894 325167 323905 359894 
359894 361893 361894 364594 359894 389894 359894 382893 

365675 363750 362155 363793 362924 325442 361483 364432 
362963 367974 365532 364534 364849 364252 361728 363881 

409913 412364 413947 408800 408089 369266 407681 397301 
401770 418157 406710 406585 399092 411831 408810 408566 

370350 412364 413947 408800 410394 369266 407791 397301 
412829 418157 406710 406585 399092 411831 416920 408566 

409242 409243 368318 409243 409243 409243 409245 409242 
409244 409243 409243 409242 409243 409243 409243 409243 

416218 416396 374691 416162 416360 416165 416232 416152 
416284 416513 416215 416237 416334 416231 416243 416414 

299744 299746 299746 299745 299745 299745 269770 299747 
299745 299745 299744 299746 299745 299745 299745 299745 

300780 303757 301156 271096 300550 300172 290617 302616 
301982 305296 300641 302346 305691 300174 302250 302610 

183480 183480 183481 165131 183480 183480 183480 183480 
183482 183480 183480 183481 183480 183480 183481 183480 

271404 301803 301412 301714 301605 302556 301543 301439 
301587 301535 301995 302636 301628 301424 301461 301564 

276840 301822 301412 301714 272863 303371 301543 302160 
301587 301535 302072 319959 301628 304163 322475 301564 

276840 301822 301412 302610 247576 305799 301543 302160 
300714 301535 304201 320134 301628 304163 322475 301564 

302632 305600 304676 304768 305137 308165 274660 304830 
303064 305808 308115 303864 305228 305468 305224 305495 

319975 346208 341044 341437 339875 345000 340469 340344 
342638 354180 346553 345456 346368 327554 342706 351954 

334109 347059 345192 345696 339566 310496 342947 342780 
342754 348207 344085 345026 342602 336931 346654 347292 

347391 312651 347390 347390 347391 347389 347391 347391 
347391 347392 347390 347392 347391 347391 347391 347390 

355392 355375 355259 357133 355124 355156 355106 319593 
355182 355190 355089 355303 356602 355036 355196 355474 

170532 170476 153437 170392 171135 170445 170539 170400 
170455 170790 170808 170492 170598 170709 170785 170792 

170997 171198 155313 153380 171135 172418 171527 170440 
170484 172726 170950 172573 170598 172692 176974 170792 

319926 319926 287933 319927 319927 319926 319926 319926 
319926 319926 319926 319926 319926 319927 319926 319926 

170643 170645 170643 170645 170644 153578 170641 170642 
170646 170646 170643 170644 170645 170644 170644 170644 

177604 172059 170643 154759 170641 153578 170641 171640 
228450 170645 170642 170644 170645 179643 170644 170644 

177604 172059 154477 162696 193959 158617 170641 171640 
228450 173741 170642 170644 173700 183078 170743 173122 

181550 161687 180351 181712 183197 182296 181524 182226 
183152 185719 181915 184057 186309 180474 182347 182826 

226625 229858 222190 229239 248340 213178 228297 224242 
234209 223554 240736 235348 226441 238119 228307 229008 

233321 233907 207477 232730 241735 230847 232324 228055 
232598 234205 233604 236396 235699 235674 229208 233964 

239347 239318 239260 239352 239320 239279 215400 239629 
239344 239347 239431 239292 239259 239386 239313 239245 

250679 248889 248927 249193 249361 249204 248786 223843 
248443 249387 248955 248754 249251 248915 248667 249495 

246558 221902 246557 246558 246558 246558 246558 246558 
246558 246558 246558 246558 246558 246558 246558 246558 

246733 224353 246604 246557 246558 246556 247641 222280 
249257 246558 248500 246560 248558 246557 246558 246558 

166566 185095 185144 185233 185289 185142 185113 185148 
185075 185181 185213 185147 185174 185207 185124 185147 

245840 245842 245842 221258 245841 245841 245842 245842 
245843 245844 245843 245843 245844 245843 245843 245843 

245840 223715 245842 221258 246790 245841 245842 245842 
245843 245844 274842 245843 245844 260842 245843 245843 

248840 223715 245842 221258 246790 222506 245842 247270 
245843 245844 274842 245843 247843 260842 247842 248842 

249510 223210 250279 247605 250304 246941 247537 249344 
247348 252089 253276 250237 248415 250198 247895 248205 

310109 315410 316135 303869 306904 323117 286603 295771 
303366 316329 323442 300276 306334 315181 321552 325113 

313947 316793 316430 309879 314971 289015 301130 303499 
312382 317414 314377 309504 309402 315210 316463 321073 

317319 317323 317319 317321 285585 317319 317320 317319 
317318 317319 317318 317325 317319 317319 317322 317320 

327213 327286 294933 327598 327197 327025 326882 327463 
327265 327355 326938 327440 327800 327235 327347 327702 

322812 322842 322811 322818 322821 322814 322810 290534 
322812 322823 322820 322847 322813 322807 322804 322815 

322917 322842 290692 322818 322530 322814 323143 293762 
322829 322831 322819 319903 324812 322807 322805 324633 

414111 414111 414110 414111 414110 414110 372699 414111 
414110 414110 414110 414111 414111 414110 414111 414111 

319653 287688 319653 319655 319652 319652 319649 319654 
319653 319655 319655 319657 319654 319654 319655 319657 

319653 287688 319653 319655 319652 319652 290659 319654 
347821 319655 319655 319657 319654 319654 349654 319657 

319653 260030 319653 320369 319652 319652 297089 319654 
343807 319655 321655 319657 319754 319654 349654 319657 

324961 325748 324561 324021 325830 325710 293504 325074 
324804 328606 323329 326982 331213 326684 323030 326692 

369007 364478 367190 377543 374512 371852 336399 366595 
364587 381479 379790 366858 380701 373294 378322 380694 

373693 340296 370945 376665 375457 377960 361515 371487 
369145 375773 376056 372022 381264 372701 377076 378831 

377356 377329 377275 377218 377480 339535 378555 377218 
377539 377421 377258 377194 377203 377936 378655 377546 

387283 387104 348246 387113 387009 387101 387127 387038 
387156 387136 387080 386994 387252 387014 387067 387233 

188938 188939 188939 188939 170045 188938 188939 188938 
188938 188939 188939 188938 188939 188940 188938 188938 

189303 189423 170044 189129 171933 190137 188938 188937 
192775 188938 188939 190746 188938 188939 190657 189236 

352876 317589 352876 352876 352876 352876 352877 352876 
352876 352877 352876 352876 352877 352877 352876 352876 

188501 188498 188499 188501 188502 188500 169651 188498 
188502 188501 188502 188502 188501 188503 188503 188503 

188501 188498 188499 188501 188502 170913 173240 188498 
216616 188501 188502 188502 188501 211502 188503 188503 

169650 190373 188499 189534 188502 179108 173240 188498 
216616 189742 188502 188502 193300 209201 189044 188503 

194390 195283 195607 194473 196379 194481 196198 175202 
197939 196842 195612 192897 196616 196431 194032 197275 

218461 216477 199449 216100 216617 218339 219601 219575 
213741 221323 229423 223972 217035 220605 219499 216438 

219979 218695 216119 220352 200225 219474 222335 219575 
215672 226345 223518 221871 220800 220295 226576 216467 

224945 224943 202449 224944 224943 224943 224944 224943 
224944 224943 224944 224944 224943 224944 224944 224943 

235017 211662 235377 235399 236210 235285 235148 235400 
234916 235512 235204 235318 236475 235420 235199 235233 

248254 248254 248254 248254 223429 248254 248254 248254 
248254 248254 248254 248254 248254 248254 248255 248254 

225296 248653 248962 253991 226387 250262 248486 248254 
249058 253193 250802 250252 253343 254750 251411 249581 

418777 418780 418778 418779 376899 418777 418778 418780 
418778 418775 418777 418781 418778 418782 418780 418778 

248624 248624 223761 248624 248624 248626 248621 248624 
248627 248626 248626 248627 248625 248625 248625 248625 

248624 248624 223761 248624 248624 248626 250255 225951 
248627 248626 248626 248627 301624 248625 248625 281624 

248624 248624 223761 248624 248624 225430 256300 228218 
248627 248626 248626 250626 294056 248625 250788 281624 

252130 251407 253675 255128 229011 255244 253631 252673 
251373 253576 258902 253133 258463 252569 254881 257622 

309772 314361 308038 301597 299594 299267 305203 280153 
302717 322991 289647 309563 306021 307643 305271 310989 

309772 312919 311809 300645 270051 303345 305203 281098 
314549 322651 293963 309563 305578 308247 308547 310989 

312661 312662 312661 312662 281395 312662 312662 312662 
312662 312662 312663 312662 312662 312661 312662 312661 

355360 355360 319823 355360 355360 355361 355361 355359 
355361 355360 355360 355360 355361 355361 355359 355360 

326979 326386 293869 326407 326378 326242 326376 326269 
326489 326387 326541 326324 326307 326388 326414 326598 

327553 327379 281689 327283 328232 327865 328110 326244 
327776 328478 326771 329417 326381 328387 326179 329913 

325748 325744 325747 325744 293171 325745 325746 325748 
325748 325750 325750 325747 325748 325748 325749 325749 

325954 293358 325954 325953 325954 325953 325954 325954 
325953 325953 325953 325954 325954 325954 325954 325954 

325954 293358 325954 325953 325954 294888 327712 325954 
325953 325953 325953 325954 355953 357954 325954 325954 

294787 297867 325954 325953 325954 298708 327712 325954 
325953 325953 325953 324694 351846 357954 327954 325954 

327840 331839 330413 329432 329774 295423 330883 329702 
325655 332858 334313 327950 328577 334249 326890 333275 

375978 381296 368268 330233 369660 363710 375458 376751 
377297 378720 377739 368642 387510 382907 365271 373591 

345240 378285 372874 355170 374055 371504 374532 377291 
378897 372088 377143 368731 379160 376086 368574 375796 

377886 378025 378076 377832 377826 378073 378102 341204 
377866 377848 378836 378306 378076 377987 378217 378140 

381334 381206 381910 381591 343294 381449 381784 381358 
381350 381254 381671 381319 381473 381624 381442 381632 

421920 379728 421920 421920 421921 421920 421920 421920 
421920 421920 421920 421920 421921 421921 421921 421920 

424350 356569 424540 424018 424163 424316 424012 425441 
427028 427106 423841 430708 432656 421312 424501 421135 

384742 384742 346267 384741 384741 384741 384742 384741 
384741 384741 384741 384742 384741 384741 384741 384742 

422259 422261 422256 380034 422258 422258 422257 422260 
422260 422258 422261 422262 422259 422261 422259 422259 

424756 424737 380995 385381 423635 422258 422257 422260 
431602 422257 433260 434713 422259 422261 428259 422258 

424756 424737 349510 389735 423635 422258 422257 422260 
431602 422257 433260 434713 420132 422261 424023 422258 

424955 424197 422768 423583 428510 425102 424550 380884 
425360 429576 423028 423297 424123 423231 423142 430732 

459566 418606 471304 464589 464583 453968 471383 466293 
466730 468188 484306 460830 464546 475594 455063 464373 

463448 440182 425343 464566 464555 456577 472340 468515 
465423 468128 476927 473287 464802 474492 454698 461472 

468251 421426 468251 468251 468251 468251 468251 468250 
468252 468251 468251 468251 468252 468251 468252 468251 

476389 478617 428617 476309 476250 476203 476371 476259 
476504 476303 476660 476156 476284 476258 477939 476231 

326815 326807 326804 326804 326806 294125 326819 326812 
326804 326802 326804 326802 326809 326888 326806 326801 

294380 327431 327945 329145 327556 307456 327800 327484 
326820 333485 326366 325832 331607 330069 327921 326801 

211517 235019 235019 235018 235019 235018 235018 235018 
235018 235018 235018 235020 235019 235019 235018 235019 

325815 293233 325815 325814 325816 325814 325818 325813 
325817 325820 325820 325817 325818 325816 325817 325818 

327860 268578 325815 325814 325816 326414 328317 325813 
325817 325820 329958 325817 330559 334815 339516 325818 

327860 275485 328435 325814 293234 326414 328317 328287 
322093 325820 332543 325817 330084 334815 340145 325818 

327307 326547 296429 327815 327093 327756 328101 328673 
326314 328697 328374 330223 327486 331609 327421 328108 

374406 367768 335988 362984 374069 374513 371855 377641 
382919 386597 373206 374088 377808 372179 371751 365797 

375273 373977 367937 372352 375122 375268 338431 377572 
375286 377334 372881 373595 373722 373451 377467 370521 

381016 381015 381016 381016 381015 381015 381015 342915 
381015 381015 381016 381016 381016 381016 381016 381017 

388472 385568 385583 385737 385597 347019 385567 385637 
385566 385820 385569 385581 387199 385861 385572 385588 

389481 389482 389482 389481 350534 389481 389480 389481 
389481 389481 389481 389481 389482 389482 389482 389481 

352919 390876 394708 389480 358647 389427 389679 389481 
391220 391280 385586 393297 391482 393524 389481 393201 

353219 353220 353221 353220 353220 317898 353221 353220 
353220 353220 353219 353221 353221 353220 353220 353220 

388297 388297 349467 388296 388296 388298 388298 388298 
388298 388300 388300 388300 388299 388298 388298 388299 

388297 388297 354212 389151 351219 388298 388298 388298 
388298 388300 420804 390299 388299 388298 388298 388299 

388297 355048 354212 389151 351219 388298 392332 388298 
388298 391299 418889 390299 388299 388298 388298 388299 

389897 388491 388935 388509 387363 387778 388706 350190 
388831 388769 390072 391382 388002 390422 389634 390524 

423050 411524 435071 418855 386175 424417 426309 422261 
419559 433585 420890 430735 424026 430622 435384 432329 

425747 416044 433180 419079 394115 426327 388657 427436 
421309 430709 421331 427115 423907 425495 438152 433264 

427511 384760 427512 427512 427511 427512 427511 427511 
427512 427512 427512 427511 427511 427511 427511 427512 

241076 241076 241075 216968 241077 241075 241075 241075 
241076 241075 241076 241075 241075 241076 241076 241076 

438183 437464 437422 393657 437433 437464 437328 437273 
437372 437390 437381 437350 437502 437639 437291 437676 

440842 441272 440749 418693 442034 442868 442218 399708 
449595 452205 441902 438312 443680 447467 440110 448839 

379760 379760 379759 379759 379759 379759 379759 341782 
379760 379760 379759 379759 379759 379759 379759 379760 

440734 440730 440730 440735 440734 440735 396658 440735 
440733 440735 440735 440735 440734 440735 440737 440734 

440949 440730 440730 399133 442970 440735 396658 440733 
440733 440830 440735 456384 440734 440755 466523 440733 

440949 398657 440730 405929 442970 440735 404269 440733 
440733 439660 440735 452411 440734 440755 465943 440733 

440927 440833 443327 443871 440498 396578 438421 442706 
437720 447971 444303 443953 440262 443230 442233 443439 

490344 481551 478506 433151 491216 485054 492136 489338 
485448 497648 489847 487136 492301 485448 474149 491290 

490944 487618 486220 450825 489142 486233 443046 488254 
491124 487715 489892 487750 490113 495738 481620 488985 

489879 489879 489879 440891 489878 489879 489879 489878 
489880 489880 489878 489878 489879 489880 489879 489878 

497611 498486 498022 497749 497647 497585 497571 447864 
497596 497499 498426 497677 497678 497545 498016 497327 

352192 352192 352191 316973 352192 352192 352193 352192 
352192 352193 352192 352193 352192 352191 352192 352192 

353209 352192 353229 320494 352192 352501 352734 317613 
352226 355107 356084 353889 354063 356200 352192 354192 

473985 473985 473986 473985 426587 473985 473985 473985 
473985 473985 473986 473986 473985 473985 473985 473986 

350401 350402 350399 350401 350403 315361 350400 350397 
350402 350403 350402 350402 350402 350402 350405 350403 

350401 351191 350399 350401 350403 319330 350400 320023 
350402 350403 359402 350402 350402 504401 350405 350898 

351234 317738 350399 350401 350403 319330 350400 320023 
353401 350402 359402 350402 350402 504401 352483 350898 

362280 324401 361787 361265 362667 360946 359960 360718 
360336 366969 362170 360979 362868 364586 362013 365005 

383889 379830 386698 392915 353640 392100 387024 383586 
399007 394385 389050 383634 398720 383129 381041 388057 

387939 381975 353548 393703 364448 390652 388492 385889 
394363 392466 387917 389972 396629 397028 383158 386509 

391147 391146 391146 391146 391146 352031 391147 391147 
391148 391146 391146 391147 391146 391146 391146 391147 

404357 410448 404233 404677 364797 404284 404126 404316 
404063 407018 404452 404462 404243 405071 404543 404608 

384616 384675 384648 346331 384668 384686 384690 384635 
384635 384691 384673 384656 384722 384699 384606 384673 

386011 386664 390254 372215 387967 385904 349743 385192 
384635 386880 391221 387539 389195 389299 384875 391406 

384810 384810 384810 346328 384810 384810 384810 384810 
384810 384809 384810 384809 384810 384810 384811 384811 

384942 384944 384944 384943 384947 384944 384940 346447 
384948 384944 384944 384945 384945 384944 384945 384944 

400137 385302 385243 386696 393295 386072 355426 351035 
390487 417988 384944 397572 392684 387569 384945 388542 

400137 385302 385243 389512 393295 386072 327736 351035 
390487 411629 384944 397572 392684 387354 384945 388542 

390616 391045 390224 349372 388773 389949 388542 389175 
390427 390820 388946 391211 390957 391391 390114 389996 

383897 420710 421647 422437 427259 412018 424233 419973 
409671 432681 426128 422978 429077 419450 430209 422138 

400452 425252 425520 422666 426429 417039 424587 383037 
415466 430442 424743 423253 428723 423167 424301 426255 

423981 381583 423981 423981 423981 423981 423981 423981 
423981 423981 423982 423981 423981 423981 423981 423982 

430253 430471 430448 430151 430177 387475 430114 430364 
430268 430176 430110 430331 430164 430839 430329 430140 

240830 240831 240830 240831 216747 240830 240830 240830 
240830 240830 240830 240830 240831 240830 240830 240830 

243720 242445 245498 243534 228193 242196 220220 242966 
248097 247129 246549 246305 248792 243266 240960 252954 

476559 476559 476559 428904 476559 476559 476560 476559 
476561 476559 476560 476560 476559 476560 476560 476559 

244368 244370 244373 244372 244370 219934 244370 244371 
244374 244372 244372 244374 244373 244372 244372 244373 

244368 244370 244373 244372 244370 219934 222615 244371 
244374 265540 244372 244374 244373 244372 244372 277372 

219931 244370 244373 244372 244370 227827 225973 244371 
244374 263422 244372 244374 244373 245570 244372 277372 

245821 246828 246058 246670 246336 221150 244409 246395 
245838 247530 245383 245244 246789 245576 246451 247566 

260399 274664 276349 276223 273312 271743 283523 277715 
271151 291405 273968 282845 272038 277389 277413 279024 

265836 276901 278495 276951 280221 272813 258761 282051 
276477 303893 275180 280761 274598 279363 277037 283345 

254402 282668 282669 282668 282668 282669 282668 282668 
282668 282668 282668 282669 282668 282669 282669 282669 

265189 293799 291998 291831 291766 291812 291767 291798 
292020 293595 293571 292010 291777 291961 292085 292076 

494677 494677 494677 494676 494677 494677 494678 445209 
494676 494676 494677 494677 494677 494677 494677 494677 

497141 500909 496246 496260 447449 497611 499198 458409 
494676 500348 503726 498698 504515 500137 489270 502954 

389511 389512 389512 389511 389512 389512 350559 389511 
389512 389512 389511 389512 389511 389511 389511 389512 

493498 444150 493497 493497 493497 493497 493500 493497 
493501 493499 493499 493500 493500 493499 493500 493500 

493498 444150 493497 493497 493497 493497 495129 446590 
493501 493499 493499 522500 493500 493499 558499 493500 

444148 444150 494406 493497 494211 493497 495129 446590 
493501 493498 493499 522500 495499 495498 558499 493500 

495798 494684 496049 495663 495958 447087 494966 494624 
493950 494373 497436 498274 499402 495555 496283 497639 

548138 542215 542931 484942 545045 542367 549487 539762 
545794 549088 545621 542795 543372 540868 546159 569958 

548786 492013 546823 525211 549173 543702 548598 544056 
548213 548759 549788 543712 539686 544086 540718 548552 

546089 546102 491478 546091 546087 546090 546087 546083 
546086 546101 546086 546096 546092 546090 546083 546090 

555262 556894 555958 555527 556387 501198 555214 555410 
555657 554973 556344 556199 555698 556361 555265 556197 

362822 403135 403135 403135 403136 403135 403135 403135 
403135 403135 403136 403135 403135 403135 403135 403135 

330272 403134 402951 403135 403136 403134 403420 402901 
399518 403134 405135 401470 403135 403134 403129 403135 

477398 429657 477397 477398 477397 477397 477397 477397 
477397 477398 477397 477398 477397 477398 477397 477397 

399233 359311 399235 399235 399231 399234 399232 399231 
399235 399235 399235 399235 399236 399234 399235 399236 

402657 359311 361141 399235 404264 403943 399231 401539 
399235 399334 425205 399235 408340 403234 411235 401235 

402657 365036 366557 399235 363837 403943 399231 401539 
399235 399334 425205 399242 408340 401348 411235 401235 

402483 405873 401034 402924 402023 401261 361969 403016 
400544 402322 404955 404019 407067 402526 402005 402757 

437488 433610 434796 429290 394907 440534 437222 442818 
435587 437410 435479 435687 434595 443751 440875 435848 

438468 436322 435434 437738 426734 395942 436878 439193 
433622 436001 434414 434903 436835 438004 438270 441894 

394276 438070 438258 437952 438075 437953 442165 437953 
438402 437979 437965 438420 437951 439064 437978 437972 

443668 443504 448977 443597 443682 443874 443708 405131 
443558 443782 443749 443417 445622 446165 444463 444521 

427896 385106 427896 427896 427895 427896 427896 427896 
427896 427895 427896 427897 427896 427896 427896 427896 

385248 404523 430637 430513 429839 432604 429839 434093 
432340 433614 431735 435351 437069 424767 428314 434898 

390756 390753 390807 390786 351708 390753 390783 390904 
390805 390749 390831 390792 390707 390746 390773 390839 

429243 429241 429241 386320 429243 429243 429242 429243 
429246 429244 429246 429246 429244 429246 429246 429244 

433790 429241 429241 386320 429243 387582 429242 429243 
429246 429244 429246 478345 429244 429246 429246 429244 

433790 429241 429241 386320 429243 350252 429908 430354 
429246 431243 431245 478345 429244 429246 429246 427077 

432178 430994 432338 430354 387441 429856 431281 433075 
430319 433112 432142 431158 431417 436317 432637 432603 

478951 467168 470295 462974 464655 418832 465538 471641 
476539 467972 474669 458819 466329 478651 461231 467376 

474864 467483 470646 428939 468812 447831 467514 471827 
469885 470883 471319 457741 463508 471927 474110 472340 

469695 469694 469694 469695 469695 469695 422724 469695 
469696 469695 469695 469695 469696 469695 469695 469695 

479746 480526 479112 482234 431043 478979 481282 479568 
479289 480870 479781 479484 480910 479298 478746 479451 

290558 261502 290558 290558 290558 290557 290557 290558 
290558 290557 290558 290557 290557 290558 290557 290557 

435546 483939 483942 483940 483943 483948 483941 483939 
483938 483939 483941 483943 483942 483945 483942 483944 

293788 267196 291013 263863 291283 291394 290979 291050 
289353 292720 292360 290557 290947 287942 295234 295373 

483568 483567 483564 483566 483565 483566 435209 483568 
483570 483568 483569 483569 483569 483568 483567 483568 

483568 483567 438179 483566 483565 483566 435209 484568 
483570 483568 546568 483569 495568 483568 483567 483568 

485839 483567 438179 483566 437708 483566 435209 484568 
483570 483568 546568 483569 494367 486568 485566 483568 

486584 487176 484436 484742 484947 436299 482261 485758 
483921 487349 489692 486689 484983 482209 483196 492059 

531580 467219 526406 528199 519458 524748 521657 534390 
518250 535674 525310 533532 526275 529606 525892 536646 

532281 493329 529396 531637 523835 526451 523833 489100 
518215 534430 528315 530381 537073 529381 521173 533712 

527590 527590 527590 527590 527589 474830 527589 527589 
527589 527589 527590 527590 527590 527590 527591 527590 

540235 483430 537617 538424 540475 537465 537349 537456 
538604 538874 538146 538778 537559 538580 537251 538615 

553018 553018 553018 553017 553018 553017 497716 553017 
553017 553018 553018 553017 553018 553017 553017 553018 

553588 553371 554254 557494 554237 555660 520878 497531 
547323 556582 560488 554816 560529 555059 552822 553017 

397858 397860 397856 397858 397859 397860 397857 358073 
397857 397858 397859 397861 397857 397865 397856 397862 

550377 550381 550380 550379 550377 550377 550380 495340 
550378 550381 550379 550381 550380 550380 550381 550380 

552634 497044 551058 554946 550377 551737 550379 506922 
578712 545551 552378 550381 558942 552609 550381 570719 

552634 449839 551212 554946 550377 551737 551168 506922 
578878 545551 552378 550448 558942 549052 550381 570719 

493431 544638 549092 548697 548476 548546 548206 545268 
548332 548520 548330 548935 547871 546108 546600 552723 

583304 590632 594256 583070 586982 590773 522872 584066 
598588 590507 583304 600628 589214 590779 581098 596276 

588069 590548 592641 587617 588286 533593 569209 590134 
587202 583955 586660 589970 590452 590295 590222 589731 

590382 590405 590509 590440 590411 590408 590389 531356 
590431 590415 590423 590399 590432 590461 590359 590385 

442575 442575 398317 442575 442575 442575 442575 442575 
442575 442575 442575 442574 442575 442575 442575 442575 

593947 594840 595068 594291 593516 534554 594157 593951 
593769 594452 595294 594122 595487 593723 593715 593944 

535766 594676 594957 597068 594386 555866 594157 597085 
588497 601764 598947 594122 595175 588982 593975 592363 

291160 291171 291110 291294 262050 291748 291182 291222 
291361 291204 291510 291307 291246 291070 291101 291111 

589696 589701 589701 589699 589697 530730 589699 589699 
589701 589702 589701 589702 589702 589700 589702 589701 

589696 589701 533086 590660 589697 536915 589699 589699 
589701 589702 586803 589702 589702 638700 589702 604700 

590465 589701 533086 590660 589697 484473 589699 589699 
589701 591701 586803 586422 589702 638700 589702 604700 

589435 590910 587194 588585 588295 525432 589019 588818 
587024 592917 588386 588557 594500 588124 586888 591604 

635865 636558 641611 632119 573375 632895 635380 636010 
625700 637001 654064 637925 635344 631469 631364 639747 

637822 638110 637012 636775 557230 638326 637608 636897 
639817 631892 642806 636942 635489 638385 633666 637085 

640334 640334 576301 640335 640335 640334 640334 640334 
640334 640334 640335 640335 640334 640335 640335 640334 

648562 648593 648543 583849 648588 648607 648546 648645 
648532 648594 648567 648631 648549 648630 648599 648631 

399481 399504 399472 399473 399465 359531 399477 399459 
399463 399502 399473 399473 399467 399475 399460 399475 

400576 400297 400704 400374 399473 327171 400174 401293 
399521 403412 401745 398585 401534 405041 399644 401211 

397730 397732 397728 397733 357959 397734 397730 397733 
397733 397736 397734 397734 397733 397734 397734 397732 

477881 477881 477882 430093 477881 477880 477881 477881 
477881 477881 477880 477880 477881 477881 477882 477882 

480581 477881 478119 430093 431537 477880 477881 479886 
484768 503881 477880 477880 487103 477881 477882 487881 

480581 477881 430306 430093 431537 477880 478790 482225 
484768 500764 477880 477880 487103 477881 478082 487881 

476686 476434 474987 473190 474874 477700 429603 476658 
474418 475302 478187 476959 479584 477807 476859 476575 

504894 526335 534846 525389 468650 536222 526028 530034 
535400 533670 526198 532038 525349 518644 508045 533315 

525152 528385 530251 527585 513968 480143 525926 530806 
528606 531706 526666 531135 521932 522068 512266 532365 

530646 530645 530645 477580 530645 530644 530644 530645 
530646 530645 530644 530645 530645 530646 530646 530644 

533651 533795 533613 535553 533615 533611 533607 480263 
533612 533616 533615 533611 533608 533606 535085 533965 

295132 295132 265753 295129 298416 295310 295132 295093 
295091 295461 295474 295428 295092 295108 295475 296730 

266032 295324 271993 295714 298261 295287 295132 295092 
294456 300393 295474 295009 297227 295108 297444 296730 

535713 535713 535713 535714 482141 535713 535714 535714 
535714 535714 535714 535713 535713 535714 535713 535713 

293594 293597 293591 293596 293596 293595 264234 293593 
293597 293596 293596 293597 293595 293598 293597 293596 

293594 264632 293591 293596 293596 293595 268878 294841 
296713 293596 299610 293597 306495 293598 293597 299659 

293594 239418 293591 293596 293596 293595 272432 294841 
296713 293596 299610 292700 304733 293598 293597 299052 

296800 264384 294197 295039 294218 295492 294731 295345 
294091 296339 295270 294135 294376 297576 296359 294605 

334676 334806 326801 324920 301467 337076 320159 339283 
326897 335667 338050 324818 337898 335417 338908 348892 

339087 301825 326919 327699 316411 339788 326118 340583 
327484 336338 335531 332854 333763 349484 334112 337243 

337535 303783 337536 337536 337536 337536 337536 337535 
337536 337536 337536 337536 337536 337536 337536 337536 

344777 344852 344914 344833 344792 344843 344833 310371 
344799 344837 344936 344804 344847 344804 344858 344795 

396966 441074 441074 441074 441074 441075 441075 441073 
441074 441074 441074 441074 441074 441074 441074 441074 

410255 443691 442425 453367 442632 397877 442016 442096 
438824 449538 443119 443307 439520 444940 446597 444017 

406156 365541 406156 406157 406156 406157 406155 406156 
406156 406156 406156 406156 406156 406156 406157 406157 

439843 439841 395857 439842 439838 439843 439839 439842 
439845 439844 439845 439844 439843 439844 439843 439844 

439843 439841 395857 439842 439838 439843 398062 440842 
439845 439844 473844 451843 439843 439844 439843 439844 

440431 439841 356271 439842 441267 439843 398062 440842 
439845 435445 473844 451843 441842 439844 441843 439844 

395901 441275 439584 440420 439474 439637 439332 438323 
439806 444756 441262 440597 444819 439527 438119 439492 

410199 460451 466653 464806 461081 458956 465213 460440 
456187 461933 478073 478535 469015 460694 473246 461615 

421658 460451 471525 464987 461081 459481 465213 416475 
456463 462220 478073 477707 462502 478289 477022 457002 

468803 468803 468803 468804 468804 468803 468803 421923 
468804 468803 468803 468804 468803 468804 468804 468804 

477772 478364 477874 477910 429985 477984 478364 478359 
477380 477953 478256 477983 478635 477837 478049 477917 

538011 538010 538011 538011 538010 484210 538012 538011 
538011 538011 538011 538011 538011 538011 538012 538010 

643992 643993 579593 643993 643993 643994 643992 643993 
643993 643992 643993 643992 643994 643992 643993 643993 

484858 538112 538435 537742 538350 497883 538934 538566 
534250 538081 535862 540011 542737 538093 536784 539856 

641474 641475 641476 641475 577325 641471 641472 641476 
641475 641476 641476 641476 641475 641476 641476 641476 

641474 641475 641476 641475 520721 641471 643370 641476 
641475 641476 682475 641476 656060 641476 641476 641476 

577326 641475 643275 641475 520721 642971 643370 641476 
644174 641476 682475 641476 656060 644476 641476 641476 

637871 577843 640982 640971 636673 640202 639483 642044 
638695 644254 641751 643570 646920 640281 638993 641566 

691292 674097 688128 685493 693321 691042 683535 622394 
679874 695865 686679 686839 694601 691148 704877 691311 

691611 684683 689448 687499 693160 692076 687928 599592 
680588 694447 691864 681031 692802 692671 693798 682643 

688762 688762 688762 688761 688761 688759 688760 619885 
688762 688760 688761 688763 688764 688762 688763 688761 

695806 695977 695592 695653 697261 696965 626594 695598 
696129 695974 695790 696642 696711 695790 695857 695709 

410706 410706 410707 369636 410706 410707 410707 410706 
410706 410708 410707 410706 410707 410707 410706 410706 

411056 410885 410707 373742 410905 370236 410868 411705 
410705 412707 410806 412706 412230 410707 406598 412717 

531176 531176 531176 531176 531176 531177 478059 531177 
531177 531176 531176 531176 531177 531178 531176 531177 

407344 407348 407345 407346 407348 366613 407346 407349 
407348 407349 407348 407349 407349 407347 407349 407350 

368537 407348 407345 407346 407348 372105 407346 407349 
407348 407349 407348 439348 407349 407347 407349 424276 

368537 407348 407345 407346 407348 385401 407346 370364 
407276 407349 407348 439148 407349 407347 406824 424276 

409802 411854 371165 410198 410370 411661 411478 410963 
410549 412372 412782 414180 410839 411511 409582 414368 

440485 388192 427977 444111 453857 441197 444735 442384 
439522 471022 438635 446149 443991 438385 449406 440534 

441712 429520 442904 444907 447978 399963 443637 443904 
446931 454044 442047 445290 441167 435416 442421 443587 

444786 444788 400308 444786 444788 444787 444786 444787 
444787 444787 444787 444788 444788 444787 444787 444787 

410587 454806 454977 458246 455164 455079 455284 455176 
454881 455403 455571 456286 455232 455087 455020 455929 

484700 538437 542040 538594 538392 538395 538391 538394 
538392 538393 540031 538434 538819 538894 538423 538713 

510638 538477 541718 539181 538621 485067 538061 538910 
540362 535376 539391 541741 532778 535575 540355 538644 

342526 342525 342526 308273 342525 342526 342526 342526 
342525 342526 342525 342525 342526 342526 342526 342525 

534282 534282 534280 534284 534286 480855 534284 534286 
534285 534285 534286 534286 534286 534284 534285 534285 

483411 534280 537090 535296 534286 480855 537423 534286 
534285 537188 534285 534286 550285 556283 561284 537284 

443776 534280 537090 535964 534286 480855 537423 534286 
531794 538998 534285 532198 550285 556283 561284 537284 

531047 534188 535884 534594 480639 533316 535460 534148 
533696 534490 534177 535461 533348 535815 533614 535895 

515163 578421 573372 576538 568175 567335 569675 560895 
574746 580788 576015 573560 555395 576405 580407 569742 

554564 572662 574175 573335 515220 570720 571616 569739 
575173 571907 568490 574180 567308 570511 572861 571259 

514438 571599 571598 571598 571600 571598 571600 571599 
571599 571600 571600 571598 571598 571599 571599 571599 

581410 580822 582476 580823 523116 580780 580740 580535 
580858 582284 580978 581343 580707 580948 581200 581249 

534502 534502 534505 534503 481052 534502 534502 534502 
534503 534503 534504 534503 534502 534503 534502 534503 

535020 535584 536293 535447 486576 483686 535249 534362 
536522 534563 536581 536159 538318 539722 534095 540457 

475813 475813 475814 475814 475814 428231 475814 475813 
475814 475813 475813 475813 475813 475814 475814 475813 

530986 477889 530989 530989 530984 530986 530989 530986 
530990 530989 530987 530990 530991 530989 530989 530988 

530986 477889 479009 530989 530984 531947 530989 530986 
530990 530989 530987 545989 530991 530989 545989 530988 

530986 485699 479009 530989 530984 480932 530989 530986 
527679 530989 530987 546584 530991 530989 546641 530988 

528875 528043 528616 528369 530575 474977 528458 529378 
529932 531129 530534 529383 530194 527759 526911 530161 

591838 583342 600037 530270 577713 590615 589133 591525 
586772 594276 578172 599624 585349 587767 605782 592847 

591825 594865 592382 512411 579828 591237 591571 592786 
587181 593189 581743 598115 585904 588696 596767 609443 

593455 593778 593462 593735 596180 593481 534428 593712 
593589 593817 593842 593579 593757 593509 593464 594831 

542390 604676 606219 601576 601551 602454 601827 604933 
602744 603735 604069 602584 602156 603835 602048 601747 

344164 344145 344391 344234 344168 344198 309808 344224 
344271 344186 344302 344149 344269 344163 344298 344208 

345794 345356 345449 346459 345147 344836 288806 345570 
349402 346366 346997 347128 345379 349388 342226 348711 

692019 692019 692019 692020 692020 692019 622817 692019 
692019 692020 692019 692019 692018 692019 692019 692019 

344346 309910 344343 344343 344341 344345 344346 344345 
344345 344346 344347 344346 344346 344345 344346 344346 

344346 309910 346090 344343 344341 344345 344346 314304 
402345 356345 344347 344346 344346 344345 344346 354445 

344346 319341 346090 344343 344341 311339 344346 314304 
402345 354265 344347 344346 344346 344345 346345 352991 

347100 346138 347198 346919 346872 311384 347064 346277 
347783 347749 345974 347004 345892 346502 346815 346370 

346590 386180 376695 383143 377420 388116 377201 376973 
375783 381680 383801 388879 393025 375076 393632 383483 

363158 385900 379365 385327 344684 386519 384038 380877 
373604 379363 383875 385770 388833 376846 390020 388909 

383640 383641 383641 383641 345276 383641 383641 383641 
383641 383641 383641 383641 383641 383641 383641 383641 

393104 393014 392980 392817 393026 392843 393036 353700 
392985 393002 392917 393162 393003 393020 392951 393169 

479066 479095 479032 479059 479062 431137 479051 479033 
479039 479042 479083 479062 479061 479075 479084 479057 

479162 479095 479032 479059 431153 447265 479495 479027 
474248 477549 479080 474748 477327 479068 479081 479057 

407152 452391 452391 452391 452391 452391 452390 452391 
452391 452391 452391 452391 452391 452390 452390 452390 

474047 474049 426644 474049 474048 474049 474050 474046 
474050 474050 474050 474051 474050 474050 474052 474053 

430103 476109 432332 474049 474048 474643 474050 474046 
480049 476120 492216 474051 496110 482049 480311 474053 

394718 476109 432332 474049 474048 474643 474050 476521 
478054 478912 492216 474051 496110 482049 478899 474053 

423913 474046 473047 474753 474152 474349 474119 474088 
474829 472460 475220 472363 475661 474716 474384 473318 

455320 517229 514462 528470 516333 512057 515848 502385 
527362 516540 518625 501834 519169 514615 513110 521517 

484468 518602 515888 522812 468136 513809 516194 509240 
513994 512552 517566 506267 525145 513606 521302 528776 

517630 517629 517629 465867 517629 517629 517629 517629 
517630 517630 517629 517629 517629 517629 517630 517629 

525928 473319 526137 526684 525985 526786 526121 526153 
525921 525942 525805 525930 526858 526034 526182 526836 

693381 693372 693373 693374 693375 693440 693372 624031 
693383 693372 693394 693373 693385 693382 693380 693375 

696762 696260 700143 693208 693891 695050 626053 667950 
687275 692737 699378 693460 708625 697478 693728 698568 

577982 577982 577982 577982 577982 577983 520184 577983 
577982 577982 577982 577982 577982 577982 577982 577982 

691488 691489 691493 691491 691489 691491 622342 691486 
691492 691491 691493 691495 691490 691494 691491 691492 

691488 693791 691649 691491 691489 691491 561451 691486 
691492 694585 691493 702579 691490 691494 691491 703391 

693038 694924 625869 691491 691489 693963 561451 691486 
691492 694585 691493 703469 691490 696209 694721 704434 

619172 687706 686573 687233 688267 687003 685330 686742 
686823 688625 685449 685503 688244 687070 688250 688726 

745886 738889 751467 757728 736791 668185 736561 752848 
740818 761160 751075 749521 734944 737661 733739 753664 

748894 740652 750110 756944 669003 691523 739421 751393 
741521 753244 750717 750342 738471 746205 731678 747587 

744399 744399 744400 744399 744399 744399 744399 669959 
744399 744399 744400 744399 744400 744399 744399 744399 

749329 751773 750620 749585 749173 750142 749601 675097 
749115 750483 750418 749529 749516 750026 749021 750607 

600049 600049 600049 600048 600049 600049 540045 600049 
600048 600049 600049 600049 600049 600049 600049 600049 

408698 454109 454109 454108 454109 454108 454108 454109 
454109 454108 454108 454109 454109 454110 454110 454109 

541246 600956 601694 605186 601928 601675 558156 601525 
606524 602215 604235 603461 599728 603457 602232 607259 

452795 452793 452796 452792 452794 452792 407515 452794 
452796 452795 452795 452796 452797 452795 452797 452795 

452795 414544 452796 452792 452794 452792 411589 452794 
452796 452795 452795 452796 474732 624021 452797 452795 

452795 385771 452796 470823 452794 454458 418027 470647 
452796 451458 452795 450675 474538 596187 452797 451643 

463056 414784 461829 463520 462012 460330 462164 462290 
462902 462396 464113 462012 462441 468966 459618 464484 

510525 481598 494211 442360 495464 491621 495874 498646 
482460 493642 508291 501607 500754 500096 495755 494603 

508424 485841 494929 459750 495729 493384 501179 452773 
499041 508189 496413 499872 497800 499751 491238 495416 

447145 496828 496828 496828 496829 496828 496829 496828 
496828 496829 496828 496829 496828 496828 496828 496828 

506730 456036 506815 507039 506829 506740 508966 506957 
507018 508394 507097 506790 506784 506984 507347 506880 

583057 583058 583057 583057 524752 583056 583058 583058 
583057 583057 583057 583058 583058 583059 583058 583057 

524392 583229 583472 583632 541821 583055 583033 583100 
585057 584221 583056 583041 585023 584708 582316 580444 

389966 389966 350969 389966 389965 389965 389965 389965 
389965 389966 389967 389965 389966 389966 389965 389965 

578289 578289 520459 578292 578293 578293 578289 578289 
578292 578291 578292 578291 578293 578293 578293 578292 

578289 578289 520459 521474 578293 578293 580116 578289 
596292 578291 578292 578291 578293 616292 578293 578292 

578289 579443 520459 528584 578293 578293 581497 523278 
596292 582181 574610 578291 578293 616292 581292 581474 

522389 580668 579343 578586 580951 580152 579713 578542 
577016 579250 583081 582627 583410 579048 579191 585000 

600493 620927 613952 617381 549256 609681 612078 620517 
599423 620580 609822 614317 633752 604898 630189 621138 

607949 620138 553302 618392 581622 611830 611006 619831 
602905 616987 604465 613632 626276 610105 623183 619764 

617291 617279 555514 617325 617281 617291 617489 617287 
617268 617339 617286 617375 617267 617344 617359 617229 

630268 563079 627361 627379 630409 626055 625116 626056 
626212 626508 628154 626576 629272 626630 626224 625611 

523081 523081 523081 523081 470773 523082 523081 523081 
523081 523081 523081 523081 523081 523081 523081 523082 

523081 523644 533526 524409 439192 523136 524814 523438 
521092 526881 516298 526216 523189 526471 529939 526979 

601033 600525 600587 600439 600567 600373 600472 540435 
600420 600802 600598 600471 600677 600465 600850 600453 

521545 521543 521545 469390 521544 521547 521548 521546 
521547 521547 521549 521547 521547 521546 521547 521548 

521545 522916 524045 469390 522606 522696 473388 521546 
524547 531246 559970 521698 523605 521546 521547 538547 

521545 522916 524045 469390 522606 527090 436897 523425 
524547 527460 558127 519850 523605 523661 521547 538547 

521676 519768 520787 519923 520387 469712 519254 520666 
519667 521300 522786 521096 522094 521442 520034 522029 

517499 564311 570240 560488 554812 567120 570027 569847 
562708 562787 569294 564984 564530 596781 553368 567559 

554058 510772 567909 563680 567342 566699 568494 568958 
565547 568065 567808 566906 568106 577096 563826 563622 

512595 569531 569525 569491 569539 570671 569597 569619 
569346 569503 570016 569614 569517 569735 569520 569782 

579002 519005 576616 576985 576721 577051 576939 576905 
577202 578254 577171 576756 576861 577068 576670 576828 

389227 389235 389253 389235 389241 389237 389230 350308 
389236 389245 389228 389235 389230 389240 389228 389236 

351228 393676 392836 391066 390956 391141 391263 378555 
390747 399139 397517 391052 392987 395764 391251 394985 

745542 745542 745542 745541 745541 670987 745542 745542 
745542 745541 745542 745542 745542 745542 745541 745542 

390637 390636 390638 390639 351571 390637 390636 390637 
390639 390640 390639 390638 390640 390638 390639 390638 

391172 395218 395138 397279 327968 392380 390636 391225 
435218 387731 390639 398069 400963 392637 393833 393931 

391172 395218 395138 397279 335663 392380 355360 392125 
435218 383754 392638 398069 400963 392637 395711 395660 

397166 395697 397151 398196 393662 395405 396066 356078 
394451 403408 397411 397405 396949 394211 394443 397439 

450458 457687 451374 442018 440699 447509 392739 457041 
442107 453061 460694 448097 441430 455802 457406 451118 

452098 453877 451229 450883 402215 447570 433514 453737 
448077 458851 450408 449702 444314 452440 450423 454105 

453883 453883 453883 453884 453882 453883 453883 408494 
453884 453884 453884 453883 453883 453884 453883 453883 

466329 466102 466086 419834 465972 466191 466246 466377 
466177 466326 466301 466114 466531 466248 466185 466629 

600711 540640 600711 600712 600711 600711 600711 600712 
600711 600712 600712 600712 600711 600712 600711 600711 

601779 521668 604425 604600 604030 604298 603494 602210 
602787 608415 605064 603054 608526 611845 601834 602875 

503267 503267 452941 503267 503268 503268 503268 503268 
503268 503268 503268 503267 503267 503267 503268 503267 

601433 601436 541292 601435 601434 601433 601434 601434 
601436 601435 601437 601436 601439 601436 601437 601436 

541524 601436 556680 601435 602818 601814 601434 601434 
732206 601435 604183 601436 616438 601436 601437 601436 

541524 601436 561869 601435 602818 614131 603100 541290 
708131 601435 604183 601435 616438 601436 601437 603473 

602788 547444 606087 607631 605987 609389 606979 606277 
606067 606786 610161 609798 608450 607465 603155 609545 

640712 639033 633581 646155 642545 639578 592072 639139 
628979 652295 641203 658908 648582 632453 635586 644140 

642688 580185 636279 644144 639921 640966 610267 642259 
634715 662095 640151 648505 648302 637346 633474 642774 

643495 643494 643494 643494 643494 643494 643494 579144 
643494 643494 643494 643494 643495 643494 643495 643494 

650155 650082 650193 650165 585286 650156 650070 650498 
650055 650228 650177 650209 650179 650332 650132 650243 

749383 749164 749335 749163 678297 749194 749198 749325 
749164 750642 749170 749501 749616 749203 749167 749163 

674425 749143 749375 749371 697725 749391 749489 749325 
745095 752380 744100 749484 749488 753035 744709 752165 

623052 560747 623052 623052 623052 623053 623052 623052 
623051 623053 623053 623052 623053 623053 623053 623052 

742060 742060 742059 742057 742060 742058 667850 742060 
742061 742061 742060 742061 742060 742062 742062 742060 

742060 742060 742059 742057 742060 669310 676937 742060 
742061 742061 742060 742061 742060 770061 764640 742060 

742060 742893 669853 742057 742060 677835 686957 742514 
742061 744060 737785 744060 742060 770061 764381 737547 

738142 737572 662912 737411 737107 735104 735976 738218 
736366 738053 737569 738924 741327 737769 737341 738660 

792952 785380 706291 774900 788122 784482 781900 778193 
785554 798615 775149 784312 774512 781387 775659 797005 

792952 784611 713223 777266 787736 787842 781900 703265 
796511 797428 780060 776509 777509 781387 775582 797005 

703198 781332 781333 781333 781333 781334 781333 781333 
781332 781332 781333 781333 781332 781333 781333 781333 

574746 574746 517272 574747 574747 574746 574746 574746 
574746 574746 574746 574746 574747 574747 574747 574746 

786153 705276 783720 783838 783755 785291 786029 783708 
783379 783472 786206 785085 784412 784403 784754 783962 

708676 742601 784389 783819 783748 785519 786448 786525 
773306 778973 794057 789887 786322 786276 786922 790698 

779230 701309 779229 779231 779229 779233 779226 779230 
779231 779233 779232 779232 779232 779233 779235 779232 

455430 506299 506122 506153 506057 506159 506168 506107 
506142 506104 506314 506116 506162 506048 505965 506207 

455430 506299 506122 506153 457286 506159 506168 507497 
506142 506104 506314 506116 535151 524053 505965 506207 

455430 506299 506122 506153 457286 507407 457634 507497 
506375 506104 508299 506116 535151 524263 505965 506207 

504101 452892 504075 504116 502494 503733 501255 503612 
504698 504047 504450 507840 503211 503472 502936 505442 

563603 548079 560402 552675 553120 539904 554379 496292 
552798 556021 558151 547805 560827 545900 558915 566678 

556634 555140 555647 553912 555345 550817 501151 542381 
555141 549993 554192 554362 555571 554035 553524 556728 

556608 556609 556608 500947 556608 556608 556607 556608 
556608 556608 556608 556608 556609 556608 556609 556608 

564838 564659 564733 565027 564971 564745 564789 508219 
564692 565244 564861 564891 564773 564670 564755 564808 

623355 623355 623356 623356 623355 561020 623356 623355 
623357 623356 623356 623356 623355 623357 623355 623356 

562466 623818 626213 625209 631431 578901 624365 624574 
626464 629840 628409 619565 630416 623740 627375 626205 

464074 417666 464074 464073 464074 464073 464074 464076 
464074 464073 464074 464073 464074 464073 464074 464074 

621176 621179 621179 559060 621180 621183 621179 621176 
621179 621181 621181 621181 621182 621181 621180 621180 

621176 560002 622552 559060 621326 621183 621912 622124 
624269 624180 628208 629180 623181 632180 621180 632179 

621176 560002 622552 559060 621326 622911 562992 622124 
624269 626953 629756 629180 623181 632180 621180 633079 

618554 615947 616413 616555 619078 617411 554357 617623 
616432 620223 617326 619872 623395 616717 616496 616924 

659052 586062 654552 655182 652789 664181 670840 656783 
656849 664577 655445 669076 649531 669888 657295 662680 

661060 616268 656350 657770 591608 662408 665927 658975 
657921 666207 648740 662437 650876 669108 663174 660677 

658794 658794 658794 592915 658795 658794 658793 658793 
658794 658794 658794 658795 658795 658794 658794 658794 

667919 599408 665743 665598 667650 666246 666449 665924 
665857 667476 667383 666585 666519 666422 666103 665952 

703812 782013 782013 782013 782013 782012 782013 782013 
782012 782013 782013 782014 782013 782013 782013 782013 

745710 781181 784288 781631 780488 705429 782185 782013 
785872 779529 776506 780193 780144 778581 785149 783808 

645977 645976 645976 581378 645976 645977 645977 645976 
645976 645976 645976 645976 645976 645977 645976 645977 

777369 777367 777369 699633 777372 777369 777367 777371 
777371 777372 777372 777370 777372 777373 777372 777371 

777369 778667 777369 631869 777372 777369 777367 777371 
777371 777372 777372 777370 777372 802599 777372 790370 

778035 778667 777369 631869 777371 702132 777367 777371 
779370 777372 777372 779369 777372 802599 777372 790370 

771979 770881 770428 687756 768313 763367 768911 770878 
767315 767686 767814 765918 771695 770398 766591 775296 

803273 797533 720226 793957 793603 802685 801371 801065 
811133 814522 791096 808642 803057 801581 795339 801070 

801391 801184 759627 800773 721425 806356 802936 802198 
798838 801915 798163 804515 807477 802413 800387 802297 

719522 799320 799474 802585 799578 799364 799315 799621 
799316 799375 799643 799279 800611 799501 799292 799620 

808142 806268 806510 806501 726054 807573 806394 806678 
806910 807225 806743 807120 806213 807822 806489 806564 

466357 466357 466356 419721 466356 466356 466357 466356 
466357 466356 466357 466357 466358 466357 466357 466357 

467043 466634 466299 390320 466356 466886 467365 467544 
469386 462198 466403 463090 461694 470208 472084 466356 

571953 571953 571954 571953 571953 514757 571952 571953 
571953 571953 571953 571953 571953 571953 571953 571953 

463290 463287 463290 463286 416960 463291 463288 463287 
463291 463292 463290 463290 463291 463291 463291 463292 

420185 463287 463290 463286 416960 463291 463288 463287 
463291 463292 493478 498290 463291 463291 463291 463292 

385671 464056 463290 463286 416960 463291 463288 468453 
466290 463292 492458 492479 461536 463291 463291 463292 

462665 463437 418964 465612 460450 463594 461648 463840 
461912 466607 466957 465458 465686 467581 464258 465499 

511340 512116 500547 519002 502256 465138 509693 518115 
508233 510558 515607 517029 497104 516598 533450 514989 

461672 512408 511519 517364 508719 503707 510374 515134 
512460 509998 510737 513222 504640 514165 519742 512142 

516229 516229 516230 464606 516229 516229 516229 516229 
516230 516230 516230 516229 516229 516229 516229 516230 

561600 505440 561600 561600 561600 561601 561601 561600 
561600 561600 561600 561601 561600 561600 561600 561600 

581381 645977 645978 645977 645977 645977 645978 645978 
645978 645978 645977 645978 645978 645977 645978 645978 

526109 525852 525717 525715 528534 525365 473502 525354 
525382 527192 526661 525747 525370 525861 525675 526977 

603581 645977 645977 645977 645977 645750 581380 645962 
636118 645978 645976 645977 639232 645976 645977 645976 

523267 523270 523267 523269 523270 470944 523270 523272 
523271 523271 523274 523272 523273 523270 523272 523271 

523267 523270 474180 523269 523270 470944 525034 523272 
559270 523271 523274 523272 523273 650269 523272 523271 

523258 523270 474180 524719 523936 425278 525034 523272 
559270 523271 523274 520039 525071 650269 526271 523271 

476979 533780 533468 530754 531083 528233 532500 529962 
529548 534471 532385 531171 532877 533425 527879 538615 

577648 580018 569459 511345 579966 558215 572179 566277 
563110 568251 590152 588937 574720 586700 566327 581322 

576829 582728 572632 531874 575297 570628 577063 513916 
570838 565582 577340 588512 574259 577389 570166 596560 

575488 517939 575488 575488 575488 575489 575488 575488 
575488 575489 575489 575489 575488 575488 575488 575488 

581600 582076 581619 523388 581518 581479 582172 581470 
581578 581401 581618 581802 581570 582091 581783 581768 

570980 570980 513882 570980 570980 570981 570980 570980 
570979 570980 570981 570980 570980 570981 570981 570980 

576841 571694 478176 575934 574492 573816 572082 572540 
571486 579533 571454 575407 576455 577961 573297 572313 

512107 569014 569008 569014 569010 569009 569008 569013 
569010 569012 569012 569013 569014 569011 569013 569014 

663613 663613 663613 663613 663613 597252 663613 663613 
663613 663613 663613 663613 663613 663613 663613 663613 

601251 663613 663613 663613 663613 611031 663423 663613 
672976 663613 685928 663613 663613 663613 663613 663612 

608320 601826 663613 677374 663613 611031 663423 663613 
672976 659376 685883 665936 667413 663613 663613 666030 

657542 649568 661192 661494 595827 661318 661588 661409 
661084 661564 663303 661754 657259 664587 655718 659115 

687041 688142 685741 694886 685731 701390 696751 616933 
684770 696515 714547 687626 681904 698908 699554 696954 

695107 690903 690090 695333 691544 627410 692828 658723 
689876 694703 690124 684396 695551 695025 696595 696637 

691578 691551 691431 695221 622424 691472 691721 691482 
691430 691898 691463 691443 691434 692520 691433 692230 

699491 699222 701349 699032 699037 629193 699110 699110 
698999 699191 699231 699222 700117 699146 699058 699302 

643989 643988 643988 643988 643988 643988 579590 643988 
643989 643989 643989 643987 643989 643988 643988 643989 

644841 647610 580303 645246 646905 647357 598881 646396 
647915 654648 648296 646054 644903 647814 645927 645890 

803118 722806 803119 803118 803118 803119 803118 803119 
803118 803118 803118 803118 803119 803118 803118 803119 

640509 640508 640507 640506 576454 640510 640507 640507 
640510 640509 640508 640511 640509 640508 640510 640510 

640509 640508 577533 640506 576454 640510 640507 641474 
640510 640509 640508 652510 654508 640508 640510 640510 

576457 640508 577533 641706 576454 640510 642649 641474 
640510 645308 640508 652510 654508 640507 640510 640510 

634833 635859 632602 635637 571243 636062 635476 636252 
635104 638082 635400 637080 636948 636535 634513 635279 

680155 686326 676049 681877 609823 687745 681165 678161 
682382 689570 692536 680397 684374 683009 683482 676739 

681513 685970 681420 682804 582650 687502 682840 681825 
680088 682109 682326 671839 691512 678055 680234 679766 

682184 682184 682184 682185 613967 682185 682185 682185 
682185 682185 682185 682185 682186 682185 682185 682184 

618419 687102 690149 687160 687373 687118 687111 687119 
687119 687113 687141 687378 688948 687147 687122 687106 

571017 513915 571017 571017 571016 571017 571016 571017 
571016 571017 571017 571017 571017 571017 571017 571017 

574629 537852 574650 577003 572255 576703 517587 576552 
572450 579951 586095 579731 575909 576949 572596 568837 

570784 570784 570786 513704 570783 570787 570787 570787 
570785 570787 570786 570788 570787 570787 570787 570788 

558695 558695 558695 502826 558695 558696 558695 558695 
558695 558695 558696 558695 558696 558695 558695 558695 

504047 558695 558695 502826 558695 558696 560380 558695 
558695 588695 558696 580695 558696 558695 558695 558695 

504047 504492 558695 510913 567090 558696 562711 559695 
558695 581935 561183 580695 561695 560695 560695 558695 

558874 556588 557903 559046 558283 502701 557850 558742 
557537 559214 558203 560618 558726 560878 558755 563062 

591664 586901 602897 590433 536623 590440 588817 589669 
596185 596663 596186 587846 590580 592443 598287 597889 

595804 586901 543083 592256 536623 590440 589881 592307 
596185 595442 596186 587846 607156 595488 598518 597889 

592556 592557 592557 592557 592556 533300 592557 592557 
592557 592557 592557 592556 592557 592557 592557 592557 

542053 602107 602186 602809 602249 602111 602240 602293 
602137 602477 602103 602310 602295 602264 602228 602522 

577463 577464 577463 519716 577463 577464 577464 577464 
577463 577464 577464 577463 577463 577463 577464 577464 

802710 802710 722439 802709 802711 802709 802709 802710 
802710 802711 802710 802709 802710 802709 802710 802710 

521148 582394 581073 544995 580059 580924 580878 581353 
572978 586409 585813 585861 584071 584217 585418 577927 

798470 718625 798469 798467 798472 798471 798471 798473 
798472 798473 798473 798475 798473 798473 798474 798473 

798470 718625 798469 798467 798472 719887 800264 798473 
798472 798473 798473 798475 798473 821472 831473 798473 

798470 718625 798469 798467 720291 719887 801731 801772 
798472 800433 798473 798475 798473 821472 830172 798473 

712159 789166 792578 791774 788372 789555 791729 791062 
789889 792356 790977 790937 794770 794888 789950 794084 

834685 744423 823589 823328 834242 817560 834410 822855 
822304 833202 831048 821686 841194 830619 822494 851615 

829136 726955 829084 830174 839080 819804 828320 832202 
821511 831931 826003 822689 835983 819724 818068 833008 

825078 825079 825079 742570 825079 825079 825080 825079 
825079 825080 825078 825079 825080 825079 825079 825079 

827230 827358 827046 827220 744490 827405 827298 827452 
827198 827174 827403 827577 827217 827287 827228 827197 

570502 570502 570503 570503 570502 570502 570502 513452 
570503 570502 570502 570502 570502 570502 570503 570503 

570758 571334 570503 570502 570701 513451 570901 524239 
570546 572301 572501 570501 564796 568061 570518 570503 

694673 694672 694672 694673 625205 694673 694672 694673 
694673 694672 694673 694672 694673 694673 694672 694672 

566031 509431 566034 566034 566032 566034 566032 566034 
566034 566038 566035 566035 566035 566035 566035 566036 

567918 509431 512794 566034 566032 566034 566032 566034 
566034 566038 712034 566035 566035 566035 606034 566036 

567918 515091 512794 566034 566032 566034 581086 510541 
566034 566038 691773 568034 566035 566035 606034 568035 

513547 566030 569364 569812 571688 569711 572469 571594 
570215 567112 572834 570959 569467 570443 570858 571138 

604893 541443 607458 605123 607544 605669 608393 599993 
599911 610435 604458 602818 612383 611039 596262 612082 

605909 588789 606207 605500 604940 546481 606775 603370 
609931 604496 601458 606020 604243 607571 603480 608217 

604992 604993 544493 604992 604994 604991 604992 604992 
604992 604993 604992 604993 604993 604993 604993 604992 

609477 609388 609895 609153 609548 610418 548739 611047 
609609 610562 610306 609451 609692 609200 609483 609630 

582789 582789 582788 582788 582789 582788 524509 582788 
582788 582789 582788 582788 582788 582789 582789 582789 

587847 588022 584834 587171 588463 589072 491808 588298 
584513 598312 587788 593106 588405 586242 589237 593210 

683296 683295 614967 683296 683295 683295 683296 683295 
683296 683296 683295 683296 683295 683295 683295 683296 

583745 525367 583745 583742 583743 583740 583742 583742 
583742 583744 583745 583744 583745 583743 583744 583744 

583745 525367 583745 583742 583743 526629 585569 583742 
606741 583744 583745 583744 583745 583743 617743 583744 

583745 525367 583745 534367 586772 533769 585569 583742 
606741 583744 584744 583744 580033 583743 616343 590303 

585543 584066 586377 586854 525818 584150 586385 586056 
586943 590393 584851 586880 587422 586264 587589 585493 

621524 622760 617728 619379 557081 620708 619721 615498 
633262 630941 625476 633508 619204 620088 618497 624272 

622459 623756 618517 620886 570761 623320 621207 560834 
631281 643270 625204 632094 619161 621957 623144 617976 

622935 622935 560640 622934 622934 622935 622935 622934 
622935 622935 622935 622935 622934 622935 622934 622935 

626233 626360 626043 626329 563805 626179 626413 626476 
626452 626299 626172 626344 626147 626485 626205 626372 

694299 694298 694299 694299 624869 694298 694299 694299 
694299 694298 694299 694299 694299 694299 694299 694300 

626068 698102 696798 702865 650520 697777 694485 695186 
697508 697758 697194 687045 698148 698418 699154 703904 

621506 690563 690560 690561 690561 690561 690561 690563 
690566 690563 690564 690565 690565 690562 690563 690562 

599260 539334 599259 599259 599260 599259 599260 599259 
599260 599260 599259 599260 599259 599259 599260 599259 

599672 539334 599259 599257 541426 600370 599260 599960 
599260 617259 599259 607259 614293 599258 604060 599259 

539704 539334 600370 599257 541426 603944 599260 601346 
601259 617570 604364 607259 614293 599258 604060 599300 

594092 596043 594230 594342 593472 594486 534996 595957 
595021 595947 593159 595808 595486 593845 595852 595253 

577187 634393 635179 629349 634002 624434 629657 627382 
622829 659520 634090 631198 632783 635572 623719 638637 

577187 634393 639403 568749 633847 624434 637135 627991 
625250 658849 639857 632114 632783 643355 627095 637611 

634200 634199 634199 634200 634199 570778 634199 634199 
634200 634200 634200 634200 634199 634200 634200 634199 

641280 641263 641187 644435 577717 640948 640894 641170 
641136 641097 641258 641225 642196 641187 641553 641849 

822791 822792 822792 822791 822792 740512 822791 822792 
822792 822792 822791 822791 822791 822792 822791 822792 

822198 822792 822792 740511 822792 756108 822942 822792 
814563 824791 822806 816056 822790 822802 822791 824791 

684093 615684 684093 684094 684094 684092 684093 684094 
684093 684093 684094 684094 684093 684093 684095 684094 

813748 813750 813749 813747 813749 732374 813749 813749 
813751 813751 813752 813751 813750 813752 813750 813751 

813748 736994 813749 813747 814910 732374 815348 813749 
813751 813822 813752 815550 813750 813752 967234 816853 

813748 736994 748979 815888 814910 732374 815348 813749 
813751 813822 813752 815550 815749 815751 955545 818656 

814677 813833 733599 820530 814136 812441 816230 814132 
812605 817733 818111 819863 817714 812955 814755 816268 

843720 848123 771195 849297 850704 852663 849843 851164 
853790 849214 854270 850943 850203 850969 851657 859590 

844360 848403 779153 850732 852467 771671 852199 852218 
853911 841411 855358 850750 850719 851838 851243 873249 

850228 850227 850228 765205 850228 850227 850228 850228 
850228 850228 850228 850228 850228 850227 850228 850229 

855742 858693 855754 857575 770593 855851 855563 856521 
857479 856278 855761 856157 856185 855109 855918 856795 

687213 618492 687215 687213 687213 687214 687213 687213 
687213 687214 687214 687214 687213 687214 687215 687213 

691717 638637 688095 687212 687778 694154 618875 690419 
690830 688735 689273 689213 681396 689321 691125 691698 

606465 606465 606464 606465 606464 606464 606465 545818 
606465 606465 606465 606464 606464 606464 606465 606465 

682920 682923 682918 682924 682921 614626 682922 682922 
682923 682923 682923 682924 682924 682922 682922 682924 

615250 682923 687494 682924 682921 621455 682922 687760 
711922 682923 682923 685923 693959 682922 735028 682924 

623745 617130 687494 683832 683992 621455 682922 687760 
711922 688622 678155 685923 693959 684922 735028 682924 

614034 681736 682449 681452 683093 682047 682247 682400 
683233 685830 679048 688988 680975 681679 681418 686648 

711479 705787 707853 716984 637564 710797 716046 705074 
718193 713523 706956 707366 707171 707969 724309 715113 

710128 639698 711572 714987 678320 711918 712610 712892 
715019 714417 712277 706360 710960 710108 712336 715574 

714185 714186 714184 714184 714185 714185 714183 642765 
714184 714185 714185 714185 714185 714184 714190 714185 

686107 617495 686109 686098 686113 686086 686073 686131 
686097 686102 686098 686092 686114 686096 686095 686125 

720719 648750 721235 720449 721047 720813 720716 720570 
720930 720602 720590 720590 720960 720769 720671 720973 

722146 662873 721499 720716 648574 721076 720986 720570 
725952 709504 720749 720632 727642 722464 720889 720946 

642256 713728 713542 713535 713785 713625 713807 714478 
713569 714426 713671 713534 713578 713749 713549 713560 

622990 622990 622990 622991 622991 560692 622990 622991 
622990 622990 622991 622991 622991 622990 622991 622991 

622990 625754 622990 622991 622991 567313 567476 622991 
632990 622990 644152 622991 622991 622990 630661 622991 

623390 566329 622990 622991 622991 567313 567476 622991 
634338 622990 644152 623267 624990 622990 630661 622991 

620377 617242 618831 618235 557494 614161 616223 619147 
618067 618364 619557 618312 619918 621012 616702 618614 

674964 672770 678878 669029 670809 659839 601753 666858 
673065 687779 671574 661122 676999 678385 659907 670926 

674729 671067 677303 669625 672842 666097 620168 603993 
674274 671211 671555 668735 677385 676564 663969 676535 

605871 673189 673190 673190 673192 673191 673190 673190 
673191 673190 673191 673191 673190 673191 673190 673190 

675881 675881 675881 675880 608292 675880 675879 675879 
675881 675881 675882 675882 675880 675881 675882 675880 

608689 608689 547820 608689 608689 608690 608689 608689 
608689 608689 608689 608690 608690 608689 608690 608689 

612659 610747 586498 609873 550819 612602 609138 608812 
615617 609646 609457 608626 610959 614145 611710 612276 

638404 638404 638404 638404 638404 638405 574563 638404 
638405 638404 638406 638404 638404 638405 638403 638404 

606697 606695 606698 606693 606695 606691 546026 606695 
606699 606696 606697 606697 606697 606697 606698 606696 

550518 606695 606698 606693 606695 606691 546026 607712 
606699 608696 644638 606697 606697 606721 606698 606696 

550518 606695 610031 606693 606695 607691 493090 612404 
606699 608696 642843 608798 608697 606721 602630 606696 

540509 602424 604848 601701 602137 602757 596609 602223 
600178 600975 601774 603303 600153 602664 601582 600741 

637043 640412 631933 637509 634912 640830 566808 634100 
635086 639768 632860 652656 641001 640653 622446 647547 

642137 639593 578761 635762 639149 638944 619970 637857 
635843 647594 636551 641204 638019 637686 628589 638869 

641965 641975 641969 577776 641960 641976 641972 642004 
641982 641957 641982 641971 641988 641942 641979 641978 

645930 645842 645906 645971 646145 645970 645866 581620 
646660 646039 645977 645742 645978 646029 645820 645897 

716451 716452 644806 716452 716452 716452 716452 716453 
716452 716453 716452 716453 716452 716452 716452 716453 

851318 851318 851317 851318 851318 851318 851318 766186 
851318 851318 851318 851319 851318 851318 851318 851318 

716451 717041 665190 718125 718173 719834 718745 647463 
720312 716974 718452 718559 715259 723909 723261 720164 

846759 846757 846758 846759 846759 846759 846759 762081 
846759 846759 846760 846760 846760 846760 846760 846762 

846759 846757 846758 846759 847884 847720 767153 791582 
870477 846759 846760 918759 846760 861759 855792 846762 

846759 763509 846758 846759 847884 847720 777113 797099 
870477 846759 848759 918759 846760 854298 855792 841243 

846107 846452 848302 768070 844869 847704 843469 848269 
846151 846971 850190 854475 847744 847463 845816 846483 

794318 876001 871940 882604 880454 879670 884937 875807 
864925 877777 886853 880995 883003 891308 883414 893236 

837604 878690 877131 882027 801965 881184 884430 879829 
869387 873225 883603 874426 877186 883083 871944 901476 

879516 791568 879658 879540 879547 879482 879452 879535 
879532 879737 879540 879534 879519 879515 879514 879575 

794184 884247 882460 882648 882735 882593 882702 883099 
883148 882535 882792 882500 882597 882954 882513 883480 

636736 573111 636824 636814 637219 636817 636814 636761 
636751 636822 636736 637069 636768 636749 636800 636857 

638617 596029 638084 636814 639274 574855 639625 638467 
640790 640717 631481 640900 640707 631945 638839 642634 

682580 682581 614323 682581 682581 682580 682581 682580 
682581 682581 682580 682580 682581 682582 682581 682581 

632664 632667 632662 632666 632664 569400 632665 632667 
632668 632668 632668 632666 632666 632667 632669 632668 

632664 633429 570759 635278 632663 569400 632665 632667 
632668 632668 632668 632666 638665 632667 656068 632668 

632664 633429 570759 636267 634213 569400 632665 570828 
637367 632668 632668 632666 641326 632667 656068 632668 

631904 632130 567469 631533 633202 630075 631618 631970 
630033 637209 634031 633519 632951 633033 631983 636201 

668829 662673 665531 605843 667280 670638 675225 677925 
665347 681713 668260 673646 687448 675729 663241 672968 

671592 603636 669173 657120 669274 670205 672314 671448 
668649 673753 672557 671097 670775 668614 673000 669731 

672259 672261 605035 672260 672259 672261 672261 672262 
672262 672260 672259 672261 672261 672262 672262 672261 

671845 671845 671845 671845 671845 671846 671845 604660 
671844 671845 671845 671845 671845 671845 671845 671845 

682059 609941 677806 677602 680379 677630 677443 677442 
677474 677497 679027 679758 677503 677754 677473 679519 

682596 574022 682254 679316 681645 679301 679607 679283 
683830 675369 681935 683565 680140 680403 677696 685725 

713496 713497 713497 713496 713497 713495 642147 713496 
713497 713497 713496 713497 713497 713496 713497 713496 

674859 674862 607374 674861 674860 674860 674858 674862 
674863 674863 674862 674862 674863 674864 674862 674862 

674859 674862 555145 674861 674860 674860 674858 675519 
674863 674863 674862 674862 680114 674864 674862 702589 

675796 674862 555145 674861 674860 608802 674858 675519 
676862 674863 674862 674862 680114 677863 674861 702589 

669747 670085 665841 669701 669639 667929 603450 669210 
669061 669886 671371 670006 668689 669683 667839 670503 

709410 705771 701765 706926 641598 721262 713770 706496 
719612 731153 709160 710432 710734 708421 700010 702343 

641366 713282 708268 708844 700625 714509 711622 709950 
708978 718836 708039 710161 712977 704731 708952 709632 

710500 710502 710501 710501 710501 710501 710500 639451 
710502 710501 710501 710500 710501 710501 710501 710501 

721096 721465 721001 720932 649105 721172 723142 721239 
720849 721102 721185 721071 721258 721175 720943 722672 

615914 684348 684349 684349 684351 684349 684348 684348 
684349 684349 684349 684348 684349 684349 684349 684349 

628795 685764 685560 685060 619899 684074 686989 685994 
686446 686411 689315 686247 689152 691518 679664 683282 

642586 642586 642586 642586 642586 642586 642587 578326 
642586 642586 642585 642586 642586 642586 642586 642586 

678908 678911 678911 678908 678909 678912 611017 678908 
678911 678911 678912 678912 678910 678912 678910 678913 

678908 683219 679680 678908 679374 614353 611017 678908 
678910 680911 678912 678912 682909 691911 710910 681021 

613517 683219 681974 680272 679374 614353 611017 683983 
678910 680911 678912 681911 685586 693610 709709 681021 

672106 674274 674653 675072 674436 670626 672716 607099 
675641 672306 674135 673960 674527 675035 674369 672727 

712697 704826 703921 708389 641386 713884 718996 701015 
702744 717679 711529 711854 716691 717992 708058 715555 

713837 711456 712130 709483 600992 717101 716604 706229 
705490 708981 706668 710356 713748 714812 705999 720577 

710427 710429 710429 710429 639386 710429 710429 710428 
710428 710430 710429 710429 710428 710430 710429 710429 

713835 713847 642457 718841 713840 713842 713841 713844 
713845 713839 713843 715849 713840 713842 713847 713841 

713059 713058 713058 713058 641752 713059 713059 713058 
713060 713058 713059 713060 713059 713058 713059 713058 

714320 716787 713590 714152 649762 714523 714348 641931 
716601 713058 713058 715237 717720 716006 715478 718540 

707825 637038 707824 707826 707825 707825 707823 707825 
707826 707826 707825 707826 707827 707825 707826 707825 

790016 877795 877795 877796 877795 877795 877795 877795 
877795 877796 877796 877795 877795 877795 877795 877795 

790016 878878 877795 877796 877795 792074 877795 877795 
890795 912795 877796 877795 877795 877795 877795 877795 

712442 878878 879223 877796 883361 802946 877795 879795 
891495 911295 879795 877795 880228 871017 877795 872222 

867619 875352 874728 877636 786596 877422 874001 873300 
873911 879126 878827 880506 872792 876526 868843 883723 

902252 900395 901310 898373 906931 817292 904674 899098 
906048 913080 905154 908652 899185 901026 905730 913454 

905794 899157 901372 898484 815423 880602 904569 903417 
899944 901277 892823 908032 900011 907448 895800 909880 

811505 901672 901671 901673 901672 901673 901673 901672 
901672 901672 901673 901672 901673 901672 901673 901673 

902449 902539 902258 811984 902662 902201 902195 902118 
902169 902158 902452 902189 902942 902458 902353 902116 

644950 644951 644950 580455 644951 644950 644950 644951 
644951 644951 644951 644950 644951 644951 644951 644950 

646405 646788 646621 543023 650757 645697 645286 645096 
650171 643515 645543 646992 651963 641448 643121 648855 

667373 600635 667373 667372 667373 667372 667373 667373 
667372 667373 667373 667373 667372 667373 667373 667372 

640204 640202 640205 640205 640204 640208 640205 576184 
640207 640206 640210 640208 640206 640207 640208 640208 

640204 640202 640205 640205 640204 640208 641564 521536 
640207 640206 640210 668207 640206 640207 640208 734805 

640204 646021 651093 645205 643537 576187 641564 534172 
630339 643296 642209 668207 643205 642206 642207 725345 

643794 580897 643863 642580 644350 644132 644411 643982 
639761 646892 641689 650260 646214 644577 644384 649222 

672766 677392 669537 605516 661934 673099 668574 669491 
676682 683422 668944 664470 672193 675779 664828 674090 

673201 673807 670926 648170 601537 674762 671567 672972 
672511 675258 670445 672886 669402 674892 663661 667675 

670614 603553 670742 670556 670496 670387 670645 672437 
670656 670448 671068 670457 670991 671558 670415 670657 

706361 635725 706361 706361 706362 706362 706361 706362 
706361 706362 706361 706362 706361 706362 706362 706361 

679626 674840 675010 676311 678447 674668 677565 607932 
675817 675361 677704 675155 677093 675334 676018 677474 

679569 676746 608226 676311 679026 675810 677863 621245 
680003 671598 684377 675140 680503 671244 678982 677474 

717808 717808 717808 717808 717808 717808 717807 646027 
717808 717808 717808 717808 717809 717808 717807 717807 

671293 671298 671295 671298 604167 671297 671296 671296 
671298 671296 671299 671298 671299 671297 671298 671298 

671547 680411 672295 672347 610878 671297 671296 610166 
688298 671296 738530 674297 671299 674297 674297 664584 

671547 680411 606732 672347 610878 673711 671296 627080 
684484 669016 738530 675997 671299 674297 676096 664584 

671258 669233 600118 671778 671551 671336 669492 670760 
668297 669679 672209 670022 668339 671816 668818 672789 

650945 727671 727848 725651 708726 709877 725056 709734 
721648 724950 726068 716624 740286 728603 702745 722296 

697807 721632 723184 720182 652392 718311 722629 717652 
718788 722694 722582 715954 717427 718239 720419 721852 

719263 647336 719263 719263 719264 719264 719263 719263 
719263 719263 719263 719264 719264 719263 719264 719263 

729849 729735 729967 730154 729944 730025 729920 656887 
729919 730002 729841 730116 729828 729874 729885 729979 

601071 667923 667925 667887 667791 668000 668139 667875 
668148 668081 667850 667946 668025 667881 668114 667782 

601071 667956 602067 667903 667791 669122 668244 669837 
668098 670053 667853 667935 668025 669886 672521 669801 

709603 709603 709603 709603 709603 709604 709603 638642 
709603 709603 709603 709603 709603 709603 709603 709604 

660979 660983 660982 660982 660980 594884 660982 660978 
660984 660983 660985 660984 660985 660982 660983 660982 

662684 660983 660982 596020 660980 594884 660982 660978 
680983 660983 660985 660984 690984 660982 660983 660982 

663013 596551 660982 602516 660980 594884 660982 660978 
680983 662983 663154 660984 690984 660982 654486 660982 

656588 589582 656090 652628 655154 655373 656112 655770 
655767 655676 656605 656738 655820 657547 654585 655092 

688702 690352 689603 693974 619424 683996 692907 694528 
684609 699038 688369 687722 694638 684836 694523 693334 

689006 689894 689313 691698 676473 688299 622010 689696 
688598 689572 689085 686298 688669 687859 689545 687187 

688645 688643 688644 688645 619780 688644 688645 688645 
688646 688645 688645 688645 688645 688645 688645 688645 

718245 718244 718244 718244 646419 718244 718244 718245 
718245 718245 718245 718245 718244 718245 718244 718244 

699239 697231 697382 697396 697486 697249 697239 627544 
697232 697385 697228 697229 697444 699216 697273 697363 

699206 697118 697912 698318 628403 697001 698403 659126 
695610 697457 697990 697229 697446 696704 696380 703143 

896200 896200 896200 896201 896200 806580 896199 896200 
896201 896200 896199 896201 896200 896200 896201 896199 

693082 623772 693082 693082 693082 693079 693083 693084 
693083 693085 693085 693084 693082 693084 693084 693085 

694732 623772 693082 693082 693082 693079 624941 693084 
693083 726084 693085 693084 693082 693084 714083 693085 

694732 623772 624773 693915 693082 697994 624941 693084 
693083 726084 693085 693084 697055 693084 713982 697084 

687204 684407 683861 686402 688369 686415 618124 687140 
687946 687048 686021 687896 686672 684514 686884 687044 

720327 725574 715848 711256 712662 642936 729613 717771 
733026 732415 715739 726690 734866 722389 716050 729579 

721955 725646 650308 719879 723310 674929 728281 719463 
726475 721400 714330 720560 734227 715928 721193 728635 

722641 722642 722642 722642 722641 722641 722641 650377 
722643 722641 722641 722642 722642 722642 722642 722641 

729182 729104 731872 729592 729137 729618 729052 657965 
730780 729789 729597 729183 729538 730579 729149 729578 

708815 708803 708804 708802 708803 637931 708806 708793 
708810 708808 708810 708795 708801 708806 708811 708807 

710686 714225 709622 712023 711496 665100 710547 639060 
718862 711173 712648 702787 712388 712234 706307 715460 

702063 702063 702063 702062 631857 702062 702063 702063 
702063 702063 702063 702063 702063 702063 702063 702062 

634336 704815 704815 704816 704813 704816 704814 704815 
704818 704818 704817 704818 704816 704817 704817 704816 

650150 706508 704815 639478 705076 708078 707314 705987 
735657 698474 733133 713117 707877 697768 715629 706995 

650150 706508 706166 647556 705076 708078 707314 636816 
728039 698474 733133 714286 707877 697768 716664 706995 

700554 633538 704616 702386 703054 706220 704535 701521 
704504 705769 705220 702347 703371 705648 702208 707394 

744161 737655 751891 750439 678887 739973 745237 744065 
744183 747690 739824 748629 740070 757503 755387 749326 

671262 744171 750681 750543 704190 746615 748494 747509 
752074 747441 741125 745265 744591 751169 748200 747885 

897494 897496 897494 897494 897496 897495 807745 897494 
897496 897494 897495 897495 897495 897495 897495 897495 

725792 725792 725792 725792 653212 725792 725792 725792 
725792 725792 725792 725792 725792 725792 725791 725792 

808560 898401 898400 898400 898400 898401 898400 898401 
898400 898401 898400 898400 898400 898401 898401 898400 

735407 737501 734851 661471 734911 735366 734844 734780 
734605 734951 735211 735097 735079 735732 736527 735000 

665303 740374 736969 697558 737702 739024 736752 738708 
737377 736984 743034 736561 745715 738430 742182 740632 

733293 733297 733299 733295 659967 733297 733296 733298 
733300 733298 733299 733299 733300 733299 733299 733301 

701712 701711 701712 701711 701711 701713 701712 631540 
701714 701711 701712 701711 701712 701713 701712 701712 

701712 701711 701712 701711 701711 701713 634245 631540 
731713 701711 701712 701711 701712 701713 725880 701712 

701712 632968 701712 701711 701711 701713 644781 631540 
728712 703710 697965 701711 701712 701713 725880 701712 

696779 698320 697084 627251 697471 696807 695507 694964 
698409 698711 699028 699527 695122 696921 699752 700813 

734848 751928 669589 735130 735170 736555 751486 746922 
739642 740368 747576 736724 734553 741848 746419 748534 

735393 751928 669589 664179 735170 736555 752709 746922 
739642 740089 747576 738801 736610 754615 746419 748534 

739196 739196 739195 739196 739196 665276 739195 739196 
739196 739195 739196 739197 739196 739195 739196 739196 

714679 714680 714679 643211 714679 714680 714680 714680 
714680 714680 714680 714679 714679 714679 714680 714680 

743744 743699 744007 743709 745370 743960 744294 669385 
744890 743958 743895 744035 743736 744047 743615 743831 

744264 745247 745402 744260 744753 744394 671004 703731 
747939 739473 747165 749540 746583 745706 742710 743973 

739140 665224 739140 739142 739139 739141 739136 739139 
739142 739141 739142 739142 739140 739140 739140 739141 

726065 726064 726065 726064 726064 726064 726065 653459 
726065 726065 726064 726065 726064 726065 726065 726064 

726065 726064 726065 726064 726064 726064 656155 653459 
726065 726065 726064 726065 726064 726065 747235 760064 

726065 726064 730576 726064 655786 726064 656155 653459 
728164 726065 726064 728065 726064 726065 747235 758664 

723035 721604 722503 723786 725031 724706 720963 646412 
721930 726299 722913 727929 727626 723376 725400 727794 

757566 753908 756950 676071 752540 748624 754777 749440 
757027 754681 762617 748991 750649 766714 754924 758343 

757595 757671 758084 703259 755134 680837 755598 754250 
756482 754898 759518 757565 747520 758938 750231 758186 

751429 751429 751429 676285 751429 751429 751429 751429 
751429 751430 751430 751429 751429 751429 751429 751429 

753230 678854 753282 753354 753173 753184 753332 753565 
753270 753052 753334 753705 753029 753542 753300 752932 

734702 734703 661233 734702 734702 734703 734702 734703 
734703 734703 734704 734703 734702 734703 734702 734703 

734516 661371 686810 734240 735619 734702 735407 734703 
736517 730023 734704 730099 730497 736798 738270 734701 

727703 727701 654932 727703 727700 727702 727698 727701 
727704 727703 727704 727703 727705 727704 727704 727703 

892558 892557 892558 892558 803301 892558 892558 892558 
892558 892558 892558 892557 892559 892558 892557 892558 

892558 892557 892558 892558 730470 892558 894087 895805 
926558 892558 1031558 892557 886633 892558 892557 892727 

805802 892557 892558 892558 747448 897958 894087 895805 
925158 892558 1031558 892557 873016 896558 892557 892727 

891160 893600 893399 804087 877814 893316 894878 894537 
891737 893614 895606 885702 891970 894271 888507 891788 

738636 738638 738635 738619 738617 664756 738636 738691 
738655 738626 738628 738623 738637 738631 738638 738622 

924258 913658 918793 911881 924012 826191 915047 922286 
910811 922765 924527 927456 916501 921249 913470 930533 

738918 667496 741654 738088 738636 711957 739155 738707 
736951 738693 740716 739384 736102 737606 736987 737248 

828953 921064 921058 921061 921059 921059 921057 921062 
921062 921062 921060 921061 921060 921058 921058 921058 

671528 746176 746117 746194 746158 746140 746135 746151 
746163 746152 746125 746202 746169 746146 746167 746160 

679372 747569 747116 750396 746856 672045 747308 748080 
749761 744335 747974 750353 747939 756146 746211 752962 

741399 741402 667261 741402 741401 741401 741403 741405 
741405 741404 741405 741402 741406 741403 741404 741404 

711480 711481 711481 711481 640333 711480 711481 711480 
711480 711480 711480 711480 711480 711481 711481 711480 

643367 711481 712481 711481 647605 711480 711481 711480 
711480 711480 711480 711480 711480 728480 707366 723480 

643367 712195 712481 711481 647605 711480 711978 641760 
711480 713480 711480 711480 713480 728480 709777 723480 

701210 706851 704207 635037 705589 708636 705733 705189 
705920 707719 706186 709267 708534 712943 704616 710032 

756241 743683 664696 747094 741389 738839 750859 736089 
748426 748260 758789 744250 751006 732743 746412 738046 

681001 744974 664696 750129 741389 738759 750859 736089 
748426 747317 758789 761049 751006 732743 746412 741865 

729571 729593 729584 729754 729630 729554 656632 729616 
729593 729664 729592 729594 729583 729695 729556 729700 

668972 743296 743298 743264 743266 743292 743328 743267 
743292 743306 743366 743277 743290 743283 743281 743279 

739662 739399 739440 665638 739519 739454 739605 739812 
739326 739686 739626 739533 739584 739745 739267 739551 

740272 666459 741258 696524 744547 745033 740520 740085 
741504 744373 739623 742272 744692 751401 734495 737447 

736706 736705 736707 736709 663038 736711 736706 736703 
736710 736708 736712 736711 736709 736708 736709 736706 

747825 747825 673042 747825 747825 747825 747825 747825 
747825 747825 747824 747825 747825 747825 747825 747825 

752824 748440 681690 747825 747825 674620 748295 747825 
747825 747825 763885 751346 755825 749825 756625 747825 

752824 748440 681690 748858 747825 674620 675751 747825 
747825 752672 763885 751346 755825 749825 756625 749967 

743538 743863 740079 743160 668845 742761 737799 744043 
742379 738402 743868 745485 742651 743974 741124 742416 

797187 808548 724007 794841 797648 788164 787799 794166 
805352 796811 793486 802012 793845 799589 788679 817677 

800412 805694 724007 795035 798284 712356 791105 794863 
806581 798349 804903 800544 797738 805715 788679 817677 

741426 741426 741426 741427 667284 741426 741426 741427 
741426 741427 741427 741427 741427 741426 741427 741426 

744185 744366 669705 744220 744168 744229 744142 744189 
744230 744175 744192 744215 744424 744078 744171 744157 

797281 797281 797281 797280 797280 797281 717552 797280 
797281 797281 797281 797281 797280 797281 797281 797282 

798107 797277 797279 796562 798389 798210 652517 797278 
797279 792822 795633 799097 797280 797280 799079 797281 

789638 789639 789640 789639 710675 789641 789635 789636 
789638 789640 789642 789639 789641 789640 789641 789642 

665194 739105 739106 739106 739105 739105 739106 739105 
739105 739106 739105 739105 739106 739105 739105 739105 

665194 744334 744055 739496 739105 739105 741005 675441 
741655 739106 786804 739105 768709 742932 745869 739105 

665194 744334 744055 739496 739105 741154 741945 607896 
741655 739106 786804 741295 768709 736182 747192 739105 

740775 743536 741326 744639 742989 668816 742981 737981 
740104 743121 747463 747227 746110 746129 741443 742015 

780586 782681 774350 771685 773553 763155 771759 698027 
768273 770084 782172 792659 779625 775369 775012 782189 

780818 783086 698872 772206 777968 765342 772839 723906 
773803 765392 783740 791252 778054 776569 769499 778772 

698087 775653 775653 775652 775652 775653 775653 775653 
775653 775653 775652 775654 775653 775653 775653 775653 

915028 915030 915028 915027 915027 823525 915027 915028 
915027 915027 915028 915028 915028 915028 915027 915027 

785234 785339 706518 784777 784758 785192 784895 784947 
785322 784873 785328 784632 784957 785040 785353 784919 

785234 785841 714398 785135 785991 708076 785547 790649 
789259 786918 792273 784687 784968 787022 778237 786902 

777700 777701 777706 777701 777704 699932 777705 777705 
777704 777704 777707 777705 777705 777705 777705 777704 

791606 791607 791607 791607 791607 791606 712446 791607 
791607 791608 791607 791608 791607 791607 791606 791606 

714753 791607 791607 791607 791607 791606 712446 792693 
827606 791608 791607 791608 791607 791607 791606 801606 

734454 791607 791607 791607 791607 791606 712446 715423 
826114 785922 791607 791608 791607 791607 791606 793855 

786583 786795 784985 786458 785355 707837 785529 784154 
788079 788604 784366 785801 785680 794495 787464 787249 

819836 828389 828647 833992 824205 827825 752432 825401 
815534 829718 822118 826424 833061 836123 829922 840215 

824586 827997 830899 829119 827567 753153 795208 825986 
824580 821352 816552 832328 838758 827654 830088 827156 

664891 738769 738768 738769 738768 738768 738768 738769 
738768 738769 738768 738769 738769 738769 738768 738769 

828697 828384 828440 828457 828356 745638 828482 828360 
828359 828353 828422 828461 828445 828492 828467 828740 

745825 745960 745687 671570 751607 746198 745850 745792 
747982 746895 745983 745692 746012 745743 745799 745674 

746584 672608 745898 671570 751029 746152 746029 745845 
749494 749394 747761 745691 746012 746430 745876 745674 

738114 738115 738113 738114 738111 738113 664302 738116 
738117 738114 738117 738116 738117 738117 738116 738115 

738844 664961 738844 738845 738845 738844 738844 738844 
738845 738844 738845 738844 738844 738844 738844 738845 

738844 664961 667695 738845 738845 738844 738844 738844 
738845 738844 738845 738844 738844 738844 758991 756844 

739320 664961 674809 738845 666960 738844 738844 738844 
740844 731728 738845 740844 738844 738844 758991 756844 

734152 733308 731697 734442 658142 733829 733935 735056 
733055 733767 737846 731704 736456 736596 732850 740265 

696170 761643 775430 767097 776233 770722 793500 778770 
765545 785166 793778 781908 776421 777710 769897 788662 

763668 771382 776650 696382 775808 775508 779864 775934 
770828 780359 776534 776166 775674 772098 773362 772312 

780758 780758 780758 702682 780758 780758 780758 780758 
780758 780759 780758 780760 780758 780758 780759 780759 

696722 774127 774184 774118 774136 774129 774082 774119 
774130 774110 774092 774144 774119 774146 774161 774176 

787947 787912 787887 709149 787951 788001 788012 787940 
787959 787921 788042 787916 787953 787971 787883 787951 

788166 787912 788555 717195 787943 787996 708665 789308 
787979 789933 788048 792219 787997 790962 782549 788044 

780024 702022 780025 780022 780023 780022 780022 780025 
780026 780024 780026 780027 780025 780026 780026 780027 

908806 908808 908807 908808 908808 908807 817926 908807 
908807 908807 908807 908807 908807 908807 908807 908808 

909543 829233 911621 910494 913824 915285 833021 910582 
924656 914507 914529 927842 911976 924037 908807 901719 

914325 837879 821570 911308 913824 915285 833021 910582 
925239 914507 914529 927842 908085 924795 908807 901719 

905685 899604 900732 814168 903933 904765 898041 905294 
904236 905007 902210 905411 904068 905629 900802 901502 

852444 937618 930171 935268 937668 937996 925704 938178 
932080 946340 941865 945800 944839 939795 943067 945401 

912443 938555 936040 936768 940677 847008 935860 940129 
931893 936758 929772 937217 943837 936632 938348 940809 

739494 742716 665555 739550 739392 739464 739533 739604 
739387 739378 739691 739389 739741 739673 739920 740258 

939632 939632 939632 939633 939632 845668 939632 939633 
939633 939632 939632 939633 939632 939632 939633 939633 

747803 747796 747729 747758 673003 747796 747829 748175 
747978 747887 748068 747739 747742 747769 747744 747836 

672817 747796 747729 747492 718399 747052 747340 748019 
744917 747887 742936 744501 749564 740011 745385 740002 

742149 742153 667937 742152 742150 742149 742150 742151 
742153 742153 742152 742152 742152 742151 742153 742151 

780576 780788 780846 702628 780876 780975 780913 782105 
780675 780991 781300 780974 781097 780705 781169 781445 

780576 703670 782777 702628 780876 780975 780913 782105 
780675 780991 781300 780974 781097 780705 781169 800325 

780576 703670 784772 702628 780876 780975 780913 707002 
782818 780991 783448 780974 781097 780705 784329 800325 

772959 770138 773020 773345 696713 774076 774505 774219 
769881 774664 772051 774475 774653 777672 771298 775314 

821293 830113 825200 811340 816286 818552 730274 823201 
797039 826707 823925 824362 818332 823752 806580 818044 

816363 828696 823966 812593 816093 738806 788605 816912 
797408 824988 818455 817472 820769 830331 800598 813335 

824764 824765 824765 742288 824765 824766 824765 824765 
824765 824764 824765 824765 824765 824765 824765 824765 

825187 825188 825188 825184 742672 825189 825186 825191 
825189 825190 825190 825186 825187 825186 825186 825192 

827955 827979 827973 745173 828268 829104 828131 827925 
827923 827915 828858 828273 828070 828184 827952 827932 

744893 744892 744892 744892 744892 744892 670402 744891 
744892 744891 744892 744892 744892 744892 744892 744893 

746721 747626 746808 749641 757934 748794 628551 748223 
742819 749064 746198 751756 753167 750133 749142 752246 

769093 692183 769092 769093 769093 769092 769092 769092 
769093 769093 769092 769092 769092 769092 769092 769092 

742630 742631 742628 742630 742626 742631 742627 668367 
742632 742631 742632 742631 742630 742631 742632 742632 

744511 742631 742628 742630 742626 742631 742627 603720 
742632 788204 742632 742631 777630 742631 742632 742632 

744976 742631 742628 670867 742626 747188 742627 603720 
742632 785646 742632 742631 777630 744600 742632 742632 

738655 665605 737546 730156 740545 740410 739704 732556 
734749 736019 735470 734808 740593 734806 736898 737200 

793354 786801 784929 789982 798644 696941 796453 789923 
797336 791749 788805 806428 789181 786589 800217 796221 

794259 793571 711708 790247 797487 758311 795686 792172 
782162 784489 790979 801125 794708 777315 799807 789141 

790547 790548 711493 790547 790547 790548 790549 790547 
790547 790548 790548 790548 790548 790548 790548 790548 

794495 715140 795301 794542 795570 795478 794808 797228 
794425 795277 794816 796855 795224 794783 795116 795152 

933946 933947 933947 840552 933946 933947 933946 933946 
933946 933946 933947 933946 933946 933947 933947 933946 

842160 934280 935301 873753 935060 934126 933945 933660 
924606 924791 935946 939528 937759 939376 938678 937021 

925798 925802 925798 925800 925800 925798 833222 925799 
925801 925801 925802 925803 925801 925801 925802 925802 

691287 768099 768097 768096 768097 768097 768099 768097 
768099 768097 768098 768097 768097 768098 768097 768097 

691287 768099 768097 768096 692453 768097 769833 768097 
789098 768097 768098 768097 768097 768098 768097 802097 

691287 768099 693087 768096 700684 770430 769833 768097 
780299 768097 770097 768097 768097 768098 770097 802097 

762705 763479 763040 766522 762605 686561 763265 764333 
762389 767532 764734 766100 764168 765481 761934 768319 

800246 800450 731454 797663 797398 788921 795866 792604 
790797 806096 794128 801188 794451 812369 797085 813984 

799111 800126 751617 800919 719171 792915 800781 794499 
791091 797185 794977 810804 791136 808488 797512 814325 

798542 798539 718686 798539 798539 798540 798533 798539 
798542 798537 798542 798539 798540 798539 798539 798535 

807387 807021 727703 809999 807806 807161 807217 807344 
806997 806628 806767 807250 807167 809497 807188 807391 

823461 823461 823460 741114 823461 823460 823460 823460 
823460 823460 823460 823461 823460 823460 823461 823460 

823794 823810 741289 783777 824333 825605 823856 823988 
822441 823551 823459 827278 825455 818651 828352 822029 

816695 816694 816695 816694 735028 816695 816696 816694 
816697 816698 816697 816697 816697 816698 816697 816697 

924694 924694 924695 924694 924694 832225 924695 924695 
924694 924695 924695 924695 924695 924695 924695 924695 

932065 924694 927376 929737 834134 841971 924894 934026 
926694 927787 937614 926837 920248 924796 985894 925254 

932065 926322 928488 930594 752595 841971 924894 934026 
920438 931453 937614 926837 920248 924796 985894 928466 

918663 917550 828574 918315 907834 914814 917771 918694 
915368 919594 917614 917374 916286 916320 918504 919243 

953680 948650 948655 948577 951940 943131 960466 857336 
953138 956394 949103 950606 960095 951824 968587 957078 

952896 950125 953215 856891 952187 956529 950481 936499 
938744 950600 951456 948137 952864 951527 957100 952783 

953285 953285 953285 953285 857956 953285 953285 953284 
953285 953286 953285 953285 953285 953285 953285 953285 

957475 862340 957377 957195 957830 958208 957492 957357 
957633 957327 957669 957336 958074 957812 957881 957833 

791153 791152 712036 791152 791152 791153 791152 791153 
791152 791153 791152 791152 791152 791152 791153 791152 

791332 791152 719947 790546 791151 712037 791460 791352 
791146 793163 791152 791151 785421 791151 791153 791151 

782885 782889 782889 782891 704598 782887 782889 782889 
782891 782890 782890 782890 782889 782889 782889 782890 

815125 815126 815125 815126 815126 815126 733613 815125 
815126 815128 815126 815125 815127 815126 815125 815125 

815125 815126 815125 815126 735071 815126 743449 815125 
815126 815128 843126 815125 836975 815126 815125 815125 

815750 815126 815125 815126 735071 815126 750616 735279 
815126 817127 842325 815125 836975 815126 807957 815125 

732905 813479 814167 813102 810373 812627 808882 810657 
813711 812719 811658 812080 814268 812844 809944 812675 

852192 835819 857853 847266 845717 757320 846304 837876 
850339 851627 845363 839715 859600 847593 837023 851469 

849805 841631 766407 845933 844998 827995 843463 843172 
847566 843597 836546 848485 843431 841095 846721 850029 

846817 762135 846817 846817 846816 846817 846817 846818 
846818 846817 846817 846817 846817 846818 846817 846818 

855596 768345 853922 854405 854299 854149 856591 853855 
853907 856508 854503 855098 853515 853893 853789 853974 

722336 802595 802595 802596 802596 802596 802596 802596 
802596 802596 802596 802595 802596 802595 802595 802595 

705917 784353 784353 784353 784353 784353 784353 784353 
784353 784354 784353 784354 784353 784353 784353 784353 

665814 786328 787230 786485 787580 785871 785952 786395 
790322 790918 793359 786344 793073 784075 787211 787726 

780458 780459 780458 780458 780454 780457 702410 780457 
780460 780460 780459 780460 780459 780459 780460 780459 

951526 951526 951526 856373 951527 951526 951526 951526 
951526 951526 951526 951526 951526 951526 951526 951526 

951526 860219 951526 856373 952589 951814 951526 951526 
951526 954526 951526 951526 971526 951526 951526 968526 

951526 880317 951526 856373 952589 951814 951526 858266 
944395 954526 951526 951526 971526 945391 953597 968826 

849415 941749 941353 939359 941767 942045 946023 941489 
942005 942644 941102 942557 943714 943334 939523 941239 

895549 999128 1009574 999234 1005687 1020375 1005039 999320 
996059 1008628 1008121 994646 1011517 1021159 1004605 1013086 

895549 1000364 910197 999234 1010005 1026766 1004576 1000693 
996059 1008527 1007821 999596 1013313 1031881 1004605 1012734 

1001008 1001008 1001008 1001008 900907 1001007 1001008 1001008 
1001008 1001007 1001008 1001008 1001008 1001008 1001009 1001008 

1002774 902053 1003585 1002580 1002146 1002333 1002369 1002333 
1002345 1002791 1002553 1002662 1002331 1002566 1002613 1002477 

701393 779325 779326 779326 779327 779326 779325 779325 
779326 779325 779326 779325 779325 779326 779327 779326 

730268 780993 782520 781458 780674 780135 703259 779421 
773621 788522 781112 777605 779325 782788 781518 787704 

774605 697465 774566 774969 774712 774920 774719 774983 
774738 774660 774632 775721 774670 774725 774736 774620 

718252 798058 798058 798058 798058 798058 798058 798058 
798058 798058 798058 798058 798058 798057 798058 798059 

718252 798058 798058 798058 798058 798058 799147 719513 
825058 798058 798058 815058 798058 798057 798058 798059 

647855 798058 802321 800200 800921 800634 799147 757341 
825058 801176 801129 815358 793877 793113 798058 795670 

710503 792436 795467 794620 793484 793676 792896 788422 
794302 792941 789971 794097 791199 793071 794971 794008 

773941 773941 773941 773942 773940 773942 696547 773942 
773942 773942 773941 773942 773941 773941 773942 773942 

821867 753986 835628 818656 824890 829117 828537 831174 
813649 842017 836539 817609 837737 828519 836125 827209 

822996 784123 835628 820989 828850 828931 744300 830107 
824093 828435 833480 817531 834599 842156 834013 821434 

827035 827030 827029 827029 827028 744327 827029 827028 
827033 827030 827033 827030 827028 827026 827031 827030 

827068 827151 827050 827049 827395 827240 744235 828086 
827276 827202 827227 827698 826999 827482 827159 827262 

996452 996452 996452 996451 996452 996452 996452 896806 
996452 996452 996453 996452 996451 996452 996451 996452 

997599 997484 998172 901805 999437 997747 996452 896806 
996452 1006454 998460 998451 998451 996464 1000323 998452 

988432 988436 988433 988432 889587 988432 988435 988435 
988434 988435 988436 988434 988434 988435 988434 988434 

984679 985831 984592 984386 886039 984396 984539 984359 
984504 984583 984536 985520 984659 984371 984556 984725 

986267 888815 985553 989644 905483 984506 984554 984933 
998763 990628 989184 990892 984652 1005303 984556 975790 

986267 888815 985553 894720 905483 987390 984554 984933 
1001957 990628 989184 992253 984652 1005303 984556 975790 

823240 823241 823240 823240 823240 823240 823240 740915 
823240 823241 823240 823240 823239 823241 823240 823240 

824425 825071 743369 824867 826034 826422 825550 823270 
822616 825187 823987 829739 824492 829892 823118 827619 

856550 866071 857185 868696 868122 867963 884441 788679 
853143 873462 878274 873675 872935 863405 877189 879329 

860771 865803 865040 868218 869011 782198 883926 805186 
860560 873462 878890 872193 874441 863340 870451 876166 

