0 0 0 0 0 0 0 10000 
0 0 0 0 0 0 0 2000 

0 0 0 0 0 0 0 8999 
0 0 0 0 0 0 0 1799 

0 0 0 0 0 5000 10000 3333 
2000 0 0 0 0 0 0 3800 

0 0 0 0 0 5000 10000 12999 
2000 0 0 0 0 0 0 5420 

0 0 0 0 0 5000 10000 19199 
2000 0 0 0 0 0 0 7878 

1499 0 2812 4749 1315 4949 9515 10925 
11953 0 1799 4499 2999 5736 6000 14271 

1499 0 2812 10107 1315 4949 9515 10925 
11953 7000 1799 4499 2999 5736 6000 14271 

0 0 0 0 -1 4120 6046 7787 
2243 0 0 0 0 1619 2000 7370 

3000 0 0 2699 4048 3002 8697 7008 
1816 4229 1619 0 2699 1311 2000 9633 

4042 1999 0 3011 12393 6075 11330 5675 
2145 4856 6765 1457 3053 2955 1311 9802 

4042 1999 0 3011 12393 5467 11330 5675 
2145 4370 6765 1457 3053 2955 1311 9802 

4042 1999 0 3011 12393 7720 10196 5675 
2145 17933 6765 1311 3053 2955 1311 9802 

4042 1618 0 3011 11153 11323 9176 5675 
1930 23139 6088 1179 3053 2955 1311 8821 

7090 4065 1519 3571 1875 9174 9987 4285 
4572 15978 15003 6576 14097 17226 8778 7770 

-2 -2 -3 -2 -2 -2 212 -2 
127 -1 -1 -1 -1 -1 -1 -1 

-5 -5 -4 1430 -4 -6 43 -4 
30 -1 -1 -1 -1 -1 410 -1 

1662 -5 -4 2537 -4 -6 43 2771 
2027 -1 1999 -1 2999 -1 2369 -1 

1494 -4 -4 2962 -4 -6 43 2241 
1824 -1 1798 -1 4429 -1 2131 -1 

1494 -4 -4 2962 -4 -6 7538 2241 
1824 2999 1798 -1 4429 -1 2131 -1 

1494 -4 -4 2962 -4 -6 6784 2241 
1824 2698 1798 -1 4429 -1 2131 -1 

5344 -4 -4 2962 -4 4994 9244 2241 
1824 7428 1798 3999 4429 4999 2131 -1 

5344 -4 -4 2962 -4 4994 14986 2241 
1824 10685 1798 3999 4429 4999 2131 -1 

5344 -4 -4 2962 -4 4994 20987 2241 
1824 12616 1798 3999 4429 4999 2131 -1 

5344 -4 -4 2962 -4 4994 18888 2241 
1824 11354 1798 3999 4429 4999 2131 -1 

4809 -4 -4 2962 -4 4994 20441 2241 
1824 18218 1798 3238 4429 4999 2131 -1 

6084 -4 -4 2962 1375 4994 20441 2241 
1824 34456 1798 3238 4429 4999 2131 -1 

6084 -4 3746 2398 1237 4994 18396 5766 
1641 34456 9856 2914 4429 4048 2131 -1 

6084 -4 9621 2398 1237 4994 18396 7258 
1641 34456 23783 2914 4429 4048 2131 -1 

3230 -4 4598 6540 7181 2652 13328 5290 
871 20691 15355 4823 6751 3701 1397 1179 

3230 -4 4598 6540 7181 2652 16995 5290 
871 20691 15355 4823 8075 3701 1397 1179 

3230 -4 4598 6540 7181 2652 15295 5290 
871 20691 15355 4823 7267 3701 1397 1179 

6 -3 544 -2 -2 -3 -2 -2 
-1 -1 -1 -1 -1 -1 -1 141 

60 -2 440 -2 -2 -2 82 -2 
1999 -1 -1 -1 -1 -1 -1 1549 

5054 -2 440 -2 4998 -2 10073 -2 
1999 -1 -1 -1 4699 -1 -1 3394 

-2 -2 -2 -2 -2 -2 -2 -2 
-1 -1 -1 -1 -1 -1 -1 -1 

-2 -2 -2 -2 -2 -2 -2 -2 
-1 -1 -1 -1 -1 -1 -1 -1 

4567 4998 -2 2891 -2 5622 5713 1155 
4858 -1 12391 -1 4048 7279 13409 3643 

-5 -6 229 -5 -5 -4 -4 1932 
-1 4 -1 -1 1310 141 -1 -1 

-5 -6 229 -5 7495 -4 -4 1932 
-1 4 -1 -1 4179 141 -1 -1 

13687 7715 10442 11673 7655 10942 15591 14445 
17384 15259 10970 12412 9139 19575 22204 15118 

13687 13610 20749 11673 7655 10942 15591 13000 
17384 15259 10970 16170 9139 19575 19983 19845 

-2 -2 80 -3 -3 -2 -3 -3 
-1 -1 -1 0 -1 -1 141 -1 

2498 -2 3432 -3 2497 2997 -3 -3 
-1 3238 1998 0 -1 4498 4126 -1 

6820 1469 4758 -3 6227 6283 -3 5902 
-1 9704 1310 4423 -1 2950 5713 2185 

6820 1469 4282 -3 6227 6283 -3 5902 
-1 9704 1310 4423 -1 2654 5713 2185 

6820 4655 7011 3526 10604 6283 -3 5902 
-1 20733 1310 4423 3999 14388 7141 2185 

6137 4189 6309 3526 10604 9026 -3 5902 
6999 20733 1310 3582 3999 12949 7141 1966 

-2 -2 -2 1 448 -2 -2 -2 
-1 -1 0 -1 -1 -1 -1 331 

-2 -2 -2 -2 -2 -2 -2 -2 
-1 -1 -1 -1 -1 -1 -1 -1 

-5 -5 -4 1040 -5 -3 -5 -6 
-1 -1 -1 1061 -1 -1 -1 -1 

1662 1245 1424 1040 1149 3330 -5 -6 
-1 -1 3999 1061 1999 5699 -1 1999 

1662 1245 1424 838 1485 2995 -5 -5 
-1 -1 3999 1061 1999 5128 1998 1798 

1662 1245 1424 838 1485 2995 6662 -5 
-1 -1 3999 1061 1999 5128 5798 1798 

1662 1245 1424 838 1485 2995 12662 -5 
-1 -1 3999 1061 1999 5128 9218 1798 

1662 1245 6281 838 6336 2995 14729 -4 
7599 -1 3999 954 1999 5128 12296 1798 

1662 1245 6281 838 6336 2995 19922 -4 
7599 -1 3999 954 1999 5128 15066 1798 

1662 1245 6281 838 6336 2995 22929 -4 
7599 -1 3999 954 1999 5128 16559 1798 

1662 1245 6281 838 6336 2995 20635 -4 
7599 -1 3999 954 1999 5128 14902 1798 

1662 1245 5652 838 6336 2995 23571 -3 
6838 -1 3999 858 1999 5128 21411 1798 

1475 658 3701 255 4147 5445 7388 -11 
4485 -1 1720 6255 3612 2451 8293 6506 

1326 658 3701 255 4147 5445 5983 2990 
4485 3999 1392 5629 3250 2451 8293 6506 

1326 658 3701 255 4147 5445 5983 10378 
4485 14599 6252 5629 3250 2451 8293 6506 

1193 591 2183 1196 8223 4900 3074 7562 
3269 11184 4557 5312 2632 2205 6898 4742 

1193 591 2183 1196 8223 4900 3074 7562 
3269 11184 4557 5312 2632 2205 6898 4742 

1193 591 2183 1076 8223 4900 3074 7562 
3269 11184 4101 5312 2632 2205 6898 4742 

-3 -3 -3 -4 -4 -3 39 -3 
-1 -1 -1 -1 48 -1 -1 -1 

88 -50 116 -3 17 100 39 -40 
3950 -1 1179 -1 1488 -1 2637 -1 

88 -50 116 2997 17 100 39 7464 
3950 -1 4061 -1 1488 -1 3935 -1 

-2 -2 -2 -2 -2 -3 -2 -2 
-1 -1 -1 -1 -1 -1 -1 -1 

-2 -2 -2 -2 -2 -3 -2 -2 
-1 -1 -1 -1 -1 -1 -1 -1 

2977 12173 12122 -2 3635 3062 5813 4217 
8844 6195 14036 13322 10204 -1 -1 22677 

-2 -2 -2 -2 -2 -3 22 -3 
-1 -1 -1 43 -1 -1 -1 -1 

-2 -2 -2 6664 -2 -3 22 -3 
-1 -1 -1 43 3999 -1 -1 -1 

9299 8629 16439 3248 8622 11266 9744 5225 
6448 13155 9430 26204 11302 14293 22442 18973 

9299 8629 22295 3248 8622 16389 15436 5225 
9803 13155 9430 26583 11302 17863 22442 18973 

-4 -4 -3 -5 -4 -3 189 -4 
-1 -1 -1 101 -1 -1 -1 -1 

-4 -3 -3 -5 3596 5713 3170 1796 
-1 -1 1998 101 4547 1999 2999 -1 

-5 1682 9919 -4 2120 7106 2309 2371 
1999 1798 5029 1516 3710 1310 2185 -1 

-5 1682 9919 -4 1907 7106 2309 2371 
1999 1798 5029 1516 3338 1310 2185 -1 

-4 1682 9919 -4 4647 7106 2309 2371 
1999 1798 5029 1516 18003 1310 2185 -1 

-4 5219 9919 -4 4647 6395 2077 2133 
1798 1798 5029 1364 18003 7179 2185 -1 

9 378 -5 -6 -4 -5 -4 -4 
-1 -1 6 1160 -1 -1 -1 -1 

-2 -2 -2 -2 -2 -2 -2 -2 
-1 -1 -1 -1 -1 -1 -1 -1 

-7 -3 1739 920 -4 -5 -6 -5 
-1 859 -1 -1 -1 -1 625 -1 

1243 -3 1739 920 710 -5 -5 -5 
-1 859 -1 1999 -1 -1 2562 -1 

1005 -3 1739 920 710 1795 -5 -5 
-1 695 -1 1798 -1 -1 2074 1999 

1005 -3 1739 920 710 1795 6662 -5 
-1 695 -1 1798 -1 -1 5866 1999 

1005 -3 1739 920 710 1795 13495 -5 
-1 695 -1 1798 -1 -1 8279 1999 

1005 -3 7658 920 710 1795 16312 3328 
-1 695 -1 1798 4999 -1 12451 3799 

1005 -3 7658 920 710 1795 19680 3328 
-1 695 -1 1798 4999 -1 13205 3799 

1005 -3 7658 920 710 1795 22712 3328 
-1 695 -1 1798 4999 -1 14884 3799 

1005 -3 7658 920 710 1795 20440 3328 
-1 695 -1 1798 4999 -1 13395 3799 

1005 -3 6892 920 710 1795 23396 2995 
-1 695 -1 1798 4999 -1 19055 3418 

1028 317 5047 563 2725 1295 5930 1423 
1966 4625 695 4256 1269 4319 4842 4204 

832 317 5047 563 2725 1047 5930 1280 
1966 4625 625 3446 1027 4319 4842 4204 

832 317 5047 563 2725 7608 5930 3294 
1966 4625 12562 7101 1027 4319 4842 4204 

488 2184 8244 506 2451 7436 8149 3563 
1043 6162 11241 5176 1917 4541 7892 6405 

488 2184 8244 506 2451 7436 8149 3563 
1043 6162 11241 5176 1917 4541 7892 6405 

488 1965 8244 506 2451 7436 8149 3563 
1043 6162 11241 5176 1917 4541 7102 6405 

116 -4 -3 -4 -4 -3 -3 -3 
-1 -1 -1 216 -1 -1 -1 -1 

243 -4 -4 -4 71 -3 -2 105 
-1 1618 1456 1974 1798 -1 1618 -1 

3552 -4 -3 7496 71 -3 -2 105 
-1 4010 1456 1974 3618 -1 1618 -1 

-2 -2 -2 -2 -2 -2 -3 -2 
-1 -1 -1 -1 -1 -1 -1 -1 

-2 -2 -2 -2 -2 -2 -3 9998 
-1 -1 -1 1999 -1 -1 -1 -1 

2374 -2 3933 -2 -2 -2 1927 11323 
-1 11152 6559 4318 1456 -1 -1 11376 

-2 -2 -3 -2 -1 -2 -2 -2 
-1 -1 -1 -1 -1 -1 -1 -1 

-2 -2 -3 -2 -1 -2 7498 -2 
-1 -1 -1 -1 2999 -1 -1 -1 

6565 7659 8301 1035 8424 15795 12759 5021 
8981 10859 17249 2503 12962 9058 15111 10493 

12575 7659 8301 1035 8424 20882 12759 12018 
11082 10859 17249 6252 15665 9058 15111 10493 

9165 7659 7470 930 7639 19164 14483 12018 
9973 10595 15523 4557 15665 10036 13599 12443 

8686 6202 5838 3398 3651 16982 10554 12883 
9168 11297 10183 2420 15388 6952 9026 10627 

8686 6202 5838 3398 3651 16982 9498 12883 
9168 11297 10183 2420 15388 6256 9026 10627 

8686 6202 5838 3398 3651 15283 10967 12883 
9168 11297 10183 2420 15388 20630 9026 9564 

8686 6202 5838 3398 3651 15283 8882 15497 
9168 11297 18164 1959 15388 18566 9026 9564 

-2 -2 -2 -2 -2 -2 -3 -2 
-1 -1 -1 -1 -1 -1 -1 -1 

-4 -4 -4 -5 1156 -6 1285 -4 
-1 955 -1 -1 954 -1 -1 -1 

-3 -4 -4 -5 1156 3327 2156 -4 
-1 859 1999 -1 954 -1 2999 -1 

-3 -4 -4 495 1040 2992 1938 1067 
-1 772 1798 -1 2858 2999 2698 -1 

-3 -4 -4 7945 1040 2992 1938 1067 
-1 772 1798 2999 2858 2999 2698 -1 

-3 -4 -4 14650 1040 2992 1938 1067 
-1 772 1798 5699 2858 2999 2698 -1 

-3 -4 -4 18185 8913 6442 1938 1067 
2999 8694 1798 5699 2858 8699 7428 -1 

-3 -4 -4 19699 8913 6442 1938 1067 
2999 9824 1798 5699 2858 8699 7428 -1 

-3 -4 -4 22729 8913 6442 1938 1067 
2999 11841 1798 5699 2858 8699 7428 -1 

-3 -4 -4 20455 8913 6442 1938 1067 
2999 10656 1798 5699 2858 8699 7428 -1 

-2 -4 -4 24409 11719 9131 1938 1067 
4699 15590 1798 5699 2858 11545 6685 -1 

1722 -14 592 11046 5590 4364 1400 1606 
2773 12317 10610 3738 1517 7315 3196 -1 

1549 -14 592 12941 9197 3927 1259 1444 
2773 12317 9548 3738 1365 13625 2876 -1 

3536 -14 592 12941 9197 3927 1259 1444 
2773 12317 9548 3738 1365 13625 14588 -1 

8029 -12 1892 8989 5239 2485 1018 946 
1818 8822 8693 2206 4353 7578 7751 -1 

8029 -12 1892 8989 5239 2485 1018 946 
1818 8822 8693 2206 4353 7578 7751 -1 

7225 -12 1892 8989 5239 2485 1018 946 
1818 8822 8693 2206 4353 7578 6975 -1 

-3 -3 -5 -3 -3 -3 -3 -3 
-1 -1 -1 -1 -1 -1 -1 -1 

85 189 -4 -3 -3 95 93 -2 
1798 -1 1999 -1 -1 3799 -1 -1 

85 189 -4 -3 -3 95 93 10798 
1798 -1 1999 2698 -1 6419 -1 -1 

-3 74 -2 -2 -2 -2 -2 -3 
-1 -1 -1 -1 74 -1 -1 -1 

-3 74 -2 -2 -2 9998 -2 -3 
1999 -1 -1 -1 74 -1 -1 -1 

7121 2616 1122 3734 8473 5619 10843 13316 
859 6950 8503 9961 18333 10348 17098 8219 

-2 -2 -3 -2 -2 -2 -2 -2 
-1 -1 -1 -1 -1 -1 -1 -1 

-2 -2 -3 -2 7498 -2 -2 -2 
2999 -1 -1 -1 -1 -1 -1 -1 

1609 -5 4996 1041 -4 -4 -5 1589 
-1 684 1432 2268 -1 -1 -1 -1 

1609 -5 4996 1041 -4 -4 5828 1589 
-1 7615 1432 2268 -1 -1 -1 -1 

16384 2958 12761 3821 7502 6037 13607 4092 
14032 14500 3978 708 19772 6339 12459 28056 

19776 2661 12761 2784 6751 4888 13607 9221 
12628 13049 6580 637 18463 9480 10091 24525 

12586 3224 12016 3442 4920 5295 12244 7630 
8510 10360 7129 463 14300 8457 7355 16090 

11327 3224 12016 3442 4920 5295 12244 7630 
8510 10360 7129 463 12869 8457 7355 16090 

12694 3224 12016 3442 4920 4765 12244 7630 
8510 10360 7129 463 25582 7611 7355 16090 

13753 3224 12016 3097 4920 4288 12244 7630 
8510 10360 6415 416 33023 6849 7355 14480 

-5 2426 -5 -3 -3 -3 4 -5 
-1 -1 1618 -1 43 -1 0 -1 

-2 -2 -2 -2 -2 -2 -2 -2 
-1 -1 -1 -1 -1 -1 -1 -1 

-6 621 -4 1471 -6 1324 -6 1071 
-1 -1 331 -1 -1 -1 -1 3476 

-6 621 1996 1323 -6 1324 582 1071 
-1 1999 331 -1 1999 -1 -1 3476 

8463 557 1796 1190 1936 1324 582 962 
-1 1798 331 3799 5887 -1 -1 3476 

8463 557 1796 1190 1936 8691 582 962 
-1 1798 331 3799 5887 -1 2999 3476 

8463 557 1796 1190 1936 15321 582 962 
-1 1798 331 3799 5887 -1 5699 3476 

8463 557 7449 1190 1936 17360 523 962 
-1 1798 331 3418 5887 -1 16116 3476 

8463 557 7449 1190 1936 23124 523 962 
-1 1798 331 3418 5887 -1 17504 3476 

8463 557 6703 1190 1936 23124 523 962 
-1 1798 331 3076 5887 -1 17504 3476 

8463 557 6032 1190 1936 23124 523 962 
-1 1798 331 2768 5887 -1 17504 3476 

8463 557 10428 5237 1936 23230 523 962 
4498 1798 331 8491 5887 -1 17504 7128 

4480 1747 10058 4233 1399 10796 331 862 
3701 6179 297 14198 7120 -1 14177 4968 

4480 1747 10058 3427 5259 10796 297 775 
3701 5560 267 16778 5766 -1 14177 4968 

4480 1747 10058 3427 6875 10796 297 775 
3701 5560 267 27100 5766 -1 14177 4968 

6737 1271 7331 5388 5566 9715 192 410 
2997 2953 194 19755 8825 1456 11482 4471 

6737 1271 7331 5388 5566 9715 10172 410 
2997 2953 194 19755 8825 1456 12333 4471 

6737 1271 7331 5388 5566 9715 9154 410 
2997 2953 194 19755 8825 1456 11099 4471 

6063 1110 5937 4363 5566 7868 7509 410 
2697 2391 2174 17779 8053 1178 9988 4471 

6063 1110 5937 4363 5009 7868 16582 410 
2697 2391 2174 19001 7247 1178 10989 4471 

-2 -2 -2 -2 -3 -2 -2 -3 
-1 -1 -1 -1 -1 -1 -1 -1 

-2 -2 -2 -2 -3 -2 -2 -3 
-1 -1 -1 -1 -1 -1 -1 -1 

5591 1347 5194 6146 2594 7210 5128 3608 
4714 14836 4048 2428 3619 2998 14054 3238 

-4 -4 -3 -3 -3 -3 -3 128 
-1 -1 -1 59 -1 -1 -1 -1 

-4 -4 -3 -3 -3 -3 6663 128 
-1 -1 3999 59 -1 -1 -1 -1 

8612 5402 6324 12475 6029 540 7156 4857 
13936 2926 12690 26449 10395 15264 4810 16640 

14417 5402 6324 12475 6029 6736 13940 4857 
16542 2926 12690 26449 12355 18737 4810 16640 

-2 -2 -2 -3 -2 -2 -2 -2 
-1 -1 -1 -1 -1 -1 -1 -1 

-2 4993 7017 1347 2998 -2 1685 -3 
-1 7229 2428 -1 6699 -1 1456 -1 

-2 7804 2198 2340 1430 6779 1362 -3 
-1 7172 3044 -1 4214 1592 1582 7229 

-2 7804 2198 2340 1430 6779 1362 -2 
-1 7172 3044 -1 4214 1592 1582 7229 

-2 7804 2198 2105 1430 6779 1362 2775 
-1 7172 3044 14999 4214 1432 1582 7229 

-2 7804 2198 6894 1286 6100 1225 7310 
-1 7172 3044 22499 3792 4759 1423 6505 

-5 -5 -6 -5 -5 1963 -5 1588 
-1 -1 954 -1 -1 1310 -1 -1 

-2 -2 -2 -3 -2 -2 -3 -2 
-1 -1 -1 -1 -1 -1 -1 -1 

-7 -4 -4 1447 -4 -6 -4 867 
-1 684 -1 563 -1 -1 -1 -1 

-7 -4 -4 3547 -4 1661 996 867 
1999 2615 1999 563 1999 -1 -1 -1 

-7 -6 -3 2871 -4 1494 996 2385 
1456 1715 3619 2506 1798 -1 -1 -1 

-7 -6 -3 2871 -4 8844 996 2385 
1456 1715 3619 2506 4618 -1 -1 -1 

-7 -6 6663 2871 -4 8844 996 2385 
1456 1715 3619 6255 4618 -1 -1 -1 

-6 -6 9885 2871 4996 12959 5896 2385 
6979 1715 3619 15366 4618 -1 -1 -1 

-6 -6 14896 2871 4996 12959 5896 2385 
6979 1715 3619 19829 4618 -1 -1 -1 

-6 -6 23406 2871 4996 12959 5896 2385 
6979 1715 3619 19846 4618 -1 -1 -1 

-6 -6 21065 2871 4996 12959 5896 2385 
6979 1715 3619 17861 4618 -1 -1 -1 

3327 -6 25208 2871 4996 12959 5306 2385 
6280 1715 3619 21074 4618 -1 3999 -1 

2980 307 5746 1361 5076 6115 2044 1131 
5894 737 4530 13158 4944 1798 1393 4998 

2980 307 5746 1101 5076 5503 2044 915 
5894 596 4076 13158 4449 1798 1253 4998 

2980 307 5746 1101 5076 7988 2044 915 
5894 17536 4076 13158 4449 1798 1253 4998 

4758 200 4653 1863 5425 8764 6154 7364 
5916 11978 2970 7912 5056 3310 912 3643 

4758 200 9187 1863 5425 8764 6154 7364 
5916 12780 2970 7912 5056 3310 912 3643 

4758 200 8268 1863 5425 8764 6154 7364 
5916 11501 2970 7912 5056 3310 912 3643 

3853 145 6874 1508 4478 5910 4547 6627 
5324 8102 4205 6408 4094 4480 5476 3278 

3853 145 11186 6357 4478 5910 4547 6627 
5324 8102 4205 8767 4094 4480 6928 3278 

-3 -4 -4 13 -3 -3 -4 -3 
-1 -1 21 -1 -1 -1 -1 -1 

-3 -4 -4 13 -3 -3 -4 -3 
-1 -1 21 -1 -1 -1 -1 -1 

4263 54 8528 -9 830 3018 7260 4406 
18011 2998 6591 4048 17901 5053 1618 5412 

-2 171 -2 -2 -2 -2 -2 -3 
-1 -1 -1 -1 -1 17 -1 -1 

-2 171 -2 -2 7498 -2 -2 -3 
2999 -1 -1 -1 -1 17 -1 -1 

14614 11814 14231 6791 10988 8153 10730 8588 
19232 24376 11535 12952 22438 17660 8380 19403 

14614 11814 14231 17500 17389 8153 10730 15229 
23308 24938 11535 12952 24194 18894 8380 19403 

-2 0 -2 -2 -2 -2 -2 -2 
-1 -1 -1 17 -1 -1 -1 -1 

-2 -1 -2 2022 -2 4164 -2 -2 
3643 -1 -1 4513 -1 -1 -1 -1 

1346 -2 7198 964 2308 2730 -2 -2 
3709 1999 -1 6197 -1 -1 -1 2623 

1346 -2 7198 964 2308 2730 -2 -2 
3709 1999 -1 6197 -1 -1 -1 2623 

3532 -2 6478 964 2308 2730 -2 -2 
16338 1999 -1 6197 -1 -1 -1 2360 

6910 -2 6478 964 2077 2456 -2 -2 
23704 1999 -1 6197 -1 -1 -1 1911 

-6 1818 -5 -4 -3 -4 -5 -6 
-1 562 -1 0 -1 -1 -1 -1 

-2 11 -2 -2 -2 -2 -2 -2 
-1 -1 -1 -1 -1 -1 -1 1 

1157 -3 -5 -6 -6 -3 2183 -6 
625 -1 -1 -1 -1 563 -1 -1 

11041 -3 1662 1661 708 747 2183 -6 
6775 2999 -1 -1 1999 563 -1 -1 

11041 -5 1495 1493 1161 603 1765 -6 
7487 2698 -1 -1 1798 409 -1 -1 

11041 -5 1495 1493 1161 7209 1765 -6 
7487 2698 -1 -1 1798 409 3999 -1 

11041 -5 1495 1493 1161 13154 1765 -6 
7487 2698 -1 -1 1798 409 7599 -1 

11041 -4 1495 1493 1161 18421 1765 -6 
6738 2698 -1 -1 1798 5368 14839 -1 

11041 4996 1495 1493 1161 18421 1765 -6 
6738 2698 -1 -1 4618 5368 14839 -1 

11041 9496 1495 1493 1161 18421 1765 -6 
6738 2698 -1 -1 6156 5368 14839 -1 

11041 8546 1495 1493 1161 18421 1765 -6 
6738 2698 -1 -1 5540 5368 14839 -1 

13443 12691 1495 1493 1161 18421 1588 -6 
12064 2698 -1 -1 8986 4831 14839 -1 

15380 7672 500 775 933 8797 857 352 
8435 3592 -1 695 14490 2827 5172 -1 

13841 6213 6283 775 933 8797 857 316 
8435 2618 -1 695 14490 9544 5172 -1 

13841 12258 8539 775 933 8797 857 316 
8435 6356 -1 695 14490 23589 5172 -1 

6639 6512 4854 775 677 7391 4953 1077 
5087 6220 -1 506 9506 11281 3769 4423 

6639 6512 4854 775 677 7391 4953 5969 
5087 6220 -1 506 9506 11281 3769 5980 

6639 6512 4854 775 677 7391 4953 5371 
5087 6220 -1 506 9506 11281 3769 5381 

-3 -4 41 -1 1 -3 -3 -3 
-1 114 6 -1 -1 -1 -1 -1 

71 -3 41 -1 83 -2 -2 97 
3076 91 3 -1 -1 1798 -1 -1 

71 -3 36 -1 83 3331 -2 5087 
3076 2081 3 1999 -1 1798 -1 -1 

271 -2 -2 -2 -2 -2 -2 -2 
141 -1 -1 -1 -1 -1 -1 -1 

271 -2 -2 -2 -2 -2 -2 -2 
141 -1 -1 -1 -1 -1 -1 -1 

6025 3366 4273 4998 2697 1998 6842 2913 
10055 5699 7507 9718 4318 2698 16399 1999 

-3 -2 -2 -3 -2 -2 -3 -2 
-1 -1 -1 -1 -1 -1 -1 -1 

-3 -2 -2 7497 -2 -2 -3 -2 
-1 -1 2999 -1 -1 -1 -1 -1 

-3 -2 -2 7497 6664 -2 -3 3998 
3999 -1 2999 -1 -1 3999 -1 -1 

12612 14698 13898 8732 4055 4212 5040 24412 
21293 21355 9147 21592 10562 20981 259 22136 

14715 14698 12508 10072 7980 3410 4080 21970 
24447 19297 9147 21432 9505 18882 3769 17929 

14676 8677 9116 7320 5233 5069 5526 11983 
9470 17667 9600 14262 7855 12948 2472 18783 

13208 8677 9116 7320 5233 5069 5526 11983 
8522 17667 9600 14262 7855 12948 2472 18783 

12526 8677 9116 7320 5233 5069 5526 11983 
20669 17667 9600 14262 7855 12948 2472 16904 

11273 7809 13829 7320 5233 5069 5526 11983 
20669 17667 9600 14262 7855 11653 10102 16904 

-5 -4 1296 -6 226 224 -5 0 
939 1060 4 299 -1 5 -1 -1 

-2 -2 -2 -2 -2 -2 -2 -2 
-1 -1 -1 -1 -1 -1 -1 -1 

1175 1447 -4 -5 -4 -5 -4 865 
-1 1061 -1 -1 1592 -1 -1 506 

1533 2456 -4 -5 -4 -5 -4 2445 
-1 1061 4699 -1 3432 -1 -1 506 

1935 2209 -4 -5 744 -5 -4 2198 
-1 859 4699 -1 4579 -1 1999 506 

1935 2209 -4 6662 744 -5 -4 2198 
-1 859 8229 -1 4579 -1 1999 506 

1935 2209 -4 9329 744 -5 -4 2198 
-1 859 9406 -1 4579 -1 1999 506 

5491 2209 3567 12056 5669 -5 -4 2198 
2999 859 16465 -1 14108 -1 1999 455 

5491 2209 3567 18350 5669 -5 -4 2198 
2999 859 17818 -1 14108 -1 1999 455 

5491 2209 3567 26515 5669 -5 -4 2198 
2999 859 18036 -1 14108 -1 1999 455 

5491 2209 3567 23863 5669 -5 -4 2198 
2999 859 16232 -1 14108 -1 1999 455 

4941 2209 3567 24953 9268 -5 -4 2198 
2698 859 19608 -1 17697 -1 1999 409 

1320 178 870 6647 1370 299 361 521 
448 533 4406 4365 1740 -1 867 2066 

1320 178 5783 5981 1370 299 324 521 
448 533 4406 3928 1740 -1 780 8859 

1320 178 7612 5981 1370 299 6541 521 
448 533 4406 8535 1740 -1 780 20973 

864 3819 5546 5959 5726 174 6047 3039 
237 1712 4348 8713 3571 2428 459 17288 

864 3819 5546 5959 11403 174 6047 3039 
237 1712 8913 8713 3571 2428 459 17288 

864 3819 5546 5959 10262 174 6047 3039 
237 1712 8021 8713 3571 2428 459 17288 

5 -3 -3 -4 -4 -4 -3 -4 
-1 38 -1 -1 -1 -1 -1 -1 

139 -2 -3 82 -3 -4 -3 -3 
-1 30 -1 1798 -1 -1 1798 1798 

7625 3331 -3 73 -3 -4 -3 -3 
-1 30 2698 1798 -1 -1 1798 3618 

7625 3331 -3 73 -3 -4 -3 -3 
-1 30 2698 1798 -1 -1 1798 3618 

9323 10839 4391 5586 9256 11712 9421 7767 
9726 18594 8552 14948 12061 4498 11456 11117 

-2 -2 -2 -2 -2 -3 -2 -2 
-1 -1 -1 -1 -1 -1 -1 -1 

-2 -2 6248 -2 -2 -3 -2 -2 
-1 -1 -1 -1 -1 -1 4999 -1 

18999 8756 12169 15917 8080 10782 7580 21469 
25784 13322 9535 23321 11402 11495 12462 27506 

18999 8756 12169 20991 8080 14703 7580 21469 
27205 13322 13581 23321 11402 11495 12462 27506 

-2 -2 -2 -2 -2 -2 -2 -2 
-1 -1 -1 -1 -1 -1 -1 -1 

-2 2855 -2 1797 4998 -2 9034 -2 
3805 3598 -1 -1 -1 3999 -1 4799 

-3 2079 725 1059 6976 6319 6242 -2 
3131 4160 1998 1310 -1 3238 -1 5118 

-3 2079 725 1059 6976 5686 6242 -2 
3131 4160 1998 1178 -1 3238 -1 5118 

-3 2079 652 1059 6976 7438 6242 -2 
3131 3743 1998 14060 -1 3238 -1 5118 

-2 2079 586 952 6976 10524 6242 -2 
2817 3368 1998 18588 -1 3238 -1 5118 

-4 -6 -4 -3 1019 -5 -5 -5 
-1 -1 -1 562 -1 1456 -1 -1 

-2 -2 -2 -2 -2 -2 -2 -2 
-1 -1 -1 -1 -1 -1 -1 -1 

-6 -5 -5 -4 -5 -5 -5 493 
-1 -1 1179 -1 -1 -1 -1 -1 

-6 9995 -5 -4 1245 -5 -5 5766 
1999 5599 3061 1999 -1 -1 -1 -1 

-6 8994 -4 3329 1007 -4 -5 4200 
1798 4081 2754 1798 1798 -1 -1 -1 

-6 8994 -4 3329 8406 -4 -5 4200 
1798 4081 2754 4618 1798 -1 -1 -1 

-6 8994 -4 3329 14232 -4 -5 4200 
1798 4081 2754 8156 1798 -1 -1 -1 

-6 14344 -4 3329 16975 -4 -5 7151 
6618 4081 5478 12340 1798 -1 -1 -1 

-6 14344 -4 3329 16815 -4 -5 11435 
6618 4081 5478 15106 1798 1999 -1 -1 

-6 14344 -4 3329 16815 -4 -5 20291 
6618 4081 5478 15106 1798 1999 1999 -1 

-6 14344 -4 3329 16815 -4 -5 18261 
6618 4081 5478 15106 1798 1999 1798 -1 

-6 14344 -4 2995 15133 -4 4495 22684 
6618 4081 5478 18535 1618 1798 6618 -1 

741 14344 -4 2421 13616 -4 3626 17912 
5956 6305 4930 15012 1456 1618 18956 -1 

666 14344 -4 7178 15587 -4 2936 17912 
5956 5674 4436 13510 3879 1618 17060 5999 

666 14344 -4 13960 16528 -4 2936 17912 
5956 5674 4436 13510 6491 1618 17060 21399 

1909 12491 857 9157 12628 5591 7751 11750 
2562 3722 4718 14689 5803 9925 11192 14959 

1909 12491 857 15741 12628 5591 7751 11750 
2562 3722 4718 14689 8222 9925 11192 14959 

1909 12491 857 14166 12628 5591 7751 11750 
2562 3722 4718 14689 7399 9925 11192 14959 

1251 6193 626 9477 10228 4137 5154 7830 
1867 4967 5621 13697 5393 5859 11698 10442 

6125 8907 626 9477 10228 13723 5154 7830 
1867 7823 7058 13697 5393 5859 11698 10442 

-2 -2 -2 -2 -2 -2 -3 -2 
-1 -1 -1 -1 -1 -1 -1 -1 

-2 -2 -2 -2 -2 -2 9997 -2 
-1 -1 -1 -1 1999 -1 -1 -1 

1426 1926 1998 5105 -2 -2 13718 -2 
1798 -1 1999 3598 20447 11330 -1 2999 

20 -3 -2 -3 -3 -3 -3 -3 
-1 -1 -1 -1 -1 13 -1 -1 

20 -3 -2 -3 4997 -3 -3 -3 
-1 -1 -1 -1 -1 13 -1 4999 

9275 645 1857 1248 2829 2258 12807 1754 
26196 18768 10736 7269 4346 6190 11798 15507 

9275 645 1671 1248 2829 8698 17526 1754 
26196 16891 10736 10542 4346 6190 11798 19956 

-2 -2 -2 -2 -2 1 -2 -2 
-1 -1 -1 0 -1 -1 -1 -1 

-2 -2 6223 -2 -2 1 1664 2022 
1798 1999 -1 6299 -1 -1 -1 1999 

7023 4637 6035 -2 1178 0 980 1192 
1729 1618 -1 8362 -1 -1 1618 6111 

7023 4637 5431 -2 1178 0 980 1192 
1729 1618 -1 7525 -1 -1 1618 6111 

7023 4637 7596 -2 1178 0 980 3441 
1729 1618 -1 19772 8999 -1 1618 6111 

6320 4173 6836 -2 1178 4999 980 3441 
1555 11456 -1 16014 8999 -1 1456 6111 

-5 -6 713 -4 -5 -6 -3 3813 
-1 -1 695 7 -1 -1 1456 1769 

-2 -2 -2 -2 -2 -2 -2 -2 
-1 -1 -1 -1 -1 -1 -1 -1 

-4 -5 1323 -4 -7 -5 1932 -5 
-1 -1 -1 695 -1 455 -1 -1 

2496 -11 11774 -4 -7 -5 1932 -5 
-1 -1 -1 6736 -1 409 -1 -1 

3246 898 9077 -4 -7 -5 1932 -5 
-1 -1 1999 10330 -1 367 -1 -1 

3246 7474 9077 -4 -7 -5 1932 -5 
3999 -1 1999 10330 -1 367 -1 -1 

3246 11726 9077 -4 -7 -5 1932 -5 
6599 -1 1999 10330 -1 367 -1 -1 

2921 17602 9077 -4 -7 -5 1738 -4 
12939 -1 1798 10330 -1 330 4999 -1 

2921 19175 9077 -4 -7 -5 11564 -4 
21645 1999 1798 10330 -1 330 4999 -1 

2921 24757 9077 -4 -7 -5 11564 -4 
22480 1999 1798 10330 -1 330 4999 -1 

2628 24757 9077 -4 -7 -5 11564 -4 
22480 1999 1798 9296 -1 330 4999 -1 

6809 24757 9077 -4 -6 -4 11564 -4 
20231 1999 1618 16366 -1 330 4999 -1 

4830 12345 3374 -22 280 -15 5248 -16 
9675 4829 3486 9328 -1 1097 3107 1310 

4830 12345 5732 -18 280 -15 4722 2519 
7836 4829 6590 9328 -1 2987 2796 1310 

4830 12345 5732 -18 280 -15 10916 3867 
7836 4829 16537 9328 -1 2987 2796 1310 

2565 11110 4177 4486 5593 4714 8550 3197 
5140 6270 10099 4956 4699 5177 1833 5179 

2565 11110 4177 4486 5593 4714 17695 3197 
5140 6270 10099 4956 4699 6659 1833 5179 

2565 11110 4177 4486 5593 4714 15925 3197 
5140 6270 10099 4956 4699 5992 1833 5179 

2431 11110 3854 4037 4529 3817 12967 2877 
7963 6270 8981 3612 4699 5392 1833 4660 

5521 11110 8468 4037 4529 3817 12967 2589 
7963 6270 8981 3612 4228 8167 1833 4660 

-2 -2 -3 -2 -3 -2 -2 -2 
-1 -1 -1 -1 -1 -1 -1 -1 

-2 -2 -3 -2 -3 -2 -2 9998 
-1 -1 -1 -1 1999 -1 -1 -1 

1137 2767 3872 6624 2058 4385 1820 7541 
6268 5128 -1 1618 13924 6298 6428 4799 

-3 1140 -2 -3 408 -3 -3 -3 
-1 -1 -1 918 -1 -1 -1 -1 

-3 8526 -2 -3 408 -3 -3 -3 
-1 -1 -1 918 -1 2999 -1 -1 

11304 19128 22414 12150 7105 7709 7802 13886 
17643 22644 19146 18614 16725 19743 11828 17592 

11304 19128 22414 12150 7105 7709 13688 16497 
17643 24379 19146 18614 19052 19743 11828 17592 

-2 -2 -2 -2 -3 -2 -3 -3 
-1 -1 -1 -1 -1 -1 -1 -1 

5903 -2 -2 -2 -3 3598 -3 4496 
-1 1618 -1 4498 -1 3598 3999 -1 

4592 3903 2184 -2 2056 2358 4996 3641 
-1 6679 1618 5326 -1 3361 2360 -1 

4592 3903 2184 -2 2056 2358 4996 3276 
-1 6679 1618 5326 -1 3024 2360 -1 

7769 3903 2184 -2 2056 5872 4996 5355 
-1 6679 9456 5326 -1 15721 5124 -1 

12292 3903 2184 -2 1850 5284 4996 9819 
-1 6679 11259 5326 -1 21148 4611 -1 

426 -4 2651 -4 16 -4 -4 1 
-1 15 -1 1310 -1 2 -1 851 

-2 -2 -2 -2 -2 -2 -2 -2 
-1 -1 -1 -1 -1 -1 -1 -1 

-3 -4 -6 769 559 -4 1191 -5 
-1 -1 -1 -1 773 506 -1 695 

451 -3 -6 769 559 -4 1191 2495 
-1 1999 -1 -1 695 506 1999 695 

326 -4 1105 769 502 -4 1071 2244 
-1 1618 1999 -1 562 455 1798 695 

326 7496 1105 769 502 -4 1071 2244 
-1 1618 1999 -1 562 3409 1798 695 

326 11746 1105 769 502 -4 1071 2244 
-1 1618 1999 -1 562 7068 1798 695 

293 13451 1105 769 502 3329 1071 2244 
-1 1618 1999 -1 505 13361 5618 695 

293 13451 7244 769 502 3329 1071 2244 
-1 1618 1999 -1 505 17024 5618 695 

293 13451 14019 769 502 3329 1071 2244 
-1 1618 1999 -1 505 18321 5618 695 

293 13451 12616 769 502 3329 1071 2244 
-1 1618 1999 -1 505 16488 5618 695 

3837 13451 15843 769 502 3329 1071 2019 
-1 1310 5799 -1 505 19839 5618 625 

6338 6190 8138 593 286 4446 446 1402 
1998 4342 6264 -1 240 11556 4686 1680 

6338 5570 8841 533 286 4446 446 1402 
1998 4342 6873 -1 215 11556 4686 1680 

6338 5570 15267 533 286 4446 446 1402 
1998 4342 16767 -1 215 11556 4686 1680 

11905 3652 11004 6550 1593 8100 324 5918 
2832 9347 12222 1618 2327 7760 5595 5761 

11905 3652 11004 6550 1593 8100 324 10326 
2832 9347 12222 1618 2327 9984 5595 5761 

11905 3652 11004 6550 1593 8100 324 9293 
2832 9347 12222 1618 2327 8985 5595 5761 

11905 3286 8021 5979 1208 8100 324 5620 
4783 9347 10999 2799 1884 8985 7035 7619 

13017 3286 8021 10381 1208 8100 324 5620 
4783 9347 10999 2799 1884 11086 8331 6856 

-3 -3 190 -3 -3 -3 -4 242 
-1 -1 -1 -1 -1 -1 -1 418 

-3 -3 10171 -3 -3 -3 -4 242 
-1 -1 -1 -1 -1 1999 -1 418 

10824 4733 11484 4196 11046 3477 4496 5363 
-1 1798 13176 3798 17788 9392 14001 12922 

-2 -2 -2 -2 -2 -2 -3 4 
15 -1 -1 -1 -1 -1 -1 -1 

-2 -2 -2 -2 -2 7498 -3 4 
15 -1 2999 -1 -1 -1 -1 -1 

10748 8740 8137 14743 3077 4968 7981 11196 
9268 24708 11432 13326 11430 24813 21830 6624 

10748 8740 13257 14743 3077 4968 7981 21360 
9268 22237 14288 13326 11430 26331 24647 6624 

-2 -2 -2 -2 0 -2 -2 -2 
-1 -1 -1 -1 -1 -1 -1 -1 

-2 1797 4998 2997 2857 -2 -2 -2 
-1 7399 -1 -1 -1 -1 6239 -1 

4047 6013 3642 2893 8522 -3 -2 -2 
-1 10809 -1 1456 -1 1998 3276 -1 

4047 5411 3642 2893 8522 -3 -2 -2 
-1 9727 -1 1456 -1 1998 3276 -1 

4047 7277 6134 2893 8522 -3 3998 -2 
-1 21754 -1 9310 -1 5798 3276 -1 

4047 10993 5520 2893 7669 -3 3598 -2 
-1 24820 -1 8378 -1 5218 3276 -1 

-5 -3 -4 0 -6 -6 -6 -3 
-1 0 0 -1 -1 -1 -1 0 

-3 -4 -2 -3 -3 -3 -3 -3 
-1 -1 -1 -1 -1 -1 -1 -1 

-6 -6 -6 -6 -5 -4 398 779 
-1 -1 -1 -1 1061 -1 -1 859 

-5 -6 1866 1066 -4 -4 398 779 
-1 2999 2698 -1 1061 -1 1999 859 

-6 -6 1866 958 -4 -4 756 779 
-1 2698 2698 1999 1061 -1 1798 859 

-6 -6 6679 958 -4 -4 756 779 
-1 2698 2698 1999 1061 -1 1798 4773 

-6 -6 6010 958 -4 -4 756 779 
-1 2698 2698 1999 1061 -1 1798 4295 

-6 -6 13368 958 -4 -4 756 700 
5999 2698 2698 1999 954 -1 1798 8865 

-6 -6 18697 958 -4 -4 756 700 
5999 2698 2698 1999 954 -1 1798 11978 

-6 -6 18697 958 -4 9996 756 700 
5999 2698 2698 3799 954 -1 1798 11978 

-6 -6 18697 958 -4 8996 756 700 
5999 2698 2698 3418 954 -1 1798 11978 

-6 -6 21827 958 -4 12429 756 629 
5999 2698 2698 11076 954 -1 4618 9701 

-6 -6 21644 958 -4 13195 756 982 
5999 2698 2698 25968 954 -1 8156 9857 

-6 -6 19479 958 -3 11875 756 4794 
5398 2698 2698 23371 772 -1 8156 15183 

-6 -6 19479 958 -3 11875 756 11989 
5398 2698 2698 23371 4694 -1 8156 21664 

5536 -6 10350 1606 5130 15648 3883 7544 
3186 5891 5189 12059 8119 1618 5900 17592 

5536 -6 10350 1606 5130 15648 3883 7544 
3186 5891 5189 12059 8119 1618 5900 17592 

5536 -6 9314 1606 5130 15648 3883 7544 
3186 5891 5189 10852 8119 1618 5900 17592 

-2 -2 -2 -2 -2 -2 -2 -2 
-1 -1 -1 -1 -1 -1 -1 -1 

-2 7498 -2 -2 4998 -2 -2 -2 
-1 -1 -1 2999 -1 -1 2698 -1 

115 51 162 158 31 -12 49 114 
2637 4906 -1 4877 -1 -1 3199 1310 

115 51 162 10142 31 -12 49 114 
2637 4906 -1 4877 -1 -1 3199 3179 

6231 1824 7108 8192 8037 2002 4639 1445 
7174 11633 -1 5554 7239 8359 18129 15342 

-2 -2 -2 -2 -2 -2 -2 -2 
-1 -1 -1 -1 -1 -1 -1 -1 

-2 -2 -2 -2 -2 -2 -2 7498 
-1 -1 -1 -1 -1 -1 2999 -1 

15732 14544 10399 17822 6987 6167 15401 13332 
6766 15602 18125 11279 16048 29897 26461 24289 

19992 19756 10399 17822 6288 6167 15401 13332 
6766 15602 16312 11279 16048 30907 26461 28860 

-2 -3 -2 -2 -3 -3 -2 -2 
-1 -1 -1 -1 -1 -1 -1 -1 

-2 3854 2697 4998 3330 3330 2497 -2 
1999 -1 1999 1998 5398 1798 -1 2999 

7198 2527 2889 4524 1286 5197 4173 -2 
1618 3256 3256 6011 3186 1178 -1 1592 

7198 2527 2889 4524 1157 5197 4173 -2 
1618 3256 3256 5409 3186 1178 -1 1592 

7198 2527 2889 4071 3925 5197 4173 -2 
1618 3256 3256 19868 3186 1060 -1 1592 

7198 2527 2889 2967 7679 5197 4173 -2 
1618 3256 2930 20963 3186 953 -1 1592 

3 231 -5 -4 -3 3 -2 109 
-1 270 38 333 -1 -1 -1 0 

-2 -2 -2 -2 -2 -2 -2 -2 
-1 -1 -1 -1 -1 -1 -1 -1 

-5 418 -4 -5 -5 -4 -4 -7 
-1 -1 955 -1 -1 -1 -1 -1 

-5 1090 1424 3328 -5 -4 -4 -7 
1999 1999 955 -1 -1 -1 1999 -1 

-5 1507 2114 3222 -6 -4 -4 -7 
1618 1798 955 3799 -1 1618 1618 -1 

-5 1507 2114 3222 -6 -4 -4 7493 
1618 4618 955 3799 -1 1618 1618 -1 

-5 1507 2114 3222 -6 -4 -4 16743 
1618 6156 955 3799 -1 1618 1618 -1 

-5 1356 2114 3222 -6 -4 6663 19068 
1618 13540 955 3799 -1 1456 1618 3999 

-5 11220 2114 3222 -6 -4 6663 20161 
1618 18186 955 3799 -1 3310 1618 3999 

-5 11220 2114 3222 -6 -4 6663 18144 
1618 16367 955 3799 -1 3310 1618 3999 

-5 11220 2114 3222 -6 -4 6663 16329 
1618 14730 955 3799 -1 3310 1618 3999 

-5 16098 1902 3222 -6 -4 10996 20410 
1618 21257 955 3799 -1 8979 1456 7599 

531 8098 1232 2022 4043 -6 10831 14426 
1456 13934 11266 11492 -1 5951 1178 4486 

531 7287 6247 1819 3638 -5 10831 14426 
1310 12540 17139 11492 -1 5951 953 4037 

531 12808 8003 1819 3638 -5 10831 14426 
1310 12540 25425 11492 -1 5951 5857 4037 

429 6804 5097 3151 3188 1210 7487 10828 
2625 8372 18534 8097 -1 6342 3842 3602 

429 6804 5097 3151 3188 1210 7487 10828 
2625 8372 18534 8097 -1 6342 3842 3602 

429 6804 5097 3151 2869 1210 7487 10828 
2625 8372 18534 8097 -1 6342 3842 3241 

-3 -3 -3 -3 -4 -2 -3 -3 
-1 -1 -1 -1 -1 -1 -1 -1 

-2 -2 57 -3 91 -2 85 -2 
-1 -1 -1 -1 1999 1798 -1 1798 

-2 6748 57 -3 3415 -2 85 -2 
-1 -1 -1 -1 1999 1618 1999 4618 

-2 6748 57 -3 3415 -2 85 -2 
-1 -1 -1 -1 1999 1618 1999 4618 

2427 12192 36 4996 1799 2563 6540 2427 
-1 -1 14967 18089 13913 5250 4460 9822 

-2 -2 -2 -3 -2 -3 -2 -2 
-1 -1 -1 -1 -1 -1 -1 -1 

-2 -2 -2 -3 -2 -3 -2 7498 
-1 -1 -1 -1 2999 -1 -1 -1 

2823 4795 16518 10030 13930 10070 6798 5150 
18318 9571 6862 4101 15279 9305 1370 13422 

2823 11815 16518 15277 13930 10070 12784 5150 
18318 13613 6862 4101 15279 11374 1370 16079 

-2 -2 -2 -2 -2 -2 -3 -2 
-1 -1 -1 -1 -1 -1 -1 -1 

2698 9406 -2 -2 -2 8248 1425 -2 
-1 -1 4498 -1 3799 2999 1999 5699 

4107 7497 3768 3480 2246 6146 933 1733 
-1 4768 3863 -1 6440 4365 1798 6738 

4107 7497 3768 3480 2246 5531 933 1733 
-1 4768 3863 -1 6440 3928 1798 6738 

4107 7497 3768 3480 2246 8311 839 1733 
-1 4768 3863 -1 6440 21535 1798 6738 

4107 6747 3391 3480 7021 8311 679 1733 
-1 11961 3476 -1 6440 21535 1798 6738 

-6 1266 -5 -5 -5 -5 -5 -5 
-1 -1 -1 -1 -1 -1 -1 1060 

0 4497 -2 -2 -2 -2 -2 -2 
-1 -1 -1 -1 -1 1618 -1 -1 

855 1960 -4 964 -3 -5 -4 430 
695 859 563 -1 859 455 -1 -1 

1221 4264 -4 964 -3 -5 -4 430 
625 859 2506 -1 859 2409 -1 -1 

1687 4264 -4 866 -3 -5 994 309 
505 859 4029 -1 772 3555 -1 -1 

1687 4264 -4 10779 -3 -5 994 309 
505 859 5626 -1 772 3555 -1 -1 

1687 4264 -4 9700 -3 -5 994 309 
505 859 5063 -1 772 3555 -1 -1 

1687 4264 10996 14463 -3 -4 994 309 
505 859 9556 3999 4694 3199 -1 4999 

1687 13837 10996 14463 -3 4996 994 309 
505 859 10600 3999 4694 10879 -1 4999 

1687 13837 10996 14463 -3 4496 994 309 
505 859 10600 3999 4694 9790 -1 4999 

1687 13837 10996 14463 -3 4046 994 309 
505 859 10600 3999 4694 8810 -1 4999 

1687 17453 10996 14463 -3 8641 894 277 
505 859 11540 3238 4694 14929 -1 4999 

2187 8893 8008 5695 -8 5390 338 104 
194 4327 9885 1687 2816 26436 -1 3643 

2187 7202 7207 5695 -8 7528 3304 104 
8174 3153 8006 1687 5534 26436 -1 3643 

2187 7202 7207 5695 -8 7528 5582 104 
8174 3153 8006 1687 16980 26436 -1 3643 

2664 5248 4893 3734 4993 7518 10817 2583 
6138 5000 12682 5512 9022 18867 -1 3278 

2664 5248 4893 3734 4993 7518 14735 2583 
6138 5000 12682 5512 13119 18867 -1 3278 

2664 5248 4893 3734 4993 7518 13261 2583 
6138 5000 12682 5512 11806 18867 -1 3278 

-3 21 4996 -3 -3 -3 -3 552 
-1 1798 268 1 -1 -1 -1 -1 

3330 21 4996 -2 -3 -3 -3 5496 
1999 1618 2241 1 -1 -1 -1 -1 

2301 3845 4037 3734 2709 3994 6390 2423 
6771 5264 10258 4712 11362 12452 -1 2389 

2301 3845 4037 13360 2709 3994 6390 2423 
8093 5264 10258 4712 11362 12452 -1 2389 

4172 6485 6477 12813 6012 7411 9599 15808 
17864 10567 11996 11016 7233 24965 11662 1741 

-2 -2 -2 2654 -2 -2 -2 -2 
-1 -1 -1 -1 859 -1 -1 -1 

-2 -2 -2 2654 -2 7498 -2 -2 
-1 2999 -1 -1 859 -1 -1 -1 

9953 9950 13787 13809 6143 12279 13232 3884 
29426 12674 9260 15081 17174 14080 25606 18201 

9953 9950 18658 18678 15528 12279 13232 3884 
33335 12674 9260 15081 17174 14080 25606 18380 

-2 -2 -2 -2 -2 -2 -2 -3 
-1 -1 -1 -1 -1 -1 -1 -1 

-2 -2 -2 -2 10071 -2 -2 -3 
-1 6298 -1 -1 -1 -1 3238 1999 

-2 1010 -2 2997 5944 -2 1211 -4 
-1 4131 -1 1456 -1 2698 2123 3609 

-2 1010 -2 2997 5944 -2 1211 -4 
-1 4131 -1 1456 -1 2698 2123 3247 

-2 1010 7129 7197 5944 3248 1211 -4 
-1 13717 -1 1456 -1 15428 10910 4922 

-2 1010 15274 6477 5944 2923 1089 -4 
-1 17345 -1 1456 -1 13885 9818 10286 

-3 -4 226 245 -4 -5 -4 -5 
-1 -1 859 -1 -1 241 -1 -1 

-2 -2 -2 -2 -2 -2 -2 -2 
-1 -1 -1 -1 -1 -1 -1 -1 

-6 -6 -4 -5 842 -5 -5 -4 
-1 -1 -1 -1 409 -1 -1 -1 

-6 1423 1871 -5 842 1662 -5 -4 
-1 1999 -1 -1 409 1999 -1 2999 

1007 1423 1682 -5 4091 1495 -5 -4 
-1 3256 -1 -1 409 1618 1999 2999 

1007 1423 1682 -5 4091 11345 -5 -4 
-1 3256 -1 -1 409 1618 3799 2999 

1007 1423 1682 -5 4091 16877 -5 -4 
-1 3256 -1 -1 409 1618 7419 2999 

1007 1423 10362 -5 4091 27196 -5 -4 
-1 3256 5999 5799 367 1618 11677 2999 

1007 7530 10362 -5 4091 27196 -5 -4 
4999 3256 5999 5799 367 1618 11677 2999 

1007 11777 10362 -5 4091 27196 -5 -4 
7499 3256 5999 5799 367 1618 11677 2999 

1007 10599 10362 -5 4091 27196 -5 -4 
6748 3256 5999 5799 367 1618 11677 2999 

1007 15789 15575 -4 4091 29476 2995 4996 
13965 3256 10399 5799 2097 1618 11677 6928 

-14 0 36 -15 1996 1110 -15 -17 
13 4805 5 84 29 40 3 19 

1987 0 36 -15 1796 4858 -15 -17 
13 4805 2004 1680 25 40 3 19 

4691 0 36 -15 1796 4858 -15 -17 
13 4805 19803 1680 25 40 3 19 

7919 -2 17 1487 1307 3540 6237 3632 
6 6263 17822 2721 15 2657 1 10 

7919 -2 17 5338 1307 3540 6237 3632 
6 6263 17822 2721 4013 2657 1 10 

7919 -2 17 4804 1307 3540 6237 3632 
6 6263 17822 2721 3611 2657 1 10 

-3 -3 0 -3 -3 -3 -3 -3 
-1 -1 13 -1 -1 -1 -1 -1 

-2 69 0 -2 40 93 51 28 
-1 -1 10 1310 1798 -1 1618 3419 

-2 69 5000 9998 40 5083 51 28 
2999 -1 10 4861 1798 -1 1618 3419 

-2 69 5000 9998 40 5083 51 10025 
2999 -1 10 4861 3618 -1 1618 3419 

8404 14236 9500 18098 2853 6019 5808 11565 
9185 5219 9134 16852 8687 9699 5670 14997 

-2 58 -2 -2 -2 -2 -2 -2 
-1 -1 -1 -1 -1 10 -1 -1 

-2 58 -2 7498 -2 -2 -2 -2 
-1 -1 -1 -1 -1 10 2999 -1 

9689 13673 13767 12388 9376 13180 11736 11577 
11961 27843 14071 24971 14586 17699 32821 24634 

9689 19805 17390 12388 9376 13180 11736 17085 
11961 28058 14071 24971 14586 17699 32538 26170 

-2 0 -2 -2 -2 -3 -3 -2 
-1 -1 -1 -1 -1 0 -1 -1 

2498 0 7797 -3 -2 -3 -3 -2 
-1 -1 -1 2698 4858 0 -1 2999 

6439 1457 5141 -4 1426 1636 -3 3084 
1456 2768 -1 3569 4667 0 2999 10016 

6439 1457 5141 -4 1426 1472 -3 3084 
1456 2768 -1 3211 4667 0 2999 10016 

6439 1457 4626 -4 1426 3924 -3 3084 
1310 2768 -1 15889 4667 0 2999 10016 

6439 1457 3746 -4 1426 9156 -2 2775 
1178 2768 -1 23300 4667 0 2698 8112 

-3 51 -4 -5 -4 -1 78 -4 
-1 0 74 -1 157 -1 -1 -1 

-2 -2 -2 -2 -2 -2 -2 -2 
-1 -1 -1 -1 -1 -1 -1 -1 

2301 -4 311 -4 1057 -6 517 -5 
-1 1652 506 -1 -1 -1 1618 1179 

2301 905 279 1067 2717 -6 517 -5 
1999 4486 2455 -1 -1 -1 3456 1179 

1673 814 222 1183 2717 -6 1061 -4 
1618 3633 1988 1999 -1 1999 2266 954 

1673 814 222 1183 12445 -6 1061 -4 
1618 3633 1988 1999 -1 1999 4039 954 

1673 814 222 1183 11200 -6 1061 -4 
1618 3633 1988 1999 -1 1999 3634 954 

7339 814 199 1183 15080 -6 1061 -4 
1618 3633 8789 1999 -1 1999 10270 858 

7339 814 199 1183 18572 -6 1061 -4 
1618 3633 8789 1999 -1 1999 11243 858 

7339 814 199 1183 16714 -6 1061 -4 
1618 3633 8789 1999 -1 1999 10118 858 

7339 814 199 1183 15042 -6 1061 -4 
1618 3633 8789 1999 -1 1999 9106 858 

6604 814 178 1183 19252 -6 1061 -4 
1618 3633 7909 1999 -1 1999 16195 772 

1632 510 130 568 3717 151 995 761 
2611 1265 4039 409 1922 368 4183 4536 

1632 458 2917 568 7095 135 894 684 
2349 1265 6635 367 1922 4797 3764 4082 

1632 458 4694 568 6385 6788 804 684 
2349 1265 5971 330 1922 16317 3764 7673 

3417 2798 7492 6820 3052 6882 1741 4666 
1247 5753 7416 1506 3020 10127 3048 8014 

3417 2798 7492 6820 3052 6882 11566 4666 
1247 5753 8674 1506 3020 10127 3048 8014 

3417 2798 7492 6820 3052 6882 10409 4666 
1247 5753 7806 1506 3020 10127 3048 8014 

2767 2336 5243 4532 2471 5574 8580 4666 
2528 4659 9025 3219 3821 12802 4743 5841 

2767 2336 5243 4532 2471 14181 17722 4666 
2528 4659 9025 6897 5438 12802 6268 5841 

-2 -2 -2 -3 -1 -2 -2 -2 
-1 -1 -1 -1 -1 -1 -1 -1 

-2 -2 -2 -3 -1 9998 -2 -2 
-1 -1 -1 -1 1999 -1 -1 -1 

4443 3450 5030 -4 17440 19920 5322 8362 
8744 5852 10308 2755 7678 31928 -1 7877 

330 290 1409 -3 -4 -3 753 -3 
-1 -1 -1 -1 66 -1 -1 1394 

330 290 8768 -3 -4 -3 753 -3 
-1 -1 -1 -1 3059 -1 -1 1394 

7943 9425 7632 8733 9598 5697 13737 17047 
14957 18222 20585 27605 6467 14211 6778 12285 

7943 15982 7632 8733 12804 10127 13737 17047 
14957 19399 20585 29844 9820 14211 6778 12285 

-2 -2 98 1340 -3 -2 -2 -2 
-1 195 -1 -1 -1 -1 -1 331 

-2 1797 6297 878 3997 -2 -2 3035 
3598 6372 -1 -1 -1 -1 4498 267 

-3 2659 6354 4225 2912 -2 806 2211 
1911 8445 -1 -1 1179 -1 3278 8224 

-3 2659 6354 4225 2620 -2 806 2211 
1719 8445 -1 -1 1179 -1 3278 8224 

-3 2659 5718 4225 6024 -2 806 2211 
23547 8445 -1 -1 1179 -1 2950 8224 

-3 9893 4167 8802 5421 -2 806 1989 
19072 8445 -1 -1 1179 -1 2950 16795 

4456 17 -4 98 -5 -4 -5 338 
1456 1618 2053 -1 -1 9 -1 984 

-2 -3 -2 -2 -2 -3 -3 -3 
-1 -1 -1 -1 -1 -1 -1 -1 

-6 1287 -4 -4 -5 566 -5 -5 
-1 -1 -1 -1 1061 -1 -1 410 

-6 1287 -4 -4 662 566 1245 764 
1999 -1 -1 -1 2954 -1 1999 410 

-6 936 -4 -4 662 409 1405 617 
1310 -1 1999 -1 2658 -1 1310 368 

-6 936 -4 6663 662 409 1405 617 
1310 -1 1999 -1 6392 -1 1310 368 

-6 936 -4 10996 662 409 1405 617 
1310 -1 1999 -1 7752 -1 1310 368 

-5 936 -4 22691 5595 409 1405 617 
1178 -1 1999 4999 15579 -1 1310 4331 

-5 936 -4 23755 5595 409 1405 617 
1178 -1 1999 4999 16021 -1 1310 4331 

-5 936 -4 26379 5595 409 1405 617 
1178 -1 1999 4999 16418 -1 1310 4331 

-5 936 -4 23740 5595 409 1405 617 
1178 -1 1999 4999 14776 -1 1310 4331 

6662 936 -4 23729 5035 409 1405 617 
5060 -1 1999 4498 18268 -1 1310 4331 

5995 936 3746 21355 4531 409 1264 4305 
5060 -1 6316 4498 14796 2999 1310 4331 

12062 936 3371 19219 4531 409 1264 5943 
5060 -1 17924 4498 14796 2698 1310 4331 

16664 757 2729 11368 2673 238 3369 4104 
5506 -1 11373 5643 7075 3401 2572 4176 

16664 757 2729 11368 2673 238 3369 4104 
5506 -1 11373 5643 7075 3401 2572 4176 

16664 757 2729 11368 2673 238 3369 3693 
4955 -1 11373 5643 7075 3401 2572 4176 

3170 671 300 14428 5035 2567 1574 1367 
4299 15455 1634 9443 14796 -1 2695 7341 

1868 438 242 5570 3667 1959 1210 670 
2819 6651 1190 5575 13784 -1 3590 4815 

1868 438 242 8346 3300 1959 1210 5603 
4537 6651 1190 5017 15405 -1 3590 4815 

-2 -2 -2 -2 -2 -2 -3 -2 
-1 -1 -1 -1 -1 -1 -1 -1 

-2 -2 -2 9998 -2 -2 -3 -2 
-1 -1 -1 -1 1999 -1 -1 -1 

4411 18141 10048 21154 18230 1310 1997 7401 
10254 10684 12253 3598 10326 10529 20974 9130 

-3 -3 -4 -3 304 -3 -3 -4 
-1 127 -1 7 -1 -1 -1 -1 

-3 -3 -4 -3 304 -3 -3 7496 
-1 3114 -1 7 -1 -1 -1 -1 

13046 11967 6745 12718 8059 4194 9495 15837 
5074 21698 4169 11359 16392 15778 21484 18260 

13046 11967 6745 12718 8059 4194 14378 15837 
5074 26528 4169 11359 16392 15778 21484 18260 

-2 -2 -1 -2 -2 -2 -2 -2 
-1 -1 -1 -1 -1 -1 -1 -1 

-2 -2 5832 2810 1248 -2 -2 -2 
-1 1798 -1 -1 6298 4999 -1 -1 

-4 -3 5247 5245 2032 -2 6010 2247 
-1 4630 1456 1618 6991 4498 1310 -1 

-3 -3 5247 5245 2032 -2 6010 2247 
-1 4630 1456 1456 6991 4498 1310 -1 

3617 -2 5247 5245 2032 -2 6010 4522 
-1 4630 1456 22310 6991 4498 1310 2698 

8810 -2 5247 5245 2032 -2 6010 4069 
-1 4630 1456 27070 6291 4498 1310 2185 

-4 466 -4 -6 -4 -4 -4 -5 
625 -1 -1 -1 -1 -1 -1 -1 

-2 -2 -2 -2 -2 -2 -2 -2 
-1 -1 -1 -1 -1 -1 -1 -1 

-4 1816 -5 -4 -6 548 -5 -5 
-1 -1 -1 -1 -1 1569 -1 -1 

-4 1816 -5 765 -6 1678 1106 -5 
-1 -1 1999 -1 3799 1569 1999 -1 

-4 1187 1244 618 -5 2416 1106 1242 
-1 -1 3456 -1 6569 1143 1999 -1 

-4 1187 8619 618 -5 2416 1106 1242 
-1 -1 3456 2999 6569 1143 1999 -1 

-4 1187 17757 618 -5 2416 1106 1242 
-1 -1 3456 4699 6569 1143 1999 -1 

-4 1187 20981 618 -5 2416 1106 1242 
-1 -1 3456 15229 6569 1143 1999 -1 

-4 1187 26382 618 -5 2416 1106 1242 
-1 -1 3456 16706 6569 1143 1999 -1 

-4 1187 23743 618 -5 2416 1106 1242 
-1 -1 3456 15035 6569 1143 1999 -1 

-4 1187 21368 618 -5 2416 1106 1242 
-1 -1 3456 13531 6569 1143 1999 -1 

-4 1187 25231 8500 -5 6174 1106 1242 
-1 -1 5110 20360 6569 3028 1999 -1 

-9 1333 11190 4976 650 3364 710 2526 
-1 -1 5864 12720 4941 6235 1061 -1 

-9 1333 11190 4976 650 3026 638 5312 
-1 -1 5864 12720 4941 10450 954 -1 

-9 1333 11190 4976 650 2723 7240 6164 
-1 -1 5864 12720 4941 23264 858 -1 

-7 706 11605 7191 6507 2289 5275 5773 
1798 1998 4774 8884 4001 11137 1818 -1 

-7 706 11605 7191 6507 2289 5275 5773 
1798 1998 4774 8884 4001 11137 1818 -1 

-6 706 11605 7191 6507 2289 5275 5773 
1798 1998 4774 8884 4001 11137 1636 -1 

-3 -2 -3 -2 -3 -2 -2 -2 
-1 -1 -1 -1 -1 -1 -1 -1 

-3 -3 -4 -3 -3 -2 -3 -3 
-1 -1 -1 -1 -1 1 -1 -1 

-3 -3 -4 17197 -3 -2 -3 -3 
-1 -1 1999 -1 1999 2000 -1 -1 

-2 -2 -3 9960 -33 -2 48 -2 
-1 -1 -1 -1 -1 1618 -1 1456 

-2 -2 -3 9960 -33 -2 48 -2 
-1 -1 -1 -1 -1 1618 -1 1456 

10635 2060 3034 14760 16069 2930 1198 4118 
1618 5039 6335 5932 13139 5330 13006 15068 

-2 -2 -2 -3 -2 -2 -2 -2 
-1 -1 -1 -1 -1 -1 -1 -1 

-2 -2 -2 -3 7498 -2 -2 -2 
-1 -1 -1 -1 -1 -1 2999 -1 

-2 6664 -2 -3 7498 5998 -2 -2 
-1 -1 3999 -1 -1 -1 8699 -1 

10121 19476 6852 9746 13482 20346 8142 9840 
19040 24056 15969 6520 19609 16564 10635 26570 

10486 14464 4492 6652 13169 20346 9174 8001 
14111 24125 12276 9893 10420 13416 10635 16758 

10322 11108 6996 3532 11575 20346 9685 6378 
9257 15557 9872 6490 9553 10866 9571 13506 

10322 9997 6996 3532 11575 20346 9685 6378 
8331 15557 9872 6490 9553 10866 9571 13506 

13520 21803 6996 3532 11575 20346 13091 10740 
21497 20901 9872 16841 9553 10866 18613 13506 

12167 21410 6996 3178 11575 18311 11781 14666 
21912 16929 9872 15156 9553 10866 19751 12155 

-7 -4 -6 526 -6 -4 4495 -5 
-1 -1 -1 -1 -1 -1 -1 2859 

-2 -2 -2 -2 -2 -2 -2 -2 
-1 -1 -1 -1 -1 -1 -1 -1 

-6 1040 -4 376 792 -5 -3 -4 
-1 506 -1 -1 410 -1 -1 859 

932 1040 2496 376 792 -5 -3 710 
-1 3455 -1 1999 2369 -1 -1 859 

838 1040 2853 1414 792 -5 -3 636 
-1 3109 -1 1798 5526 -1 -1 772 

838 1040 2853 8772 792 -5 -3 636 
-1 3109 -1 1798 5526 2999 -1 772 

838 1040 2853 14561 792 -5 -3 636 
-1 3109 -1 1798 5526 6699 -1 772 

4678 1040 16867 16676 712 -5 -3 636 
-1 3109 2999 1798 5526 14582 -1 694 

9210 1040 16867 18085 712 -5 -3 636 
-1 3109 2999 1798 5526 21123 -1 2624 

9210 1040 16867 23776 712 -5 -3 636 
-1 3109 2999 1798 5526 22010 -1 2624 

9210 1040 16867 21398 712 -5 -3 636 
-1 3109 2999 1798 5526 19808 -1 2624 

10459 1040 15180 24972 712 -5 -3 636 
-1 3109 2999 1798 5526 20919 -1 4361 

3636 1449 2692 6526 243 208 -18 225 
2998 974 1896 1492 2139 6848 1998 986 

3636 1449 2422 5873 218 208 2699 3782 
6698 974 1706 1492 3532 6163 3798 887 

3636 1449 2422 5873 196 208 11175 3782 
6698 974 1706 1492 7178 5546 19418 887 

2383 3987 2744 5877 176 120 14513 4934 
6028 4732 905 2707 7032 7058 10318 1782 

2383 3987 2744 5877 176 10108 14513 4934 
6028 4732 905 2707 7032 7058 11286 1782 

2383 3987 2744 5877 176 9097 14513 4934 
6028 4732 905 2707 7032 7058 10157 1782 

-3 4046 -4 -2 -2 -2 -3 -3 
-1 -1 1456 -1 -1 -1 -1 -1 

80 3349 181 -2 -2 -2 -3 80 
-1 1999 1456 3799 -1 -1 1310 1999 

80 10514 162 -2 -2 -2 -3 3405 
1999 1999 1310 6419 -1 -1 1310 1999 

80 10514 162 -2 -2 -2 -3 3405 
1999 1999 1310 6419 -1 -1 1310 1999 

2302 11652 2505 -2 1039 23730 1496 10908 
1061 5229 2392 14947 10731 2698 14255 18547 

-2 -2 -2 -2 -2 -2 -3 9 
-1 -1 -1 -1 -1 -1 1 -1 

-2 -2 -2 -2 7498 -2 -3 9 
-1 -1 -1 -1 -1 -1 3000 -1 

10986 7052 9694 13774 9051 16351 12534 5686 
4431 13744 7739 7888 29650 29615 20740 24161 

16554 7052 9694 13774 9051 16351 12534 18022 
4431 13744 7739 7888 29685 29615 24399 24161 

-2 -2 -3 -2 -2 -2 -2 -2 
-1 -1 -1 -1 -1 -1 -1 -1 

1426 3569 4046 5873 -2 -2 -2 -2 
-1 2698 2999 -1 1999 -1 4498 3598 

1947 2889 5645 5201 3583 3278 -2 4498 
1456 6176 2428 2637 3061 -1 2655 7714 

1947 2889 5645 5201 3583 3278 -2 4048 
1456 6176 2185 2637 3061 -1 2655 7714 

1947 2599 5645 5201 3583 5700 -2 6143 
1456 6176 10966 2637 2754 -1 2655 17942 

1752 2338 5645 5201 3583 10130 -2 10528 
1310 6176 14282 2637 2478 -1 2655 20147 

-5 -4 -4 -5 804 -6 1072 -4 
1456 625 -1 -1 -1 -1 -1 -1 

-2 -2 -2 -2 -2 -2 -2 -2 
-1 -1 -1 -1 -1 -1 -1 -1 

1024 -6 -4 -3 -5 935 -4 -5 
695 -1 -1 -1 -1 410 -1 -1 

1024 -6 -4 -2 -5 935 785 1662 
695 2999 1999 -1 -1 368 -1 -1 

1024 -6 -4 -3 1106 840 704 2606 
695 2698 5077 -1 -1 331 -1 -1 

1024 -6 7496 -3 1106 840 704 2606 
3625 2698 5077 -1 -1 331 -1 -1 

1024 -6 13413 -3 1106 840 704 2606 
7262 2698 5077 -1 -1 331 -1 -1 

1024 -6 16238 -3 1106 840 704 2606 
16535 2698 5077 -1 -1 331 -1 -1 

1024 -6 19614 -3 1106 840 704 2606 
18881 2698 5077 -1 -1 331 -1 -1 

1024 -6 25152 -3 1106 840 704 2606 
19992 2698 5077 -1 -1 331 -1 -1 

1024 -5 25152 -3 1106 840 704 2606 
19992 2698 5077 -1 -1 331 -1 -1 

5329 4995 25152 -3 1106 840 704 2606 
19992 2698 5077 9599 -1 331 -1 -1 

3872 6616 20366 622 1253 753 450 2344 
16193 2428 4569 16503 -1 1860 1999 -1 

3484 6616 18328 559 1253 753 404 7942 
21573 2428 3700 16503 -1 1673 1798 -1 

3484 6616 18328 559 1253 753 404 9370 
31415 2428 3700 16503 -1 1673 1798 -1 

1849 6616 13481 2577 3321 3976 3992 5530 
14182 3769 2183 10826 1966 2555 4481 -1 

1849 6616 22132 2577 3321 3976 3992 5530 
14182 3769 3964 10826 1966 2555 4481 -1 

1849 6616 19918 2577 3321 3976 3992 5530 
14182 3769 3567 10826 1966 2555 4481 -1 

-3 0 -3 -4 -3 -3 -3 1 
-1 4 -1 -1 -1 -1 -1 0 

-3 0 -2 -4 -2 41 67 0 
-1 3422 -1 -1 -1 -1 -1 0 

4997 0 -2 3746 9998 41 67 0 
1999 3422 -1 2999 -1 -1 -1 2000 

4997 0 -2 3746 9998 41 67 10000 
1999 3422 1999 2999 -1 -1 -1 2000 

4497 7285 2498 9399 11941 4783 41 6182 
1179 10704 4389 6699 12099 17936 3643 4869 

-2 -2 -2 -2 -2 -3 -2 -2 
-1 -1 -1 -1 -1 -1 -1 -1 

5831 -2 -2 -2 -2 -3 -2 -2 
-1 -1 6999 -1 -1 -1 -1 -1 

14718 6468 5973 14740 10094 5442 12235 9420 
20001 23352 13473 16393 27638 16147 1905 20866 

20746 12487 17504 23266 10094 5442 12235 9420 
20001 25515 13473 16393 27638 16147 10428 20866 

-3 -2 -2 -2 -3 -2 -2 -3 
-1 -1 -1 -1 -1 -1 -1 -1 

3597 2498 -3 3569 3330 -2 -2 3330 
8965 -1 -1 1999 -1 -1 -1 1798 

5120 1324 2183 9390 1964 4059 -2 9508 
5467 -1 6648 4227 -1 955 1998 3456 

4607 1324 2183 9390 1964 4059 -2 9508 
4920 -1 6648 4227 -1 955 1998 3456 

6904 1324 2183 10951 1964 3652 -2 9508 
23385 -1 6648 4227 -1 955 1998 3456 

10654 1324 2183 9855 1964 2957 -2 9508 
27041 -1 6648 3804 -1 859 1998 3456 

-5 791 -4 -3 -5 -5 -5 724 
-1 -1 1618 1310 -1 -1 -1 -1 

-2 -2 -2 -2 -2 -2 -2 -2 
-1 -1 -1 -1 -1 -1 -1 -1 

-4 -4 -5 -4 -6 -6 -8 549 
-1 -1 -1 -1 455 -1 -1 -1 

2711 -4 -5 -4 -6 -6 -8 549 
-1 -1 1999 2999 455 -1 -1 -1 

1972 -4 -6 -4 -6 -6 337 1605 
-1 -1 3456 2428 409 1999 -1 -1 

9274 -4 -6 -4 -6 -6 337 1605 
2999 -1 3456 2428 409 1999 -1 -1 

8346 -4 -6 -4 -6 -6 337 1605 
2698 -1 3456 2428 409 1999 -1 -1 

12511 3996 7494 3329 -6 -6 337 1605 
10585 -1 3456 5966 409 5799 -1 -1 

12511 3996 7494 3329 -6 -6 337 4777 
10585 -1 3456 5966 2368 5799 -1 -1 

12511 3996 7494 3329 -6 -6 337 9299 
10585 -1 3456 5966 4131 5799 -1 -1 

12511 3996 7494 3329 -6 -6 337 8368 
10585 -1 3456 5966 3717 5799 -1 -1 

12511 3596 7494 3329 -6 9045 337 12531 
10585 -1 3456 5966 6610 10219 -1 1999 

12511 4664 7494 3329 -6 6588 337 13052 
10585 -1 3456 5966 15253 9196 7999 1798 

11259 6027 7494 3329 5794 5929 272 13052 
11526 -1 3110 7558 15253 11048 7999 1798 

11259 7646 7494 3329 5794 5929 272 13052 
11526 -1 3110 18802 15253 11048 7999 1798 

8266 6154 4913 2695 8419 2832 197 11062 
7561 -1 8518 14746 10678 8053 5445 1456 

8266 6154 4913 2695 8419 7548 197 11062 
7561 -1 8518 14746 11610 8053 5445 1456 

8266 6154 4913 2695 8419 6793 197 11062 
7561 -1 8518 14746 10448 8053 5445 1456 

6799 4585 3979 2695 7678 5028 177 9955 
8804 1999 6209 15271 9403 8053 5029 1178 

6799 4585 3979 2695 7678 5028 3143 16459 
10923 1999 7588 15271 9403 7247 5029 1178 

-2 -2 -2 -2 -2 -2 -2 -2 
-1 -1 -1 -1 -1 -1 -1 -1 

-2 -2 9998 -2 -2 -2 -2 -2 
-1 -1 1999 -1 -1 -1 -1 -1 

787 4998 5886 3642 4811 1732 6470 2248 
-1 5991 7791 9446 9043 -1 2655 4229 

856 -3 -3 -2 -3 -4 -3 -3 
-1 -1 772 -1 -1 -1 -1 -1 

856 -3 -3 -2 -3 4996 -3 -3 
-1 -1 5694 -1 -1 -1 -1 -1 

16162 10060 5736 12349 5726 8035 11531 12307 
9012 15424 18947 12509 13116 19121 19519 11528 

19545 10060 5736 17364 5726 8035 11531 12307 
9012 15424 22052 16258 13116 19121 19519 11528 

47 -2 -2 -2 -2 -2 -2 -2 
-1 -1 -1 52 -1 -1 -1 -1 

47 1997 -2 7029 -3 -2 2998 -2 
4999 1999 -1 52 -1 3587 -1 -1 

8380 3177 5221 6496 -3 6498 5378 1497 
5263 9479 1179 3273 2914 11041 -1 3799 

8380 3177 5221 6496 -3 6498 4840 1497 
4736 9479 1179 3273 2914 11041 -1 3799 

7541 3177 5221 6496 -3 6498 7637 1497 
22735 9479 1179 3273 2914 11041 -1 3799 

6786 3177 5221 5261 -2 6498 10873 1497 
23053 8530 1179 3273 2914 9936 -1 3799 

639 -6 2204 -5 -6 -4 -5 23 
-1 1179 4 -1 -1 1281 -1 -1 

-2 -3 -2 -2 -2 -2 -2 -2 
-1 -1 -1 -1 -1 -1 -1 -1 

-5 -4 -4 -4 819 -6 1190 1041 
-1 1061 -1 -1 913 -1 241 -1 

-5 905 2689 3329 819 -6 1190 3436 
-1 1061 1999 1999 4539 -1 241 1999 

-4 1050 1959 1767 663 -7 776 2782 
-1 859 1618 1798 2977 -1 1599 1798 

-4 1050 1959 9090 663 -7 776 2782 
-1 859 1618 4618 2977 -1 1599 1798 

-4 1050 1959 14847 663 -7 776 2782 
-1 859 1618 8156 2977 -1 1599 1798 

-4 5850 1959 20240 663 -7 7365 2782 
-1 859 1456 11106 2977 7599 1599 6618 

9996 5850 1959 21216 663 -7 7365 2782 
-1 859 3310 15995 2977 7599 1599 6618 

9996 5850 1959 24094 663 -7 7365 2782 
-1 859 3310 18395 2977 7599 1599 6618 

9996 5850 1959 24094 663 -7 6628 2782 
-1 859 3310 18395 2977 7599 1599 5956 

9996 5850 1959 21684 663 -7 10965 2503 
-1 859 3310 18395 2977 6838 1438 12360 

6550 4210 1585 13369 428 3322 7267 2369 
-1 625 2171 14899 5572 4485 6288 12472 

5304 7009 1585 13369 428 3322 7267 2131 
-1 562 2171 15667 5572 4485 5659 12472 

5304 8345 1585 13369 428 3322 7267 2131 
-1 562 2171 25100 5572 4485 5659 12472 

8365 6682 7834 15365 225 7826 9449 5307 
-1 2555 5511 17820 7059 4889 5340 11438 

8365 6682 7834 15365 225 7826 18504 5307 
-1 2555 5511 18038 7059 4889 5340 11438 

8365 6682 7834 15365 225 7826 16653 5307 
-1 2555 5511 16234 7059 4889 5340 11438 

-3 31 -3 -4 -3 -3 -3 -3 
-1 6 -1 -1 -1 -1 -1 -1 

64 121 66 329 81 142 76 48 
1798 1461 1456 1618 1798 3799 3419 1618 

11218 121 66 10296 81 142 76 48 
3618 1461 1456 1618 1798 7419 6077 1618 

-2 -2 -2 -3 -2 -2 -2 -2 
-1 -1 -1 -1 -1 -1 -1 -1 

-2 -2 -2 -3 -2 -2 9998 -2 
-1 -1 -1 -1 1999 -1 -1 -1 

2648 -2 2498 4069 -2 1960 11058 -2 
-1 -1 5668 -1 24047 11099 11665 -1 

9049 -2 2498 4069 -2 1960 11058 -2 
-1 -1 5668 -1 24047 11099 14498 -1 

16535 13100 10984 7259 9662 2173 11491 7350 
16605 8593 24571 14860 17921 9436 20340 14835 

16535 13100 10984 7259 9662 5705 11491 16828 
16605 8593 25113 17736 17921 9436 20340 14835 

-3 -3 -2 -2 -2 -3 -2 -2 
-1 -1 -1 -1 -1 -1 -1 -1 

-2 -2 6917 8598 -2 -2 -2 -2 
5599 -1 -1 2999 -1 7774 -1 -1 

7998 2184 6377 12239 -3 6455 -3 -2 
3672 -1 1618 8553 -1 7100 1798 6219 

7998 2184 6377 11014 -3 6455 -3 -2 
3672 -1 1618 7697 -1 7100 1798 6219 

7998 2184 6377 12881 -2 6455 -3 -2 
3672 -1 1618 25927 -1 7100 1798 5596 

7998 1965 6377 14933 -2 6455 -3 -2 
3672 -1 1618 31334 -1 6389 1618 5036 

-4 770 -5 -3 11 -5 1071 -5 
-1 859 -1 -1 859 -1 -1 62 

-2 -2 -3 -2 3 -2 41 -3 
-1 74 -1 -1 -1 -1 -1 7 

-6 -4 611 -4 -4 -5 9 -4 
625 17 -1 -1 -1 -1 -1 0 

-6 4871 611 -4 -3 -5 10507 1150 
3562 17 -1 1999 -1 -1 5699 2699 

-7 8549 611 -6 -3 -5 10507 1150 
3205 15 -1 1798 -1 -1 7129 2428 

-7 8549 611 -6 -3 -5 10507 6035 
3205 15 -1 1798 -1 -1 7129 4185 

-7 8549 611 -6 -3 -5 10507 12931 
3205 15 -1 1798 -1 -1 7129 6766 

-7 7693 611 -5 4163 -5 14135 15137 
2884 15 -1 1798 -1 4999 7129 15102 

-7 7693 611 -5 13746 -5 14135 16350 
2884 15 -1 1798 1999 4999 7129 19591 

-7 7693 611 -5 13746 -5 14135 19715 
2884 15 -1 1798 1999 4999 7129 19631 

-7 7693 611 -5 13746 -5 14135 17743 
2884 15 -1 1798 1999 4999 7129 17667 

-7 7693 611 -5 15704 -5 12721 22635 
2884 15 -1 1798 5799 4999 7129 17910 

-21 2394 399 -21 5439 -17 3549 6653 
903 960 3998 1556 3366 1861 3787 7619 

-21 2154 3692 -19 5439 -15 6194 5987 
3812 960 3238 1556 2726 1861 3787 8857 

-21 2154 3692 -19 5439 -15 7611 5987 
14430 960 3238 1556 2726 1861 3787 8857 

-14 4069 6329 1487 8639 4038 6163 8853 
10292 3777 4636 6723 6528 4014 4235 9971 

-14 4069 6329 6338 8639 4038 6163 8853 
11262 3777 4636 6723 6528 4014 4235 9971 

-14 4069 6329 5704 8639 4038 6163 8853 
10135 3777 4636 6723 6528 4014 4235 9971 

73 3016 4569 3427 5644 3406 13568 6035 
6648 3187 4049 9288 8178 4725 5230 10973 

3399 3016 4569 3427 10079 3406 13568 6035 
6648 3187 4049 9288 9360 6252 5230 10973 

-2 -2 -2 -3 -2 -2 -2 -2 
-1 -1 -1 -1 -1 -1 -1 -1 

-2 -2 -2 -3 -2 -2 9998 -2 
-1 -1 -1 -1 -1 -1 -1 1999 

8998 1497 6073 1997 -2 4225 11396 3394 
-1 2428 5999 8098 5599 -1 11593 29399 

-3 -3 -3 -4 -4 -3 -4 -3 
-1 -1 -1 -1 -1 -1 -1 -1 

-3 -3 -3 -4 -4 7497 -4 -3 
-1 -1 2999 -1 -1 -1 -1 -1 

10223 5301 14387 1377 6383 9357 20515 11454 
529 22125 14138 16699 13577 21005 5225 26999 

10223 11020 20448 6239 6383 9357 20515 17808 
529 23912 14138 16699 16697 21005 5225 29299 

-2 -2 -2 -2 -3 31 -2 -3 
-1 -1 -1 -1 15 12 -1 -1 

-2 9351 -2 -2 2183 27 -2 -3 
-1 2698 -1 7499 15 3010 -1 -1 

-3 3618 -2 16118 7737 18 1665 -2 
1618 5201 3598 5604 2010 3576 1998 -1 

-3 3618 -2 16118 7737 18 1665 -2 
1618 5201 3598 5604 2010 3576 1998 -1 

-3 3618 -2 16118 9763 18 1665 -2 
1618 5201 3598 5604 15809 3218 1998 -1 

-3 3618 -2 16118 13161 16 1498 -2 
1618 5201 3238 5043 21228 2896 1798 -1 

-5 548 89 -5 -4 -5 -5 -4 
-1 -1 -1 263 175 -1 -1 249 

-2 -2 -2 -2 -2 -2 -2 -2 
-1 -1 -1 -1 -1 -1 -1 -1 

-5 -5 -4 631 -5 -5 -5 -4 
-1 -1 -1 -1 -1 -1 859 -1 

-5 2995 1246 631 -5 -5 -5 1424 
-1 1999 1999 -1 -1 -1 859 2999 

-5 2770 1005 631 -5 -5 -5 1461 
-1 3799 1798 -1 -1 -1 2695 2698 

-5 2770 1005 631 -5 -5 -5 6314 
-1 3799 1798 -1 -1 -1 4425 2698 

-5 2770 1005 631 -5 -5 -4 6314 
-1 3799 1618 -1 -1 -1 4425 2698 

-5 8076 1005 631 -5 -5 4163 6314 
-1 3418 6456 -1 -1 -1 4425 9428 

-5 8076 1005 631 -5 -5 7080 6314 
-1 3418 9810 -1 -1 -1 4425 9428 

-5 8076 1005 631 -5 -5 11372 6314 
-1 3418 11829 -1 -1 -1 4425 9428 

-5 8076 1005 631 -5 -5 10234 6314 
-1 3418 10645 -1 -1 -1 4425 9428 

-5 6541 1005 631 -5 -5 13496 6314 
-1 3076 15580 -1 -1 -1 4425 8485 

-14 7133 414 2374 -17 1076 5321 5217 
-1 1470 8076 2998 2998 -1 13109 14421 

-12 6419 414 2136 2557 1076 5321 5217 
3999 1470 7268 2698 2428 -1 13109 14421 

-12 6419 414 2136 4346 1076 5321 5217 
12599 1470 7268 2698 2428 -1 13109 14421 

-10 5528 15528 915 2564 704 6189 4224 
7813 2990 5297 1966 3590 -1 8969 11285 

9991 5528 15528 915 2564 704 6189 4224 
7813 2990 5297 1966 5231 -1 8969 11285 

8991 5528 15528 915 2564 704 6189 4224 
7813 2990 5297 1966 4707 -1 8969 11285 

8174 2704 12672 904 1868 589 5102 3058 
9345 2690 6090 4995 7966 6189 8969 10940 

8174 2704 12672 5813 11681 589 9591 3058 
9345 2690 6090 4995 10169 7570 10072 10940 

-3 413 -1 -3 -3 -4 -3 -2 
-1 0 -1 0 -1 -1 368 -1 

-3 413 -1 9997 -3 -4 -3 -2 
-1 0 -1 2000 -1 -1 368 -1 

13124 13768 1754 16546 19557 2765 1558 8299 
8435 23588 17188 21502 7732 3587 9985 2428 

-2 -2 -2 -2 -2 -2 -2 -3 
-1 -1 -1 -1 -1 -1 -1 -1 

-2 -2 7498 -2 -2 -2 -2 -3 
-1 -1 -1 -1 -1 -1 2999 -1 

7292 7173 3913 5087 8539 21553 8213 2083 
11011 6741 20243 15968 30158 6837 24415 13996 

16562 12705 3913 5087 8539 21553 8213 6874 
11011 6741 20243 16371 32927 6837 24415 13996 

-2 -2 -2 -3 -2 -2 -3 -2 
-1 -1 -1 -1 -1 -1 -1 -1 

908 -2 6990 1965 2388 -2 3521 -2 
-1 5457 8115 -1 2428 2999 3672 -1 

2818 -2 9084 8001 5349 1283 3655 5997 
5092 5977 4311 -1 5233 2185 4931 3999 

2818 -2 9084 8001 5349 1283 3289 5997 
5092 5977 4311 -1 5233 2185 4931 3598 

2818 -2 13262 8001 8314 1283 6235 5997 
5092 9379 7879 -1 11709 2185 4931 22238 

2536 -2 13262 8001 8314 1038 10611 5397 
5092 9379 7090 7198 11709 2185 4931 18012 

-3 -6 -4 -6 -4 -4 -4 503 
-1 -1 -1 -1 -1 -1 -1 773 

47 -2 -2 -2 -2 -2 -2 -2 
-1 -1 -1 -1 -1 -1 27 -1 

15 1406 882 -6 560 -4 -6 -4 
-1 1393 -1 -1 625 -1 866 -1 

1551 1406 882 -5 560 -4 3744 -4 
-1 1253 -1 -1 3562 -1 4779 -1 

1127 1406 793 -6 560 446 3032 -4 
1999 1127 -1 -1 2336 -1 3483 -1 

1127 1406 793 -6 560 5401 3032 -4 
1999 1127 -1 -1 2336 1999 3483 -1 

1127 1406 793 -6 560 12360 3032 -4 
1999 1127 -1 -1 2336 4799 3483 -1 

1127 6265 793 -6 560 13868 3032 -4 
1999 1127 -1 -1 2102 10319 10134 -1 

1127 6265 793 -6 560 17481 3032 -4 
1999 1127 -1 -1 2102 13287 10134 -1 

1127 6265 793 -6 560 25732 3032 -4 
1999 1127 -1 -1 2102 13958 10134 -1 

1127 6265 793 -6 560 23158 3032 -4 
1999 1127 -1 -1 2102 12562 10134 -1 

1127 5638 793 7494 560 26556 3032 -3 
1999 1127 -1 9179 1891 12562 10134 -1 

649 2170 290 6555 316 12327 3175 137 
2317 4725 -1 13879 1769 6675 6648 -1 

649 1952 260 5899 4659 12327 3175 122 
2085 4725 -1 13879 1591 6675 5983 6999 

649 1952 260 5899 6465 12327 3175 122 
2085 4725 -1 13879 1591 6675 5983 16299 

3172 1421 2650 3133 11088 10721 4338 847 
5918 8216 4048 11241 6726 6007 3178 7794 

3172 1421 2650 3133 11088 10721 13904 847 
5918 8216 5643 11241 6726 6007 3178 7794 

3172 1421 2650 3133 11088 10721 12513 847 
5918 8216 5078 11241 6726 6007 3178 7794 

2929 1013 1546 2283 5462 8683 9121 752 
6960 8216 2697 8832 7083 4378 4860 7371 

2929 1013 8891 2054 9915 8683 9121 752 
6263 10394 2697 8832 7083 4378 7374 7371 

-2 -2 -2 -2 -2 -2 -2 -2 
-1 -1 -1 -1 -1 -1 -1 -1 

-2 -2 -2 -2 -2 9998 -2 -2 
-1 -1 -1 -1 -1 -1 1999 -1 

7287 8469 11612 934 9950 15834 654 3597 
8877 7971 1310 3767 9143 15950 10349 3799 

-3 -3 -3 -3 -4 -3 -2 258 
-1 -1 -1 -1 -1 -1 455 -1 

-3 -3 7497 -3 -4 -3 -2 258 
-1 -1 -1 -1 2999 -1 455 -1 

21102 10351 12403 2955 10431 13175 8321 8248 
1776 34216 24115 9442 17005 22951 2664 20714 

21102 16815 15162 2955 10431 13175 12364 8248 
1776 34216 24115 10647 22274 22951 2664 20714 

-3 -2 -3 -2 -2 -2 -2 -2 
-1 -1 -1 -1 -1 -1 -1 -1 

5580 3330 -3 -2 -2 -2 3034 -2 
-1 -1 5599 -1 1999 -1 5398 -1 

4144 4684 1178 6348 -2 2497 1788 3506 
5429 2799 3858 -1 2979 2698 2867 1798 

4144 4684 1178 6348 -2 2497 1609 3506 
5429 2799 3858 -1 2979 2698 2867 1798 

4144 7215 1178 6348 -2 2497 4662 3506 
5429 2799 3858 17999 2979 5428 2867 1798 

7856 7215 1178 6348 -2 2247 4662 3506 
5429 2266 3858 17999 2979 5428 2867 9410 

-4 -5 -4 -5 1494 -3 -5 -5 
-1 1310 -1 -1 -1 -1 -1 -1 

-2 -2 -3 -2 -2 -2 -2 -2 
-1 -1 -1 -1 -1 -1 -1 -1 

1190 -4 -5 -5 629 1040 -6 -4 
-1 -1 506 -1 -1 -1 -1 1652 

1821 -4 1995 -5 1816 1040 -6 -4 
-1 -1 506 -1 4699 -1 -1 4486 

1821 595 2574 -4 1589 2618 -6 3276 
-1 -1 2368 3311 6232 3076 -1 3633 

1821 595 2574 -4 1589 2618 4994 3276 
-1 -1 2368 3311 6232 4768 -1 3633 

1821 595 2574 -4 1589 2618 9494 3276 
-1 -1 2368 3311 6232 7291 -1 3633 

1821 595 2574 -4 1589 7120 12544 7948 
-1 -1 2368 4979 6232 14561 -1 8269 

1821 595 2574 -4 1589 7120 13789 7948 
-1 -1 2368 4979 6232 15104 -1 8269 

1821 595 2574 -4 1589 7120 17410 7948 
-1 -1 2368 4979 6232 15593 -1 8269 

1821 595 2574 -4 1589 7120 15668 7948 
-1 -1 2368 4979 6232 14033 -1 8269 

1821 595 2574 -4 1589 5766 19101 7948 
-1 -1 2368 4480 6232 19629 -1 8269 

250 3348 671 -22 365 1319 3666 989 
-1 653 438 4582 1648 2897 1998 731 

250 3348 603 -22 6295 1186 3299 989 
-1 587 438 6411 1483 10607 1998 731 

250 3348 2542 -22 6295 1186 3299 7556 
-1 587 438 6411 5334 10607 1998 8657 

162 2195 1348 -17 6137 2389 3063 4735 
-1 475 2086 4587 2065 7731 4318 8310 

162 2195 8713 -17 6137 2389 3063 4735 
-1 475 2086 4587 2065 7731 4318 10479 

162 2195 7841 -17 6137 2389 3063 4735 
-1 475 2086 4587 2065 7731 4318 9430 

-4 26 -4 -3 -3 -3 -2 -3 
-1 -1 -1 -1 -1 -1 -1 38 

65 18 -3 -2 -2 88 -2 80 
-1 -1 -1 -1 -1 -1 3419 1647 

3391 7516 -3 -2 -2 79 -2 80 
2999 -1 1999 -1 -1 -1 3419 1647 

3391 7516 -3 -2 9998 79 -2 80 
2999 1999 1999 -1 -1 -1 3419 1647 

7927 6087 4298 8746 5887 1092 4394 8697 
9859 7621 1179 8847 12430 -1 2242 17322 

-2 -2 -2 -2 -2 -3 -2 -2 
-1 -1 -1 -1 -1 -1 -1 -1 

-2 -2 -2 -2 -2 -3 -2 7498 
-1 -1 -1 -1 -1 -1 -1 2999 

7808 4520 5350 11602 6346 16532 5285 7904 
-1 23485 11359 6679 3179 21526 14762 12348 

7808 4520 5350 11602 6346 22378 14680 7904 
-1 23485 11359 6679 5861 25373 16285 12348 

-2 1740 -2 -2 -3 -2 -2 17 
-1 21 -1 -1 -1 -1 -1 859 

-2 1740 -2 2360 -3 2498 -2 12 
-1 2018 6999 -1 -1 -1 -1 859 

-3 1408 -2 2246 3765 5868 -2 7 
-1 3090 3874 -1 4228 -1 3425 859 

-3 1408 -2 2021 3765 5868 -2 7 
-1 3090 3486 -1 4228 -1 3425 859 

-2 1408 -2 4577 3765 5868 -2 7 
-1 3090 3486 -1 4228 -1 19082 859 

-2 1408 -2 9744 3765 5868 -2 6 
-1 3090 3137 -1 4228 -1 26173 859 

52 -6 1588 -7 -6 -5 745 -7 
-1 -1 -1 615 1456 -1 -1 298 

-2 -2 -2 -2 -2 -2 -2 -2 
-1 -1 -1 -1 -1 -1 -1 -1 

-5 1471 -4 -5 -5 -4 611 -4 
955 -1 -1 -1 -1 -1 773 -1 

-5 2752 -4 709 -5 -4 611 3329 
955 1999 -1 -1 1999 -1 773 1999 

-4 2752 -4 636 744 -4 1216 2994 
2859 1618 -1 1618 1999 -1 562 1999 

-4 2752 -4 636 7336 -4 1216 2994 
2859 1618 3999 1618 1999 -1 562 1999 

-4 2752 -4 636 11602 -4 1216 2994 
2859 1618 6599 1618 1999 -1 562 1999 

-4 7476 -4 636 14013 -4 1216 8694 
2859 1456 15845 1618 1999 -1 4505 1999 

-4 7476 -4 636 19278 -4 1216 8694 
2859 1456 18260 1618 1999 -1 4505 1999 

-4 7476 9996 636 19278 -4 1216 8694 
2859 1456 18260 1618 3799 -1 4505 1999 

-4 7476 8996 636 19278 -4 1216 8694 
2859 1456 18260 1618 3418 -1 4505 1999 

-4 7476 14763 11323 17350 -4 1216 11574 
2859 1310 24771 1618 7076 -1 4505 1798 

-15 5437 7729 5364 8277 -14 4268 4965 
2083 2368 14090 858 11427 3310 2344 858 

-14 4892 7729 4827 8277 -12 4268 4965 
2083 2131 11412 858 10284 3310 2344 858 

-14 6710 7729 11010 8277 -12 4268 4965 
2083 2131 24043 858 10284 3310 2344 858 

3482 3206 5069 5263 5428 1991 5134 5643 
1517 916 22527 2562 7235 2412 1383 6971 

3482 3206 5069 5263 5428 1991 5134 5643 
1517 916 22527 2562 7235 2412 1383 6971 

3482 3206 5069 4736 5428 1991 5134 5643 
1517 916 22527 2562 7235 2412 1244 6971 

2246 2233 4194 4262 4485 1263 3742 3733 
4756 4087 16237 2074 9660 2735 5124 8273 

2246 9509 4194 4262 4485 5522 3742 3733 
4756 6678 16237 4866 9660 2735 4611 8273 

3 -3 4 -3 -3 -3 -3 -2 
-1 -1 2 -1 -1 -1 -1 -1 

3 -3 4 -3 -3 -3 -3 -2 
-1 -1 2 -1 -1 -1 -1 -1 

2 6446 6769 7247 5667 4748 943 4442 
4858 -1 11778 14465 16249 -1 7288 5419 

-2 -3 -3 -2 -2 -2 -2 -2 
-1 -1 -1 -1 -1 -1 -1 -1 

-2 -3 7497 -2 -2 -2 -2 -2 
-1 -1 2999 -1 -1 -1 -1 -1 

19570 3554 9462 5304 9807 8311 12661 6915 
7322 10146 20653 11509 9078 21426 17131 25077 

19570 3554 16015 5304 9807 18731 12661 6915 
7322 10146 20653 11509 12170 25283 18417 25077 

-2 -2 -2 -2 -2 -2 -2 -2 
-1 -1 -1 -1 -1 -1 -1 -1 

-2 -2 5398 3497 -2 -2 -2 -2 
-1 -1 5668 1999 -1 -1 -1 2999 

4496 -2 2088 2062 909 5928 3238 1997 
1179 1798 6206 1456 3111 -1 -1 4691 

4496 -2 2088 2062 817 5928 3238 1997 
1179 1798 6206 1310 3111 -1 -1 4691 

4496 -2 2088 2062 3321 5335 3238 1997 
1179 1798 6206 16179 3111 -1 -1 4221 

4496 -2 2088 2062 8703 4801 2914 1997 
1060 1798 6206 18274 3111 -1 -1 3798 

-5 -4 -3 -5 -5 -5 281 -6 
-1 562 -1 -1 -1 -1 -1 -1 

-2 -2 99 -2 -2 -2 -2 -2 
-1 -1 -1 -1 -1 -1 -1 17 

961 -4 27 -6 -5 -4 -5 -5 
-1 -1 -1 -1 -1 -1 773 1 

5864 710 27 -6 5453 2550 -5 -5 
-1 -1 1999 -1 -1 5419 2695 3800 

4688 573 18 -6 5741 2063 -7 -5 
1999 -1 3498 -1 -1 4389 1964 3419 

14219 573 18 -6 5741 2063 -7 -5 
1999 -1 5148 -1 -1 4389 1964 3419 

12796 573 18 -6 5741 2063 -7 -5 
1999 -1 4633 -1 -1 4389 1964 3419 

16516 573 5016 -5 5741 1856 4993 -5 
1999 3999 12752 -1 -1 7950 1964 3419 

16516 573 9514 -5 5741 1856 4993 -5 
1999 3999 12752 -1 3999 7950 1964 3419 

16516 573 8562 -5 5741 1856 4993 -5 
1999 3999 12752 -1 3598 7950 1964 3419 

16516 573 7705 -5 5741 1856 4993 -5 
1999 3999 12752 -1 3238 7950 1964 3419 

16516 573 12934 -4 5166 1856 14794 4995 
5799 3598 12752 -1 8914 10155 1964 7077 

10825 828 10699 1097 4233 1856 9269 5264 
4261 4622 9295 -1 22820 9308 1431 4178 

10825 744 7018 10616 4233 1856 9269 6763 
3834 12243 9295 -1 20537 15377 1158 3760 

10825 744 7018 12054 4233 1856 9269 6763 
3834 12243 9295 -1 20537 27839 1158 3760 

9741 3854 10599 7870 3084 1094 8341 4434 
2263 11944 6775 10444 15660 20294 682 2466 

18766 3854 10599 7870 3084 1094 8341 4434 
2263 11944 8097 10444 15660 20294 682 2466 

16889 3854 10599 7870 3084 1094 8341 4434 
2263 11944 7287 10444 15660 20294 682 2466 

-1 -3 -3 -3 -3 -2 -3 -3 
-1 -1 -1 -1 -1 -1 -1 0 

64 -3 96 -2 -2 -2 -2 69 
1618 -1 1456 -1 -1 1798 -1 0 

64 3330 96 -2 4998 -2 -2 10062 
1618 1999 1456 -1 -1 3618 -1 2000 

64 3330 96 -2 4998 -2 -2 10062 
1618 1999 1456 -1 -1 3618 -1 2000 

882 10109 77 7202 11605 6797 6648 4329 
4235 5887 1178 10585 3587 9419 4799 13680 

-2 -3 -2 -2 -3 -3 29 -2 
-1 -1 -1 -1 -1 -1 -1 74 

-2 -3 -2 6664 -3 -3 29 -2 
-1 -1 -1 -1 -1 -1 3999 74 

3691 4064 2453 7524 5730 2419 11040 21388 
331 23599 3332 4635 17937 9289 15453 14549 

3691 4064 2453 7524 5730 2419 20942 25249 
331 23599 8998 7171 19143 9289 15453 14549 

-2 -2 -2 -3 -2 -2 -2 -2 
-1 -1 -1 -1 -1 -1 -1 -1 

-2 -2 3372 -3 -2 2247 1664 3748 
2999 -1 -1 5849 -1 -1 3999 -1 

10662 -3 8873 3241 -2 1832 1346 2457 
3051 1798 2428 3452 5986 -1 3672 1998 

9595 -3 8873 3241 -2 1832 1346 2457 
3051 1798 2428 3452 5387 -1 3672 1998 

12256 -3 8873 3241 2725 1832 1346 2457 
3051 7618 2428 3452 25848 -1 3672 1998 

16744 -3 8873 3241 2452 1832 1211 2457 
3051 6856 2428 3106 31263 -1 3672 1998 

322 -4 -5 -5 -4 936 -4 4 
-1 -1 -1 469 -1 562 -1 -1 

-2 -2 -2 -2 -2 -3 -3 -2 
-1 -1 -1 -1 -1 -1 -1 -1 

-5 -4 -5 -3 629 -5 -6 -3 
955 -1 -1 -1 -1 -1 -1 -1 

1245 -4 -4 -3 629 -5 -6 1997 
955 -1 -1 -1 1999 -1 -1 2999 

1118 -4 -5 -3 1706 -5 -6 2511 
859 -1 -1 -1 3418 -1 -1 4429 

11006 -4 -5 -3 1706 -5 -6 2511 
859 -1 1999 -1 3418 -1 -1 4429 

14905 -4 -5 -3 1706 -5 -6 2511 
859 -1 4799 -1 3418 -1 -1 4429 

16747 3746 -5 7497 1706 -5 -6 2511 
859 2999 8319 -1 3418 -1 -1 6986 

22572 3746 -5 7497 1706 -5 -6 2511 
859 2999 10487 -1 3418 -1 -1 6986 

27814 3746 -5 7497 1706 -5 -6 2511 
859 2999 12438 -1 3418 -1 -1 6986 

25032 3746 -5 7497 1706 -5 -6 2511 
859 2999 11194 -1 3418 -1 -1 6986 

25032 3746 10995 10572 1706 -4 -6 2511 
859 2999 11194 -1 8076 -1 3999 11287 

7052 1283 8941 2381 1458 2163 -17 856 
298 4502 7935 2655 3127 -1 6135 7523 

5711 7404 12332 5928 1312 1946 -17 856 
298 4051 7935 12915 2814 5999 5521 6770 

5711 7404 17765 8335 1312 1946 -17 856 
298 4051 7935 23623 2814 9399 5521 6770 

6176 5395 14387 10084 771 3705 1337 2124 
216 4457 6663 19220 3851 8651 3259 4441 

6176 5395 14387 10084 5693 3705 1337 2124 
216 6011 6663 19220 3851 8651 3259 4441 

6176 5395 14387 10084 5123 3705 1337 2124 
216 5409 6663 19220 3851 8651 3259 4441 

5066 3932 12948 9075 5123 3000 1203 1636 
216 4867 5991 15631 3465 7006 2932 3996 

5066 3932 12948 15667 8649 3000 1203 1636 
194 4867 5991 15631 3465 7006 2932 8936 

-3 -3 -4 -3 -3 -3 -3 -3 
-1 -1 -1 -1 -1 -1 -1 -1 

-3 -3 -4 -3 -3 -3 -3 9997 
-1 -1 -1 -1 -1 -1 -1 1999 

12023 -4 7894 -3 8728 9346 4680 19101 
12999 8005 5128 11419 8939 2998 19762 17703 

-2 -2 -2 -2 -2 -2 -2 -2 
-1 -1 -1 -1 -1 -1 -1 -1 

-2 -2 7498 -2 -2 -2 -2 -2 
-1 -1 -1 -1 -1 -1 2999 -1 

3968 19568 17643 8245 17727 9395 15288 18106 
14345 16287 14419 14028 14946 21109 16690 28333 

10237 19568 17643 7420 17727 13455 15288 22962 
14345 18658 14419 14028 14946 18997 20021 29499 

-2 -2 -2 -2 -3 -2 -2 -3 
-1 -1 -1 -1 -1 -1 -1 -1 

-2 4442 2248 -3 2496 -2 -2 -3 
-1 1618 -1 2428 -1 -1 7198 -1 

-2 6408 1072 -4 4936 3331 1998 1346 
-1 3747 3256 1432 1618 -1 4787 -1 

-2 6408 1072 -4 4936 3331 1998 1346 
-1 3372 3256 1432 1618 -1 4787 -1 

5798 6408 1072 -4 4936 3331 1998 1346 
-1 25034 3256 1432 1618 -1 8308 -1 

9196 6408 1072 -3 4442 2997 1998 1346 
-1 31530 3256 1432 1618 -1 6055 -1 

-5 2652 1589 -5 -4 -4 1071 -6 
-1 -1 -1 -1 -1 -1 -1 3131 

-2 -2 -2 -2 109 748 -2 -2 
-1 -1 21 -1 409 -1 -1 -1 

-6 -7 -5 -4 1376 257 -5 -4 
563 -1 6 -1 194 -1 625 -1 

827 -7 -5 -4 1376 2567 -5 1996 
563 3999 6 1999 194 1999 625 1999 

827 902 -5 -4 1376 2567 -7 1795 
563 3999 6 1798 2156 1798 625 1999 

827 902 -5 6663 1376 2567 -7 1795 
563 3999 6 1798 2156 1798 4562 1999 

827 902 -5 15996 1376 2567 -7 1795 
563 3999 6 1798 2156 1798 6105 1999 

827 6811 -5 19810 1376 2567 -7 1795 
563 6599 5 1798 2156 1798 12494 7799 

827 6811 -5 19810 1376 7310 -7 1795 
563 6599 4004 1798 2156 1798 12494 7799 

827 6811 -5 19810 1376 11579 -7 1795 
563 6599 7603 1798 2156 1798 12494 7799 

827 6811 -5 19810 1376 10420 -7 1795 
563 6599 6842 1798 2156 1798 12494 7799 

827 9463 4995 19810 5614 15628 -7 1795 
563 7939 11157 6618 2156 1798 11919 7799 

597 8073 2451 7465 3425 17543 -18 1163 
409 6859 13838 5799 4396 1618 5129 6316 

536 8073 2451 7465 3082 17543 -18 1046 
409 6859 12454 5799 4396 1456 5129 5684 

7149 8073 2451 7465 3082 17543 -18 3010 
409 6859 15208 5799 4396 1456 5129 17115 

7290 5295 8006 7921 3437 10356 -12 1596 
297 4499 13435 3835 2883 954 3027 15176 

7290 5295 8006 7921 3437 10356 -12 1596 
297 4499 13435 3835 2883 954 3027 15176 

7290 5295 7205 7921 3437 10356 -12 1596 
297 4499 13435 3835 2883 858 3027 15176 

6560 3859 5347 5992 3437 10356 45 1292 
240 4048 12091 3576 5721 2494 2451 13658 

15904 3859 9812 5992 3437 14320 45 1292 
2216 4048 12091 5218 5721 5244 2451 13658 

-2 -2 -3 -2 -2 -2 -3 -2 
-1 -1 -1 -1 -1 -1 -1 -1 

-2 -2 -3 -2 -2 -2 -3 -2 
-1 -1 -1 -1 -1 -1 -1 -1 

13602 8449 5535 10440 7048 1617 6709 6235 
16967 9466 15913 14077 4599 14227 8373 4328 

-4 -3 -2 -3 -3 -4 -4 -3 
-1 -1 -1 -1 -1 -1 -1 -1 

4996 -3 -2 -3 -3 -4 -4 -3 
-1 -1 3999 -1 -1 -1 -1 -1 

5529 5866 3625 8304 17716 10742 13630 8776 
3995 18858 21764 20212 11456 10105 11908 25309 

9976 5866 10762 8304 17716 22201 13630 8776 
6595 18858 21764 21190 14879 10105 11908 25309 

-2 -2 -2 -2 -2 -2 -2 -2 
-1 -1 -1 -1 -1 -1 -1 -1 

-3 5970 -2 6747 -2 -2 -2 -2 
-1 -1 3999 -1 -1 6749 -1 -1 

4495 4833 2998 7862 -2 -2 1154 -2 
2998 -1 4914 -1 -1 8518 1798 -1 

4495 4833 2998 7862 -2 -2 1038 -2 
2998 -1 4914 -1 -1 8518 1798 -1 

7170 4833 6448 7862 -2 -2 4600 -2 
2998 2999 4914 -1 4999 8518 1798 21999 

6452 4833 5803 7862 -2 -2 9140 -2 
2998 2698 4914 -1 4048 8518 1618 30799 

-3 -6 -4 -4 152 -3 -4 -4 
-1 -1 -1 48 3 0 -1 -1 

-3 -2 -3 -2 -2 -2 -2 -3 
-1 -1 -1 -1 -1 -1 -1 -1 

-6 -4 621 2147 -5 -4 -4 -4 
-1 -1 541 -1 -1 -1 -1 -1 

-5 -4 621 4432 -5 -4 1067 -4 
-1 -1 3486 -1 -1 1999 -1 -1 

2994 -4 450 4358 -5 -4 957 -4 
-1 -1 3137 1999 1798 1618 -1 -1 

2994 -4 450 13922 -5 -4 957 -4 
-1 -1 3137 1999 1798 1618 1999 -1 

2994 -4 450 13922 -5 4996 957 -4 
-1 -1 4823 1999 1798 1618 1999 -1 

8944 -4 404 16696 -5 8663 957 -4 
-1 -1 9340 6799 1618 1618 6799 -1 

8944 -4 10363 16696 -5 9614 957 -4 
-1 -1 12406 6799 3456 1618 6799 -1 

8944 -4 10363 16696 -5 8652 957 -4 
-1 -1 11165 6799 3456 1618 6799 -1 

8944 -4 10363 16696 -5 7786 957 -4 
-1 -1 10048 6799 3456 1618 6799 -1 

12049 -4 12893 15026 -4 12840 957 -4 
-1 -1 16043 6118 6110 1618 9106 -1 

10838 3039 12893 13523 -12 12840 1282 393 
-1 1618 16438 17555 4453 1618 8637 -1 

10838 2461 12893 12170 -10 11555 1282 393 
-1 1618 16438 15799 4007 1456 8637 -1 

10838 2461 12893 12170 -10 12496 1282 393 
12999 1618 16438 15799 4007 1456 8637 -1 

7900 3411 7008 15016 -9 8438 2283 1125 
7674 1456 13982 12585 2920 2153 5099 4714 

7900 3411 7008 15016 7491 8438 2283 1125 
7674 1456 13982 12585 2920 2153 5099 7242 

7900 3411 7008 15016 6741 8438 2283 1125 
7674 1456 13982 12585 2920 2153 5099 6517 

5758 3219 7008 15016 4386 6834 2149 1125 
7674 1178 12192 11326 2364 3543 4588 6517 

5758 7897 7008 15016 8947 6834 2149 1125 
7674 1178 12192 11326 2364 5188 7129 6517 

-3 -2 -3 -2 -2 -2 -2 -3 
-1 -1 -1 -1 -1 -1 -1 -1 

-3 -2 -3 -2 -2 9998 -2 -3 
1999 -1 -1 -1 -1 -1 -1 -1 

9703 11618 13231 5398 -2 18138 5391 -2 
1618 10755 6118 5668 21892 5991 -1 9584 

-3 -4 -3 -3 -3 -3 -3 -2 
-1 -1 -1 -1 -1 -1 -1 -1 

-3 -4 -3 -3 -3 -3 7497 -2 
-1 -1 -1 2999 -1 -1 -1 -1 

16376 11684 16563 6740 19777 10392 8727 7592 
14957 21570 11352 27181 13025 8869 9253 19884 

16376 11684 29041 6740 19777 11852 8727 7592 
18461 21570 11352 27181 13722 8869 9253 19895 

-2 -2 -2 -2 -2 -2 -2 -2 
-1 -1 -1 -1 -1 -1 -1 -1 

5951 -2 -2 -2 -2 7048 -2 4569 
2698 1999 -1 -1 7599 -1 4699 -1 

11800 2022 -2 -2 -3 11315 1283 12961 
1966 3111 2698 -1 9876 -1 8268 7219 

10619 2022 -2 -2 -3 11315 1283 12961 
1966 3111 2698 -1 9876 -1 8268 7219 

13223 2022 -2 -2 -3 11315 1283 14164 
1966 6799 2698 21999 9876 -1 8268 7219 

13689 2022 -2 -2 -3 11315 1154 12747 
1769 6118 2698 25918 9876 -1 8268 7219 

-3 188 -4 2425 -6 -3 -6 -5 
-1 298 -1 -1 1310 -1 -1 -1 

-2 -2 -2 -2 -2 -2 1 -2 
-1 -1 -1 5 -1 -1 -1 -1 

-4 -6 -4 -5 855 1324 1054 -5 
-1 -1 1433 0 -1 1456 955 -1 

-4 -5 1107 1066 855 1324 1054 -5 
2999 -1 3289 0 -1 1456 955 -1 

-5 -6 1107 959 1524 1190 849 -5 
2698 1999 2959 0 -1 1456 773 -1 

-5 -6 1107 959 1524 7737 849 -5 
2698 1999 2959 0 -1 5310 773 -1 

-5 7494 1107 959 1524 7737 849 -5 
2698 1999 5663 0 -1 5310 773 -1 

9995 10569 1107 959 1524 11249 5764 -4 
6185 1999 18388 0 1798 5310 773 -1 

9995 16178 1107 959 1524 11249 5764 -4 
6185 1999 20549 0 1798 5310 773 -1 

9995 22060 1107 959 1524 11249 5764 -4 
6185 1999 21494 0 1798 5310 773 -1 

9995 19853 1107 959 1524 11249 5764 -4 
6185 1999 19344 0 1798 5310 773 -1 

8095 21330 1107 959 1524 16790 10187 6663 
8609 1999 23371 0 5056 5310 773 -1 

3109 5654 562 2583 806 4587 4356 2212 
4909 2136 6418 2914 1426 10546 175 -1 

5655 5654 505 5658 806 4128 4356 1990 
6418 5922 5776 2914 1426 9491 157 -1 

7186 5654 505 5658 806 4128 4356 1990 
6418 18329 5776 2914 1426 9491 157 -1 

10803 4994 4605 5533 3528 8752 3526 2266 
5776 15583 4678 3688 841 6226 2092 3619 

10803 4994 4605 5533 3528 8752 3526 2266 
5776 15583 4678 3688 841 6226 2092 3619 

9722 4994 4605 5533 3528 8752 3526 2266 
5776 15583 4678 3688 756 6226 2092 3619 

5113 3336 3483 2738 2081 4417 2951 1613 
7328 11008 5029 5036 2412 4987 4166 2931 

5113 3336 3483 2738 13685 3975 2951 1613 
7328 11008 5029 5036 2412 4987 6074 5637 

3 -2 -2 -2 -2 -2 441 -2 
-1 -1 241 -1 1 -1 -1 -1 

3 -2 -2 -2 -2 -2 441 -2 
-1 -1 241 -1 1 -1 -1 -1 

4606 12571 18953 6932 2428 8503 13913 12563 
11152 12472 4695 8697 7581 25346 24613 8836 

-4 -4 159 -4 -3 -4 -3 -3 
-1 -1 38 -1 -1 -1 -1 12 

-4 -4 159 -4 -3 7496 -3 -3 
-1 2999 38 -1 -1 -1 -1 12 

19886 8695 17254 11999 8576 7515 5858 7224 
30751 20917 20240 15298 13249 10501 14314 23152 

19886 8695 17254 11999 13551 7515 5858 7224 
30751 25825 20240 15298 13249 10501 14314 23152 

-2 -2 -2 -2 -3 -2 -3 -2 
-1 -1 -1 -1 -1 -1 -1 -1 

2248 -2 2184 -2 2697 -2 -2 -2 
2698 -1 -1 2698 -1 -1 -1 3238 

1473 -3 5116 4453 1286 4497 4336 1212 
1289 5862 -1 3985 2698 2799 -1 3032 

1473 -3 5116 4453 1286 4497 3902 1212 
1289 5862 -1 3985 2428 2799 -1 3032 

1473 -3 5116 7007 1286 4497 7060 1090 
1289 5275 2999 3985 24185 2799 -1 3032 

1192 -3 5116 6306 1286 4497 10218 980 
1043 4272 2698 3985 31766 2799 -1 3032 

308 -3 841 -5 -4 -4 -6 -4 
-1 -1 -1 -1 -1 -1 -1 1545 

101 -6 2816 1286 -4 -4 -8 -6 
-1 -1 -1 -1 859 -1 773 1600 

101 1423 7534 4490 1246 -4 -8 2120 
-1 -1 1999 -1 2773 3799 2695 3440 

101 1280 8209 4040 1121 -4 -8 1388 
-1 -1 1798 -1 2495 2768 2425 5096 

101 7818 8209 4040 1121 -4 -8 1388 
-1 -1 1798 -1 6245 2768 2425 5096 

101 17036 8209 4040 1121 -4 -8 1388 
-1 -1 1798 -1 7620 2768 2425 5096 

101 20456 8209 15272 1121 -3 4159 6123 
-1 -1 10056 -1 12858 6491 4182 7586 

101 25910 8209 15272 1121 -3 4159 6123 
-1 -1 10056 -1 14572 6491 4182 7586 

101 30819 8209 15272 1121 -3 4159 6123 
-1 -1 10056 -1 16114 6491 4182 7586 

101 27736 8209 15272 1121 -3 4159 6123 
-1 -1 10056 -1 14502 6491 4182 7586 

101 38579 8209 23370 1121 6663 4159 10584 
4999 3999 9050 3999 19051 8841 7763 8827 

64 31240 5577 7579 1913 4852 2717 4819 
2951 6124 3894 3672 12498 8878 13572 2807 

64 31116 5685 12821 1721 6929 4655 4336 
8655 6760 3504 8974 12498 9990 11334 2807 

64 31116 5685 12821 1721 6929 6286 4336 
20789 6760 3504 8974 12498 9990 11334 2807 

3046 20414 6573 7568 2950 11494 4553 5714 
14462 5959 3675 8278 13923 12591 4877 3665 

3046 20414 6573 7568 2950 11494 4553 5714 
14462 5959 3675 8278 13923 12591 4877 3665 

3046 20414 6573 7568 2950 11494 4097 5714 
13015 5959 3675 8278 13923 12591 4877 3665 

-2 -2 -2 -2 -2 -3 -2 -2 
-1 -1 -1 -1 -1 -1 -1 -1 

65 -2 -2 -2 -2 200 -2 -2 
1618 -1 -1 2491 -1 -1 -1 1618 

65 10798 -2 -2 -2 200 -2 -2 
1618 2999 2999 2491 -1 -1 -1 1456 

-2 -2 -2 41 -2 -2 -2 -2 
-1 59 -1 -1 -1 -1 -1 -1 

-2 -2 -2 41 -2 -2 -2 -2 
-1 59 -1 -1 -1 -1 -1 -1 

10404 16409 2880 6937 12050 825 2996 4675 
17180 8630 9259 13116 9113 4457 13936 11033 

-4 -3 -3 -2 -3 -3 -3 -3 
-1 -1 -1 -1 -1 -1 -1 -1 

-4 -3 -3 -2 -3 -3 7497 -3 
-1 -1 -1 -1 -1 -1 2999 -1 

9371 8110 17315 11719 9911 8937 5745 5239 
10251 11905 10777 17688 13997 18457 30219 7263 

9371 13299 27525 11719 9911 8937 12670 12215 
10251 14714 12699 17688 13997 22611 30197 9536 

-3 -2 -3 -2 -2 -2 -3 -2 
-1 -1 -1 -1 -1 -1 -1 -1 

2426 4748 2497 2998 -2 -2 -3 3598 
-1 7599 2999 -1 -1 1798 -1 4699 

3573 2801 3973 2697 2497 -2 653 5336 
-1 12288 2428 2914 2185 1310 1179 3082 

3573 2801 3973 2427 2497 -2 653 5336 
-1 12288 2428 2914 2185 1310 1179 2773 

3573 2801 3973 5398 2247 -2 653 5336 
-1 12288 2428 2914 2185 1310 1179 20495 

3215 2801 3973 9302 1819 -2 653 5336 
-1 12288 2428 2622 2185 1310 1060 26445 

-4 311 -3 -4 -5 -5 -4 3274 
562 -1 -1 1310 -1 -1 -1 -1 

-2 -2 -2 -3 -2 -2 -2 -3 
-1 -1 -1 -1 -1 -1 -1 -1 

-5 -3 -6 -5 464 -4 -6 -5 
-1 -1 -1 506 -1 -1 -1 -1 

9995 1663 932 -5 1528 -4 -6 -5 
-1 -1 -1 506 6229 -1 -1 2999 

8093 1494 1447 -5 1235 -4 -5 662 
-1 -1 -1 455 6160 1999 -1 2428 

8093 1494 1447 -5 6111 -4 -5 662 
-1 -1 -1 4409 6160 1999 -1 2428 

8093 1494 1447 -5 10499 -4 -5 662 
-1 -1 -1 6968 6160 1999 -1 2428 

11033 7459 1447 -5 14853 -4 -5 5595 
-1 -1 -1 11043 8544 8887 -1 6185 

11033 7459 1447 4995 14853 -4 -5 5595 
-1 -1 -1 11043 8544 8887 1999 6185 

11033 7459 1447 11995 14853 -4 -5 5595 
-1 -1 -1 11043 8544 8887 4799 6185 

11033 7459 1447 10795 14853 -4 -5 5595 
-1 -1 -1 11043 8544 8887 4318 6185 

9929 7459 1447 14715 14853 -4 -4 5595 
-1 -1 -1 11043 8544 8887 8817 6185 

3612 5425 1946 10958 10876 -8 -15 3640 
-1 2859 -1 7244 5605 8478 13900 9509 

3612 7393 8326 7987 10876 -8 2319 3640 
1999 5573 -1 6519 5044 8478 12509 15558 

3612 7393 8326 7987 10876 -8 4183 3640 
1999 5573 -1 6519 5044 8478 12509 27002 

7924 6670 8073 13962 8809 5423 3777 2652 
1310 9721 3770 6855 6404 10630 6646 19027 

7924 6670 8073 13962 8809 5423 3777 2652 
1310 9721 3770 6855 6404 10630 6646 19027 

7924 6670 8073 13962 7927 5423 3777 2652 
1310 9721 3770 6855 6404 9566 6646 19027 

-2 304 -2 -2 -3 -3 -3 -2 
-1 -1 -1 -1 -1 -1 -1 506 

-2 304 -2 80 114 -2 75 -2 
3799 -1 -1 -1 1618 1798 -1 409 

-2 5273 -2 80 114 4998 75 -2 
3799 -1 -1 -1 3456 1798 -1 3368 

-2 5273 -2 80 114 4998 75 -2 
3799 -1 -1 -1 3456 1798 -1 3368 

4816 11669 9941 1712 11874 7704 11896 8750 
7594 14815 16116 10074 11987 4709 11519 11607 

-3 -3 -2 -3 -2 -2 -2 -2 
-1 -1 -1 -1 -1 -1 -1 -1 

-3 6663 -2 -3 -2 -2 -2 -2 
-1 -1 3999 -1 -1 -1 -1 -1 

7826 10860 11978 3772 9771 10585 15260 5480 
17957 27206 22653 21016 15310 17027 15657 15892 

7826 10860 16780 10061 16293 10585 15260 4931 
20161 27206 22653 21914 13778 17027 20091 15892 

-2 -2 -2 -2 -2 -2 -2 -2 
-1 -1 -1 -1 -1 -1 -1 -1 

-2 4497 -2 1998 3997 -2 -2 -2 
1999 -1 -1 9399 -1 -1 -1 -1 

3331 2387 2997 11455 7220 4497 679 -2 
1456 2999 -1 11206 1998 -1 3111 1798 

3331 2387 2997 10309 7220 4497 679 -2 
1456 2999 -1 11206 1998 -1 3111 1798 

2997 2387 2997 11944 7220 4497 679 -2 
1310 2999 -1 11206 1998 15999 3111 1798 

2697 2387 2697 15749 6497 4497 679 -2 
1178 2999 -1 10085 1998 21058 3111 1798 

-5 19 -5 70 -6 -3 -4 -4 
-1 -1 -1 -1 102 -1 -1 24 

-2 -2 -2 -2 -2 -2 -2 18 
-1 -1 -1 -1 -1 30 -1 -1 

-4 -5 1137 -5 -4 -5 963 2 
506 -1 -1 -1 -1 8 506 -1 

-4 -4 1137 995 933 6034 3366 2 
3455 1798 4699 -1 -1 2007 506 -1 

-6 829 1137 995 839 5704 3366 0 
3455 1618 3805 -1 1999 2007 2331 -1 

-6 829 1137 995 839 10133 3366 0 
3455 1618 3805 -1 1999 2007 6097 -1 

-6 829 1137 995 839 12453 3366 0 
3455 1618 3805 -1 1999 2007 7487 -1 

4994 829 1137 6895 839 14541 3029 0 
3455 1456 3805 -1 1999 2007 15464 5999 

4994 829 1137 11205 839 14753 3029 0 
5109 1456 3805 -1 5799 2007 15464 5999 

4994 829 1137 11205 839 23277 3029 0 
5109 1456 3805 -1 7219 2007 15464 5999 

4994 829 1137 11205 839 20949 3029 0 
5109 1456 3805 -1 6496 2007 15464 5999 

4994 745 1137 13575 839 23854 3029 0 
5938 1456 3805 -1 12846 2007 15464 5999 

2654 565 478 5912 1529 9650 1438 1987 
4886 4245 3866 -1 10676 1136 6655 5071 

2654 5508 4136 5320 1238 9650 1438 1787 
9397 6138 3866 -1 9608 1022 5989 4563 

2654 7026 10389 5320 1238 9650 1438 1787 
20457 6138 3866 -1 9608 1022 9390 4563 

1932 9620 9260 5489 655 11084 1046 3638 
10870 8081 3131 1618 6417 744 8824 5573 

1932 9620 15834 5489 655 11084 1046 3638 
12783 8081 3131 1618 6417 744 8824 5573 

1932 9620 14250 5489 655 11084 1046 3638 
11504 8081 3131 1618 6417 744 8824 5573 

-3 -3 -3 -3 -3 -3 -3 -3 
-1 -1 -1 -1 -1 -1 -1 -1 

-3 -2 -2 -2 116 -3 62 -3 
1798 -1 1798 -1 1999 -1 -1 -1 

-3 4998 -2 -2 3437 -2 62 -3 
1798 -1 1798 -1 1999 -1 1999 1999 

-3 4998 -2 -2 3437 -2 62 -3 
1798 -1 1798 -1 1999 -1 1999 1999 

6918 9623 4482 2974 8956 -2 7750 4116 
10340 7922 6856 18160 17743 1618 10059 6736 

-2 -2 -2 -2 -3 -2 -2 -2 
-1 -1 -1 -1 -1 -1 -1 -1 

-2 -2 -2 -2 -3 7498 -2 -2 
-1 -1 -1 -1 2999 -1 -1 -1 

14367 16531 13254 9694 13530 14852 15184 18519 
20634 26373 17000 26243 11600 13390 16776 22547 

14367 16531 13254 9694 18427 14852 21165 20417 
24213 26373 17000 26243 11600 13390 18098 22547 

-3 -2 -2 -3 -2 -2 -2 -2 
-1 -1 -1 -1 -1 -1 -1 -1 

2497 -2 -2 -3 8598 4998 1997 -2 
1999 -1 8279 1998 -1 -1 -1 1798 

1819 2359 7998 -4 6265 4841 3455 -2 
1310 1999 8671 1060 -1 1998 -1 4679 

1819 2359 7998 -4 5638 4841 3455 -2 
1310 1999 7803 1060 -1 1998 -1 4679 

1819 2122 7998 -4 8288 4841 3455 -2 
1310 1999 25022 953 -1 1998 -1 4679 

1819 7409 7998 -4 7459 4356 3455 -2 
1310 1798 25022 857 -1 1798 10999 4210 

-5 348 -5 -4 -6 226 -3 -4 
-1 626 -1 -1 -1 -1 -1 1179 

-2 -2 -2 -2 -2 -2 -2 -2 
-1 -1 -1 -1 -1 -1 -1 -1 

-6 -5 -4 -4 -6 -4 1768 2148 
-1 -1 -1 455 -1 -1 506 -1 

619 -5 -4 1663 -6 -4 1768 1933 
-1 -1 -1 455 -1 1999 506 1999 

555 -5 -4 1344 -6 -4 1430 6541 
1999 1999 -1 368 -1 1798 455 1798 

555 -5 4996 1344 -6 -4 1430 6541 
1999 1999 -1 2331 -1 1798 455 1798 

555 -5 11996 1344 -6 -4 1430 6541 
1999 1999 -1 5097 -1 1798 455 1798 

555 -5 15796 1344 -6 -4 1430 6541 
1999 1999 -1 15587 -1 1798 455 1798 

555 -5 20883 1344 -6 -4 1430 6541 
1999 1999 -1 18028 -1 1798 455 1798 

555 -5 23794 1344 -6 -4 1430 6541 
1999 1999 -1 18225 -1 1798 455 1798 

555 -5 21414 1344 -6 -4 1430 6541 
1999 1999 -1 16402 -1 1798 455 1798 

555 -5 25522 1209 -6 -3 6287 5886 
7799 1798 -1 19761 -1 1798 455 1456 

253 -19 13849 853 1584 618 2691 1072 
3020 1400 859 5021 4297 2455 975 11607 

253 -17 17464 853 1584 618 4750 964 
6718 1400 859 6518 3480 2455 975 10446 

253 -17 17464 853 1584 618 6371 964 
19046 1400 859 6518 3480 2455 975 10446 

2097 -14 15544 1502 6441 5500 2712 2656 
11077 5805 3422 7655 4320 1610 2639 8107 

2097 -14 15544 1502 6441 5500 7440 2656 
11077 5805 3422 8889 4320 1610 2639 8107 

2097 -14 15544 1502 6441 5500 6695 2656 
11077 5805 3422 7999 4320 1610 2639 8107 

-2 -3 -4 -3 -3 1819 -4 -3 
-1 -1 -1 -1 -1 -1 -1 954 

141 126 186 171 108 1274 -8 155 
4415 3419 3256 4389 2931 1618 4389 3249 

5126 126 186 171 108 4479 -8 139 
4415 5077 3256 5950 2931 1618 3949 3249 

5126 10113 186 171 108 4479 -8 139 
4415 6569 3256 5950 2931 1618 3949 3249 

7442 5776 2042 4762 2492 4006 5018 89 
2962 13003 6603 18303 4622 4761 15478 2923 

-2 -2 -2 -2 -2 -2 -2 -2 
-1 -1 -1 -1 -1 -1 -1 -1 

-2 -2 -2 -2 6248 -2 -2 -2 
-1 -1 -1 -1 4999 -1 -1 -1 

0 -2 -2 -2 -3 -2 -2 -3 
-1 0 -1 -1 -1 -1 -1 -1 

0 -2 -2 -2 4997 -2 -2 -3 
-1 7000 -1 -1 -1 -1 -1 -1 

10843 6706 8628 12530 2062 12329 5924 6147 
11945 13614 21532 19367 13014 11269 12512 20278 

7903 11149 11488 12943 1855 11095 8331 6147 
10750 13027 19553 17430 13541 10141 12512 20024 

8635 8161 9916 7641 3018 13986 4424 5532 
9674 7691 11452 12705 11491 8653 10008 16757 

8635 7344 9916 7641 3018 13986 4424 5532 
9674 7691 11452 11434 11491 8653 10008 16757 

10896 9791 9916 7641 3018 13986 4424 8312 
9674 12921 11452 24290 15341 8653 10008 16757 

9806 13811 9916 7641 3018 13986 4424 6732 
8706 11628 11452 30861 13806 8653 10008 16757 

6 -5 -3 796 394 -4 -4 133 
-1 368 423 6 241 -1 -1 0 

-2 -2 -2 -2 -2 -2 -2 -2 
-1 -1 -1 -1 -1 -1 -1 -1 

-5 -5 1323 690 -5 -4 -6 1589 
-1 1094 954 -1 -1 -1 -1 -1 

-5 -5 2619 690 -4 -4 -6 2763 
1999 1094 954 -1 -1 3999 -1 -1 

-5 -5 2355 690 551 -4 -6 3153 
1798 1094 954 -1 -1 5599 1999 -1 

-5 -5 7119 690 551 -4 -6 3153 
1798 2984 954 -1 -1 5599 1999 -1 

-5 -5 9740 690 551 -4 -6 3153 
1798 4685 954 -1 -1 5599 1999 -1 

-5 -5 14599 4509 495 -4 -6 3153 
1798 4685 7858 -1 -1 5599 1798 6999 

-5 -5 14599 10724 495 -4 -6 3153 
1798 4685 7858 -1 -1 5599 1798 10299 

-5 -5 14599 9651 495 -4 -6 3153 
1798 4685 7858 -1 -1 5599 1798 9268 

-5 -5 14599 8685 495 -4 -6 3153 
1798 4685 7858 -1 -1 5599 1798 8341 

4995 -5 11824 13530 5445 -4 -6 3153 
1798 4685 7072 -1 -1 6334 6618 15506 

4040 -5 9123 15655 5669 -4 -9 3182 
1798 6216 6364 -1 1798 5775 7956 29955 

4040 -5 8210 14088 5101 2496 -9 6434 
6856 6216 5727 -1 3256 5775 7956 29955 

4040 -5 8210 14088 5101 2496 -9 8190 
18170 6216 5727 -1 3256 5775 7956 29955 

7699 7996 11596 7485 3344 4658 -8 4437 
9655 9734 8848 2428 5916 4761 5799 12200 

7699 7996 11596 7485 13009 4658 -8 4437 
9655 10760 8848 2428 5916 4761 5799 12200 

7699 7996 11596 7485 11707 4658 -8 4437 
9655 9683 8848 2428 5916 4761 5799 12200 

26 -3 -3 414 -3 -3 3 80 
-1 -1 34 88 455 -1 -1 19 

80 67 -3 363 222 -2 71 135 
-1 3419 3099 3871 455 1798 -1 1815 

80 67 -3 5326 3533 -2 71 135 
-1 3419 3099 5483 2409 1798 -1 1815 

80 67 -3 5326 3533 -2 71 135 
-1 3419 3099 5483 2409 1798 -1 1815 

6136 1371 9617 8120 4943 383 2376 5767 
19846 2769 4462 9953 14486 8473 7605 11180 

-2 -2 -2 -2 -2 -2 -2 -3 
-1 -1 -1 -1 -1 -1 -1 -1 

-2 -2 -2 -2 6248 -2 -2 -3 
-1 -1 -1 -1 -1 4999 -1 -1 

13196 7360 13918 3906 12784 6810 5068 2224 
6877 12741 29171 17652 28379 13787 4689 16589 

21876 14124 13918 3906 23855 6810 5068 8251 
9189 16466 29171 18886 29541 14408 4689 16589 

-2 -2 -2 -2 -2 -2 -2 -2 
-1 -1 -1 -1 -1 -1 -1 -1 

-2 -2 4498 1796 -2 -3 4998 3331 
7649 -1 1798 -1 -1 1618 -1 -1 

-2 1091 3565 4977 -3 6996 4825 9529 
9625 1618 3935 1456 1998 1060 4373 4731 

-2 1091 3565 4479 -3 6996 4825 9529 
9625 1618 3935 1310 1998 1060 4373 4731 

-2 981 3565 6303 -3 6996 4825 9529 
9625 1618 3935 14560 1998 1060 4373 4731 

-2 981 3565 6303 -3 5666 8858 8575 
8662 1456 3935 13103 1998 953 3935 15257 

-4 -3 -5 -4 -5 -4 2181 -4 
-1 -1 -1 1160 -1 -1 -1 -1 

-2 -2 -2 -2 -2 -2 -2 58 
-1 -1 -1 -1 -1 -1 92 -1 

1053 -5 -4 1615 -5 -5 640 6 
695 -1 -1 -1 -1 -1 1318 954 

1614 -5 -4 2882 -5 1106 640 6 
695 1999 -1 3799 -1 -1 1318 954 

1704 -7 -4 2593 -5 722 575 418 
562 1456 3799 3799 -1 -1 960 694 

1704 -7 4996 2593 -5 722 575 418 
2505 1456 3799 3799 -1 -1 960 694 

1704 -7 4996 2593 -5 722 575 7876 
2505 1456 3799 3799 -1 -1 960 3624 

1704 -7 7496 10440 -5 5584 575 10977 
4525 3310 6419 3799 -1 2999 960 10261 

1704 -7 7496 10440 -5 5584 575 14879 
4525 3310 6419 3799 -1 2999 960 12234 

1704 -7 7496 10440 -5 5584 575 20891 
4525 3310 6419 3799 -1 2999 960 14010 

1704 -7 7496 10440 -5 5584 575 18801 
4525 3310 6419 3799 -1 2999 960 12608 

1704 -7 6746 12956 -5 10858 575 22754 
11965 2978 5776 3799 -1 2999 960 18347 

2543 506 4913 9433 -18 11335 10464 11281 
8721 11430 6678 2242 1310 5605 699 12145 

2288 454 4421 10926 -18 11335 9417 11281 
11217 10286 6678 2017 1310 5605 565 12145 

4023 454 4421 10926 -18 11335 9417 11281 
11217 10286 6678 2017 1310 16044 565 12145 

2135 4117 3222 6449 3226 8896 13172 12708 
5960 6747 13080 1815 772 14995 457 11028 

8171 4117 3222 6449 3226 8896 13172 12708 
5960 6747 13080 1815 772 18495 457 11028 

7353 4117 3222 6449 3226 8896 13172 12708 
5960 6747 13080 1815 772 16645 457 11028 

-3 4 -3 -2 938 0 32 -4 
-1 -1 2 -1 1 562 -1 9 

6663 4 -3 9998 938 0 5028 -4 
-1 5599 2 2999 1 562 -1 9 

6128 3705 2309 3496 2853 7277 10668 7458 
4344 7264 9534 6068 2425 13482 332 8038 

6128 3705 12078 3496 2853 7277 10668 7458 
4344 7264 10580 6068 2425 13482 332 8038 

13190 4584 9762 5625 3744 7169 13351 6040 
5909 21874 7712 5600 9164 14258 195 20710 

-2 -2 -2 -2 -2 -2 -3 -2 
-1 -1 -1 -1 -1 -1 -1 -1 

-2 -2 -2 -2 -2 -2 7497 -2 
-1 -1 -1 -1 -1 2999 -1 -1 

13982 14997 9544 8793 5660 10473 20076 17275 
7262 14722 24494 15515 13179 15978 10480 29539 

13982 13497 9544 8793 5660 10473 24735 21797 
10535 18249 24494 15515 13179 15978 9431 29539 

-2 -2 -2 -2 0 -2 -2 -2 
-1 -1 -1 -1 -1 0 -1 -1 

9360 2698 1426 -2 0 -2 -2 -2 
-1 5699 8929 -1 -1 0 -1 -1 

4971 1159 2640 -2 -3 6747 3675 1820 
-1 4615 4269 4263 -1 2429 1310 1618 

4473 1159 2640 -2 -3 6747 3675 1820 
-1 4615 4269 4263 -1 2429 1178 1618 

7991 1159 2640 -2 -3 8850 3675 1820 
-1 4615 4269 8836 -1 2429 24060 1618 

12691 1159 2375 -2 -3 7964 3675 1637 
-1 4153 4269 7952 -1 2185 32654 1618 

962 -5 -3 -5 -3 -4 -4 67 
-1 34 -1 0 -1 -1 -1 954 

239 -6 -6 -6 1069 -5 -5 16 
-1 5 -1 -1 -1 -1 -1 805 

239 -6 -6 -6 3365 -5 1066 16 
-1 4 2999 -1 -1 -1 -1 2724 

239 -6 619 -5 3973 -5 1066 12 
-1 4 4228 1798 -1 -1 -1 2206 

239 4994 619 -5 3973 -5 1066 12 
-1 2003 4228 1798 -1 -1 -1 2206 

239 11161 619 -5 3973 -5 1066 12 
-1 5802 4228 1798 -1 -1 -1 2206 

214 17540 619 -5 3217 -5 959 4010 
-1 10999 3805 1618 -1 -1 8499 2206 

214 20786 619 -5 3217 -5 959 4010 
-1 12899 3805 1618 -1 -1 8499 2206 

214 23707 619 -5 3217 -5 959 4010 
-1 14609 3805 1618 -1 -1 8499 2206 

214 21336 619 -5 3217 -5 959 4010 
-1 13147 3805 1618 -1 -1 8499 2206 

214 24202 619 -5 3217 -4 5863 4010 
5398 15832 3805 1618 -1 -1 8499 2206 

-2 -2 -2 -2 -2 -2 -3 -2 
-1 -1 -1 -1 -1 -1 -1 -1 

-2 2498 -2 -2 -2 -2 -3 -2 
-1 1798 -1 -1 -1 -1 -1 -1 

-2 3978 -2 -2 -2 -2 6663 -2 
3999 10618 -1 -1 -1 -1 -1 -1 

3712 7608 2496 7268 3091 1058 7556 2457 
4160 11007 6197 2360 3836 1548 1998 -1 

3712 7608 7246 7268 3091 1058 7556 2457 
10744 11007 6197 2360 3836 1548 1998 -1 

3712 7608 6521 7268 3091 1058 7556 2457 
9669 11007 6197 2360 3836 1548 1998 -1 

144 353 383 -30 260 -29 37 -16 
354 3527 1410 1998 -1 -1 -1 -1 

144 256 309 -24 210 124 135 -12 
2318 3527 1027 1310 -1 -1 3419 -1 

3462 5230 309 -24 210 124 135 -12 
4086 3527 2924 1310 -1 -1 3419 -1 

-2 -2 -2 -2 -2 -2 -2 -2 
-1 -1 -1 -1 -1 -1 -1 -1 

-2 -2 -2 -2 9998 -2 -2 -2 
-1 -1 -1 -1 1999 -1 -1 -1 

3927 11341 6955 1909 6712 1876 5339 1248 
13710 6705 8908 7468 11635 8299 3418 4591 

7 -3 299 -4 64 -3 -4 -3 
-1 362 2 -1 -1 24 -1 -1 

7 4997 299 -4 64 -3 -4 -3 
-1 362 4001 -1 -1 24 -1 -1 

9863 9223 13985 5700 11557 7280 8850 11102 
5837 14803 19372 13148 20579 20239 1252 17361 

13876 9223 13985 11796 11557 7280 8850 17491 
5837 20390 19372 13148 20579 20239 5126 17361 

-2 -2 -2 -2 -3 -2 -2 -2 
-1 -1 -1 -1 -1 -1 -1 -1 

-2 1997 10373 -2 -3 2855 -2 1998 
3238 -1 -1 -1 -1 7444 -1 5599 

3330 952 9803 4496 -3 5113 -2 9860 
3223 1998 2428 -1 1798 4152 -1 6081 

3330 952 8822 4496 -3 5113 -2 9860 
3223 1998 2428 -1 1798 3736 -1 6081 

6747 952 10331 4496 -3 6874 -2 9860 
3223 6798 2428 -1 1798 14362 8999 6081 

11464 952 13510 4496 -3 5567 -2 9860 
2900 6118 2428 -1 1798 18833 12099 5472 

343 0 -4 47 -4 1266 -5 -4 
-1 -1 175 -1 -1 684 625 4 

190 -2 -2 -2 -2 -2 -2 -2 
-1 -1 -1 92 -1 -1 -1 -1 

33 2147 -5 841 -4 -5 856 -5 
1310 773 368 24 -1 -1 -1 -1 

33 3932 2495 841 -4 1495 856 -5 
1310 3695 2331 24 1999 -1 -1 -1 

33 3182 2244 841 -5 2178 856 -6 
1060 3695 2331 19 1999 1999 -1 -1 

33 7863 2244 841 -5 2178 856 -6 
1060 5325 2331 19 1999 1999 -1 -1 

33 13326 2244 841 -5 2178 856 -6 
1060 9792 2331 19 1999 1999 -1 -1 

33 15993 2244 841 -5 2178 856 -6 
1060 16812 2331 19 1999 1999 -1 -1 

33 15993 2244 841 -5 2178 856 7494 
1060 16812 2331 19 1999 1999 2999 -1 

33 15993 2244 841 -5 2178 856 14244 
1060 16812 2331 19 1999 1999 5699 -1 

33 15993 2244 841 -5 2178 856 12819 
1060 16812 2331 19 1999 1999 5128 -1 

33 15993 2244 841 -5 6960 770 17787 
1060 16812 2331 6017 1999 1999 9615 -1 

-18 4305 547 392 -21 1573 641 5696 
3658 6635 1541 2325 955 773 7548 1626 

-18 8160 547 352 -19 1573 641 5696 
3658 11971 1541 2092 955 773 7548 1463 

-18 8160 547 352 -19 3915 641 5696 
3658 24773 1541 2092 955 773 7548 1463 

2986 5947 3931 1921 897 2807 518 4150 
2666 16906 1247 1882 5162 506 4456 4175 

2986 5947 3931 1921 897 7526 518 4150 
2666 22215 1247 1882 5162 506 4456 4175 

2986 5352 3931 1921 897 7526 518 4150 
2666 19993 1247 1882 5162 506 4456 4175 

2233 4916 3183 1409 820 4190 466 3376 
2399 17995 2047 1882 9183 4688 4868 3757 

2233 11091 3183 1267 820 4190 466 6371 
2399 20375 1842 1882 9183 4688 4868 3757 

-2 -2 -2 -2 -2 -2 -2 -2 
-1 -1 -1 -1 -1 -1 -1 -1 

-2 -2 -2 -2 -2 -2 -2 -2 
-1 -1 -1 -1 -1 -1 -1 -1 

5803 6052 10918 17991 2990 1365 2483 10896 
3279 12163 8936 18617 9381 17080 6559 10252 

-4 -3 -4 26 -3 3277 7 37 
-1 92 1310 -1 -1 0 -1 -1 

-4 -3 -4 26 -3 9615 7 37 
-1 92 1310 -1 -1 0 -1 3999 

15626 6594 6231 6138 8974 4332 7505 782 
6155 18928 24534 3437 7520 9338 8273 9366 

21563 6594 11857 6138 8974 10565 7505 7370 
6155 18928 25080 3437 7520 12404 11445 13429 

-2 -2 -2 -3 -2 -3 -2 -2 
-1 -1 -1 -1 -1 -1 -1 -1 

1998 -2 2498 -2 -2 3747 -2 6331 
3598 1999 -1 -1 -1 4457 3999 -1 

3255 -3 1637 3417 2022 3629 1212 5153 
2622 2491 -1 1998 1456 10513 2124 -1 

3255 -3 1637 3075 2022 3629 1212 5153 
2622 2491 -1 1798 1456 10513 2124 -1 

3255 -2 1637 5348 2022 3629 1212 5153 
2622 2491 -1 17618 1456 9461 2124 -1 

2929 -2 1637 9813 2022 3629 1090 5153 
2622 2491 -1 21470 1310 8514 2124 -1 

-5 -4 -3 -4 19 138 283 -4 
-1 -1 66 134 -1 -1 -1 67 

-2 -3 -3 -2 -2 -2 -2 -2 
-1 -1 -1 -1 -1 -1 -1 -1 

-6 -5 -5 -5 -4 -4 -5 3066 
-1 506 -1 -1 -1 -1 -1 695 

-6 -5 -5 -4 -4 -4 904 3473 
-1 506 -1 1999 1999 -1 -1 625 

-5 -4 -5 516 -4 5102 5813 3125 
-1 409 -1 3418 2769 1618 -1 2255 

-5 -4 -5 516 -4 5102 10231 3125 
-1 409 -1 3418 4492 1618 -1 2255 

-5 -4 -5 516 -4 5102 14207 3125 
-1 409 -1 3418 6042 1618 -1 2255 

4995 -4 5995 7131 7496 5102 14929 3125 
4999 409 -1 9468 7593 1618 3598 2029 

4995 -4 5995 7131 7496 5102 18436 3125 
4999 409 -1 9468 10833 1618 3598 2029 

4995 -4 5995 7131 7496 5102 18436 10312 
7499 409 -1 9468 10833 1618 3598 2029 

4995 -4 5995 7131 7496 5102 18436 9280 
6748 409 -1 9468 10833 1618 3598 2029 

4995 -4 8419 7131 7496 10425 18436 14602 
18269 409 -1 9468 10833 1618 3238 2029 

3310 476 6125 7131 4792 8217 14923 8934 
17358 367 1618 7210 6395 1178 2622 11127 

5479 476 6125 6417 4312 8217 19164 12236 
17859 296 1618 7210 5755 7060 4359 11127 

5479 476 6125 6417 4312 8217 19569 12236 
17859 296 1618 7210 5755 19354 4359 11127 

6492 4037 6714 6343 5842 4364 8420 9802 
9490 3898 1310 9640 8515 8330 4708 7882 

6492 4037 11042 6343 5842 4364 8420 9802 
9490 3898 4179 9640 8515 8330 4708 7882 

6492 4037 9937 6343 5842 4364 8420 9802 
9490 3898 3760 9640 8515 8330 4708 7882 

5258 2656 7337 5708 3900 2409 6210 7145 
9486 6261 3531 9640 5586 5464 5051 5965 

5258 2656 7337 5708 3509 9668 10589 7145 
9486 6261 6177 8675 5586 5464 5051 8368 

-2 -2 -2 -2 -2 -2 -2 -2 
-1 -1 -1 -1 -1 -1 -1 -1 

-2 -2 -2 -2 -2 -2 -2 -2 
-1 -1 -1 -1 -1 -1 -1 -1 

13320 10091 4632 13893 4335 4793 6529 2454 
19226 9194 8839 3998 6047 9034 3228 1618 

-3 -4 -3 -3 1072 -3 -3 694 
506 -1 -1 -1 1179 -1 -1 -1 

-3 7496 -3 -3 1072 -3 -3 694 
506 -1 -1 -1 1179 -1 2999 -1 

9986 4846 6955 9583 14571 6307 8880 12207 
9638 22479 24898 11403 21163 16384 16505 19060 

15237 4846 12926 9583 14571 15676 8880 12207 
9638 22479 24898 15262 21046 18745 16505 19060 

-2 -2 -3 -2 -3 -2 -2 -2 
-1 -1 -1 -1 -1 -1 -1 -1 

-2 -2 -3 -2 2426 3985 3331 -2 
-1 -1 -1 -1 4699 1999 -1 5398 

2997 6522 -2 2697 3408 11740 3399 6718 
3425 6715 2479 1798 6303 3256 3418 3934 

2997 5869 -2 2697 3408 11740 3399 6718 
3425 6715 2230 1798 6303 3256 3418 3934 

2997 9053 -2 2697 3408 10565 3399 6718 
3425 6715 14007 1798 6303 5930 3418 3540 

2997 11189 -2 2427 3408 9508 3399 6046 
3425 6715 18606 1798 5672 5336 3418 2867 

-4 147 -5 -5 -4 -4 501 -5 
-1 114 -1 -1 -1 -1 -1 155 

-2 -2 -2 -2 122 -2 -2 -2 
-1 -1 -1 -1 0 -1 -1 27 

-7 2370 691 1636 20 -5 -4 -4 
1061 955 1433 -1 -1 -1 -1 632 

-7 2370 691 2583 20 1424 -4 1663 
1061 955 1433 -1 -1 -1 3799 3568 

-7 1918 620 1881 1319 1424 -3 1496 
772 695 2960 -1 -1 -1 3076 2600 

-7 9226 620 1881 1319 1424 -3 1496 
772 695 5664 -1 -1 -1 3076 2600 

-7 14553 620 1881 1319 1424 -3 1496 
772 695 10097 -1 -1 -1 3076 2600 

-7 17188 620 1881 1319 1424 -3 1496 
772 695 18087 -1 -1 -1 3076 2600 

-7 22135 620 1881 1319 1424 -3 1496 
772 695 20278 -1 -1 -1 3076 2600 

-7 27421 620 1881 1319 1424 -3 1496 
772 695 21250 -1 -1 -1 3076 2600 

-7 24678 620 1881 1319 1424 -3 1496 
772 695 19124 -1 -1 -1 3076 2600 

-6 28876 620 1692 1319 1424 4997 1496 
772 6625 19090 -1 -1 -1 3076 2600 

-24 19467 2091 1290 401 926 3226 563 
1287 3083 13241 -1 6998 -1 1470 2846 

-24 17519 6256 1160 401 926 2612 455 
7342 2496 13241 -1 5101 -1 1470 2846 

-24 22433 8130 1160 401 926 2612 455 
19607 2496 13241 -1 8590 -1 1470 2846 

2756 14716 7357 2380 324 886 1539 1107 
12863 2254 8219 -1 6529 -1 1071 6805 

2756 14716 7357 2380 324 886 1539 1107 
12863 2254 8219 -1 6529 -1 1071 6805 

2756 14716 6621 2380 324 886 1539 1107 
11576 2254 8219 -1 6529 -1 1071 6805 

2314 7990 5360 1691 333 604 1246 967 
9376 3262 6849 -1 7361 3419 1692 7311 

2314 10971 5360 1691 333 604 1246 8370 
9376 3262 9164 -1 7361 3419 1692 9579 

-1 -3 544 2430 -3 -3 296 -3 
-1 -1 13 -1 -1 1238 -1 175 

-1 -3 544 2430 -3 -3 296 -3 
-1 -1 13 -1 -1 1238 -1 175 

3534 5317 927 8349 13983 11580 8863 7955 
12227 10314 4056 11939 22622 8916 6559 3902 

-2 -3 -2 -2 -3 -2 -3 -2 
-1 -1 -1 -1 -1 -1 -1 -1 

-2 -3 -2 -2 -3 -2 -3 4998 
-1 3999 -1 -1 -1 -1 -1 -1 

14326 7372 11625 9699 5560 8251 9632 10942 
9534 31825 17784 11008 8865 13846 18556 31203 

14326 13301 11625 14979 5560 8251 9632 15529 
12580 34278 16005 11008 8865 13846 18556 31203 

-2 -2 -3 -2 -2 -2 -2 -2 
-1 -1 -1 -1 -1 -1 -1 -1 

1797 -2 -3 -2 -2 4227 1997 -2 
-1 3598 1456 -1 -1 1999 2698 -1 

2452 2023 -3 -2 4047 4519 3109 -2 
-1 4622 5558 -1 -1 1618 1432 3587 

2452 2023 -3 -2 4047 4519 2797 -2 
-1 4622 5558 -1 -1 1456 1432 3587 

2452 2023 -3 -2 7278 4519 5620 -2 
-1 4622 5558 -1 -1 19310 9288 3587 

2452 2023 -3 -2 6550 4066 10058 -2 
-1 4622 5558 -1 -1 21940 8359 3587 

-3 -5 -4 440 56 -4 12 -6 
-1 880 -1 38 -1 -1 -1 27 

-2 -2 -2 -2 -2 -2 -2 -2 
-1 -1 -1 -1 -1 -1 -1 -1 

-5 -5 -5 -2 -5 866 895 -4 
955 -1 625 -1 -1 773 -1 -1 

-5 -5 -5 998 2495 866 1305 -4 
955 -1 2562 -1 -1 2695 -1 2999 

-5 764 -5 1473 2243 866 1173 -4 
955 -1 2305 -1 3799 2425 -1 2698 

-5 764 -5 1473 2243 7446 1173 -4 
955 -1 2305 -1 3799 6182 -1 2698 

-5 764 -5 1473 2243 11701 1173 -4 
955 -1 2305 -1 3799 7563 -1 2698 

-5 11535 -5 1473 2018 14419 1173 -4 
955 -1 2305 -1 10469 13806 -1 2698 

-5 11535 -5 1473 2018 19643 1173 -4 
955 -1 2305 -1 10469 16425 -1 2698 

-5 11535 -5 1473 2018 19643 6055 -4 
955 -1 2305 -1 10469 18782 -1 2698 

-5 11535 -5 1473 2018 19643 5449 -4 
955 -1 2305 -1 10469 16903 -1 2698 

-4 11535 -5 1473 2018 19643 9904 -3 
955 -1 2305 -1 9421 22212 -1 2698 

101 4004 411 740 391 8404 3931 1192 
216 859 4768 5998 2397 9401 955 1044 

3424 3242 411 5666 351 8213 3931 1072 
1599 859 4291 5398 2397 8460 859 7445 

6125 3242 411 5666 351 8213 3931 1072 
1599 859 4291 5398 2397 8460 859 20700 

6614 3869 298 5167 282 4847 3182 2066 
5733 2495 3475 3186 3741 6852 562 9330 

6614 3869 298 5167 282 4847 3182 2066 
5733 2495 3475 3186 3741 6852 562 9330 

6614 3869 298 5167 282 4847 2863 2066 
5733 2495 3475 3186 3741 6852 505 9330 

4821 3575 268 4184 293 3604 2146 1673 
5798 2245 2814 2867 4830 6166 1987 7578 

9338 3575 268 8765 293 3604 2146 1673 
7218 2245 2814 2867 4830 6166 1987 9820 

-2 -3 -3 -2 -2 -2 -2 -2 
-1 -1 -1 -1 -1 -1 -1 -1 

-2 -3 -3 -2 -2 -2 -2 -2 
-1 -1 -1 -1 -1 -1 -1 -1 

4370 -2 4496 2271 2997 4586 6758 3598 
24977 12172 7325 1798 1618 -1 8712 5939 

-3 -3 -2 19 -2 110 -4 36 
-1 -1 -1 -1 171 1 -1 -1 

-3 6663 -2 19 -2 110 -4 36 
3999 -1 -1 -1 171 1 -1 -1 

15502 8236 16328 17045 8934 3334 11842 7931 
25115 22941 7417 22495 5265 29306 14955 23662 

15502 8236 16328 17045 8934 9250 11842 17590 
25115 22941 7417 26720 5265 32375 14955 23662 

-2 -2 -2 -2 -2 -2 -2 -2 
-1 -1 -1 -1 -1 -1 -1 -1 

2998 -2 -2 2569 -2 3998 3597 -2 
-1 -1 1798 3598 3999 3999 -1 -1 

3482 -3 -2 2165 6748 5321 3918 -2 
-1 -1 6906 4908 6853 3238 -1 -1 

3482 -3 -2 2165 6748 4788 3918 -2 
-1 -1 6906 4908 6853 2914 -1 -1 

3482 -3 -2 1948 6748 6309 3918 -2 
-1 -1 6906 4417 6853 16622 -1 -1 

3482 5997 -2 1753 6073 6309 3526 4998 
-1 -1 6906 7975 6853 14959 -1 7999 

-4 0 1930 -4 -4 -4 -4 -5 
-1 -1 0 -1 625 4 -1 -1 

-5 681 601 -5 699 -4 -7 -6 
-1 2491 -1 -1 240 0 -1 -1 

583 681 1772 -5 699 -4 -7 -6 
-1 2491 -1 -1 240 0 1999 1999 

522 1382 2302 -6 628 -4 -7 -7 
-1 2241 -1 1999 240 0 1618 3418 

522 1382 2302 6661 628 -4 -7 -7 
-1 2241 -1 5799 240 0 1618 3418 

522 1382 2302 5994 628 -4 -7 -7 
-1 2241 -1 5218 240 0 1618 3418 

522 8619 2302 9283 628 -4 -7 4160 
-1 2241 -1 11696 3216 0 6456 3418 

522 8619 2302 15854 628 -4 -7 4160 
-1 2241 -1 13526 3216 0 6456 3418 

522 8619 7071 15854 628 -4 -7 4160 
3999 2241 -1 13526 3216 0 6456 3418 

522 8619 6363 15854 628 -4 -7 4160 
3598 2241 -1 13526 3216 0 6456 3418 

522 8619 18831 15854 564 2496 -6 4160 
9238 2241 -1 12173 3216 5039 7810 3418 

167 4113 13847 8373 136 619 -19 1434 
12106 511 3346 4714 3537 2168 3734 1470 

167 4113 12462 8373 4566 556 1605 1290 
10895 511 3011 4714 10064 3555 3360 1470 

167 4113 12462 8373 4566 556 4270 1290 
10895 511 3011 4714 10064 16199 3360 1470 

2821 3897 11109 6102 10258 4168 4458 5552 
9742 2334 2751 7279 5347 12814 1445 7609 

2821 3897 11109 6102 14232 4168 4458 5552 
9742 2334 2751 7279 5347 12814 5300 7609 

2821 3897 11109 6102 12808 4168 4458 5552 
9742 2334 2751 7279 5347 12814 4769 7609 

-2 -2 -2 -2 -2 -2 0 -2 
-1 -1 -1 -1 -1 -1 -1 -1 

-3 -4 -3 -2 -3 -3 -3 -3 
-1 -1 -1 -1 -1 -1 -1 -1 

-3 -4 4997 4998 -3 -3 -3 -3 
1999 2999 -1 -1 -1 -1 -1 -1 

183 230 275 200 169 116 86 49 
1618 2590 2769 4060 5012 6189 4877 4511 

183 230 275 200 169 10104 86 49 
1618 2590 2769 5654 5012 6189 4877 4511 

3482 206 16163 2213 5130 14480 4991 6670 
4599 4375 10771 10573 4510 13825 21232 12555 

-2 -2 -2 -2 -2 -2 -2 -2 
-1 -1 -1 -1 -1 -1 -1 -1 

-2 -2 -2 -2 -2 7498 -2 -2 
-1 -1 -1 -1 2999 -1 -1 -1 

-2 -3 -2 -3 -3 -2 -2 -2 
-1 -1 -1 -1 -1 -1 -1 -1 

4998 -3 7498 6663 -3 -2 -2 7498 
3999 -1 7499 2999 -1 -1 -1 -1 

8429 10543 7571 15138 11709 6769 22616 11473 
13505 20258 17152 31699 21109 11501 150 21474 

7959 7684 6813 15138 14538 6769 22616 9803 
10938 18208 13892 29275 18997 15350 121 19326 

5447 7850 4468 7237 9536 4186 17403 10520 
9362 14748 8202 18977 8650 9063 1536 11410 

5447 7850 4468 7237 8582 4186 17403 10520 
9362 14748 8202 18977 8650 9063 1536 10268 

5447 7850 4468 7237 10692 3767 17403 10520 
9362 14748 8202 18977 8650 9063 1382 28241 

5447 7064 4468 7237 14622 3390 17403 9467 
9362 14748 8202 18977 8650 7340 1243 34416 

593 -5 -5 -4 -6 -5 0 -5 
-1 0 -1 -1 1179 -1 -1 8 

-2 -2 -2 -1 -2 0 -2 -2 
-1 -1 -1 -1 0 -1 0 -1 

-3 -4 -6 566 -5 -6 -6 -5 
-1 -1 -1 -1 -1 -1 -1 268 

-3 -4 2595 566 1424 1244 2494 -5 
-1 1999 4699 -1 1999 -1 -1 2241 

-2 -4 3593 566 1152 1117 2017 1104 
-1 1618 5605 -1 1798 -1 1999 3469 

-2 -4 3593 566 1152 1117 2017 8493 
-1 1618 5605 -1 1798 -1 4799 3469 

-2 -4 3593 566 1152 1117 2017 7643 
-1 1618 5605 -1 1798 -1 4318 3469 

4998 -4 3593 509 5432 1117 5148 7643 
-1 1618 5605 3598 1798 -1 12197 3121 

4998 -4 3593 509 5432 1117 9633 7643 
-1 1618 5605 6238 1798 -1 12197 3121 

4998 -4 3593 509 5432 1117 13669 7643 
-1 1618 5605 9614 1798 -1 12197 3121 

4998 -4 3593 509 5432 1117 12301 7643 
-1 1618 5605 8652 1798 -1 12197 3121 

4998 -4 3593 457 4888 1117 16785 7643 
-1 1618 5605 15786 1798 -1 10977 2808 

4998 1748 4705 457 4888 809 13949 5561 
-1 1618 4085 21607 5056 -1 8890 2274 

4998 1572 4233 457 4888 3228 13949 4504 
-1 5456 3676 17501 5056 -1 8890 2046 

4998 1572 4233 457 4888 5513 13949 4504 
-1 16910 3676 17501 5056 -1 8890 2046 

8677 5555 5482 6571 10590 4239 11297 3772 
1998 16059 7109 9299 4486 8348 5248 7194 

8677 5555 5482 6571 10590 4239 11297 3772 
1998 16059 7109 9299 4486 8348 5248 7194 

8677 5555 5482 6571 10590 4239 10167 3772 
1998 16059 6397 9299 4486 8348 5248 7194 

2697 543 59 -3 1337 -2 -4 -4 
-1 -1 1226 -1 -1 1798 -1 141 

2237 488 59 95 876 -2 -4 -3 
-1 1798 1226 1798 -1 1618 -1 141 

2237 488 59 95 3709 -2 -4 4997 
4799 1798 1226 1798 -1 1618 -1 126 

2237 488 59 95 3709 9998 -4 4997 
6319 1798 1226 1798 -1 1618 -1 126 

7423 4145 41 2076 3002 20027 -3 8892 
7981 4156 5147 10310 15677 1310 -1 2101 

-2 -2 -2 -2 -2 -2 -2 -2 
-1 -1 -1 -1 -1 -1 -1 -1 

-2 -2 -2 -2 7498 -2 -2 -2 
-1 2999 -1 -1 -1 -1 -1 -1 

10322 1667 11159 11666 5478 6651 9515 9275 
10554 20826 8093 8066 6887 17777 34155 12890 

10322 1667 11159 11666 5478 6651 14563 9275 
10554 24743 8093 8066 6887 17777 34155 12890 

-2 -2 51 -2 -2 -2 -2 -2 
102 -1 -1 -1 -1 -1 -1 -1 

-2 -2 3411 -3 -2 4283 -2 -2 
102 4048 -1 -1 -1 4858 -1 -1 

2974 -3 10005 2301 11748 7703 2948 3642 
91 8971 1798 8567 -1 5005 -1 2637 

2974 -3 10005 2301 11748 7703 2948 3277 
91 8971 1618 8567 -1 5005 -1 2637 

2974 -2 10005 2301 12291 7703 2948 3277 
91 8073 1618 8567 -1 15504 -1 2637 

2974 -2 9004 2301 16061 6932 2948 3277 
91 7265 1618 7710 -1 21953 -1 2373 

-5 -6 -5 -3 -5 -4 804 59 
-1 -1 -1 175 -1 -1 1618 -1 

-2 -2 -2 -3 -2 -3 -2 -2 
-1 -1 -1 -1 -1 -1 -1 -1 

-6 -5 -5 1124 -5 1058 -4 1470 
859 -1 -1 773 -1 -1 -1 1253 

1423 -5 2495 1124 -5 1952 -4 1470 
2773 -1 -1 2695 -1 -1 2999 1253 

1280 -6 2644 2147 -5 3669 -5 1470 
2773 -1 5257 2425 1999 1798 2698 1014 

1280 -6 2644 2147 -5 10802 -5 1470 
2773 -1 5257 2425 1999 4618 2698 1014 

1280 -6 2644 2147 -5 19721 -5 1470 
2773 -1 5257 2425 1999 6156 2698 1014 

1151 -6 2644 2147 11441 19721 -4 1470 
2773 -1 4731 2425 10887 6156 5428 912 

11035 -6 2644 2147 14463 19721 -4 1470 
2773 -1 4731 2425 10887 6156 9885 2820 

11035 -6 2644 2147 18016 19721 -4 1470 
2773 -1 4731 2425 10887 6156 11896 2820 

11035 -6 2644 2147 16214 19721 -4 1470 
2773 -1 4731 2425 10887 6156 10706 2820 

14931 -6 2644 2147 16448 19721 -4 1470 
2773 -1 4731 2425 8818 6156 17635 5538 

13872 582 3046 2147 16448 17929 -8 946 
2495 -1 4257 2425 9936 6986 14283 15485 

11235 582 3046 2147 16448 19136 -7 765 
2020 -1 4257 2182 10747 6287 14283 15485 

11235 582 3046 2147 16448 19396 -7 765 
2020 -1 4257 2182 19672 6287 14283 15485 

5968 523 1796 5350 8738 12723 5107 2484 
3364 1999 2792 3011 12906 5898 10505 13988 

5968 523 1796 9815 8738 12723 5107 2484 
3364 5799 2792 3011 12906 5898 10505 13988 

5968 523 1796 8833 8738 12723 5107 2484 
3364 5218 2792 3011 12906 5898 10505 13988 

5371 523 1454 7281 7077 9274 4656 1629 
3364 3803 2261 2194 10453 5308 11077 12589 

5371 523 1454 6552 17732 9274 4656 1629 
3364 3422 7531 2194 10453 5308 11077 12589 

-3 -2 -4 -2 -3 -2 -4 -3 
-1 -1 -1 -1 -1 -1 -1 -1 

-3 -2 -4 -2 -3 -2 -4 -3 
-1 -1 -1 -1 -1 -1 -1 -1 

1001 -2 2696 -2 1425 -2 5446 -2 
-1 15388 9999 3643 1999 1998 -1 1798 

-2 -2 -3 -2 -2 -2 -2 -2 
-1 -1 -1 -1 -1 -1 -1 -1 

-2 -2 -3 -2 -2 -2 7498 -2 
-1 -1 -1 2999 -1 -1 -1 -1 

6812 7020 2727 6177 4156 10438 16341 8569 
13707 19055 8760 11248 10985 17551 27376 16370 

6812 7020 2727 6177 9573 10438 16341 13607 
13707 19055 14884 14123 9886 17551 27376 16370 

-3 -2 -2 -2 -2 -3 -3 -2 
-1 -1 -1 -1 -1 -1 -1 -1 

-3 -2 -2 3642 -2 -3 2184 -2 
-1 -1 -1 -1 -1 2999 -1 6172 

1515 -2 1664 10933 -2 -3 1040 7712 
-1 3418 3805 1456 -1 3985 -1 3279 

1515 -2 1497 10933 -2 -3 1040 7712 
-1 3418 3424 1456 -1 3985 -1 3279 

1515 -2 4147 9839 -2 -3 3208 7712 
4999 3418 17081 1456 -1 3985 -1 3279 

1363 -2 7296 13855 -2 -3 2598 7712 
4498 3418 20135 1456 -1 3985 2698 3279 

12 -3 4 -5 21 -3 -3 213 
-1 27 -1 59 -1 2 -1 39 

-2 -2 -2 -2 -2 -3 -2 -2 
-1 -1 -1 -1 -1 -1 -1 -1 

-4 -4 1397 -4 -5 2652 768 -5 
-1 -1 -1 -1 668 954 695 -1 

4124 -4 1397 765 -5 2652 768 -5 
-1 2999 -1 -1 2601 954 2625 -1 

4544 -4 1949 765 -6 3396 690 -5 
-1 2698 -1 -1 4340 2858 1913 1999 

4544 -4 1949 765 7494 3396 690 -5 
-1 2698 -1 -1 4340 5572 1913 1999 

4544 -4 1949 765 6744 3396 690 -5 
-1 2698 -1 -1 4340 5014 1913 1999 

4544 -4 1949 765 6744 8056 620 4995 
-1 2428 6999 -1 4340 5014 9721 1999 

4544 -4 1949 765 6744 12250 620 4995 
-1 2428 6999 -1 4340 5014 10748 1999 

4544 -4 1949 765 6744 16025 620 4995 
-1 2428 6999 -1 4340 5014 11673 1999 

4544 -4 1949 765 6744 14422 620 4995 
-1 2428 6999 -1 4340 5014 10505 1999 

4544 -4 1949 765 6744 17979 5558 4495 
-1 6185 6298 -1 4340 5014 15454 1999 

1564 751 2058 1285 1518 4303 1368 2269 
-1 9149 1777 -1 2605 1746 7884 3107 

1564 751 2058 1285 1365 3871 1230 7875 
-1 9149 1777 -1 2605 1571 14095 3107 

1564 751 2058 1285 3619 3871 1230 7875 
-1 9149 1777 -1 13344 1571 14095 3107 

921 546 1348 4156 3420 3134 3044 4183 
-1 3937 1048 -1 10859 1030 10274 6225 

921 546 1348 4156 3420 3134 3044 4183 
-1 3937 1048 -1 10859 1030 10274 6225 

921 546 1348 4156 3077 3134 3044 4183 
-1 3937 1048 -1 9772 1030 10274 6225 

-4 -3 1431 -3 1267 -3 -3 -3 
1310 -1 -1 -1 -1 859 -1 -1 

-3 -2 1042 -2 618 -2 85 -2 
3543 -1 -1 -1 -1 859 -1 -1 

2997 4998 1042 -2 618 -2 85 -2 
3543 -1 -1 -1 -1 859 -1 3799 

2997 4998 1042 -2 618 -2 85 -2 
3543 -1 -1 -1 -1 859 -1 3799 

6447 4047 4862 6762 500 15645 7466 7800 
11932 16544 5239 4858 19311 1767 2698 13692 

-2 -2 -2 1 -2 -2 -2 -2 
-1 -1 -1 -1 -1 -1 -1 -1 

-2 -2 -2 1 -2 7498 -2 -2 
-1 -1 -1 -1 -1 -1 2999 -1 

15106 6612 10455 8885 2615 10700 12338 3520 
16307 12053 11718 21326 9258 8582 14126 31221 

15106 6612 16909 8885 12353 10700 12338 15517 
16307 12053 17091 21326 9258 9723 14126 31098 

-2 -2 -3 0 -2 -2 -2 -2 
-1 -1 -1 -1 -1 -1 -1 -1 

1997 -2 -3 0 2890 -2 3998 -2 
1999 3999 -1 -1 -1 4048 -1 -1 

10313 -2 -3 1090 4241 3087 2911 1347 
2799 4360 -1 1456 2623 5393 1618 1456 

10313 -2 -3 1090 4241 3087 2911 1212 
2799 4360 -1 1456 2623 5393 1618 1456 

15853 -2 -3 1090 4241 3087 2911 4126 
2799 4360 15298 4310 2623 5393 1618 1456 

12840 -2 -3 1090 4241 3087 2619 9213 
2799 4360 22291 3878 2623 5393 1456 1456 

309 -7 -1 9 -4 25 109 49 
-1 37 9 52 -1 -1 -1 486 

-3 3 -2 -2 -3 -3 -2 16 
-1 -1 -1 3 -1 -1 -1 27 

-4 -4 -4 777 1635 -4 -4 -4 
-1 -1 -1 -1 -1 695 -1 782 

-4 1424 1871 777 2471 663 -4 -4 
2999 -1 1999 1999 -1 695 1999 782 

-4 2276 1682 777 2221 1228 -4 829 
2428 -1 3799 3799 -1 2625 1798 782 

-4 2276 1682 777 2221 8605 -4 829 
2428 -1 3799 3799 -1 5362 1798 782 

-4 2276 1682 777 2221 12744 -4 829 
2428 -1 3799 3799 -1 6825 1798 782 

-4 7048 1513 777 2221 16469 -4 829 
2428 -1 10077 3799 -1 14142 1798 782 

-4 10718 3796 5699 2221 16905 -3 829 
2428 -1 16885 3799 -1 17727 1798 3703 

-4 10718 3796 5699 2221 25214 -3 829 
2428 -1 16885 3799 -1 17954 1798 3703 

-4 10718 3796 5699 2221 22692 -3 829 
2428 -1 16885 3799 -1 16158 1798 3703 

-4 9646 7574 5699 2221 25422 -3 829 
2428 -1 15476 3799 -1 21542 1798 3703 

-10 6899 5981 4611 3825 17230 -8 1589 
1769 3999 11773 2768 1798 17323 1310 14727 

-10 6899 4843 4149 3825 13955 -8 5715 
1769 3598 14935 2768 1618 17323 1310 11928 

-10 6899 10608 4149 3825 13955 -8 7524 
1769 3598 23441 2768 1618 17323 1310 15735 

8993 5740 8549 7648 1827 8238 3337 6833 
1289 6603 21096 1815 3887 10084 1688 9635 

8993 5740 8549 7648 1827 8238 8003 6833 
6160 6603 21096 1815 3887 10084 1688 9635 

8993 5740 8549 7648 1827 8238 7202 6833 
5543 6603 21096 1815 3887 10084 1688 9635 

-2 -2 -2 -2 -2 7 -2 -2 
-1 -1 -1 -1 -1 -1 -1 4 

-2 -2 -2 79 -2 71 61 -2 
-1 1999 -1 -1 1999 1456 -1 2 

3331 4998 -2 79 -2 71 61 -2 
-1 1999 -1 -1 1999 1456 1999 2001 

-2 -2 -2 -2 -2 -2 -2 -2 
-1 -1 -1 -1 -1 -1 -1 -1 

-2 -2 -2 -2 -2 -2 -2 -2 
-1 -1 -1 -1 -1 -1 -1 -1 

14361 2697 3297 7643 12259 5712 12049 4297 
2655 13713 31615 2185 4714 12236 10501 16449 

-2 -2 -2 -2 -2 -2 -2 -2 
-1 -1 -1 -1 -1 -1 -1 -1 

-2 -2 -2 -2 7498 -2 -2 -2 
2999 -1 -1 -1 -1 -1 -1 -1 

11041 17996 22834 10944 3988 7529 12195 4077 
20660 15701 13279 10005 17108 19529 8986 15836 

11041 22863 27217 10944 11089 7529 17642 4077 
20660 15701 13279 10005 20557 21576 12087 15836 

-3 -2 -3 -4 -3 -3 -3 -3 
-1 -1 -1 -1 -1 -1 -1 -1 

-3 1685 1663 -3 -2 6477 3747 2697 
-1 4319 -1 1999 5466 -1 1798 -1 

934 3142 8473 1616 -3 6439 4249 5134 
1456 6356 1798 4731 5009 1618 2954 -1 

934 2827 8473 1616 -3 6439 4249 5134 
1456 6356 1798 4731 4507 1618 2954 -1 

-2 -2 -2 -2 -2 -2 -2 -2 
-1 -1 -1 -1 -1 -1 -1 -1 

-2 -2 -2 2998 -2 -2 -2 -2 
17999 -1 -1 -1 -1 -1 -1 -1 

-2 -2 -2 6928 -2 -2 -2 -2 
22678 -1 -1 -1 -1 -1 -1 -1 

36 -2 -2 -2 -2 -2 212 -2 
-1 -1 -1 -1 5 127 -1 -1 

12 -5 -6 -6 -5 935 55 -3 
-1 -1 506 -1 -1 53 -1 -1 

12 -5 -6 -6 -5 935 544 1425 
-1 -1 2455 -1 -1 53 -1 1999 

12 -5 -6 -6 -5 935 438 2711 
-1 -1 4209 -1 -1 53 -1 1798 

12 9995 -6 -6 -5 935 438 2711 
-1 -1 4209 -1 -1 53 1999 1798 

12 13995 -6 -6 -5 935 438 2711 
-1 -1 4209 -1 -1 53 3799 1798 

10 17595 -6 -6 5995 935 438 2711 
-1 -1 4209 -1 -1 53 15377 1798 

10 23335 -6 -6 5995 935 438 2711 
-1 -1 4209 -1 -1 53 16839 1798 

10 23335 -6 -6 5995 935 438 12439 
-1 -1 5788 -1 -1 53 16839 1798 

10 23335 -6 -6 5995 935 438 11194 
-1 -1 5209 -1 -1 53 16839 1798 

10 23335 -5 -6 5395 935 4394 16074 
-1 -1 10688 -1 3598 47 16839 1798 

2993 13770 -19 915 1742 836 2274 9142 
-1 1179 10166 -1 2028 3021 7383 3993 

8847 11153 -17 4573 1742 676 2046 13942 
-1 5061 9149 7999 1642 2446 6644 6234 

8847 11153 6234 4573 1742 676 2046 14721 
-1 5061 9149 17199 1642 7201 6644 6234 

9211 8458 11681 3332 1268 320 2241 8689 
-1 7739 7958 13930 871 6344 5639 2980 

9211 8458 11681 3332 1268 320 2241 8689 
-1 7739 7958 13930 871 6344 5639 2980 

-6 496 -4 378 0 54 -4 -4 
-1 -1 5 -1 82 -1 -1 751 

-6 496 -4 378 0 54 -4 -4 
-1 -1 5 -1 82 -1 -1 675 

166 361 -3 304 62 48 84 268 
-1 4511 1314 -1 66 1618 4877 675 

149 3658 -3 304 62 7543 84 268 
-1 6353 1314 1999 66 1618 4877 675 

-2 -2 -2 -2 -2 -2 -2 489 
-1 -1 -1 -1 695 -1 -1 -1 

-2 -2 -2 -2 -2 -2 -2 489 
-1 -1 -1 -1 695 -1 -1 -1 

6191 7005 7468 14446 5837 11161 6406 4469 
2623 18384 16789 7888 2562 13691 21089 5398 

-3 -3 -3 -3 -3 -3 -3 -3 
-1 -1 -1 -1 -1 -1 -1 -1 

-3 7497 -3 -3 -3 -3 -3 -3 
-1 -1 2999 -1 -1 -1 -1 -1 

13134 12963 7715 9011 15103 14138 14858 19949 
9211 22737 24572 10418 18406 11783 18498 16639 

13134 20250 7715 9011 15103 17724 14858 19949 
13060 22737 24572 12376 18406 11783 18498 16639 

-2 -3 -2 -2 -2 27 -2 -2 
-1 -1 82 -1 -1 -1 -1 -1 

-2 -2 4047 2428 -2 2201 4496 2697 
-1 4498 66 4154 -1 4999 -1 1618 

-2 3642 8417 1429 817 2533 3868 1964 
-1 4750 3577 5152 1770 7064 -1 1060 

-2 3642 8417 1429 817 2533 3868 1964 
-1 4750 3577 5152 1770 7064 -1 1060 

3963 3642 10908 4411 817 2533 3868 1964 
22999 8275 3577 5152 1770 7064 -1 5954 

8112 3277 9817 3969 735 2533 3868 1964 
30699 6702 3577 5152 1770 7064 -1 4822 

-4 14 -4 -3 553 -5 -7 -4 
-1 17 615 2 -1 -1 -1 -1 

-2 -2 -2 -2 -2 -2 -2 -2 
-1 -1 -1 -1 -1 -1 -1 -1 

457 -5 -6 -6 -4 -4 -4 -4 
-1 -1 -1 -1 773 -1 -1 -1 

457 -5 -6 1994 10814 1871 1996 -4 
-1 4699 1999 1999 2695 -1 -1 -1 

457 -5 -5 2280 7881 2075 1796 -4 
-1 5605 3619 1798 2182 -1 -1 -1 

457 -5 -5 2280 7881 2075 9116 -4 
-1 5605 6257 1798 2182 -1 -1 -1 

457 -5 -5 2280 7881 2075 14871 -4 
-1 5605 9631 1798 2182 -1 -1 -1 

457 5828 -5 2280 7881 2075 17133 -4 
-1 5605 14667 1798 8767 -1 -1 -1 

457 5828 -5 2280 7881 2075 20419 -4 
-1 5605 15200 1798 8767 -1 -1 -1 

457 5828 -5 2280 17092 2075 20419 -4 
-1 5605 15200 1798 8767 -1 -1 1999 

457 5828 -5 2280 15382 2075 20419 -4 
-1 5605 15200 1798 8767 -1 -1 1798 

457 5828 -4 2280 22709 2075 18935 -4 
-1 5605 23712 1618 7890 -1 -1 8618 

202 3395 -17 1069 14513 1791 7162 -16 
-1 2411 11002 3281 4658 -1 -1 11651 

181 3395 -17 961 13060 5200 7162 -16 
4498 2169 9901 3281 4658 -1 -1 10485 

181 3395 -17 961 13060 7388 7162 -16 
17048 2169 9901 3281 4658 -1 -1 10485 

5080 2953 -17 4866 8996 6183 5219 -16 
10065 3422 8115 6647 2474 4498 -1 10292 

