0 0 0 0 0 0 0 50000 
0 0 10000 0 0 0 0 0 

-1 37500 0 0 0 0 0 16666 
0 15000 10000 0 0 0 -1 0 

-1 37500 0 0 0 0 0 58333 
0 15000 15000 0 0 0 -1 0 

-1 37500 0 0 0 0 0 29165 
0 15000 7499 0 0 0 -1 0 

-1 37500 0 0 0 0 0 52082 
0 15000 18749 0 0 0 -1 0 

7085 61233 3745 17854 14771 27500 15037 4815 
6248 4607 14871 23593 39998 9999 11248 30000 

7085 61233 3745 17854 36552 27500 15037 4815 
6248 37303 14871 23593 39998 9999 11248 30000 

56 2390 0 -1 0 -1 -1 3765 
-1 4373 3435 -1 -1 0 9999 -1 

3753 28201 -3 -2 -1 -1 3120 3765 
9999 1091 1716 -1 14999 0 9998 6248 

460 7046 9165 516 4789 14997 21 3335 
10155 1316 2551 -1 1365 14999 154 5672 

460 7046 9165 257 4789 14997 21 3335 
10155 1316 2551 -1 681 14999 154 5672 

229 7046 9165 14128 4789 14997 21 3335 
5076 1316 2551 -1 70340 14999 154 5672 

55 7046 9165 14468 4789 14997 21 1666 
2537 1316 2551 -1 70170 7498 37 5672 

10741 2273 17291 513 10432 2619 1291 7318 
1521 7802 8045 15337 828 12068 86362 8321 

-2 -2 -2 -2 -3 -2 -2 -2 
-1 -1 -1 -1 -1 -1 -1 -1 

-3 -11 -11 -3 -4 -7 -5 -4 
-1 -1 -1 -1 -1 -1 -1 -1 

9998 -11 9369 4998 -4 -7 8330 -4 
9999 9999 -1 9999 -1 -1 14999 -1 

4995 -9 8673 2491 -12 -11 8330 -4 
4998 14999 9999 9999 -1 -1 14999 -1 

39997 -9 8673 2491 -12 -11 8330 -4 
4998 14999 9999 9999 14999 -1 14999 -1 

19997 -9 8673 2491 -12 -11 8330 -4 
4998 14999 9999 9999 7498 -1 14999 -1 

30831 -9 8673 25622 -12 19994 8330 -4 
4998 14999 9999 24999 14373 24999 14999 -1 

40415 -9 8673 25622 -12 19994 8330 -4 
4998 14999 9999 24999 22186 24999 14999 -1 

57707 -9 8673 25622 -12 19994 8330 -4 
4998 14999 9999 24999 26093 24999 14999 -1 

57707 -9 4335 25622 -12 19994 8330 -4 
4998 14999 4998 24999 26093 24999 14999 -1 

57707 -9 27167 25622 -7 19994 32736 -3 
4998 14999 32499 24999 26093 24999 23748 -1 

-2 -2 -2 -2 -2 -2 -2 -2 
-1 -1 -1 -1 -1 -1 -1 -1 

-2 -2 -2 -2 6248 -3 -4 -2 
-1 -1 -1 -1 -1 -1 4998 -1 

-2 -2 -2 -2 13957 -3 -4 -2 
-1 -1 -1 -1 -1 -1 67499 -1 

9998 16665 -4 5503 20151 -4 5726 -5 
7498 -1 3748 623 -1 4998 7918 -1 

9998 16665 -4 5503 20151 -4 5726 24997 
7498 -1 3748 623 -1 4998 7918 9999 

9998 16665 -4 5503 20151 -4 5726 12497 
7498 -1 3748 623 -1 4998 7918 4998 

1917 -27 -35 903 -10 -35 -29 1684 
2498 -1 37 2498 49 2498 9999 -1 

237 178 -18 450 -2 -35 184 543 
2498 4998 2503 1248 2504 310 4998 2498 

25118 178 37491 450 -2 -18 184 543 
16249 17499 2503 1248 2504 310 4998 1248 

-2 -2 -2 -2 -2 -2 -3 -2 
-1 -1 -1 -1 -1 -1 -1 -1 

-2 -2 -2 -2 -2 -2 -3 -2 
-1 -1 -1 -1 -1 -1 -1 -1 

2626 11362 2077 -2 -2 1795 2081 -2 
47499 7498 10623 2498 -1 6248 4998 -1 

-3 3 -9 -2 -4 -4 -5 -6 
-1 -1 -1 -1 -1 -1 -1 17 

-3 3 -9 -2 -4 -4 -5 37497 
-1 -1 -1 -1 -1 -1 14999 17 

25453 -1 3753 4194 7982 5028 15585 24967 
21873 17687 17430 12528 21063 20019 14999 5683 

41893 -1 3753 4194 7982 5028 15585 24967 
21873 43843 17430 12528 21063 20019 14999 5683 

-2 -2 -2 -2 -2 -2 -2 -2 
-1 -1 -1 -1 -1 -1 -1 -1 

-2 6247 -2 -2 -2 14166 3118 -3 
-1 9999 -1 -1 4998 -1 14998 -1 

2080 93 8331 -2 -3 10727 90 2675 
-1 1873 271 -1 10155 -1 6873 4998 

2080 93 8331 -2 -3 10727 44 2675 
-1 1873 271 -1 10155 -1 3435 4998 

2080 93 8331 -2 -3 30363 7671 2675 
-1 1873 271 -1 10155 -1 78358 4998 

2080 45 8331 -2 -3 24256 7671 26337 
-1 1873 10066 -1 5076 -1 37088 4998 

-2 -2 -2 -2 -1 -2 -2 -2 
-1 -1 -1 -1 -1 -1 -1 -1 

-2 -2 -2 -2 -2 -2 -2 -2 
-1 -1 -1 -1 -1 -1 -1 -1 

-6 -7 2 -8 -5 -7 -6 -9 
-1 -1 -1 -1 -1 -1 -1 -1 

-6 -7 10714 -8 -5 -7 -4 -9 
-1 -1 -1 19999 -1 -1 -1 9999 

-6 -7 10714 -8 3568 -7 -11 -9 
-1 9999 -1 19999 -1 -1 -1 4998 

-6 -7 10714 -8 3568 33329 -11 -9 
-1 9999 -1 19999 -1 -1 19999 4998 

-6 -7 10714 -8 3568 49997 -11 -9 
-1 9999 -1 19999 -1 -1 29999 4998 

-6 -7 38839 -8 3568 39582 -7 18745 
14999 19999 14999 19999 -1 14999 34999 4998 

-6 -7 38839 -8 3568 53124 -7 18745 
14999 19999 14999 19999 -1 14999 37499 4998 

-6 -7 38839 -8 3568 51562 -7 18745 
14999 19999 14999 19999 -1 14999 33749 4998 

-6 -7 38839 -8 3568 25780 -7 18745 
14999 19999 14999 19999 -1 14999 16873 4998 

-6 -7 19418 -8 3568 37890 16663 9371 
14999 19999 7498 19999 9999 7498 43436 4998 

-20 375 -6 3433 -20 24993 8 -2 
-1 154 1 20003 59999 2498 0 -1 

24990 16854 -4 3433 -20 12492 3 -2 
-1 154 4998 20003 39999 2498 -1 -1 

24990 17909 -4 3433 -20 37496 3 -2 
-1 154 53749 20003 39999 2498 -1 -1 

12495 52 -3 16501 -3 3897 4455 19343 
-1 1878 1509 3748 7029 2537 4998 7498 

12495 52 -3 16501 -3 3897 4455 19343 
-1 1878 1509 3748 7029 2537 4998 7498 

12495 52 -3 16501 -3 1947 4455 19343 
-1 1878 1509 3748 7029 2537 4998 3748 

-2 -2 -1 -2 -3 -3 -3 -2 
-1 -1 -1 2 -1 -1 -1 -1 

111 -2 -1 357 -2 -2 17 -2 
310 -1 4998 2 2498 -1 2498 7498 

111 -2 49999 16845 24999 -2 17 -2 
310 -1 4998 2 15624 -1 11249 7498 

2081 12495 -2 -2 94 1039 -3 -2 
-1 -1 310 -1 9999 -1 623 1248 

2081 12495 -2 -2 94 1039 -3 -2 
-1 -1 310 -1 9999 -1 623 1248 

16262 17183 10206 3971 6029 9632 39582 8739 
79999 33123 8767 45312 10311 5721 5037 28290 

-2 -2 -2 -2 -2 -2 -2 -2 
-1 -1 -1 -1 -1 -1 -1 -1 

-2 -2 -2 -2 -2 33332 -2 -2 
-1 -1 -1 -1 -1 -1 19999 -1 

6105 10541 10945 12523 9062 13651 13741 4185 
2009 16576 8748 7146 39097 16724 5467 35737 

6105 10541 10945 43761 9062 13651 51351 4185 
2009 16576 8748 23573 39097 16724 5467 36434 

-2 -2 -2 -2 -2 -2 -2 -3 
-1 -1 -1 -1 -1 -1 -1 -1 

-2 -2 -2 26666 8470 -3 -2 -3 
-1 -1 -1 4998 9998 6248 14999 -1 

2080 -2 -3 5771 13795 -3 -5 4163 
-1 -1 -1 16288 2810 960 1365 -1 

2080 -2 -3 5771 13795 -2 -5 4163 
-1 -1 -1 16288 2810 960 1365 -1 

2080 -2 -3 5771 13795 22916 15830 4163 
94999 9999 -1 16288 1404 960 25682 -1 

2080 -2 -3 5771 13795 16665 3956 4163 
47498 39999 -1 16288 701 960 12840 -1 

-4 -5 -3 -3 -2 -4 -4 -2 
-1 -1 -1 -1 -1 -1 -1 -1 

-2 -2 779 -2 -2 -2 -2 -2 
-1 -1 -1 -1 7 -1 -1 -1 

-7 -13 -7 -9 93 -2 -5 -7 
-1 0 -1 -1 37 -1 -1 -1 

-7 -13 14164 3566 93 -2 -5 -7 
-1 10000 9999 -1 37 -1 -1 9999 

2937 -13 879 2005 19 -2 -5 -12 
-1 2498 13124 -1 37 -1 -1 1248 

34801 -13 879 2005 19 -2 -5 -12 
-1 2498 13124 -1 37 -1 19999 1248 

54900 -13 879 2005 19 -2 -5 -12 
-1 2498 13124 -1 37 -1 24999 1248 

24139 -13 19189 2005 19 19999 -5 -12 
14999 21249 13124 -1 37 -1 37499 1248 

37069 -13 19189 2005 19 19999 -5 -12 
14999 21249 13124 -1 37 -1 28749 1248 

43534 -13 19189 2005 19 19999 -5 -12 
14999 21249 13124 -1 37 -1 29374 1248 

21766 -13 19189 2005 19 19999 -5 -12 
14999 21249 13124 -1 37 -1 14686 1248 

17940 -13 9593 2005 19 19999 -5 -12 
3748 21249 13124 -1 37 -1 42343 1248 

55 -26 103 386 -39 869 3554 111 
19 20312 818 -1 -1 3748 328 164 

55 -15 50 190 -39 869 3554 24 
19 20312 408 -1 -1 3748 328 164 

55 10706 50 190 -39 869 3554 33345 
19 20312 60204 -1 19999 3748 328 164 

16665 1203 9721 789 -4 16883 34221 1234 
-1 30038 13761 7 779 3982 6883 81 

16665 1203 9721 789 -4 16883 34221 1234 
-1 30038 13761 7 779 3982 6883 81 

8331 1203 9721 789 -4 16883 34221 1234 
-1 30038 6879 7 779 3982 6883 81 

-2 -4 -2 -4 -3 -4 -2 -2 
-1 -1 -1 -1 -1 -1 -1 -1 

234 -3 -2 -4 -2 -3 95 -2 
-1 -1 -1 -1 -1 4998 4998 -1 

16783 -3 -2 -4 -2 49998 25047 -2 
9999 9999 -1 -1 9999 4998 4998 -1 

-2 -2 -2 -2 -2 -2 -2 -2 
-1 -1 -1 -1 -1 -1 -1 -1 

-2 -2 -2 -2 -2 -2 -2 49999 
-1 -1 -1 -1 9999 -1 -1 -1 

11273 623 4338 6245 10502 13878 15226 2561 
5408 14529 4373 10154 26248 18748 154 35984 

-2 -2 -2 -2 -3 -2 -3 -3 
-1 -1 -1 -1 -1 -1 -1 -1 

-2 -2 -2 -2 -3 -2 37498 -3 
-1 -1 -1 -1 14999 -1 -1 -1 

7531 40079 26569 3195 1901 8027 8370 6897 
27498 21406 21610 27970 516 17604 9373 1371 

7531 40079 26569 3195 1901 52006 8370 40948 
33749 25703 21610 27970 20258 17604 9373 1371 

1881 22518 33284 1596 1901 12992 4183 9282 
16873 25703 15401 13984 12531 2198 2341 1371 

26 347 24984 26042 3358 6164 1299 6432 
1052 6424 8183 5496 203 13766 16 8834 

26 347 12491 26042 3358 6164 1299 6432 
1052 6424 8183 5496 100 13766 16 8834 

26 20919 19208 26042 3358 53082 1299 6432 
1052 6424 29091 5496 70050 13441 16 8834 

5 20919 37729 26042 3358 26540 1299 6432 
525 48212 29091 5496 70050 6719 16 4416 

-3 -2 -2 -3 -2 -2 -2 -2 
-1 -1 -1 -1 -1 -1 -1 -1 

46 -6 -10 -7 -5 -6 -2 -4 
-1 -1 -1 17 -1 0 -1 -1 

7165 5552 8328 -7 4542 -6 -2 -4 
-1 -1 9999 17 9999 10000 -1 9999 

4908 2773 4154 7139 1119 -6 -2 -4 
-1 -1 2498 10003 14999 4999 -1 4998 

4908 38886 4154 7139 1119 -6 -2 -4 
-1 -1 2498 10003 14999 17499 -1 4998 

4908 56943 4154 7139 1119 -6 -2 -4 
-1 -1 2498 10003 14999 23749 -1 4998 

4908 53471 22910 7139 25559 -6 24999 -4 
-1 19999 26249 35001 14999 51874 -1 4998 

4908 43402 22910 7139 25559 -6 24999 -4 
-1 19999 26249 35001 14999 35937 -1 4998 

4908 46701 22910 7139 25559 -6 24999 -4 
-1 19999 26249 35001 14999 32968 -1 4998 

4908 23349 22910 7139 25559 -6 24999 -4 
-1 19999 26249 35001 14999 16483 -1 4998 

27454 23349 22910 7139 20674 -4 24999 -4 
-1 9998 13123 35001 47499 16483 -1 4998 

1053 469 4258 310 16 14 1133 -26 
1248 232 1033 631 19647 513 -1 5028 

525 232 15646 152 7 14 16191 -26 
23905 232 1033 631 9822 255 -1 1255 

525 232 15646 152 7 14 18809 -26 
71952 232 1033 631 9822 255 -1 1255 

810 309 8897 6397 1782 -3 16461 731 
4310 1 11280 0 10930 388 -1 16024 

810 309 8897 6397 1782 -3 16461 731 
4310 1 11280 0 10930 388 -1 16024 

810 309 8897 6397 1782 -2 16461 731 
4310 1 11280 0 5464 388 -1 16024 

-7 -2 -3 -2 -3 -3 -2 -2 
-1 -1 -1 -1 -1 -1 -1 -1 

413 360 -3 -2 -2 -3 -2 -2 
-1 -1 -1 -1 4998 -1 9999 -1 

413 25180 -3 37499 -2 -3 -2 -2 
-1 -1 14999 -1 4998 -1 9999 7498 

-2 -2 -2 -3 -2 -2 -2 -2 
-1 -1 -1 -1 -1 -1 -1 -1 

-2 -2 -2 -3 49999 -2 -2 -2 
-1 -1 -1 -1 -1 -1 9999 -1 

3232 248 33331 11871 2494 12579 3123 5414 
15935 18749 11170 -1 -1 37968 46 28749 

-11 -4 -12 -4 -3 -3 -3 515 
-1 626 -1 -1 -1 -1 -1 -1 

-11 -4 -12 37498 -3 -3 -3 515 
-1 15313 -1 -1 -1 -1 -1 -1 

-3 -3 -3 -2 -2 -2 -2 -2 
-1 -1 -1 -1 -1 -1 -1 -1 

-3 -3 24998 -2 -2 33332 24999 -2 
-1 -1 -1 -1 19999 39999 -1 -1 

9711 17281 12358 2592 6490 3495 36497 453 
154 8925 6873 5330 22977 7105 1248 32244 

2426 15731 12358 2592 6490 1668 11029 12610 
2507 8925 23436 5330 11487 2095 623 10764 

10566 980 43679 37822 7869 23 167 3881 
37 8925 3230 6331 716 20657 76 16721 

10566 980 43679 18910 7869 23 167 3881 
37 8925 3230 6331 716 10327 76 16721 

10566 980 43679 21955 7869 10 167 3881 
37 8925 3230 6331 716 75163 37 16721 

5282 980 43679 39102 7869 4 82 3881 
37 8925 3230 3164 716 41289 17 16721 

1038 -2 -3 -3 -5 -3 -3 -2 
-1 -1 -1 -1 -1 8 -1 -1 

-5 -5 305 -5 -6 7 -2 -2 
-1 27 -1 -1 -1 -1 17 154 

-5 -5 10075 -5 -6 7 2940 -2 
-1 10013 9999 -1 -1 -1 17 154 

-5 -8 5027 49993 -6 2 2940 -2 
-1 10013 9999 -1 -1 -1 10001 76 

-5 -8 40013 49993 -6 2 2940 -2 
14999 10013 9999 -1 -1 -1 10001 76 

-5 -8 57506 49993 -6 2 2940 -2 
22499 10013 9999 -1 -1 -1 10001 76 

-5 -8 57506 49993 -6 12499 32505 -3 
53124 5005 9999 -1 -1 -1 27499 76 

-5 -8 57506 49993 -6 12499 53752 -3 
41562 5005 9999 -1 -1 -1 27499 76 

-5 -8 57506 49993 -6 12499 26875 -3 
20780 5005 9999 -1 -1 -1 27499 76 

-5 -8 57506 49993 -6 12499 13436 -3 
10389 5005 9999 -1 -1 -1 27499 76 

-5 -8 57506 49993 -6 6248 31718 -2 
22596 5005 9999 -1 -1 -1 13748 76 

-13 6644 29296 4897 -27 7680 11204 -20 
351 154 22655 20311 935 -1 2400 4687 

-4 6644 29296 4897 -16 23840 5599 -20 
351 154 5662 15076 935 -1 2400 4687 

-4 6644 29296 4897 -16 22634 5599 -20 
351 154 5662 67538 935 -1 2400 4687 

-2 -2 -2 -2 -2 -2 -2 -2 
-1 -1 -1 -1 -1 -1 -1 -1 

-2 -2 -2 -2 -2 49999 -2 -2 
-1 -1 -1 9999 -1 -1 -1 -1 

-2 -2 -2 -2 -2 49999 -2 -2 
-1 -1 -1 9999 -1 -1 -1 -1 

-4 3583 7322 3735 12496 13925 697 219 
20 76 13146 730 1306 9999 298 5291 

163 894 455 809 1560 1738 172 536 
3 37 16573 1293 2539 2498 298 788 

163 894 455 37904 1560 1738 172 8466 
3 37 16573 1293 2539 2498 10036 788 

-2 -3 -2 -3 -2 -2 -2 -2 
-1 -1 -1 -1 -1 -1 -1 -1 

-2 -3 -2 -3 -2 -2 -2 -2 
-1 -1 -1 -1 -1 -1 -1 -1 

10230 4092 24106 18227 8201 2350 2468 11263 
11873 27499 17655 14998 623 14998 154 3279 

-2 -2 -2 -2 -2 -2 -2 -2 
-1 -1 -1 -1 -1 -1 -1 -1 

-2 -2 -2 -2 -2 33332 -2 -2 
-1 -1 -1 -1 -1 -1 19999 -1 

6280 12878 19531 1510 9422 14507 12491 10008 
-1 20440 9998 15072 7938 21448 24061 4634 

6280 43939 19531 754 9422 14507 12491 52502 
19999 20440 4998 27536 18969 21448 24061 4634 

-2 -3 -2 -2 -2 -3 -2 -5 
-1 -1 -1 -1 -1 -1 -1 -1 

12499 -4 -2 -5 7808 10935 -2 14997 
-1 27499 -1 -1 24999 -1 -1 7498 

191 6039 12497 -3 2201 678 -4 17498 
-1 10858 -1 -1 3533 -1 9999 5467 

191 6039 12497 -3 2201 338 -4 17498 
-1 5428 -1 -1 3533 -1 9999 5467 

191 6039 6247 -3 2201 14057 -4 17498 
-1 77714 -1 -1 3533 -1 9999 5467 

6272 7784 6247 -3 1099 14057 -4 17498 
42499 38856 -1 -1 1765 -1 4998 5467 

-10 -2 -2 -4 -3 -4 -2 -6 
-1 -1 -1 -1 -1 -1 -1 -1 

-2 -2 -2 -2 -2 -2 -2 -2 
-1 -1 -1 -1 -1 -1 -1 -1 

-10 59 -4 -4 -5 27 -5 -5 
-1 -1 -1 -1 -1 -1 38 2 

9995 59 -4 -3 -5 27 3568 -5 
-1 -1 9999 -1 9999 -1 18 2 

9995 59 -4 -3 -4 8 26784 -13 
-1 -1 9999 -1 4998 -1 10009 0 

9995 59 -4 -3 -4 8 26784 37493 
-1 -1 9999 -1 4998 -1 20004 0 

9995 59 -4 -3 -4 8 26784 52079 
-1 -1 9999 -1 4998 -1 30002 0 

9995 59 -4 -3 -4 8 26784 40537 
-1 -1 4998 -1 4998 -1 60000 0 

9995 59 -4 -3 -4 8 26784 50268 
-1 -1 4998 -1 4998 -1 60000 0 

9995 59 -4 -3 -4 8 26784 75134 
-1 -1 4998 -1 4998 -1 40000 0 

9995 59 -4 -3 -4 8 26784 37566 
-1 -1 4998 -1 4998 -1 19999 0 

14997 59 -3 -2 -4 8 26784 37566 
-1 -1 37499 -1 2498 -1 9998 -1 

68 -23 1376 -40 2616 -26 -21 109 
-1 1873 28 -1 0 310 10003 2 

68 -12 1376 -40 2616 -26 -15 52 
-1 1873 13 -1 -1 310 5000 2 

68 -12 1376 -40 2616 -26 15171 52 
-1 1873 13 -1 -1 310 87500 2 

153 3122 684 11100 7487 -5 1617 1038 
1560 10115 -1 -1 6326 5037 2732 6248 

25076 3122 684 11100 7487 -5 1617 1038 
10780 10115 -1 -1 6326 5037 2732 6248 

12537 3122 684 11100 7487 -5 1617 1038 
5389 10115 -1 -1 6326 5037 2732 6248 

3399 1560 412 2967 7487 -3 1243 536 
6346 5056 9999 -1 1643 2517 2732 16562 

3399 1560 412 26483 28743 -3 1243 536 
6346 5056 9999 14999 1643 11258 2732 16562 

-2 -2 -3 -2 -2 -2 -2 -3 
-1 -1 -1 -1 -1 -1 -1 -1 

-2 -2 -3 -2 -2 -2 -2 -3 
-1 -1 -1 -1 -1 -1 -1 -1 

9226 8982 20658 -10 3786 2255 3741 26271 
4041 23749 1033 2244 8748 14920 -1 21327 

-2 -2 -3 -2 -3 -2 -3 -3 
-1 -1 -1 -1 -1 -1 -1 -1 

-2 -2 -3 37499 -3 -2 -3 -3 
14999 -1 -1 -1 -1 -1 -1 -1 

3161 17086 2481 32720 13766 5819 7005 4351 
30937 22601 10752 13514 3782 20298 8748 6306 

3161 17086 2481 49693 23549 70204 7005 4351 
25468 22601 10752 26757 3782 20298 8748 19076 

-3 -2 -2 -2 -2 -2 -2 -2 
-1 -1 -1 -1 -1 -1 -1 -1 

-4 8328 20832 4996 -2 -3 16665 -3 
-1 9999 -1 -1 -1 -1 4998 16249 

-5 4335 2600 305 31834 1851 1977 16664 
-1 14061 9999 310 15233 -1 1716 9256 

-5 4335 2600 305 31834 1851 1977 16664 
-1 14061 9999 310 15233 -1 1716 9256 

-5 4335 2600 305 15916 1851 12595 16664 
-1 72030 9999 310 15233 -1 1716 9256 

-5 4335 1299 305 7957 924 28797 8331 
-1 81015 2498 154 15233 -1 1716 9256 

-4 -3 -6 -4 -3 -2 0 -4 
-1 -1 -1 -1 -1 -1 -1 -1 

-2 -2 -2 -2 -2 -2 -2 -2 
-1 -1 -1 -1 -1 -1 -1 -1 

-4 -5 -3 -7 -6 -4 255 -4 
-1 -1 -1 -1 -1 -1 -1 -1 

4164 -5 -3 -7 -6 3569 6377 -4 
-1 -1 9999 -1 9999 -1 9999 -1 

4164 4997 -3 -13 -5 5117 6377 -10 
9999 -1 14999 -1 9999 -1 9999 -1 

4164 4997 -3 -13 -5 5117 36521 -10 
9999 19999 14999 -1 9999 -1 9999 -1 

4164 4997 -3 -13 -5 5117 51593 -10 
9999 29999 14999 -1 9999 -1 9999 -1 

21873 4997 -3 -13 -5 5117 45796 -10 
9999 54999 14999 -1 9999 -1 29999 -1 

21873 4997 -3 -13 -5 5117 47898 -10 
9999 42499 14999 -1 9999 -1 29999 -1 

21873 4997 -3 -13 -5 5117 48949 -10 
9999 31249 14999 -1 9999 -1 29999 -1 

21873 4997 -3 -13 -5 5117 24473 -10 
9999 15623 14999 -1 9999 -1 29999 -1 

10935 4997 -3 -13 -5 5117 37236 -10 
9999 42811 14999 -1 9999 -1 29999 -1 

1 -2 -2 -2 0 -1 -1 -2 
0 -1 -1 -1 -1 32 -1 -1 

-2 -2 29165 -2 -2 -1 -3 -2 
-1 17498 -1 -1 -1 32 -1 -1 

-2 -2 29005 -2 -2 -1 33331 -2 
-1 61874 -1 -1 -1 32 -1 -1 

-3 6842 3574 -3 2078 -3 4163 6245 
-1 5682 779 -1 -1 0 -1 3435 

24998 6842 3574 -3 2078 -3 4163 6245 
-1 12841 779 -1 -1 0 -1 3435 

12498 6842 3574 -3 2078 -3 4163 6245 
-1 6419 779 -1 -1 0 -1 3435 

-2 -2 -4 -2 -3 -4 -2 -2 
-1 -1 -1 -1 -1 -1 -1 -1 

21 525 371 435 -2 174 -2 99 
1873 4998 -1 -1 7498 4998 3748 2498 

21 25262 371 16884 -2 174 -2 48 
1873 6248 -1 -1 7498 4998 3748 11249 

-2 -2 -2 -2 -2 -2 -2 -2 
-1 -1 -1 -1 -1 -1 -1 -1 

-2 -2 -2 -2 -2 -2 -2 -2 
-1 -1 -1 -1 -1 -1 -1 -1 

4453 4852 -19 9763 2269 4673 2774 10 
4998 12498 15311 -1 -1 3748 4998 26249 

-2 -3 -2 -2 -2 -2 -2 -2 
-1 -1 -1 -1 -1 -1 -1 -1 

-2 -3 -2 -2 -2 -2 -2 37499 
-1 -1 -1 -1 -1 -1 -1 14999 

4245 1614 1380 490 13246 801 659 319 
107 9001 2388 6508 11073 13131 281 126 

4245 20807 1380 490 39956 801 659 319 
107 9001 2388 6508 25536 13131 281 20063 

2118 20807 12843 490 29353 8381 328 4765 
11880 4499 2388 6508 25536 6564 281 4375 

527 6170 7350 28 3663 1300 20498 18897 
1619 279 72 19156 6594 1639 33 13471 

527 6170 3674 28 3663 1300 20498 18897 
1619 279 72 19156 6594 1639 15 13471 

15888 6170 10927 13 3663 1300 31687 18897 
1619 279 15036 19156 6594 1639 40007 69183 

15888 6170 33588 5 3663 1300 15842 18897 
1619 279 7517 19156 6594 1639 65003 34590 

-2 -6 -4 12 -4 -2 -2 3 
-1 -1 -1 -1 5 -1 -1 -1 

-2 -2 -2 -2 -2 -2 -2 -2 
-1 -1 -1 -1 -1 -1 -1 -1 

-9 -8 -8 -4 -4 -7 -8 -4 
-1 0 -1 -1 -1 -1 -1 -1 

-9 10710 5765 -4 -4 5765 9996 -3 
9999 15000 -1 -1 -1 7498 14999 -1 

-9 10710 2881 3566 -4 2873 9996 -3 
2498 7499 -1 -1 -1 13749 7498 -1 

-9 10710 2881 35116 -4 2873 9996 -3 
2498 7499 19999 -1 -1 13749 7498 -1 

-9 10710 2881 34224 -4 2873 9996 -3 
2498 7499 19999 -1 -1 13749 7498 -1 

-9 10710 34053 34224 24998 2873 29998 -3 
2498 7499 19999 24999 39999 36874 7498 19999 

-9 10710 54526 34224 24998 2873 29998 -3 
2498 7499 19999 24999 34999 36874 7498 19999 

-9 10710 77263 34224 24998 2873 29998 -3 
2498 7499 19999 24999 27499 36874 7498 19999 

-9 10710 38630 34224 24998 2873 29998 -3 
2498 7499 19999 24999 13748 36874 7498 19999 

-9 5354 25281 34224 41665 2873 39999 -3 
2498 7499 9998 12498 31874 53437 7498 19999 

3328 2676 15973 34224 20806 2873 39999 11454 
2498 3748 74999 8123 25937 53437 7498 19999 

15949 1337 15973 17111 10402 2873 41249 4620 
10624 8436 37498 8123 20741 53437 3748 9998 

20905 1337 15973 17111 10402 2873 41249 4620 
10624 8436 37498 8123 85370 53437 3748 9998 

9553 26451 1535 264 320 1435 1534 1176 
330 129 2732 8123 762 16678 10936 10311 

9553 26451 1535 264 320 1435 32017 1176 
330 129 2732 8123 762 33339 10936 10311 

9553 26451 1535 264 320 1435 16007 1176 
330 129 2732 8123 762 16668 10936 10311 

-2 -2 -3 -2 3123 -2 -3 -2 
-1 -1 -1 -1 -1 4998 -1 -1 

-2 -2 541 -2 1560 -2 457 -2 
-1 -1 4998 -1 -1 4998 -1 2498 

-2 -2 541 -2 46223 -2 457 -2 
-1 -1 12499 -1 -1 4998 -1 16249 

-2 -2 541 -2 46223 -2 457 -2 
-1 -1 12499 -1 -1 4998 -1 16249 

7736 9998 8617 -3 9773 15623 792 52 
3748 -1 27030 9998 -1 10823 4060 876 

-2 -2 -2 -2 -2 -2 -2 -3 
-1 -1 -1 -1 -1 -1 -1 -1 

-2 -2 -2 -2 -2 -2 31249 -3 
-1 24999 -1 -1 -1 -1 -1 -1 

25740 3299 7199 1230 8138 6839 18273 4487 
-1 7919 4949 2088 6049 24882 3279 9637 

25740 32899 7199 1230 8138 6839 34136 52243 
-1 13959 4949 2088 28024 24882 21639 9637 

-2 -3 -2 -5 -3 -2 -2 -4 
-1 -1 -1 -1 -1 -1 -1 -1 

19999 8328 14370 -2 -3 -5 -2 5205 
-1 5623 -1 7498 4998 -1 -1 9999 

14993 126 19792 16665 6247 -3 16665 320 
-1 3836 -1 10467 5154 9999 9999 5623 

14993 126 19792 16665 6247 -3 8331 320 
-1 3836 -1 10467 5154 9999 9999 2810 

14993 126 19792 16665 6247 -3 7885 320 
-1 3836 -1 10467 5154 9999 9999 66405 

14993 126 19792 16665 6247 -2 6609 159 
-1 3836 -1 5232 2576 4998 9999 78202 

-3 -5 -4 -3 -2 -5 -4 -4 
-1 -1 -1 -1 -1 -1 -1 -1 

-2 -2 -2 -2 -3 -2 -2 -2 
-1 -1 -1 -1 -1 -1 -1 -1 

-2 -6 -7 -6 -8 -6 -7 -9 
-1 -1 -1 -1 -1 -1 -1 -1 

-2 9819 -7 12497 -8 -6 -7 6245 
9999 9999 -1 14999 -1 -1 19999 -1 

-2 2442 -7 6241 -8 4163 -7 1557 
4998 2498 -1 13749 -1 -1 9998 -1 

-2 2442 -7 6241 -8 39581 -7 1557 
4998 2498 14999 13749 -1 -1 9998 -1 

-2 2442 -7 6241 -8 53123 -7 1557 
4998 2498 27499 13749 -1 -1 9998 -1 

24999 2442 -7 3119 -8 47394 -7 20778 
36249 2498 38749 13749 -1 -1 4998 -1 

24999 2442 -7 26559 -8 31389 -7 20778 
36249 2498 39374 13749 -1 -1 12499 -1 

24999 2442 -7 26559 -8 65694 -7 20778 
36249 2498 29687 13749 -1 -1 12499 -1 

24999 2442 -7 26559 -8 32846 -7 20778 
36249 2498 14842 13749 -1 -1 12499 -1 

12498 2442 -7 34112 -8 47673 -7 10388 
9060 2498 32421 13749 -1 -1 31249 -1 

3120 2442 24996 34112 -8 47673 -7 10388 
4529 2498 16209 41874 -1 -1 31249 -1 

34893 2442 24164 34112 -8 47673 -7 10388 
22264 2498 16209 90937 -1 -1 31249 -1 

14631 302 183 2126 -3 5955 1395 10388 
84 5311 9051 45467 3748 623 486 -1 

14631 302 183 2126 -3 40477 1395 10388 
84 5311 9051 45467 16874 623 486 -1 

14631 302 183 2126 -3 20237 1395 10388 
84 5311 9051 45467 8436 623 486 -1 

69 10129 -25 17 1764 730 -39 2580 
1130 10018 2024 13749 14999 4060 120 -1 

33 10129 -25 -88 64 121 619 618 
281 15009 5505 13749 3748 1013 5 -1 

50016 10129 -25 -88 64 25060 16976 618 
281 15009 5505 16874 3748 1013 10002 9999 

-2 -2 -2 -2 -2 -2 -2 -2 
-1 -1 -1 -1 -1 -1 -1 -1 

-2 -2 -2 -2 49999 -2 -2 -2 
-1 -1 -1 -1 -1 -1 -1 9999 

35413 28472 10192 4093 1848 12694 13019 4293 
29256 6092 623 -1 11248 9685 24998 19223 

-2 -2 -3 -3 -2 -3 -2 -2 
-1 -1 -1 -1 -1 -1 -1 -1 

24999 -2 -3 -3 -2 -3 -2 -2 
-1 -1 -1 -1 -1 -1 24999 -1 

29856 10598 23930 27314 18981 16384 31807 6817 
14999 32084 15637 24140 35957 10193 -1 22116 

-2 -2 -2 -3 -2 -2 -2 -2 
-1 -1 -1 -1 -1 -1 -1 -1 

-2 31249 -2 -3 -2 49999 53124 -2 
27499 -1 9999 -1 -1 -1 24999 -1 

-2 32291 24166 -3 4686 10933 6638 -2 
8435 -1 12498 9999 -1 14999 3123 -1 

-2 4026 20258 2493 1283 3207 1142 14840 
525 -1 20780 6248 -1 10350 3812 -1 

-2 4026 10128 2493 1283 3207 1142 14840 
525 -1 20780 3123 -1 10350 3812 -1 

11841 4026 18605 2493 1283 3207 1142 14840 
525 -1 20780 78280 -1 10350 3812 -1 

5919 2012 37427 2493 1283 3207 1142 14840 
525 -1 20780 42069 -1 10350 3812 -1 

-3 -4 -2 -6 -5 -3 -3 -3 
-1 -1 -1 -1 -1 -1 -1 -1 

-2 -2 -2 -2 -2 -2 -3 -2 
-1 -1 -1 -1 -1 -1 -1 -1 

-8 -4 21 -6 -7 187 -3 -7 
0 -1 -1 0 -1 -1 -1 -1 

-8 14998 21 -6 -7 5093 4165 -7 
0 22499 -1 0 -1 -1 -1 9999 

-8 7491 21 5552 -5 2536 2080 -7 
0 2810 -1 0 9999 -1 -1 4998 

-8 7491 21 5552 -5 34601 2080 -7 
0 2810 -1 0 9999 -1 19999 4998 

-8 7491 21 5552 -5 42300 2080 -7 
0 2810 -1 0 9999 -1 24999 4998 

-8 34995 21 5552 -5 41983 2080 18747 
0 2810 -1 -1 9999 24999 33749 4998 

-8 34995 21 5552 -5 45991 2080 18747 
0 2810 -1 -1 9999 24999 31874 4998 

-8 34995 21 5552 -5 60495 2080 18747 
0 2810 -1 -1 9999 24999 30937 4998 

-8 34995 21 5552 -5 30246 2080 18747 
0 2810 -1 -1 9999 24999 15467 4998 

-8 17496 21 5552 -5 40123 2080 17185 
0 2810 -1 14999 9999 12498 18865 4998 

-15 -32 -35 -26 -4 125 -35 2154 
9999 -1 -1 0 27 -1 162 0 

-8 -17 -35 -26 -4 16729 -7 2154 
1248 -1 -1 0 12 14998 162 0 

-8 -17 -35 -26 -4 17018 31246 2154 
25624 -1 -1 0 12 52499 162 0 

-4 -11 -35 1035 3742 1059 2989 6786 
2849 -1 -1 -1 -1 6560 162 12499 

-4 -11 -35 1035 3742 50529 2989 6786 
2849 -1 -1 -1 -1 13280 162 12499 

-4 -11 -35 1035 3742 50529 2989 3392 
2849 -1 -1 -1 -1 13280 162 12499 

-5 -3 -2 -2 -3 -2 -2 -3 
-1 -1 -1 -1 -1 -1 -1 -1 

572 -3 -2 -2 -2 -2 -2 87 
-1 -1 4998 -1 3748 -1 -1 9999 

572 -3 8331 -2 -2 24999 -2 87 
-1 -1 4998 -1 15937 -1 -1 9999 

50286 -3 8331 -2 -2 24999 -2 87 
-1 -1 4998 -1 15937 9999 -1 9999 

6248 13972 1094 5175 1585 22643 29274 6481 
2419 9334 21912 3123 12122 27498 14998 11561 

-2 -2 -3 -2 -2 -2 -2 -2 
-1 -1 -1 -1 -1 -1 -1 -1 

-2 -2 -3 -2 -2 37499 -2 -2 
-1 -1 -1 -1 -1 -1 14999 -1 

57535 3838 21102 7 6250 3125 -1 6 
13748 302 4998 16252 6873 -1 64999 9374 

57535 3838 21102 33336 6250 21562 -1 6 
13748 302 4998 28126 6873 19999 64999 9374 

-2 -2 -2 -2 -2 -2 -2 -2 
-1 -1 -1 -1 -1 -1 -1 -1 

4161 12498 -3 6245 -2 9993 -2 12499 
-1 -1 9999 -1 2498 17498 -1 7498 

10516 1557 1131 2907 -6 2575 8330 5335 
-1 12499 310 11249 5398 2185 -1 5936 

10516 1557 1131 2907 -6 1286 8330 5335 
-1 12499 310 11249 5398 1091 -1 5936 

10516 777 1131 2907 -6 15643 8330 5335 
-1 12499 310 11249 5398 45271 -1 5936 

5257 777 1131 2907 -4 15643 8330 23582 
19999 12499 76 11249 37699 45271 -1 5936 

-4 -2 -3 -5 -3 -6 -2 -2 
-1 -1 -1 -1 -1 -1 -1 -1 

-6 -16 -6 -5 -6 11 -5 -4 
-1 -1 -1 -1 -1 17 -1 2498 

-6 -16 5552 4997 -6 4 -5 -4 
9999 -1 -1 14999 -1 17 -1 1248 

-13 -6 5901 2491 12497 -1 -5 -11 
4998 -1 9999 3748 -1 10008 -1 623 

-13 -6 5901 2491 12497 -1 -5 37494 
4998 -1 19999 3748 -1 10008 -1 623 

-13 -6 5901 2491 12497 -1 -5 43747 
4998 -1 29999 3748 -1 10008 -1 623 

16660 -6 5901 1243 6246 -1 -5 43748 
4998 19999 24998 3748 -1 10008 -1 623 

16660 -6 5901 1243 6246 -1 -5 53124 
4998 19999 37499 3748 -1 10008 -1 623 

16660 -6 5901 1243 6246 -1 -5 64062 
4998 19999 33749 3748 -1 10008 -1 623 

16660 -6 5901 1243 6246 -1 -5 32030 
4998 19999 16873 3748 -1 10008 -1 623 

33330 -6 5901 19371 10935 -1 -5 23631 
4998 32499 31718 3748 -1 10008 -1 623 

6374 54 1373 -26 2719 2407 -17 10 
7 12030 4480 56 544 10 1873 3750 

6374 54 1373 -16 2719 1200 4994 10 
7 12030 4480 5013 271 10 1873 1874 

6374 54 1373 -16 2719 1200 11425 10 
7 12030 4480 52506 271 10 1873 1874 

18258 3126 25169 -4 2510 12517 24497 -5 
-1 17234 638 6639 10016 2499 232 3982 

18258 3126 25169 -4 26255 12517 24497 -5 
14999 17234 638 6639 10016 2499 232 3982 

18258 3126 25169 -4 13126 12517 24497 -5 
7498 17234 638 6639 10016 2499 232 3982 

-2 -2 -2 -2 -2 -2 -2 -3 
-1 -1 -1 -1 -1 -1 -1 -1 

174 -2 -2 665 -2 -2 -2 -2 
4998 9999 -1 -1 -1 -1 -1 -1 

174 -2 -2 665 24999 -2 18749 -2 
4998 4998 14999 9999 -1 -1 -1 -1 

-2 -3 -2 -2 -2 -2 -2 -2 
-1 -1 -1 -1 -1 -1 -1 -1 

-2 -3 49999 -2 -2 -2 -2 -2 
-1 -1 -1 -1 -1 -1 9999 -1 

6086 8417 9731 20480 19595 4505 11656 7965 
-1 12498 27186 5623 8475 2957 37538 12967 

-2 -3 193 -2 -4 -2 93 -3 
-1 154 -1 -1 -1 -1 -1 310 

-2 -3 193 -2 37498 -2 93 -3 
-1 154 -1 -1 -1 -1 14999 310 

-2 -2 -2 -2 -2 -2 -3 -3 
-1 -1 -1 -1 -1 -1 -1 -1 

-2 -2 -2 -2 -2 -2 28569 -3 
-1 39999 -1 -1 -1 -1 -1 -1 

21661 5838 18599 17744 34253 7133 19871 10328 
18505 23204 23788 67148 45297 10736 39522 47492 

30830 6978 30132 17744 17125 18566 3320 1284 
9251 13300 31894 67148 33824 3169 9879 11871 

7700 12715 10215 23468 4278 892 72 25026 
4624 10689 15123 13347 526 97 5037 15233 

7700 12715 10215 23468 4278 892 35 25026 
4624 10689 15123 13347 262 97 5037 15233 

7700 31357 10215 23468 4278 892 18983 25026 
4624 10689 15123 13347 110131 97 5037 22616 

3849 15677 10215 23468 4278 892 8621 25026 
4624 10689 15123 13347 47531 97 1257 11307 

-3 -3 -4 -3 -3 0 -4 -4 
-1 -1 -1 7 -1 -1 -1 -1 

-2 -2 -2 -2 -2 -2 -3 -2 
-1 -1 -1 -1 -1 -1 -1 -1 

5 7 -6 -5 -8 -7 -2 -3 
7 -1 -1 17 -1 -1 -1 154 

5 8336 5766 6247 5353 -7 -2 -3 
10003 -1 -1 15008 -1 -1 14999 15077 

5 4165 2874 3116 7221 -7 1999 -3 
12500 -1 -1 17504 -1 -1 7498 7537 

5 4165 2874 3116 7221 24996 1999 -3 
12500 -1 -1 17504 -1 19999 7498 7537 

5 4165 2874 3116 7221 12497 1999 -3 
12500 -1 -1 17504 -1 9998 7498 7537 

5 4165 2874 3116 3608 20137 1999 29998 
12500 29999 -1 8751 -1 29999 7498 7537 

5 4165 2874 3116 3608 43401 1999 29998 
12500 29999 -1 8751 -1 34999 7498 7537 

5 4165 2874 3116 3608 71700 1999 29998 
12500 29999 -1 8751 -1 27499 7498 7537 

5 4165 2874 3116 3608 35849 1999 29998 
12500 29999 -1 8751 -1 13748 7498 7537 

1 4165 2874 3116 26804 46495 1999 14998 
12500 7498 -1 19375 -1 46874 7498 7537 

-21 2261 5028 -1 2137 4993 1998 166 
1560 6365 1248 603 1560 10807 56 12304 

-13 2261 2510 -1 5821 2494 1998 166 
20389 6365 623 603 779 10807 27 6151 

31243 2261 2510 -1 11564 2494 1998 166 
55194 6365 623 603 25389 10807 27 6151 

1616 563 5630 -2 12283 6403 998 1561 
5418 793 1250 1267 5672 13174 0 18075 

1616 563 5630 -2 12283 6403 998 1561 
5418 793 1250 1267 5672 13174 0 18075 

1616 563 5630 -2 12283 6403 998 779 
5418 793 1250 1267 5672 13174 0 9036 

849 68 702 -2 12283 6403 60 193 
1353 97 37 315 12836 16587 0 9036 

849 68 702 -2 31141 6403 62515 193 
1353 15048 37 315 12836 18293 10000 9036 

-2 -2 -2 -2 -2 -2 -2 -2 
-1 -1 -1 -1 -1 -1 -1 -1 

-2 -2 -2 -2 49999 -2 -2 -2 
-1 9999 -1 -1 -1 -1 -1 -1 

8748 1405 12755 18124 385 20902 21023 -2 
12068 17860 29686 9999 1404 19999 2498 8436 

-2 -2 -2 -2 -2 -2 -4 -4 
-1 -1 -1 -1 -1 -1 -1 -1 

37499 -2 -2 -2 -2 -2 -4 -4 
-1 -1 -1 -1 14999 -1 -1 -1 

-2 -2 -2 -2 -2 -2 -2 -2 
-1 -1 -1 -1 -1 -1 -1 -1 

33332 24999 -2 -2 -2 -2 -2 -2 
-1 -1 -1 12498 -1 -1 19999 -1 

19525 20684 409 3728 197 41225 23817 6309 
11874 17204 8905 17343 1580 17402 12908 10619 

19525 5167 409 12042 46 14004 14285 6309 
5936 18602 44452 11834 1580 2173 12908 3825 

25301 6265 8383 184 0 1475 889 3152 
10184 2410 2776 1477 47 31 804 17559 

25301 6265 8383 184 0 736 889 3152 
10184 2410 2776 1477 47 31 401 17559 

25301 3131 8383 184 0 14791 889 3152 
10184 2410 2776 1477 47 14 75200 17559 

12649 1564 8383 184 0 16196 889 1575 
5091 1204 2776 1477 47 6 77600 8778 

-4 -5 -3 -2 -3 -8 -3 -5 
-1 -1 -1 -1 -1 -1 -1 -1 

-2 -2 -3 -2 -2 -2 -2 -3 
-1 -1 -1 -1 -1 -1 -1 -1 

-5 -10 -5 -4 -5 -9 2 -3 
-1 -1 7 -1 -1 -1 -1 -1 

-5 -10 -5 -4 -5 -9 12501 1783 
-1 -1 7 9999 -1 -1 9999 -1 

-6 -10 3843 -7 4164 -9 3116 434 
-1 -1 2 12499 9999 -1 1248 -1 

-6 -10 3843 -7 4164 37495 3116 434 
-1 -1 2 12499 9999 -1 15624 -1 

-6 -10 3843 -7 4164 68747 3116 434 
-1 -1 2 12499 9999 -1 17812 -1 

-6 -10 39421 -4 4164 51040 3116 18967 
-1 14999 2 12499 9999 -1 29453 -1 

-6 -10 39421 49998 4164 40520 3116 18967 
-1 17499 2 12499 9999 -1 44726 -1 

-6 -10 39421 49998 4164 20259 3116 18967 
-1 17499 2 12499 9999 -1 22362 -1 

-6 -10 39421 49998 4164 10128 3116 18967 
-1 17499 2 12499 9999 -1 11180 -1 

-6 -10 39421 24998 4164 30064 3116 9482 
-1 8748 2 12499 9999 -1 20294 -1 

3175 -39 4905 768 5976 2839 273 5341 
-1 11092 10023 2029 12811 -1 1266 24999 

3175 -39 2451 768 27684 4102 1818 22670 
-1 11092 12504 2029 12811 4998 32816 22499 

3175 -39 2451 768 27684 4102 13952 22670 
-1 11092 12504 2029 12811 62499 32816 22499 

791 6237 16970 382 428 252 214 9545 
15624 11385 4529 505 6600 974 8202 2810 

791 6237 16970 382 428 252 214 9545 
15624 11385 4529 505 6600 974 8202 2810 

791 3117 16970 382 428 252 214 9545 
15624 11385 4529 505 3299 974 8202 2810 

-2 -2 -2 -2 -2 -2 -2 -4 
-1 -1 -1 -1 -1 -1 -1 -1 

168 -2 40 475 -2 -2 -2 41 
-1 -1 1248 -1 4998 2498 4998 -1 

168 -2 40 50237 -2 -2 33332 41 
9999 9999 1248 -1 4998 11249 4998 -1 

168 -2 40 50237 -2 -2 33332 41 
9999 9999 1248 -1 4998 11249 4998 -1 

27736 14134 4373 13847 11362 17085 7749 10805 
42186 25936 2537 15467 18329 12542 10311 19999 

-2 -2 -2 -2 -2 -2 -2 -2 
-1 -1 -1 -1 -1 -1 -1 -1 

-2 37499 -2 -2 -2 -2 -2 -2 
-1 -1 -1 -1 -1 -1 14999 -1 

8298 3623 16159 12639 11408 13711 36345 12734 
23945 21670 22169 7655 45958 6249 1623 7301 

8298 3623 45579 31319 11408 38105 55672 12734 
23945 27917 36084 7655 45958 13124 1623 7301 

-2 -2 -2 -2 -2 -2 -3 -2 
-1 -1 -1 -1 -1 -1 -1 -1 

7498 -3 -2 4683 -2 6244 2081 -4 
-1 21248 -1 11248 -1 -1 -1 -1 

23297 2676 6247 4456 6248 192 18188 -7 
-1 2346 9999 17851 -1 -1 -1 3748 

11647 2676 6247 4456 6248 192 18188 -7 
-1 2346 9999 8924 -1 -1 -1 3748 

22490 2676 6247 4456 6248 192 18188 -4 
-1 91173 9999 8924 -1 -1 -1 3748 

18121 2676 6247 4456 6248 192 18188 -3 
-1 95586 9999 8924 -1 -1 -1 3748 

-2 -6 -5 -3 -3 -3 -4 127 
-1 -1 -1 -1 -1 -1 -1 -1 

-3 -2 -2 -2 24998 -3 -2 -2 
-1 -1 -1 -1 -1 9999 -1 -1 

-3 -5 -6 -7 -4 102 -4 -7 
-1 -1 -1 -1 -1 17 -1 -1 

-3 -5 -6 -7 10652 102 5553 -7 
-1 -1 24999 -1 -1 17 9999 -1 

-2 -5 -4 -7 10652 102 2428 -7 
-1 -1 6248 -1 -1 10008 9999 -1 

-2 -5 -4 49996 10652 102 2428 -7 
-1 9999 6248 -1 -1 10008 9999 -1 

-2 -5 -4 24997 10652 102 2428 -7 
-1 4998 6248 -1 -1 10008 9999 -1 

-2 -5 -4 30355 32662 102 22642 -7 
-1 43749 6248 -1 -1 10008 34999 -1 

-2 -5 -4 30355 70665 102 22642 -7 
-1 43749 6248 39999 -1 10008 27499 -1 

-2 -5 -4 30355 35331 102 22642 -7 
-1 43749 6248 19998 -1 10008 27499 -1 

-2 -5 -4 30355 17664 102 22642 -7 
-1 43749 6248 9998 -1 10008 27499 -1 

-2 -5 -4 30355 20957 102 22642 -4 
-1 43749 6248 19998 -1 10008 23749 -1 

-9 -45 -9 6157 6277 37 11309 216 
-1 10935 388 11873 9999 5003 10936 -1 

-9 -45 -9 14038 6277 17 5652 49 
-1 10935 388 2966 9999 2500 10936 19998 

13038 -45 -9 14038 6277 17 5652 49 
-1 10935 388 2966 9999 2500 10936 69999 

15100 -4 1279 885 3137 3240 15326 0 
-1 3833 10317 4119 5037 2029 339 37499 

32550 -4 1279 885 3137 3240 15326 0 
-1 3833 10317 4119 5037 2029 339 43749 

32550 -4 638 885 3137 3240 15326 0 
-1 3833 5157 4119 5037 2029 339 43749 

8394 483 318 45 194 808 956 111 
9999 956 1287 6028 389 251 83 10935 

20863 240 318 45 194 808 956 25055 
4998 956 10643 6028 10194 251 83 10935 

-2 -2 -3 -3 -2 -2 -3 -2 
-1 -1 -1 -1 -1 -1 -1 -1 

-2 49999 -3 -3 -2 -2 -3 -2 
-1 -1 -1 9999 -1 -1 -1 -1 

6332 2478 14359 5927 19910 3407 986 935 
2927 4900 34999 310 29686 4998 -1 -1 

-2 -2 -2 -2 -2 -2 -3 -2 
-1 -1 -1 -1 -1 -1 -1 -1 

-2 -2 -2 -2 37499 -2 -3 -2 
-1 14999 -1 -1 -1 -1 -1 -1 

40071 7 16876 1169 18902 95 9883 2146 
-1 3420 10321 17032 21901 13090 173 12386 

40071 33336 16876 1169 59451 95 38274 32323 
-1 3420 10321 33516 30950 16545 173 26193 

-2 -2 -3 -2 -2 -2 -3 -3 
-1 -1 -1 -1 -1 -1 -1 -1 

12498 -2 16665 -2 -3 -2 19998 2268 
-1 4998 11249 9999 -1 -1 -1 -1 

4273 -3 4164 14284 9112 1889 2492 12580 
2498 3630 790 5154 21249 -1 -1 9999 

2135 -3 4164 14284 9112 1889 2492 12580 
2498 3630 790 5154 21249 -1 -1 9999 

8866 -3 4164 14284 9112 1889 2492 12580 
2498 3630 790 2576 21249 89999 -1 9999 

16278 -3 4164 14284 9112 943 621 12580 
2498 3630 394 1287 21249 44998 -1 9999 

-3 -2 309 -6 -6 -4 -4 -6 
-1 -1 76 -1 -1 -1 -1 -1 

-2 -2 -2 -2 -2 -2 -2 -2 
-1 -1 -1 -1 -1 -1 -1 -1 

-5 -6 37 -3 -2 0 -6 -3 
-1 -1 -1 -1 37 -1 198 -1 

-5 10241 37 -50 -2 8333 -6 -3 
-1 14999 -1 9999 37 -1 10099 -1 

1664 5118 25005 -26 -2 8333 -6 -3 
-1 14999 -1 9999 17 12499 5048 -1 

1664 5118 25005 -26 49999 8333 -6 -3 
-1 14999 -1 9999 17 16249 5048 -1 

1664 5118 25005 -26 58332 8333 -6 -3 
-1 14999 -1 9999 17 28124 5048 -1 

1664 5118 25005 -26 76711 8333 44998 -3 
-1 14999 -1 24999 20008 39062 22524 14999 

1664 5118 25005 -26 69605 8333 44998 -3 
-1 14999 -1 24999 20008 44531 22524 14999 

1664 5118 25005 -26 59802 8333 44998 -3 
-1 14999 -1 24999 20008 37265 22524 14999 

1664 5118 25005 -26 59802 4165 44998 -3 
-1 14999 -1 24999 20008 37265 22524 14999 

1664 2558 25005 -26 29900 38541 22498 -3 
8748 14999 -1 16248 20008 37265 22524 14999 

-11 -15 -10 -27 -19 12491 -9 -24 
-1 -1 9999 -1 -1 -1 -1 -1 

-8 -15 -10 -14 9367 12491 -9 -24 
-1 -1 9999 -1 -1 -1 -1 14999 

-8 -15 -10 -14 19199 12491 -9 -24 
-1 -1 9999 -1 -1 -1 -1 97499 

4219 -3 -6 1290 140 15620 8327 12496 
4998 10936 8123 -1 310 -1 -1 16092 

4219 -3 -6 1290 140 15620 24163 12496 
4998 10936 8123 -1 310 -1 -1 28046 

4219 -3 -6 1290 140 15620 12080 12496 
4998 10936 8123 -1 310 -1 -1 14022 

4219 -5 4 644 91 15620 114 3091 
388 2732 1755 2498 37 -1 2498 3504 

52109 -5 4 644 91 15620 37528 3091 
388 2732 18969 2498 37 -1 2498 3504 

-2 -2 -3 -2 -3 -2 -2 -2 
-1 -1 -1 -1 -1 -1 -1 -1 

-2 -2 -3 -2 -3 49999 -2 -2 
-1 -1 9999 -1 -1 -1 -1 -1 

1410 39430 14963 -70 15616 13683 10871 4911 
8748 10233 46913 3748 3435 15623 23123 18436 

-2 -2 -2 -2 -2 -2 -2 -2 
-1 -1 -1 -1 -1 -1 -1 -1 

-2 37499 -2 -2 -2 -2 -2 -2 
-1 -1 14999 -1 -1 -1 -1 -1 

4316 1565 2209 0 9 3266 10432 668 
-1 957 0 2042 136 14069 43436 1713 

4316 34115 2209 49999 16671 3266 10432 37834 
9999 20478 0 1020 136 14069 28359 1713 

-2 63 -3 -3 -2 -2 -2 -2 
-1 -1 -1 -1 -1 -1 -1 7 

-4 25005 -2 16665 17185 -2 8746 -5 
-1 17499 9999 -1 9999 29999 3748 7 

-6 16193 2838 516 3604 -2 399 2339 
7498 3396 12889 -1 4998 10936 232 466 

-6 16193 2838 516 3604 -2 198 2339 
7498 3396 12889 -1 4998 10936 115 466 

-6 16193 2838 516 18468 -2 12599 2339 
7498 3396 12889 -1 4998 25468 70057 466 

12497 8095 1418 516 18468 -2 12599 2339 
7498 3396 12889 -1 26248 12733 70057 232 

-6 -2 8330 -5 -3 6246 -2 8331 
-1 -1 -1 1248 -1 310 -1 1248 

-2 -2 -2 -2 -2 -2 -2 -2 
-1 -1 -1 -1 -1 -1 -1 -1 

-5 -3 -11 15 186 -8 -3 -5 
-1 0 -1 -1 -1 -1 -1 -1 

1468 10415 -11 15 186 -8 -3 5354 
-1 10000 -1 -1 14999 -1 14999 -1 

727 542 2627 6 86 -14 -5 329 
-1 2498 -1 -1 8748 -1 10936 -1 

50363 542 2627 6 86 -14 -5 329 
-1 2498 -1 -1 14374 -1 10936 -1 

25180 542 2627 6 86 -14 -5 329 
-1 2498 -1 -1 7186 -1 10936 -1 

39628 542 2627 6 25020 -14 -5 329 
24999 2498 -1 -1 38593 24999 10936 -1 

44814 542 2627 6 25020 -14 -5 329 
24999 2498 -1 -1 29296 24999 10936 -1 

44814 270 2627 6 25020 -14 -5 329 
24999 1248 -1 -1 29296 24999 10936 -1 

44814 134 2627 6 25020 -14 -5 329 
24999 623 -1 -1 29296 24999 10936 -1 

45132 8348 32563 2 12509 33326 -5 329 
42499 20155 -1 12498 7322 32499 5467 -1 

141 -3 4195 -23 2299 918 -20 4163 
39 3159 115 3748 102 10252 0 -1 

67 -3 1047 9991 2299 918 -20 4163 
10008 3159 115 3748 102 5125 0 -1 

32 -3 31773 15828 2299 918 -20 4163 
60002 3159 115 3748 102 5125 0 -1 

6637 -3 1249 1621 12570 52 -10 2080 
3123 96 311 466 4 10319 -1 17499 

6637 -3 1249 1621 12570 52 -10 51040 
3123 96 311 466 10002 10319 -1 17499 

6637 -3 1249 1621 12570 52 -10 25519 
3123 96 311 466 5000 10319 -1 17499 

801 -3 589 1621 1876 70 376 6619 
5779 96 311 56 2029 8788 -1 18749 

17067 -3 50294 1621 34271 70 376 6619 
5779 96 311 56 21014 14394 9999 18749 

-2 -3 -2 -2 -3 -2 -4 -4 
-1 -1 -1 -1 -1 -1 -1 -1 

-2 49998 -2 -2 -3 -2 -4 -4 
-1 -1 -1 -1 -1 -1 -1 9999 

19391 23103 -17 34738 19241 2079 3200 -17 
19999 17499 4998 11248 2810 14999 14842 35585 

-2 -2 -2 -2 -4 -3 -2 -3 
-1 -1 -1 -1 -1 -1 -1 -1 

-2 -2 -2 -2 37498 -3 -2 -3 
-1 -1 -1 -1 -1 -1 14999 -1 

8717 5059 2416 4060 2156 850 10287 276 
2889 20827 7588 3 916 46854 12 2891 

8717 5059 2416 4060 2156 850 10287 58367 
2889 30413 7588 3 20229 46854 12 2891 

-2 -3 -2 -2 -2 -2 -2 -2 
-1 -1 -1 -1 -1 -1 -1 -1 

-2 -3 -3 -2 -3 2770 12499 -4 
-1 9999 9999 -1 -1 -1 -1 34999 

4162 8331 776 -2 9998 909 1555 -6 
2498 310 2498 4998 -1 4998 -1 4842 

4162 8331 776 -2 9998 909 1555 -6 
2498 310 2498 4998 -1 4998 -1 4842 

4162 4164 776 18332 9998 909 1555 -6 
2498 310 2498 4998 -1 4998 109999 2420 

4162 39582 776 17082 9998 453 387 -4 
1248 154 1248 4998 -1 1248 104999 16210 

-4 -4 -3 2081 -2 -4 -4 -3 
-1 -1 1248 0 -1 -1 -1 -1 

-2 -2 -2 -2 -2 -2 -2 -2 
-1 -1 -1 -1 -1 -1 -1 -1 

-7 -1 -4 -8 -4 0 -6 -6 
-1 -1 -1 -1 -1 -1 -1 -1 

-7 3332 3844 7138 -4 0 -6 -6 
9999 -1 -1 -1 -1 9999 -1 9999 

-4 3332 959 2600 -4 -3 -6 -16 
4998 9999 -1 -1 -1 2498 -1 9999 

-4 3332 959 2600 -4 -3 33330 -16 
4998 9999 19999 -1 -1 2498 -1 9999 

-4 3332 959 2600 -4 -3 41665 -16 
4998 9999 19999 -1 -1 2498 -1 9999 

-4 3332 40656 26300 -4 19998 48957 -16 
2498 9999 54999 -1 -1 45312 24999 9999 

-4 3332 40656 26300 -4 19998 41145 -16 
2498 9999 37499 -1 -1 45312 24999 9999 

-4 3332 40656 26300 -4 19998 45572 -16 
2498 9999 28749 -1 -1 45312 24999 9999 

-4 3332 40656 26300 -4 19998 22785 -16 
2498 9999 14373 -1 -1 45312 24999 9999 

-4 3332 40656 26300 -3 9998 36392 -16 
1248 9999 47186 -1 -1 22655 24999 9999 

1210 1205 36 2785 -47 3887 -35 -30 
0 6287 182 -1 19335 203 1 701 

604 19352 36 2785 -47 1940 -35 4681 
0 6287 44 29999 19335 203 1 173 

604 9675 36 2785 -47 34303 -35 6341 
0 6287 21 37498 19335 203 1 20086 

15249 1202 2 12585 3566 3182 6232 204 
-1 1641 3749 5584 2456 4 -1 25021 

15249 1202 2 12585 3566 3182 6232 204 
-1 1641 3749 5584 2456 4 -1 25021 

15249 1202 2 12585 3566 3182 3115 204 
-1 1641 3749 5584 1227 4 -1 25021 

-2 -3 -2 -2 -2 -2 -2 -2 
-1 -1 -1 -1 -1 -1 -1 -1 

-24 290 250 35 507 26 363 49 
-1 3435 8748 1248 4998 3748 2498 9842 

24988 290 16791 35 507 26 25181 49 
-1 3435 14374 10624 4998 3748 11249 9842 

24988 290 16791 35 507 50013 25181 49 
-1 3435 14374 10624 12499 3748 11249 9842 

4231 1891 47697 2642 12557 11129 19491 7703 
14998 20858 9021 1367 14881 10467 36424 17807 

-2 -3 -2 -2 -3 -2 -2 -2 
-1 -1 -1 -1 -1 -1 -1 -1 

37499 -3 -2 -2 -3 -2 -2 -2 
-1 -1 -1 -1 -1 14999 -1 -1 

20553 2709 16661 5860 3685 7053 50902 5961 
11326 23226 4758 47096 20937 7182 1355 10468 

39443 2709 16661 5860 3685 7053 50902 5961 
11326 23226 4758 47096 20937 7182 1355 40234 

-2 -2 -2 -2 -2 -2 -2 -2 
-1 -1 -1 -1 -1 -1 -1 -1 

-2 11246 -5 -3 -2 -3 -4 -2 
-1 -1 -1 2498 -1 -1 -1 9998 

16665 3199 -2 4997 12497 16664 5204 -2 
-1 8748 14999 10702 2498 -1 -1 11952 

16665 1598 -2 4997 12497 16664 5204 -2 
-1 8748 14999 10702 2498 -1 -1 5975 

23957 13842 -2 4997 12497 16664 17185 -2 
-1 8748 14999 10702 2498 -1 34999 56493 

23957 31921 -2 27498 12497 8331 8591 -2 
-1 29374 7498 45351 2498 -1 17498 56493 

-2 -2 -4 -4 -2 -2 -3 -6 
-1 -1 -1 -1 -1 -1 0 -1 

-2 -2 -2 -2 -2 -2 -2 -2 
-1 -1 -1 -1 -1 -1 -1 -1 

-5 -5 -6 -11 -6 -6 -7 -5 
-1 -1 -1 -1 -1 -1 -1 -1 

8330 4997 -6 -11 -6 -4 -7 6117 
-1 9999 -1 -1 -1 -1 9999 14999 

4162 2495 5552 -12 -3 -6 -13 3053 
-1 1248 -1 -1 9999 -1 1248 3748 

4162 2495 5552 37494 -3 -6 -13 3053 
-1 1248 -1 -1 9999 -1 1248 16874 

4162 2495 5552 68747 -3 -6 -13 3053 
-1 1248 -1 -1 9999 -1 1248 18437 

30206 2495 5552 59373 -3 -6 -8 3053 
-1 1248 -1 -1 49999 -1 1248 44218 

30206 2495 5552 67186 -3 -6 -8 3053 
-1 1248 -1 -1 49999 -1 1248 37109 

30206 2495 5552 33592 -3 -6 -8 3053 
-1 1248 -1 -1 49999 -1 1248 18553 

30206 2495 2775 33592 -3 -6 -8 3053 
-1 1248 -1 -1 49999 -1 1248 18553 

36531 2495 15692 33592 -2 -6 -8 3053 
29999 1248 -1 29999 49999 -1 1248 4636 

4476 763 -17 663 38 -44 -27 202 
95 30008 -1 5467 645 -1 7 240 

17238 91 24991 663 18 -44 11097 16767 
46 30004 9999 2732 645 -1 9999 119 

39869 91 24991 663 8 -44 16381 16767 
46 30004 9999 2732 645 -1 59999 58 

892 -2 26560 1288 3123 7340 509 4169 
-1 11874 193 2669 159 -1 16718 1250 

892 -2 26560 1288 3123 7340 509 4169 
-1 11874 193 2669 159 -1 16718 1250 

892 -2 26560 1288 1560 7340 509 4169 
-1 11874 193 2669 159 -1 16718 624 

-2 -4 -2 -2 -4 -2 -4 -2 
-1 -1 -1 -1 -1 -1 -1 -1 

-2 -4 -2 -2 -4 -2 8331 37499 
14999 -1 -1 -1 -1 -1 -1 4998 

445 629 3317 643 264 1833 721 128 
7498 5936 193 1415 8 9999 1043 5155 

445 629 3317 643 264 1833 721 128 
7498 5936 193 1415 8 9999 1043 5155 

8090 2127 63329 17017 11911 8059 21947 4110 
5403 12968 12817 10333 4374 19373 259 36894 

-2 -2 -2 -2 -2 -2 -2 -2 
-1 -1 -1 -1 -1 -1 -1 -1 

-2 -2 -2 -2 37499 -2 -2 -2 
-1 -1 -1 -1 -1 -1 -1 14999 

2556 11014 8232 7211 18842 5147 1773 5646 
7739 1446 13817 21215 1261 19791 45004 11811 

2556 30507 8232 7211 18842 5147 38386 43078 
7739 20723 28454 21215 1261 19791 45004 20905 

-2 -2 -2 -2 -2 -2 -2 -3 
-1 -1 -1 -1 -1 -1 -1 -1 

16665 -3 -2 17184 9997 -2 8331 2081 
17499 12498 3748 -1 -1 -1 -1 4998 

4163 -3 -2 17944 306 -3 2654 1623 
544 2654 12616 -1 9999 -1 3123 5154 

4163 -3 -2 17944 306 -3 1326 1623 
544 2654 12616 -1 9999 -1 1560 5154 

4163 -3 -2 17944 306 -3 16180 50811 
544 2654 12616 -1 9999 -1 90780 12577 

4163 -2 -2 17944 152 -3 28090 25404 
544 1326 6307 -1 9999 -1 85390 3142 

-3 -5 -5 -2 -4 -3 -2 -3 
-1 -1 -1 -1 -1 -1 -1 -1 

-2 -2 -2 -2 -2 -4 -2 -3 
-1 -1 -1 -1 -1 -1 -1 -1 

-5 -5 -3 -5 -7 -3 19 8 
-1 -1 7 -1 -1 -1 -1 -1 

12497 6247 5554 -5 8926 -3 19 8 
-1 -1 7 9999 14999 9999 -1 9999 

12497 6247 5902 -5 549 -3 19 1 
-1 9999 7 4998 14999 9999 -1 4998 

12497 6247 5902 -5 37774 -3 19 1 
-1 9999 7 4998 14999 9999 14999 4998 

12497 6247 5902 -5 52220 -3 19 1 
-1 9999 7 4998 14999 9999 27499 4998 

12497 6247 5902 19997 43967 24998 37509 -1 
-1 9999 20003 4998 22499 9999 19373 27499 

12497 6247 5902 19997 37368 24998 37509 24999 
-1 9999 20003 4998 22499 9999 34843 27499 

12497 6247 5902 19997 56184 24998 37509 24999 
-1 9999 20003 4998 22499 9999 32421 27499 

12497 6247 5902 19997 28091 24998 37509 24999 
-1 9999 20003 4998 22499 9999 16209 27499 

12497 6247 5902 19997 42616 12498 18753 29166 
-1 9999 20003 4998 11248 9999 34052 13748 

2 -17 60 -23 4403 37 1145 686 
271 11883 164 37 701 1599 31 105 

4999 15618 6264 -7 2197 37 1145 686 
8140 5940 164 37 701 12898 31 24 

4999 15618 15632 -7 34431 37 1145 686 
59535 5940 164 37 701 12898 31 24 

619 8201 1281 1244 7949 -1 2091 2780 
10271 1450 10040 7503 85 1610 -1 2498 

619 8201 1281 50622 7949 -1 2091 2780 
10271 1450 15020 7503 85 1610 -1 2498 

619 8201 1281 25310 7949 -1 2091 2780 
10271 1450 7509 7503 85 1610 -1 2498 

-4 -2 -5 -4 -2 -3 -3 -4 
-1 -1 -1 -1 -1 -1 -1 -1 

-2 461 -5 -3 -2 -2 573 291 
-1 -1 -1 14999 -1 9999 2498 -1 

18748 461 -5 16665 -2 -2 573 291 
-1 -1 -1 14999 9999 19999 1248 -1 

18748 461 -5 16665 -2 -2 573 291 
-1 -1 -1 14999 9999 19999 1248 -1 

3649 7677 7081 8861 29328 2837 13477 1952 
9998 8748 6873 4060 4373 8748 9729 6092 

-2 -2 -2 -2 -3 -2 -2 -2 
-1 -1 -1 -1 -1 -1 -1 -1 

37499 -2 -2 -2 -3 -2 -2 -2 
14999 -1 -1 -1 -1 -1 -1 -1 

23720 9859 5323 6493 8135 1555 4387 10109 
25467 1273 13956 7284 9693 20568 55156 43619 

23720 9859 5323 6493 43700 1555 4387 58777 
27733 1273 13956 13642 9693 30284 42578 43619 

-2 -2 -4 -2 -2 -2 -2 -2 
-1 -1 -1 -1 -1 -1 -1 -1 

-3 17856 12497 -2 4684 13121 -4 -2 
13124 -1 7498 -1 2498 19999 -1 -1 

4164 4684 10065 12498 13 2156 -7 -3 
5596 3748 466 9999 5008 466 -1 4998 

4164 4684 10065 12498 13 2156 -7 -2 
5596 1873 466 9999 5008 466 -1 4998 

4164 4684 10065 12498 13756 2156 -7 6248 
5596 45936 55233 9999 5008 466 -1 2498 

4164 4684 10065 12498 13756 13038 -4 3123 
1397 22967 55233 9999 5008 466 -1 46249 

-3 -4 -9 -6 -5 -2 -3 -3 
-1 0 -1 -1 -1 -1 -1 -1 

-4 -8 -4 -8 -6 -6 -8 -5 
-1 2 -1 2 -1 -1 -1 -1 

-4 -8 -3 -8 -6 57082 -8 12636 
14999 2 19999 2 9999 -1 -1 9999 

-4 -6 -3 4996 1035 7127 -5 2353 
1873 4999 4998 0 7498 -1 -1 9999 

-4 -6 37498 4996 1035 7127 -5 2353 
1873 4999 4998 0 18749 -1 -1 9999 

-4 -6 52082 4996 1035 7127 -5 2353 
1873 4999 4998 0 29374 -1 -1 9999 

-4 -6 46874 4996 1035 7127 -5 2353 
1873 4999 4998 0 64687 -1 -1 9999 

-4 -6 48437 4996 1035 7127 -5 2353 
1873 4999 4998 0 52343 -1 -1 9999 

-4 -6 61718 4996 1035 7127 -5 2353 
1873 4999 4998 0 41171 -1 -1 9999 

-4 -6 30858 4996 1035 7127 -5 2353 
1873 4999 4998 0 20584 -1 -1 9999 

-4 16663 40429 4996 1035 28563 24997 2353 
10936 4999 12499 25000 30292 -1 -1 9999 

-2 -2 -2 -2 -2 -3 -2 -2 
-1 -1 -1 -1 -1 -1 -1 -1 

-2 -2 -5 -3 -3 -3 3569 39999 
-1 9998 -1 -1 9999 -1 7498 -1 

-2 -2 -5 -3 -3 -3 12895 39999 
-1 9998 -1 -1 64999 -1 7498 -1 

8331 5353 16661 15415 16664 9893 6447 1939 
-1 11561 1248 2498 14061 16874 15116 9999 

8331 5353 16661 57707 16664 9893 6447 1939 
-1 15780 1248 2498 14061 16874 15116 9999 

8331 5353 16661 28852 16664 9893 6447 1939 
-1 7889 1248 2498 14061 16874 15116 9999 

7139 -24 -29 -11 -14 -8 -12 -18 
-1 -1 -1 -1 -1 -1 9999 -1 

890 28 -15 12 -5 113 211 223 
4998 9999 -1 2498 1248 2498 623 -1 

890 28 -15 12 24997 113 18855 50111 
4998 14999 -1 18124 1248 2498 623 -1 

-2 -2 22 -2 -5 -3 -3 -2 
-1 -1 -1 -1 -1 -1 -1 -1 

-2 -2 22 -2 -5 49998 -3 -2 
-1 -1 -1 -1 -1 -1 -1 9999 

7800 7126 17181 20083 6925 5208 12997 6246 
-1 9998 17342 19373 10936 18749 10310 7503 

-2 -2 -2 -2 -2 -2 -2 -2 
-1 -1 -1 -1 -1 -1 -1 -1 

-2 -2 -2 29165 -2 -2 -2 -2 
-1 -1 -1 34999 -1 -1 -1 -1 

12940 25259 12689 850 11567 257 12080 3179 
25937 15655 3755 2264 35272 8554 23515 2370 

12940 25259 31344 35837 11567 257 36352 3179 
12967 15655 3755 2264 36318 29277 23515 21185 

-2 -2 -2 -3 -2 -3 -2 -2 
-1 -1 -1 -1 -1 -1 -1 -1 

2495 3122 -2 12497 -2 -5 -2 24999 
-1 9998 -1 29999 -1 -1 -1 -1 

1115 3170 -2 3288 -3 4945 -6 1428 
5311 3123 -1 11874 4998 1248 -1 2498 

1115 3170 -2 3288 -3 4945 -4 1428 
5311 1560 -1 11874 4998 1248 -1 2498 

1115 3170 -2 3288 -3 4945 13791 6606 
5311 80780 -1 30937 4998 1248 -1 2498 

1115 3170 -2 1643 14060 4945 6894 6606 
47655 40389 -1 30937 2498 1248 -1 1248 

-4 -3 -2 -3 -4 168 -5 4 
310 -1 -1 -1 -1 -1 -1 37 

-2 -2 -2 -2 -2 -2 -2 -2 
-1 -1 -1 -1 -1 -1 -1 -1 

27 -5 -7 -5 -6 -6 -4 -1 
623 -1 -1 -1 154 -1 -1 -1 

27 -3 -7 -5 -6 7139 4409 -1 
623 -1 14999 9999 154 -1 -1 -1 

27 3569 -7 -5 -6 1778 2193 -1 
623 -1 7498 4998 10077 -1 -1 -1 

27 3569 -7 -5 37497 1778 2193 -1 
623 -1 7498 17499 10077 -1 -1 -1 

27 3569 -7 -5 18747 1778 2193 -1 
623 -1 7498 8748 10077 -1 -1 -1 

27 3569 -7 -3 54686 1778 2193 20832 
623 -1 7498 34374 10077 -1 14999 24999 

27 3569 -7 -3 44009 1778 2193 20832 
623 -1 7498 34374 10077 -1 14999 22499 

27 3569 -7 -3 47004 1778 2193 20832 
623 -1 7498 34374 10077 -1 14999 21249 

27 3569 -7 -3 23501 1778 2193 20832 
623 -1 7498 34374 10077 -1 14999 10623 

12505 3569 33329 -3 18374 888 2193 20832 
5076 -1 28749 34374 10077 -1 14999 35311 

13395 3569 16652 -3 18057 888 2193 20832 
2537 -1 54374 34374 10077 -1 14999 72655 

13395 3569 8323 -3 4511 10448 1094 20832 
1267 -1 27186 17186 10077 -1 52499 36326 

13395 3569 8323 -3 35588 15800 1094 20832 
20633 -1 27186 17186 10077 -1 81249 36326 

13395 3148 517 774 1906 4025 131 648 
471 2498 847 1785 3758 -1 5076 2313 

13395 3148 517 774 1906 4025 25065 648 
471 2498 10423 1785 3758 -1 5076 2313 

13395 3148 517 774 1906 4025 12531 648 
471 2498 5210 1785 3758 -1 5076 2313 

6551 391 25 386 843 871 6644 160 
2557 5623 3517 5221 3758 9999 2537 70 

6551 391 25 386 58544 25435 6644 160 
2557 5623 11758 5221 3758 9999 11268 10035 

-3 -2 -3 -3 -4 -2 -2 -2 
-1 -1 -1 -1 -1 -1 -1 -1 

-3 -2 -3 -3 -4 49999 -2 -2 
-1 -1 -1 -1 -1 -1 -1 9999 

3887 24996 5206 3928 12804 13342 24998 11908 
994 31249 8748 32499 1052 38749 13748 26406 

-2 -2 -2 -2 -2 -2 -2 -2 
-1 -1 -1 -1 -1 -1 -1 -1 

24999 -2 -2 -2 -2 -2 -2 -2 
24999 -1 -1 -1 -1 -1 -1 -1 

-2 -2 -2 -3 -2 -2 -2 -2 
-1 -1 -1 -1 -1 -1 -1 -1 

-2 -2 -2 -3 40624 -2 -2 -2 
-1 -1 -1 -1 -1 24999 24999 -1 

15642 37180 3477 7184 11774 9940 17297 10397 
79999 9276 5758 12635 21484 19686 35000 16118 

19517 4196 3477 7184 10375 9940 17297 5195 
9998 9276 11439 31317 20742 19686 8123 11528 

25302 1165 866 895 1570 22907 263 50647 
10155 6538 1428 17828 2591 4920 686 2233 

12650 1165 866 895 1570 22907 263 50647 
10155 6538 1428 17828 2591 4920 342 2233 

12650 581 866 895 1570 27859 263 50647 
10155 6538 1428 17828 2591 2459 105171 2233 

12650 289 866 895 784 35804 263 25322 
10155 6538 1428 17828 2591 1228 21894 2233 

-2 -2 8 -4 -3 -3 -3 -2 
-1 -1 -1 -1 37 -1 -1 -1 

-2 -2 -2 -2 -2 -2 -3 -2 
-1 -1 -1 -1 -1 -1 -1 -1 

-5 393 -4 -10 -7 1372 -3 -6 
17 -1 -1 349 2 310 -1 -1 

4164 393 -4 -10 3842 685 -3 -6 
17 -1 -1 10174 2 310 9999 -1 

2070 195 -3 1312 952 340 -2 -7 
2500 -1 -1 634 2 310 4998 -1 

2070 195 -3 1312 952 340 -2 37496 
2500 -1 14999 634 2 310 4998 -1 

2070 195 -3 1312 952 340 -2 52081 
2500 -1 27499 634 2 310 4998 -1 

2070 195 -3 1312 952 340 -2 46873 
2500 -1 63749 634 2 310 4998 -1 

2070 195 -3 1312 952 340 -2 48436 
2500 -1 46874 634 2 310 4998 -1 

2070 195 -3 1312 952 340 -2 49218 
2500 -1 43437 634 2 310 4998 -1 

2070 195 -3 1312 952 340 -2 24608 
2500 -1 21717 634 2 310 4998 -1 

17701 20930 -3 1312 952 340 -2 51985 
11250 -1 30858 25317 2 310 22499 -1 

12 -5 16661 64 3096 -20 -19 11 
15001 -1 480 47 0 9999 87 -1 

12 -5 7079 64 1547 -20 -19 2 
3748 -1 480 20023 0 9999 42 -1 

12 -5 13724 64 1547 -20 -19 2 
3748 -1 480 65011 0 9999 42 -1 

2340 2081 50 -4 94 3900 127 3669 
2578 2498 468 7030 12499 310 -1 -1 

2340 2081 50 -4 94 51950 127 3669 
2578 2498 468 7030 12499 310 9999 -1 

2340 2081 50 -4 94 25974 127 3669 
2578 2498 468 7030 12499 310 4998 -1 

1169 1027 283 8 229 12986 53 1097 
1288 5623 15117 6756 124 154 5623 3748 

1169 1027 37641 8 25114 12986 25 1097 
643 5623 15117 6756 15062 154 5623 16874 

-2 -3 -2 -2 -2 -2 -2 -2 
-1 -1 -1 -1 -1 -1 -1 -1 

-2 -3 49999 -2 -2 -2 -2 -2 
-1 -1 -1 -1 9999 -1 -1 -1 

16388 9369 2336 1720 19999 706 229 6443 
623 6599 3748 9060 5037 6248 24998 -1 

-2 -2 -4 -2 -2 -3 -2 -2 
-1 -1 -1 -1 -1 -1 -1 -1 

-2 -2 -4 -2 -2 -3 33332 -2 
-1 -1 -1 -1 -1 -1 19999 -1 

9641 22778 1972 7716 28495 28714 3502 16233 
26991 29277 180 14549 10318 22128 44927 29159 

9641 22778 1972 7716 28495 28714 30250 16233 
26991 29277 180 14549 10318 33032 44927 29159 

-2 -2 -2 -2 -2 -2 -2 -2 
-1 -1 -1 -1 -1 -1 -1 -1 

-2 -2 8332 9998 5621 9997 -3 -2 
9999 -1 -1 -1 9998 9999 14998 19999 

1558 -2 517 4789 39 7575 2776 15356 
1873 7498 -1 2967 1423 5623 7498 2498 

1558 -2 517 4789 39 3786 2776 15356 
1873 7498 -1 2967 710 5623 7498 2498 

1558 -2 517 4789 14863 1892 2776 15356 
1873 7498 -1 1482 710 97811 7498 2498 

1558 -2 517 4789 16214 945 2776 3837 
466 7498 -1 740 710 88905 7498 2498 

-3 -2 -2 -3 -6 -8 -4 -2 
-1 -1 -1 -1 -1 -1 -1 -1 

-2 -2 -2 -2 -3 -3 -2 -2 
-1 -1 -1 -1 -1 -1 -1 -1 

-5 -5 -5 41 -6 -6 459 -7 
-1 -1 -1 -1 -1 -1 -1 0 

9997 6247 -5 19 -6 -6 8562 5765 
9999 -1 -1 -1 14999 9999 -1 15000 

5439 6247 9993 8 2938 -3 2132 1433 
9999 -1 4998 -1 13749 2498 -1 13749 

5439 6247 29996 8 2938 -3 2132 1433 
9999 9999 4998 -1 13749 2498 -1 13749 

5439 6247 52498 8 2938 -3 2132 1433 
9999 19999 4998 -1 13749 2498 -1 13749 

32608 3121 43749 2 22302 -3 1065 1433 
4998 44999 13748 -1 13749 2498 -1 28436 

32608 3121 71874 19445 22302 -3 1065 1433 
4998 44999 13748 -1 13749 36249 -1 24218 

32608 3121 71874 34722 22302 -3 1065 1433 
4998 44999 13748 -1 13749 28124 -1 24218 

32608 3121 71874 17360 22302 -3 1065 1433 
4998 44999 13748 -1 13749 14061 -1 24218 

32608 3121 69270 30108 22302 -3 1065 715 
4998 44999 13748 -1 13749 18514 -1 32109 

1005 -2 15 231 3207 -9 -26 871 
7 173 730 466 5105 18 -1 15 

25502 -2 6 231 3207 -9 3744 433 
7 173 730 10233 5105 0 -1 7502 

25502 -2 6 231 3207 -9 12057 433 
7 173 730 10233 5105 0 -1 58751 

818 53123 -4 16694 47 -6 16213 12501 
2498 21885 550 317 1274 10624 9999 1541 

818 53123 24998 16694 47 -6 16213 12501 
2498 21885 550 317 1274 15312 9999 1541 

818 53123 12498 16694 47 -6 16213 12501 
2498 21885 550 317 1274 7655 9999 1541 

218 549 68 141 80 2 2101 1723 
310 2505 506 1093 1327 3455 310 8845 

218 16941 25034 141 80 2 2101 1723 
310 2505 506 1093 1327 3455 310 17211 

-2 -2 -4 779 -3 -2 -2 -2 
-1 4998 -1 -1 -1 -1 -1 -1 

-2 -2 49998 779 -3 -2 -2 -2 
-1 4998 -1 -1 -1 -1 9999 -1 

25695 7586 3105 1782 9029 889 631 20534 
9998 18436 11678 40624 -1 -1 5076 -1 

-2 -2 -2 -2 -2 -2 -3 -2 
-1 -1 -1 -1 -1 -1 -1 -1 

-2 -2 -2 -2 37499 -2 -3 -2 
-1 -1 -1 -1 -1 14999 -1 -1 

4828 587 4788 25690 8089 13196 3313 12966 
10936 10709 4432 11849 17514 39463 7263 21621 

4828 587 27394 25690 35294 13196 39156 12966 
20468 30354 4432 30924 17514 39463 7263 21621 

-2 -2 -2 -2 -2 -2 -2 -2 
-1 -1 -1 -1 -1 -1 -1 -1 

1870 16665 -3 12498 -2 7139 9999 18749 
-1 14999 -1 -1 6873 -1 9999 14999 

2394 13092 -5 1655 -5 17556 8409 12342 
-1 7498 -1 9999 4114 9999 11405 5857 

2394 13092 -5 1655 -5 17556 8409 12342 
-1 7498 -1 9999 4114 9999 11405 5857 

1196 13092 -5 1655 -5 22778 8409 12342 
-1 7498 -1 9999 4114 4998 75702 5857 

1196 6545 12497 1655 24997 22778 8409 6170 
-1 1873 -1 12498 4114 4998 75702 42928 

-3 -2 -2 -3 -2 -3 -4 95 
-1 154 -1 0 -1 -1 -1 -1 

-2 -2 -2 -2 -3 -2 -3 -2 
-1 -1 -1 -1 -1 -1 -1 -1 

-7 -7 -4 -7 -3 -6 9 -6 
0 -1 -1 -1 17 -1 -1 -1 

14996 -7 -4 6246 -3 7139 9 -6 
0 9999 17499 -1 17 -1 -1 -1 

4142 -7 -4 3116 2630 6201 9 -6 
0 14999 4373 9999 17 -1 -1 9999 

4142 -7 24998 3116 2630 6201 9 -6 
0 14999 12186 9999 17 -1 -1 9999 

4142 -7 12498 3116 2630 6201 9 -6 
0 14999 6092 9999 17 -1 -1 9999 

4142 -7 31249 3116 2630 6201 9 -6 
0 14999 58046 9999 17 -1 -1 9999 

4142 -7 32291 3116 2630 6201 9 -6 
0 14999 49023 9999 17 -1 -1 9999 

4142 -7 41145 3116 2630 6201 9 -6 
0 14999 39511 9999 17 -1 -1 9999 

4142 -7 20571 3116 2630 6201 9 -6 
0 14999 19754 9999 17 -1 -1 9999 

2070 -7 41535 26558 2630 6201 9 -6 
0 14999 34877 34999 17 -1 -1 9999 

81 -19 -7 24991 2 -10 -17 -24 
-1 10041 101 15 7 -1 -1 0 

38 -12 -7 12494 2 7138 -17 -24 
-1 10041 23 15 2 -1 19999 0 

38 -12 -7 12494 2 13796 -17 -24 
-1 10041 23 15 2 -1 54999 0 

9922 2078 -4 39667 -2 9009 28121 8330 
-1 2030 12889 15001 14999 2498 3435 2029 

9922 2078 -4 39667 -2 9009 64060 8330 
-1 2030 12889 15001 14999 2498 3435 11014 

9922 2078 -4 39667 -2 9009 32029 8330 
-1 2030 12889 15001 14999 2498 3435 5506 

2479 1038 -3 10151 -2 2535 2044 566 
-1 1375 4109 4373 3748 1404 3435 2752 

2479 50259 -3 10151 -2 2535 2044 282 
-1 15687 17054 4373 3748 701 3435 2752 

-2 -2 -2 -2 -2 -3 -2 -2 
-1 -1 -1 -1 -1 -1 -1 -1 

-2 -2 -2 -2 -2 -3 -2 49999 
-1 -1 -1 -1 9999 -1 -1 -1 

3975 -3 14879 3904 2673 -2 3376 6826 
14999 14998 -1 21248 3123 7498 34998 -1 

-2 -2 -2 -2 -2 -2 -3 -2 
-1 -1 -1 -1 -1 -1 -1 -1 

-2 -2 -2 -2 -2 -2 37498 -2 
-1 -1 -1 -1 14999 -1 -1 -1 

6873 3210 1832 30276 56692 10627 1673 23952 
7889 29673 18124 7149 12431 23905 37811 17898 

6873 3210 1832 30276 56692 10627 28961 23952 
7889 29673 54062 7149 12431 23905 37811 17898 

-2 -2 -4 -3 -2 -2 -2 -2 
-1 -1 -1 -1 -1 -1 -1 -1 

-3 20355 9370 18749 24999 -2 -4 -5 
7498 -1 14999 29999 -1 4998 -1 7498 

6246 2541 1853 11182 2196 -3 -9 14997 
4295 2498 3748 4373 -1 9061 4998 935 

6246 2541 1853 5590 2196 -3 -9 14997 
4295 2498 3748 4373 -1 4529 4998 935 

6246 2541 1853 14461 2196 -3 -9 7497 
4295 1248 3748 4373 -1 72264 4998 935 

3122 2541 1853 32230 1097 -3 -5 3747 
4295 623 1873 4373 -1 76132 2498 466 

-2 -2 -6 -4 19 -3 -5 -3 
-1 -1 -1 -1 0 -1 -1 -1 

-2 -2 -3 -2 -2 -2 -2 -2 
-1 -1 -1 -1 -1 -1 -1 -1 

-3 -5 -7 -10 -2 -6 -6 -13 
-1 -1 -1 7 -1 -1 -1 -1 

-3 2081 -7 -10 13332 5552 -6 63778 
9999 9998 9999 15001 -1 -1 9999 14999 

-11 1039 2078 -6 16666 5552 -6 31888 
9999 9998 14999 15001 -1 -1 14999 14999 

24994 1039 2078 -6 16666 5552 -6 31888 
14999 9998 14999 15001 -1 -1 14999 14999 

49997 1039 2078 -6 16666 5552 -6 31888 
22499 9998 14999 15001 -1 -1 14999 14999 

12497 1039 26039 -6 16666 5552 -6 31888 
61249 4998 14999 15001 34999 -1 7498 14999 

31248 1039 26039 -6 16666 5552 -6 31888 
50624 4998 14999 15001 34999 -1 7498 14999 

65624 1039 26039 -6 16666 5552 -6 31888 
35312 4998 14999 15001 34999 -1 7498 14999 

65624 1039 26039 -6 16666 5552 -4 31888 
35312 4998 7498 15001 34999 -1 7498 14999 

65624 1039 26039 -6 16666 2775 12498 31888 
35312 4998 43749 15001 34999 -1 7498 7498 

657 4 5850 287 240 293 45 1972 
1211 10311 1589 115 290 2185 115 1716 

161 4 5850 142 240 25072 4176 1972 
30302 5154 793 56 290 2185 115 5428 

161 4 5850 142 240 25072 13451 1972 
30302 5154 793 56 290 2185 115 52714 

5671 7027 4894 4164 118 4249 4894 487 
3767 30473 22 1561 2516 6384 5 6587 

5671 7027 4894 4164 50059 4249 4894 487 
3767 30473 22 1561 11258 6384 5 6587 

5671 7027 4894 4164 25028 4249 4894 487 
3767 30473 22 1561 5628 6384 5 6587 

773 7027 248 1009 374 954 1954 120 
1882 8807 8750 1345 6600 9573 0 6645 

25386 53513 248 25504 374 954 1954 120 
1882 8807 8750 1345 6600 17393 0 18322 

-2 -2 -4 75 -2 -2 -4 -2 
-1 -1 -1 -1 -1 -1 -1 -1 

-2 -2 -4 75 -2 49999 -4 -2 
-1 -1 -1 -1 -1 9999 -1 -1 

974 15937 1866 17028 29485 2262 9497 549 
1526 16835 310 9998 15623 11249 18748 2341 

-2 -2 -2 -2 -2 -3 -2 -2 
-1 -1 -1 -1 -1 -1 -1 -1 

-2 -2 -2 -2 -2 37498 -2 -2 
-1 -1 -1 -1 -1 14999 -1 -1 

14667 5665 34207 47079 1662 16422 25681 15945 
16561 17132 1287 24480 18444 468 12147 35133 

14667 34082 34207 73539 1662 45711 37840 15945 
28280 17132 1287 22240 24222 468 12147 42566 

-2 -2 -2 -2 -2 -2 -2 -2 
-1 -1 -1 -1 -1 -1 -1 -1 

-2 -5 22916 -4 17856 6247 -2 -3 
-1 9999 11873 -1 -1 -1 12498 -1 

24997 12262 9110 355 28595 301 -2 15423 
10702 11874 255 25937 -1 9999 2029 1873 

24997 12262 4554 355 28595 301 -2 15423 
10702 11874 126 25937 -1 9999 2029 1873 

24997 12262 15372 355 30964 25150 -2 23620 
10702 11874 62531 25937 -1 9999 51014 30936 

24997 6130 18127 355 7739 15661 -2 23620 
10702 5936 15631 25937 -1 9999 12752 42734 

-6 -3 -3 -2 -2 -2 -3 -5 
-1 -1 -1 -1 -1 -1 -1 -1 

-4 -7 -6 -4 -7 -6 -6 -7 
-1 -1 -1 -1 -1 -1 -1 17 

3331 -7 -6 -4 4163 -6 7139 6246 
-1 -1 14999 14999 -1 -1 -1 10008 

4790 -7 -9 -11 2074 -5 7139 3119 
-1 -1 14999 14999 -1 -1 9999 5003 

4790 -7 -9 -11 26037 -5 7139 3119 
-1 -1 14999 14999 9999 -1 9999 5003 

4790 -7 -9 -11 38018 -5 7139 3119 
-1 -1 14999 14999 19999 -1 9999 5003 

4790 -7 -9 -11 43254 -5 3567 30726 
-1 -1 14999 14999 57499 -1 9999 12501 

4790 -7 -9 -11 34127 -5 51783 30726 
9999 -1 14999 14999 43749 -1 9999 12501 

4790 -7 -9 -11 42063 -5 51783 30726 
9999 -1 14999 14999 31874 -1 9999 12501 

4790 -7 -9 -11 42063 -3 51783 30726 
9999 -1 14999 14999 31874 -1 4998 12501 

4790 -7 -9 18746 21030 24998 51783 30726 
4998 -1 14999 14999 30937 -1 37499 12501 

118 -20 2259 157 330 6900 6463 928 
76 -1 232 232 6365 154 84 20780 

58 -12 13061 76 330 22200 6463 928 
25038 14999 115 115 3181 76 84 20780 

58 -12 16530 76 33498 22200 6463 928 
25038 27499 115 40057 3181 76 84 20780 

-1 -4 21537 11141 518 2426 399 110 
13129 13436 5 154 10723 2 10004 1572 

-1 -4 48268 11141 518 2426 399 110 
13129 13436 5 15077 10723 2 10004 1572 

-1 -4 24133 11141 518 2426 399 110 
13129 13436 5 7537 10723 2 10004 1572 

-2 -3 -2 -2 -2 -2 -2 -2 
-1 -1 -1 -1 -1 -1 -1 -1 

-2 87 -2 504 113 659 40 293 
2498 4998 4998 7498 4373 3748 3748 -1 

-2 87 16665 504 113 18913 40 293 
2498 4998 8748 7498 12186 3748 3748 -1 

-2 -2 -2 -2 -2 -2 -2 -2 
-1 -1 -1 -1 -1 -1 -1 -1 

-2 49999 -2 -2 -2 -2 -2 -2 
-1 -1 9999 -1 -1 -1 -1 -1 

9721 38068 24999 6727 6249 -4 18456 12495 
41249 49999 22499 -1 34999 17499 50936 -1 

-2 -2 -2 -2 -2 -2 -2 -2 
-1 -1 -1 -1 -1 -1 -1 -1 

-2 -2 -2 -2 37499 -2 -2 -2 
-1 -1 -1 -1 14999 -1 -1 -1 

22654 7518 5019 16925 3431 20270 14350 298 
9998 9656 35820 5684 18222 32775 2498 20765 

22654 37092 5019 62740 3431 20270 14350 298 
24999 29828 35820 32842 18222 32775 16249 20765 

-2 -2 -2 -2 -2 -2 -2 -2 
-1 -1 -1 -1 -1 -1 -1 -1 

-2 -2 -6 11976 4997 -5 -2 -2 
-1 18749 -1 -1 -1 -1 -1 4998 

-4 -3 1558 4731 396 32290 -2 12080 
-1 1082 -1 -1 -1 6873 9999 10086 

-4 -3 1558 4731 396 32290 -2 6039 
-1 1082 -1 -1 -1 6873 9999 10086 

14283 -3 18279 4731 396 32290 -2 15519 
-1 1082 -1 67499 34999 6873 9999 10086 

7140 -3 9138 4731 197 32290 -2 36330 
-1 1082 -1 36873 17498 3435 9999 10086 

-7 -3 -3 -4 -2 -10 -2 -4 
-1 -1 -1 -1 -1 -1 -1 -1 

-2 -2 -2 -2 -3 -2 -2 -3 
-1 -1 -1 -1 -1 -1 -1 -1 

30 -3 -8 27 -6 -4 10 -9 
22 -1 -1 27 -1 -1 -1 -1 

30 -3 -8 8346 -6 -4 4550 -5 
10011 -1 -1 27 -1 -1 9999 -1 

14 -7 -8 7636 -6 -4 1120 -4 
5004 -1 -1 12 -1 -1 12499 -1 

33340 -7 -8 7636 -6 -4 1120 -4 
22502 -1 -1 12 -1 -1 12499 -1 

41670 -7 -8 7636 -6 -4 1120 -4 
26251 -1 -1 12 -1 -1 12499 -1 

43335 -3 17853 3817 -6 12498 559 -4 
58125 -1 -1 35002 24999 -1 6248 -1 

38334 -3 17853 3817 -6 12498 559 -4 
49062 -1 -1 35002 24999 -1 6248 -1 

69167 -3 17853 3817 -6 12498 559 -4 
34531 -1 -1 35002 24999 -1 6248 -1 

34582 -3 17853 3817 -6 12498 559 -4 
17264 -1 -1 35002 24999 -1 6248 -1 

17290 -3 42259 3817 -6 6248 25279 -4 
28632 -1 -1 35002 21248 -1 6248 -1 

-50 -35 -22 -1 1831 -33 2687 -27 
2 0 -1 271 3 9999 9999 76 

-50 -20 -22 -1 453 -18 2687 -27 
2 0 -1 271 0 9999 9999 17 

-50 -20 -22 -1 12726 -18 2687 -27 
2 0 -1 271 0 9999 9999 70008 

-7 27981 5018 8330 790 1559 862 17705 
-1 19999 2498 5116 18749 2498 310 1267 

-7 27981 5018 8330 790 1559 862 17705 
-1 19999 2498 5116 18749 2498 310 1267 

-7 27981 5018 8330 394 1559 862 17705 
-1 19999 1248 5116 18749 2498 310 1267 

423 2115 1134 8330 97 1030 300 9319 
3748 9998 623 5116 4685 15624 7537 1267 

25211 2115 1134 29165 50048 1030 300 9319 
3748 19999 623 5116 16171 15624 7537 1267 

-2 -3 -2 -2 -3 -2 -4 -2 
-1 -1 -1 -1 -1 -1 -1 -1 

-2 -3 -2 -2 -3 -2 -4 -2 
-1 -1 -1 -1 -1 -1 -1 -1 

3564 27677 -2 10713 64359 -3 1802 3123 
12498 -1 13123 -1 -1 5310 5310 4998 

-2 -2 -2 -2 -2 -3 -2 -2 
-1 -1 -1 -1 -1 -1 -1 -1 

-2 -2 37499 -2 -2 -3 -2 -2 
-1 -1 -1 -1 -1 -1 -1 14999 

2332 752 6248 5777 38628 6273 18436 578 
4402 16251 3046 1908 20644 11404 32499 7152 

2332 33709 34894 5777 38628 6273 18436 578 
4402 16251 3046 1908 30322 11404 36249 3575 

-2 -2 -2 -3 -2 -2 -3 -2 
-1 -1 -1 -1 -1 -1 -1 -1 

-2 -2 -2 9996 6246 3122 4998 14998 
19999 -1 -1 4998 -1 12498 -1 17499 

-9 9372 -5 211 18586 19139 73 4793 
10311 623 -1 5642 1248 1638 -1 13045 

-5 9372 -5 211 18586 19139 73 4793 
10311 623 -1 5642 1248 818 -1 13045 

12928 9372 -5 211 18586 9568 73 4793 
10311 623 -1 5642 1248 75409 -1 13045 

15731 9372 -3 104 18586 4783 73 4793 
10311 310 -1 2820 1248 87704 -1 13045 

4997 -2 3120 7140 -2 -3 -2 -2 
-1 -1 310 2498 -1 2498 -1 -1 

-2 -3 -2 -2 -3 -2 -2 6248 
-1 -1 -1 2498 -1 -1 -1 -1 

-4 61 1037 -8 -3 -5 -7 18 
-1 -1 -1 0 623 -1 -1 -1 

-4 61 6768 -8 3569 8330 -7 18 
-1 9999 -1 0 10311 -1 9999 -1 

-4 12 26688 -6 878 2073 -8 1 
-1 623 -1 -1 5154 9999 1248 -1 

-4 12 26688 -6 50439 2073 -8 1 
-1 623 -1 -1 12577 9999 1248 -1 

-4 12 26688 -6 50439 2073 -5 1 
-1 623 -1 -1 12577 9999 1248 -1 

-4 25006 26688 24997 50439 1034 24997 1 
19999 623 -1 49999 12577 24999 623 -1 

-4 25006 26688 24997 50439 1034 31248 1 
19999 623 -1 39999 12577 24999 623 -1 

-4 25006 26688 24997 50439 1034 15623 1 
19999 623 -1 19998 12577 24999 623 -1 

-4 25006 26688 24997 50439 1034 7810 1 
19999 623 -1 9998 12577 24999 623 -1 

-4 12502 26688 12497 50439 516 28905 1 
9998 623 -1 39999 12577 12498 310 -1 

-15 603 3833 -2 752 6968 190 4151 
12 37 11249 5623 15030 193 37 10252 

-15 603 3833 -4 373 32892 190 1035 
12 17 5623 16404 42515 95 37 10252 

-15 603 3833 -4 373 28946 190 1035 
12 17 5623 16404 91257 95 37 10252 

3122 5831 17144 -4 20773 3613 7 3152 
1873 9999 11405 10255 8826 10005 2 2658 

3122 5831 17144 49998 20773 3613 7 3152 
1873 9999 11405 15127 8826 10005 2 2658 

3122 5831 17144 24998 20773 3613 7 3152 
1873 9999 11405 7562 8826 10005 2 2658 

-2 -2 -2 -2 -2 -2 -2 -2 
-1 -1 -1 -1 -1 -1 -1 -1 

105 154 -2 -2 399 494 -2 166 
7498 -1 -1 4998 -1 -1 4998 3748 

105 154 16665 37499 399 246 -2 166 
7498 14999 -1 4998 9999 -1 4998 3748 

105 154 16665 37499 399 246 -2 166 
7498 14999 -1 4998 9999 -1 4998 3748 

12992 9076 7307 10777 58 22247 5734 1165 
10148 7615 2947 22655 54999 10447 10497 1931 

-2 -2 -3 -2 -2 -2 -2 -4 
-1 -1 -1 -1 -1 -1 -1 -1 

-2 33332 -3 -2 -2 -2 -2 -4 
-1 -1 -1 -1 -1 -1 -1 19999 

9363 1550 4848 1965 17504 2051 4821 953 
9775 11606 7506 872 21056 85475 11585 13287 

9363 1550 4848 25982 17504 2051 39910 30476 
9775 11606 33753 872 21056 57737 20792 13287 

-2 -3 -3 -2 -2 -3 -2 -2 
-1 -1 -1 -1 -1 -1 -1 -1 

-2 -3 18748 2496 -2 -5 9998 14999 
-1 -1 -1 6248 19999 -1 1873 9998 

-6 -2 579 8641 -2 3120 27029 7174 
14999 12498 2498 10047 310 -1 317 623 

-4 -2 579 8641 -2 3120 27029 7174 
7498 12498 2498 10047 310 -1 317 623 

18101 -2 579 17956 -2 3120 27029 7174 
108749 12498 2498 10047 310 -1 317 30311 

37621 -2 288 8977 -2 3120 27029 7174 
94374 12498 2498 10047 310 -1 317 7576 

-4 -4 216 -3 -3 -3 -3 -4 
-1 -1 -1 -1 154 -1 -1 -1 

-2 -2 -3 -2 -3 -2 -2 -2 
-1 -1 -1 -1 -1 -1 -1 -1 

-5 -4 -3 -5 -6 -3 -10 -4 
-1 -1 0 -1 -1 -1 -1 -1 

-5 -4 -3 -3 9997 -3 6245 -4 
-1 9999 0 -1 -1 -1 -1 14999 

-12 -4 -3 -3 9997 4543 6455 -4 
-1 4998 10000 -1 9999 -1 -1 14999 

-12 49998 -3 -3 9997 4543 6455 -4 
-1 12499 10000 -1 9999 -1 -1 14999 

-12 49999 -3 -3 9997 4543 6455 -4 
-1 21249 10000 -1 9999 -1 -1 14999 

-12 44999 -2 -3 38331 4543 6455 -4 
-1 50624 10000 -1 9999 19999 -1 14999 

-12 59999 -2 -3 38331 4543 6455 -4 
-1 40312 10000 -1 9999 19999 -1 14999 

-12 67499 -2 -3 38331 4543 6455 -4 
-1 35156 10000 -1 9999 19999 -1 14999 

-7 67499 -2 -3 38331 4543 6455 -4 
-1 35156 10000 -1 9999 19999 -1 14999 

28567 33748 -2 -3 38331 2270 3226 -4 
39999 35156 10000 -1 4998 9998 -1 7498 

20019 5173 -37 -45 1171 18 -10 11 
701 35033 2654 -1 779 623 1248 232 

10006 5173 -37 24977 583 1 -10 11 
349 35033 662 -1 779 623 1248 45116 

38336 5173 -37 27488 583 1 -10 11 
349 35033 20331 -1 779 623 1248 82558 

6491 1291 4163 1382 284 4944 -6 307 
19 13757 1253 4060 46 76 76 3143 

6491 1291 4163 25691 284 4944 -6 307 
19 13757 1253 4060 46 76 76 11571 

3244 1291 4163 25691 284 4944 -6 307 
19 13757 1253 2029 46 76 76 11571 

-2 -2 -2 -2 -2 -2 -2 -2 
-1 -1 -1 -1 -1 -1 -1 -1 

-2 -2 -2 -2 -105 489 42 -2 
2498 623 -1 -1 -1 -1 -1 -1 

-2 -2 -2 -2 -53 489 42 49999 
2498 15311 -1 -1 7498 -1 -1 -1 

49999 -2 -2 -2 -53 489 42 49999 
11249 15311 -1 -1 7498 -1 -1 -1 

11127 11506 10308 1931 16659 8393 42 8592 
31327 11326 -1 -1 23437 3748 19999 14686 

-2 -2 -2 -2 -2 -2 -2 -2 
-1 -1 -1 -1 -1 -1 -1 -1 

-2 -2 -2 -2 37499 -2 -2 -2 
-1 14999 -1 -1 -1 -1 -1 -1 

15010 15023 10074 494 4083 17517 17326 2983 
33451 48566 4847 4070 6833 16254 38124 6877 

15010 15023 42537 494 39541 40008 17326 26491 
41725 48566 23711 4070 6833 16254 34062 6877 

-2 -3 -2 -5 -2 -4 -2 -2 
-1 -1 -1 -1 -1 -1 -1 -1 

-2 11108 -4 12497 -2 -3 -2 18226 
-1 4998 4998 -1 -1 -1 9999 9999 

6247 3460 11326 3120 -5 -4 -4 10528 
115 4881 9378 -1 7498 -1 5311 5623 

3122 3460 11326 3120 -5 -4 -4 10528 
115 4881 9378 -1 7498 -1 2654 5623 

19894 3460 11326 3120 -5 12498 -4 10528 
115 22440 9378 -1 7498 -1 111327 5623 

34947 3460 5662 3120 -5 6248 -3 5263 
115 11219 9378 -1 7498 -1 100663 701 

-2 -3 -3 -3 -5 252 -11 -4 
-1 115 -1 -1 -1 154 -1 -1 

-2 -2 -2 -2 -2 -2 -2 -2 
-1 -1 -1 -1 -1 -1 -1 -1 

1 69 -8 -10 18 -10 -2 -6 
-1 56 -1 8 -1 -1 -1 -1 

1 6284 -5 -10 18 16920 -2 7139 
-1 10028 9999 8 14999 7498 -1 -1 

1 4695 -17 -10 18 16920 -2 3563 
-1 10028 12499 3 14999 7498 -1 -1 

1 4695 -17 -10 18 16920 -2 35114 
-1 10028 12499 3 14999 7498 -1 19999 

1 4695 -17 -10 18 16920 -2 67557 
-1 10028 12499 3 14999 7498 -1 19999 

1 4695 -17 -6 18 39710 -2 53222 
-1 10028 31249 3 14999 7498 -1 44999 

1 4695 -17 -6 18 39710 -2 51611 
-1 10028 31249 3 14999 7498 -1 42499 

1 4695 -17 -6 18 39710 -2 50805 
-1 10028 31249 3 14999 7498 -1 41249 

1 4695 -17 -6 18 39710 -2 25401 
-1 10028 31249 3 14999 7498 -1 20623 

1 4695 -9 24997 18 19854 -2 46033 
-1 10028 7810 3 14999 7498 29999 30311 

-35 374 646 5805 -1 -14 73 1274 
76 10101 2620 10311 271 0 232 2513 

-35 374 646 2901 -3 -7 73 634 
76 10101 1309 10311 66 0 115 1255 

-35 374 646 2901 33331 -7 73 10661 
76 10101 20654 10311 60033 0 115 1255 

-7 185 3140 8838 2080 411 5006 1765 
37 11252 3143 2576 3124 1091 0 10312 

-7 185 3140 8838 2080 411 5006 1765 
37 11252 3143 2576 3124 1091 0 10312 

-7 185 1569 8838 2080 411 5006 1765 
17 11252 3143 2576 3124 1091 0 10312 

-7 91 783 4418 1039 49 684 1765 
7 11252 784 2576 2889 1316 0 5155 

49998 91 783 4418 1039 49 684 1765 
7 11252 15392 2576 16444 1316 0 5155 

-2 -2 -2 -2 -2 -2 -2 -2 
-1 -1 -1 -1 -1 -1 -1 -1 

-2 -2 -2 -2 -2 -2 -2 -2 
-1 -1 -1 -1 -1 -1 -1 -1 

9847 7402 8591 -2 22900 -8 34895 22916 
19999 22498 14999 18749 7498 24999 -1 43124 

-2 -2 -4 -2 -2 -3 -2 -2 
-1 -1 -1 -1 -1 -1 -1 -1 

24999 -2 -4 -2 -2 -3 -2 -2 
-1 -1 -1 -1 -1 -1 19999 -1 

15221 15503 15954 7736 10931 10422 19108 31684 
14327 17877 16567 32100 29531 10376 623 16484 

40943 15503 45477 7736 10931 10422 19108 49175 
14327 28938 28283 32100 29531 10376 623 23242 

-2 -2 -2 -2 -2 -2 -2 -2 
-1 -1 -1 -1 -1 -1 -1 -1 

-4 20832 7810 4996 -3 -2 -5 -2 
4998 -1 -1 -1 -1 -1 -1 31249 

2675 8980 1423 620 -3 16664 9384 12497 
623 2967 -1 -1 623 -1 9999 22362 

2675 8980 1423 620 -3 16664 9384 6247 
623 1482 -1 -1 623 -1 9999 22362 

2675 8980 1423 620 -3 16664 30471 20980 
623 67870 29999 -1 623 -1 9999 22362 

2675 8980 1423 309 -3 8331 7616 35490 
623 34466 14998 -1 623 -1 4998 22362 

-5 -4 -6 -2 -4 -7 -3 -4 
-1 -1 -1 -1 -1 -1 -1 -1 

-2 30 -2 -4 -6 -2 66 -9 
-1 -1 -1 154 -1 -1 -1 212 

-2 30 -2 -4 7139 -2 4578 6813 
-1 -1 -1 17538 -1 -1 9999 212 

-13 -5 -4 -4 1780 5554 2280 6813 
-1 -1 -1 1094 9999 -1 1248 105 

-13 -5 -4 -4 50890 5554 2280 6813 
-1 -1 9999 1094 9999 -1 1248 105 

-13 -5 -4 -4 50445 5554 2280 6813 
-1 -1 14999 1094 9999 -1 1248 105 

-13 -5 -4 24998 48027 5554 2280 3404 
-1 -1 32499 1094 9999 -1 26405 105 

-13 -5 -4 62499 33104 5554 2280 3404 
-1 9999 36249 1094 9999 -1 26405 105 

-13 -5 -4 62499 16551 5554 2280 3404 
-1 9999 18123 1094 9999 -1 26405 105 

-13 -5 -4 62499 8274 5554 2280 3404 
-1 9999 9060 1094 9999 -1 26405 105 

-13 -5 -4 56249 41651 5554 2280 18368 
-1 29999 39530 1094 9999 -1 23300 105 

-32 2577 -22 30 -13 -18 -13 2500 
66 -1 393 -1 1252 9999 0 1 

-12 2577 -22 30 -13 -18 -8 623 
32 -1 393 -1 1252 2498 0 1 

10477 2577 -22 30 -13 -18 -8 623 
32 -1 393 -1 1252 66249 0 1 

931 4245 385 -3 -5 25310 -4 26268 
0 2498 1272 -1 154 11014 -1 7811 

931 4245 385 37498 -5 25310 -4 26268 
0 16249 1272 -1 154 11014 -1 7811 

931 4245 385 18748 -5 25310 -4 26268 
0 8123 1272 -1 154 11014 -1 7811 

-2 -2 -3 -2 -2 -2 -2 -2 
-1 -1 -1 -1 -1 -1 -1 -1 

-2 -2 375 -2 61 -2 426 -2 
-1 -1 -1 2498 1248 -1 3748 -1 

-2 -2 25187 -2 61 -2 25213 -2 
-1 -1 17499 2498 1248 -1 3748 -1 

-3 -2 -2 -2 -2 -2 -2 -2 
-1 -1 -1 -1 -1 -1 -1 -1 

-3 -2 -2 -2 -2 -2 -2 49999 
-1 9999 -1 -1 -1 -1 -1 -1 

26703 1594 3119 11110 9771 8121 2853 30790 
33749 5271 18748 3748 32499 9373 6873 9999 

-2 -2 -2 -5 -2 -2 -3 -2 
-1 -1 -1 -1 -1 -1 -1 -1 

-2 37499 -2 -5 -2 -2 -3 -2 
-1 -1 -1 -1 -1 14999 -1 -1 

13433 2161 5029 24179 24219 11957 8468 25502 
12811 0 22716 3734 27506 9164 16874 8046 

59608 2161 5029 24179 24219 37228 8468 25502 
12811 15000 22716 3734 27506 9164 33437 8046 

-2 -2 -2 -2 -2 -2 -2 -2 
-1 -1 -1 -1 -1 -1 -1 -1 

-5 -3 3119 -7 -2 9999 -3 -2 
14998 -1 -1 -1 19999 -1 -1 -1 

-2 49994 5878 1818 49998 1246 -3 -4 
6873 14999 -1 -1 623 76 1873 232 

-2 49994 2938 1818 49998 1246 -3 -4 
3435 14999 -1 -1 623 76 1873 232 

11665 49994 19524 1818 49998 1246 18748 -4 
66717 14999 -1 -1 35311 76 1873 30116 

11665 49994 19524 1818 24998 622 18748 -3 
66717 14999 -1 -1 31326 76 1873 30116 

-3 -2 -3 -4 -2 -2 8 -3 
-1 -1 -1 -1 2 -1 -1 -1 

-3 -2 -2 -3 -2 -4 -2 -2 
-1 -1 -1 -1 -1 -1 -1 -1 

-8 11 -8 -4 -6 -7 -6 9 
120 -1 -1 -1 -1 -1 -1 -1 

1663 11 -8 5553 -6 -7 -6 9 
120 9999 -1 -1 -1 -1 -1 9999 

408 11 -8 2077 3842 -10 3568 9 
120 4998 9999 -1 -1 -1 -1 13124 

408 33338 -8 2077 3842 -10 3568 9 
120 4998 24999 -1 -1 -1 -1 13124 

408 54169 -8 2077 3842 -10 3568 9 
120 4998 27499 -1 -1 -1 -1 13124 

408 52084 -8 22467 22754 37498 26784 9 
25060 21249 43749 29999 -1 24999 -1 13124 

408 52084 -8 22467 22754 52082 26784 9 
25060 30624 43749 29999 -1 24999 -1 13124 

408 52084 -8 22467 22754 63541 26784 9 
25060 30312 43749 29999 -1 24999 -1 13124 

408 52084 -8 22467 22754 31769 26784 9 
25060 15155 43749 29999 -1 24999 -1 13124 

408 13019 -8 22467 31377 51097 26784 3 
26264 42577 43749 17498 -1 24999 -1 13124 

-27 69 -14 2220 6205 -55 3409 -36 
82 2502 83 0 623 1248 9999 5009 

-10 14 28118 1108 6205 -55 3409 -36 
40 2502 40 0 310 623 9999 23751 

33328 14 24403 1108 6205 -55 3409 -36 
40 2502 40 0 310 623 9999 55937 

4163 -4 1521 14380 1753 520 2522 -13 
0 311 5001 4998 3280 37 310 5420 

4163 -4 1521 14380 1753 520 2522 -13 
0 311 5001 4998 3280 37 310 5420 

4163 -4 1521 14380 1753 520 2522 -7 
0 154 5001 4998 3280 37 310 5420 

4163 -3 756 667 57 40 1598 -4 
-1 2517 6249 4998 2908 5008 15038 3176 

27081 -3 756 25333 57 50020 1598 -4 
9999 2517 6249 4998 2908 17504 15038 11588 

-2 -2 -2 -2 -2 -2 -3 -2 
-1 -1 -1 -1 -1 -1 -1 -1 

-2 -2 -2 -2 -2 -2 -3 -2 
-1 -1 -1 -1 -1 -1 -1 -1 

13864 1996 5732 8312 4036 27381 32779 21005 
8748 25312 3748 8904 10428 4588 30624 9686 

-2 -3 -2 -2 -3 -2 -2 -2 
-1 -1 -1 -1 -1 -1 -1 -1 

-2 -3 -2 -2 -3 -2 -2 37499 
-1 -1 -1 -1 -1 14999 -1 -1 

16416 29765 2311 6194 7255 10493 6027 184 
11727 5057 11251 4470 40470 6536 468 36079 

16416 29765 19905 40597 7255 38579 6027 91 
11727 5057 11251 4470 17557 6536 468 33039 

-2 -2 -2 -2 -2 -2 -2 -2 
-1 -1 -1 -1 -1 -1 -1 -1 

7497 12497 -2 -4 -4 16404 9999 6248 
-1 14999 14999 3748 9999 24999 -1 4998 

2244 1361 1386 -4 26040 11765 9579 15034 
-1 3924 3748 3553 623 9373 -1 4304 

2244 1361 1386 -4 26040 5881 9579 15034 
-1 3924 3748 3553 623 4685 -1 4304 

2244 1361 1386 -4 13019 13357 9579 15034 
-1 3924 3748 3553 623 52342 -1 4304 

2244 1361 1386 -4 6508 31678 9579 3757 
-1 3924 3748 3553 310 35584 -1 4304 

-4 -5 -2 -4 -3 -3 2078 -2 
-1 -1 -1 -1 -1 -1 -1 2498 

-2 -2 -2 -2 -2 -2 -2 -2 
-1 -1 -1 -1 -1 -1 -1 -1 

-1 -10 -8 -5 -8 -4 -1 -6 
-1 17 -1 -1 7 -1 -1 -1 

-1 -10 -5 -5 8329 -4 4166 -6 
-1 17 -1 -1 15003 -1 9999 -1 

-1 -10 -9 -5 4158 2774 2074 -6 
-1 17 -1 -1 7500 9999 2498 -1 

-1 -10 -9 -5 4158 34720 2074 -6 
-1 17 19999 -1 7500 9999 2498 -1 

-1 -10 -9 -5 4158 67360 2074 -6 
-1 17 19999 -1 7500 9999 2498 -1 

-1 29161 -9 -5 2077 55902 2074 -6 
-1 17 49999 -1 7500 9999 35624 -1 

-1 29161 -9 -5 2077 65451 2074 -6 
-1 17 39999 -1 7500 9999 35624 -1 

-1 29161 -9 -5 2077 70225 2074 -6 
-1 17 34999 -1 7500 9999 35624 -1 

-1 29161 -9 -5 2077 35111 2074 -6 
-1 17 17498 -1 7500 9999 35624 -1 

-1 7288 -9 -5 26038 45333 2074 -6 
-1 17 58749 -1 7500 9999 23905 -1 

6847 3277 -29 366 789 667 731 496 
7 25001 6170 -1 1306 1248 1370 31249 

12425 16443 -15 9812 392 667 731 244 
12499 11873 16542 -1 652 1248 1370 31249 

12425 16443 -15 15389 392 667 731 244 
12499 70936 16542 -1 652 1248 1370 31249 

189 2051 4555 18442 4801 37 5221 8337 
5779 5431 256 2498 859 2685 15085 7810 

189 2051 4555 18442 4801 37 5221 8337 
5779 5431 256 2498 859 2685 15085 7810 

189 2051 4555 18442 2399 37 5221 8337 
2888 5431 256 2498 859 2685 15085 7810 

26 971 105 9117 3 389 98 2082 
1443 677 7514 154 116 2362 4368 1057 

26 971 105 4557 37501 389 25049 2082 
1443 15338 9377 154 116 2362 4368 1057 

-2 -2 -3 -2 -2 -2 -3 -2 
-1 -1 -1 -1 -1 -1 -1 -1 

-2 -2 -3 -2 -2 -2 -3 -2 
-1 -1 -1 -1 -1 -1 -1 -1 

6244 7783 2675 2495 17681 7109 2736 4373 
6248 10623 3748 3123 7420 -1 12498 6013 

-2 -2 -2 -3 -2 -2 -2 -2 
-1 -1 -1 -1 -1 -1 -1 -1 

-2 37499 -2 -3 -2 -2 -2 -2 
-1 -1 -1 14999 -1 -1 -1 -1 

8810 19018 6436 9737 20855 12957 6044 10021 
2522 3821 16762 23119 48947 11689 22694 11380 

8810 47009 6436 35767 35427 12957 28022 10021 
21261 3821 16762 26559 48947 25844 11346 25690 

-2 -2 -2 -2 -2 -2 -2 -2 
-1 -1 -1 -1 -1 -1 -1 -1 

-4 7140 29166 -3 -3 -2 -3 12499 
19999 9999 -1 24999 -1 -1 -1 -1 

12498 8033 613 -3 3950 13392 -4 384 
2498 1560 -1 13123 -1 16249 5936 -1 

12498 4015 613 -3 3950 13392 -4 384 
2498 1560 -1 13123 -1 16249 2967 -1 

12498 25624 613 15623 3950 13392 -4 384 
2498 1560 -1 13123 -1 33124 71483 29999 

6248 16821 305 39061 1974 13392 -4 384 
2498 779 -1 13123 -1 41562 30369 14998 

-3 -2 -4 -6 -4 -5 -2 -4 
-1 -1 -1 -1 -1 -1 -1 -1 

-2 -2 -2 -2 -2 -2 -2 -3 
-1 -1 -1 -1 -1 -1 -1 -1 

-5 -8 -13 252 -6 -5 -3 -7 
-1 -1 -1 -1 -1 -1 -1 -1 

-5 16662 -13 252 -6 -5 6248 4684 
14999 14999 -1 9999 -1 -1 -1 -1 

-13 8320 -13 252 -10 948 7290 2341 
7498 14999 2498 12499 -1 -1 -1 -1 

-13 8320 -13 25126 -10 948 7290 2341 
7498 14999 21249 12499 -1 -1 -1 -1 

-13 8320 -13 37563 -10 948 7290 2341 
7498 14999 25624 12499 -1 -1 -1 -1 

-8 34160 -7 42724 31246 948 7290 2341 
26874 14999 42812 12499 -1 29999 -1 19999 

-8 34160 -7 42724 31246 25474 7290 2341 
26874 17499 42812 12499 -1 29999 -1 19999 

-8 34160 -7 42724 31246 50237 7290 2341 
26874 23749 42812 12499 -1 29999 -1 19999 

-8 34160 -7 42724 31246 25117 7290 2341 
26874 11873 42812 12499 -1 29999 -1 19999 

24996 34160 -7 21361 15622 42558 28645 2341 
26874 17967 42812 41249 4998 29999 -1 19999 

4341 1242 7 105 1768 128 15610 -37 
417 2559 692 10006 8 652 -1 7654 

4341 1242 0 51 1768 63 9733 24990 
417 2559 692 10006 8749 325 9999 11913 

4341 1242 0 51 1768 63 15350 24990 
417 2559 692 10006 69374 325 9999 11913 

1083 5308 776 52413 9905 25025 2519 1558 
11 13476 8 4451 7791 10009 3123 1487 

1083 5308 776 52413 9905 25025 2519 1558 
11 13476 8 4451 7791 10009 3123 1487 

1083 5308 387 52413 9905 25025 2519 1558 
11 13476 8 4451 7791 5003 3123 1487 

-2 -2 -3 -2 -2 -3 -2 -3 
-1 -1 -1 -1 -1 -1 -1 -1 

666 47 -2 360 34 104 -2 67 
14999 232 9999 4373 2498 -1 3748 -1 

25333 47 -2 360 34 104 -2 25033 
14999 232 9999 4373 2498 9999 3748 14999 

25333 47 -2 360 34 104 -2 25033 
14999 232 9999 4373 2498 9999 3748 14999 

1662 1111 1377 7750 307 8337 9060 5681 
20936 12813 19998 1628 1953 1685 5838 832 

-2 -2 -2 -2 -3 -3 -3 -2 
-1 -1 -1 -1 -1 -1 -1 -1 

-2 -2 -2 -2 -3 -3 -3 33332 
-1 -1 19999 -1 -1 -1 -1 -1 

3735 15046 4456 1 12869 27244 4810 19621 
11873 47739 16405 23395 9322 12440 0 10481 

3735 15046 4456 37500 12869 27244 31571 9809 
20936 47739 43202 23395 9322 12440 0 5239 

-3 -2 -2 -2 -2 -2 -2 -2 
-1 -1 -1 -1 -1 -1 -1 -1 

-3 7288 -5 -3 -3 -5 -2 3568 
19999 -1 -1 -1 9999 -1 14998 -1 

8642 528 24999 10203 3219 -4 -4 52 
4373 9999 2498 9999 10155 2810 857 9998 

8642 528 12498 10203 3219 -4 -4 52 
4373 9999 2498 4998 10155 2810 857 9998 

4320 528 19406 10203 3219 -4 15623 52 
2185 9999 2498 52499 10155 2810 857 54999 

2159 263 34703 10203 3219 -4 7810 52 
1091 9999 2498 38123 10155 2810 857 27498 

-6 -2 -3 -5 -4 -5 -2 -2 
-1 -1 -1 -1 -1 -1 -1 -1 

-2 -2 -2 -2 -3 -2 -2 -2 
-1 -1 -1 -1 -1 -1 -1 -1 

-6 -12 -2 -3 -7 -4 8 -9 
-1 -1 -1 -1 17 -1 2 -1 

-6 2880 4686 -3 -7 5553 8 -9 
14999 -1 7498 -1 17 -1 10001 -1 

-15 1433 6888 -6 -4 6943 3 -9 
7498 -1 7498 -1 17 9999 15000 -1 

-15 1433 6888 24997 -4 6943 3 -9 
7498 -1 7498 -1 17 9999 27500 -1 

-15 1433 6888 29165 -4 6943 3 -9 
7498 -1 7498 -1 17 9999 23750 -1 

-15 1433 6888 15622 24998 6943 37500 -9 
7498 -1 7498 39999 17 9999 41875 14999 

-15 1433 6888 33072 24998 6943 37500 -9 
7498 9999 7498 39999 17 9999 40937 14999 

-15 1433 6888 66536 24998 6943 37500 -9 
7498 9999 7498 39999 17 9999 30468 14999 

-15 1433 6888 33267 24998 6943 37500 -9 
7498 9999 7498 39999 17 9999 15233 14999 

-15 1433 6888 45816 24998 6943 9373 -9 
7498 14999 7498 9998 17 9999 42616 14999 

6227 267 4750 31 52 -25 -39 -15 
10118 2107 630 2 -1 164 0 405 

6227 267 4750 7505 4170 -25 -39 -10 
10118 2107 630 19999 -1 39 0 15202 

6227 267 4750 7505 12568 -25 -39 -10 
10118 2107 630 74999 -1 39 0 15202 

3220 25005 1395 4507 5139 2859 -21 -4 
1263 525 10941 6795 9998 -1 1248 948 

3220 50002 1395 4507 5139 2859 -21 -4 
1263 525 20470 6795 9998 -1 1248 948 

3220 25000 1395 4507 5139 2859 -21 -4 
1263 525 10234 6795 9998 -1 1248 948 

-3 -3 -3 -3 -2 -2 -3 -2 
-1 -1 -1 -1 -1 -1 -1 -1 

124 -2 -3 -3 -2 -2 238 -2 
2498 -1 -1 -1 -1 -1 4998 -1 

124 -2 -3 -2 16665 24999 238 -2 
15624 -1 -1 -1 -1 -1 4998 -1 

-2 -2 -2 -2 -2 -2 -2 -2 
-1 -1 -1 -1 -1 -1 -1 -1 

-2 -2 -2 -2 -2 -2 -2 -2 
-1 -1 -1 -1 -1 -1 -1 -1 

16504 11722 20236 7164 15623 3260 5152 5156 
6873 28280 36874 7498 6248 4295 35936 9686 

16504 11722 20236 7164 15623 3260 5152 40078 
6873 28280 36874 7498 6248 4295 35936 19843 

2012 438 23950 9389 28730 3724 16919 9774 
24999 33906 42507 12598 10358 1427 38866 16884 

63003 33552 23950 9389 28730 3724 16919 38220 
24999 33906 42507 26299 25179 20356 38866 16884 

-2 -2 -2 -2 -4 -3 -2 -2 
-1 -1 -1 -1 -1 -1 -1 -1 

-2 -7 9998 -2 14998 -3 -3 -2 
-1 -1 9998 -1 -1 14999 4998 -1 

-3 3569 2492 24997 465 1000 3568 -2 
1248 -1 310 9999 -1 6873 6248 4998 

-3 3569 2492 24997 465 499 3568 -2 
1248 -1 310 9999 -1 3435 6248 4998 

-3 3569 2492 24997 465 8159 3568 -2 
1248 -1 310 9999 -1 91717 3123 4998 

-3 3569 2492 12497 465 7268 1783 -2 
1248 -1 310 4998 -1 42928 1560 4998 

32 -4 -7 -4 -3 -2 -2 -3 
-1 -1 -1 37 -1 -1 -1 -1 

-8 -5 -3 -7 -5 -5 22 -6 
-1 -1 -1 -1 -1 -1 -1 -1 

7138 20534 -3 -7 -5 -5 22 6247 
9999 -1 9999 9999 14999 -1 -1 -1 

-3 -3 -2 -2 -2 -2 -2 -2 
-1 -1 -1 -1 -1 -1 -1 -1 

-3 -3 -2 -2 -2 -2 -2 24999 
-1 -1 -1 -1 -1 9999 -1 -1 

-3 -3 -2 -2 -2 -2 -2 49999 
-1 -1 -1 -1 -1 19999 -1 -1 

-3 -3 -2 -2 -2 -2 -2 49999 
-1 -1 -1 -1 -1 64999 -1 -1 

33331 -3 -2 -2 -2 -2 -2 49999 
-1 -1 -1 -1 -1 64999 -1 19999 

41665 -3 -2 -2 -2 -2 -2 49999 
-1 -1 -1 -1 -1 64999 -1 19999 

20831 -3 -2 -2 -2 -2 -2 49999 
-1 -1 -1 -1 -1 64999 -1 9998 

17706 -2 -2 -2 -2 -2 -2 24998 
-1 -1 -1 -1 -1 64999 -1 44999 

3562 1271 -3 -11 -5 2938 22 3121 
2498 -1 2498 2498 13749 -1 -1 -1 

8030 25635 -3 -11 -3 2938 22 1558 
1248 -1 623 2498 16874 -1 -1 19999 

14498 25635 -3 -11 -3 2938 22 1558 
1248 -1 623 2498 16874 -1 -1 74999 

2323 6404 -2 -4 4998 799 -1 3219 
154 -1 10037 1326 4607 -1 -1 1169 

2323 6404 -2 -4 4998 799 -1 26609 
154 -1 10037 1326 4607 9999 -1 1169 

2323 6404 -2 -4 4998 799 -1 13303 
154 -1 10037 1326 4607 4998 -1 1169 

-6 130 -12 -14 677 -23 8534 5541 
115 1248 17 -1 10628 862 -1 290 

689 130 -7 -8 167 -12 531 2769 
5027 623 17 -1 1912 862 -1 34 

689 130 -7 -8 33375 -12 531 1383 
5027 623 17 9999 10956 862 -1 16 

-2 -2 -2 -2 -2 -2 -2 -2 
-1 -1 -1 -1 -1 -1 -1 -1 

-2 -2 -2 -2 -2 49999 -2 -2 
-1 -1 -1 -1 -1 -1 9999 -1 

2498 -2 4162 -2 5727 3119 15447 3330 
6873 4685 2498 9998 9998 -1 2498 22498 

-3 -2 -2 -2 -2 -3 -2 -2 
-1 -1 -1 -1 -1 -1 -1 -1 

-3 -2 -2 -2 -2 31248 -2 -2 
-1 -1 -1 -1 24999 -1 -1 -1 

2310 4447 14502 2217 25595 -1 11984 6511 
26482 2035 584 562 33197 2504 24 24824 

2310 4447 40584 2217 59523 -1 55992 6511 
23241 2035 15292 562 36598 26252 24 24824 

-2 -2 -2 -2 -2 -2 -2 -2 
-1 -1 -1 -1 -1 -1 -1 -1 

4371 7141 12498 8331 -2 16665 -8 -3 
-1 18749 9999 -1 2498 19999 -1 -1 

5422 803 3512 518 -4 18332 447 -4 
-1 6165 3748 -1 10155 76 -1 7498 

5422 803 3512 518 -4 9165 447 -4 
-1 6165 3748 -1 10155 76 -1 7498 

5422 803 3512 258 -4 20653 447 -4 
-1 6165 1873 -1 10155 76 89999 7498 

5422 400 3512 128 -4 35326 447 -3 
-1 1539 935 -1 10155 76 89999 7498 

-3 -4 0 -3 -2 -5 -6 -4 
-1 -1 -1 -1 -1 -1 -1 17 

-2 -2 -2 -2 -2 -2 -2 -2 
-1 -1 -1 -1 -1 -1 -1 -1 

-7 -7 -3 -5 -12 -7 -6 20 
-1 -1 -1 -1 -1 -1 -1 -1 

-7 -7 7141 -5 6660 -7 -6 9 
-1 -1 4998 -1 -1 -1 -1 19999 

4996 -5 7337 387 95 -7 -9 -8 
-1 -1 10038 -1 -1 -1 -1 14999 

4996 -5 7337 387 25047 -7 -9 -8 
-1 -1 10038 -1 9999 -1 -1 14999 

4996 -5 7337 387 29190 -7 -9 -8 
-1 -1 10038 -1 14999 -1 -1 14999 

4996 -5 7337 30095 42019 -7 -9 -8 
-1 29999 10038 -1 42499 9999 -1 14999 

4996 -5 7337 30095 42019 -7 33328 -8 
-1 34999 10038 -1 42499 9999 -1 14999 

4996 -5 7337 30095 42019 -7 16663 -8 
-1 17498 10038 -1 42499 9999 -1 14999 

4996 -5 7337 30095 42019 -7 8330 -8 
-1 8748 10038 -1 42499 9999 -1 14999 

4996 -5 3667 30095 42019 -7 14581 -8 
-1 44374 5018 -1 42499 9999 -1 14999 

8393 -33 -14 12954 294 430 -51 -17 
-1 13948 2674 4998 8 76 -1 427 

8393 21412 -14 9485 294 214 -27 -11 
-1 6973 2674 6248 8 37 -1 30213 

8393 22706 -14 9485 294 214 -27 -11 
-1 6973 2674 6248 8 37 -1 75106 

2342 2834 8902 33 1187 2080 10932 2495 
-1 2294 667 2234 -1 6251 4998 28776 

2342 2834 8902 33 1187 2080 10932 51247 
-1 2294 667 2234 -1 6251 4998 24388 

2342 2834 8902 33 1187 2080 10932 25622 
-1 2294 667 2234 -1 6251 4998 12193 

-3 -2 -2 -4 257 -4 -2 -3 
-1 -1 -1 -1 -1 -1 -1 154 

243 -2 -2 -3 62 425 433 -2 
14999 -1 -1 -1 2498 -1 -1 37 

16788 -2 24999 -3 62 425 433 -2 
14999 -1 -1 -1 2498 -1 9999 10018 

16788 -2 24999 -3 62 425 433 -2 
14999 -1 -1 -1 2498 -1 9999 10018 

1032 19655 28610 26018 -3 18392 13490 6637 
5222 17811 2341 14060 3279 11249 22909 21327 

-2 -2 -2 -2 -2 -2 -2 -2 
-1 -1 -1 -1 -1 -1 -1 -1 

-2 -2 -2 31249 -2 -2 -2 -2 
-1 -1 -1 -1 24999 -1 -1 -1 

1500 35108 295 1744 4458 11109 11234 34 
40722 3555 9937 1379 1874 4441 6272 10983 

25750 35108 295 32122 53197 11109 11234 34 
40722 28388 9937 25689 1874 4441 6272 25491 

-2 -2 -2 -2 -2 -2 -3 -2 
-1 -1 -1 -1 -1 -1 -1 -1 

-10 12499 6246 -2 -3 5553 6248 -2 
24999 -1 4998 9998 4998 -1 -1 -1 

-5 12546 6343 3122 2801 7201 386 -3 
1560 -1 6912 310 15623 4998 4998 1404 

-5 12546 6343 3122 2801 7201 192 -3 
1560 -1 6912 310 15623 4998 4998 1404 

11535 12546 6343 3122 2801 7201 6865 -3 
779 89999 6912 310 15623 4998 4998 30702 

11535 6272 30671 1560 2801 7201 6865 -2 
779 49998 3455 154 15623 4998 2498 30702 

1037 -6 -4 -3 2265 -9 16663 -4 
-1 2498 -1 -1 2498 1248 -1 -1 

-2 -2 -2 -2 -3 -2 -2 -3 
-1 -1 -1 -1 -1 -1 -1 -1 

-6 -5 -4 -11 -5 -8 -6 386 
-1 -1 2 -1 -1 -1 -1 -1 

-6 -5 -4 -11 11994 -8 24997 386 
-1 -1 10001 14999 -1 -1 9999 -1 

-24 9997 -4 4161 5993 -16 12496 386 
-1 -1 10001 17499 -1 -1 4998 9999 

-24 9997 -4 4161 5993 -16 12496 25193 
-1 9999 10001 17499 -1 -1 4998 9999 

-24 9997 -4 4161 5993 -16 12496 50096 
-1 19999 10001 17499 -1 -1 4998 9999 

-24 9997 -4 4161 19354 -16 12496 47246 
-1 11248 10001 17499 -1 14999 27499 9999 

-24 9997 -4 4161 19354 -16 12496 48623 
-1 20624 10001 17499 -1 14999 27499 9999 

-24 9997 -4 4161 19354 -16 12496 61811 
-1 25312 10001 17499 -1 14999 27499 9999 

-24 9997 -4 4161 19354 -16 12496 30904 
-1 12655 10001 17499 -1 14999 27499 9999 

-24 9997 33331 4161 42338 -16 12496 55642 
-1 35331 10001 17499 -1 27499 23749 9999 

-29 -21 12 -24 149 1909 -14 12 
9999 67 -1 17 0 2 1893 -1 

-29 -12 5 24988 25035 1909 24993 5 
9999 20033 7498 7 20000 0 945 -1 

-29 -12 5 22315 25035 1909 24993 5 
9999 20033 7498 7 65000 0 945 -1 

6422 8798 -3 344 2027 952 4932 2497 
310 8749 6873 -1 1482 1248 2527 3123 

6422 8798 -3 344 32263 952 4932 2497 
310 8749 6873 -1 1482 1248 2527 26561 

6422 8798 -3 344 16130 952 4932 2497 
310 8749 6873 -1 1482 1248 2527 13279 

885 1755 60 92 691 236 614 212 
3767 222 730 14999 2683 1326 5630 6638 

33775 1755 60 92 691 236 62653 212 
18441 222 730 14999 2683 1326 22815 6638 

-3 -3 -2 -2 -2 -2 -2 -3 
-1 -1 -1 -1 -1 -1 -1 -1 

49998 -3 -2 -2 -2 -2 -2 -3 
-1 -1 -1 -1 -1 -1 -1 9999 

3990 12737 3172 -6 -2 -2 36403 2341 
2498 7498 17498 4373 14999 -1 -1 26873 

-3 -2 -2 -2 -2 -2 -2 -2 
-1 -1 -1 -1 -1 -1 -1 -1 

37498 -2 -2 -2 -2 -2 -2 -2 
-1 -1 -1 14999 -1 -1 -1 -1 

14900 5422 3934 13193 17121 9575 4091 15824 
21251 1186 18060 64619 8348 20469 27528 5804 

14900 5422 33217 13193 8559 38120 4091 45412 
21251 1186 18060 31154 8348 30234 27528 27902 

-3 -2 -2 -2 -2 -2 -2 -2 
-1 -1 -1 -1 -1 -1 -1 -1 

26943 -4 20415 -2 -2 -2 -6 -2 
14999 34999 1873 -1 -1 -1 9999 -1 

11778 -6 1273 -3 -6 24998 5132 10479 
3748 1091 4062 -1 3748 17499 5350 4998 

5888 -6 1273 -3 -6 24998 5132 10479 
1873 1091 4062 -1 3748 17499 5350 4998 

27010 -6 17303 -3 -6 24998 5132 10479 
115936 25545 22031 -1 3748 17499 5350 4998 

13504 -4 8650 -3 27774 24998 2565 10479 
107968 12771 22031 -1 1873 17499 5350 1248 

-3 -2 -5 -3 0 -4 -9 -8 
-1 -1 -1 -1 -1 -1 -1 -1 

-2 -2 -2 -2 -2 -2 -2 -2 
-1 -1 -1 -1 -1 -1 -1 -1 

-7 107 -5 -5 -4 25 -5 -11 
-1 -1 -1 -1 21 -1 -1 -1 

7139 4220 -5 -5 -4 27089 -5 -11 
-1 -1 -1 -1 21 -1 17499 9999 

3559 2108 -5 4164 9996 13539 -6 -7 
-1 -1 -1 9999 10010 -1 4373 1248 

3559 2108 -5 27082 9996 13539 -6 -7 
-1 -1 -1 9999 10010 9999 4373 1248 

3559 2108 -5 46874 9996 13539 -6 -7 
-1 -1 -1 9999 10010 24999 4373 1248 

3559 26054 -3 21438 9996 6768 -6 20829 
-1 -1 -1 4998 10010 43749 26092 623 

3559 26054 -3 36041 9996 6768 -6 20829 
-1 -1 -1 4998 10010 46874 26092 15311 

3559 26054 -3 43020 9996 6768 -6 20829 
-1 -1 -1 4998 10010 38437 26092 15311 

3559 26054 -3 21509 9996 6768 -6 20829 
-1 -1 -1 4998 10010 19217 26092 15311 

3559 26054 -2 36329 9996 6768 -6 20829 
-1 -1 -1 2498 10010 49608 26092 17655 

2980 5329 2162 20750 234 178 -24 609 
-1 -1 -1 154 17502 2173 3259 25105 

5743 2663 538 20750 234 178 -24 609 
-1 9999 -1 154 8750 2173 3259 12551 

12692 2663 538 20750 234 178 -24 609 
-1 59999 -1 154 8750 2173 3259 12551 

2972 8495 12 10374 56 6258 -5 1567 
-1 29998 1560 37 5760 6 813 1567 

2972 29247 12 10374 56 6258 -5 1567 
-1 29998 1560 37 5760 6 813 35783 

2972 14622 12 10374 56 6258 -5 1567 
-1 29998 1560 37 5760 6 813 17890 

1485 14622 12 2592 1 3128 272 1567 
-1 6248 1560 2500 5760 0 813 4471 

25742 14622 12 2592 16667 3128 272 1567 
-1 13124 1560 11250 5760 0 813 4471 

-2 -3 -2 -2 -2 -2 -2 -2 
-1 -1 -1 -1 -1 -1 -1 -1 

-2 49998 -2 -2 -2 -2 -2 -2 
-1 -1 -1 9999 -1 -1 -1 -1 

13625 19231 12499 11950 8135 35468 12497 37499 
83749 27812 7498 12029 13748 16561 7498 22499 

-2 -2 -2 -2 -2 -2 -2 -2 
-1 -1 -1 -1 -1 -1 -1 -1 

-2 24999 -2 -2 -2 -2 -2 -2 
-1 19999 -1 -1 -1 -1 -1 -1 

11480 7161 12769 12123 54399 17898 2536 639 
14549 10914 5627 12763 15408 27344 11248 18556 

5739 7161 43884 43561 56366 17898 2536 639 
22274 40457 17813 6380 15408 27344 11248 18556 

-2 -2 -2 -2 -2 2080 -2 -2 
-1 -1 -1 -1 -1 -1 -1 37 

12497 -5 -2 -3 18749 121 -2 -4 
-1 -1 14998 12498 -1 -1 -1 17 

2437 1782 -7 2857 4681 4166 -4 -3 
-1 8748 1873 2888 -1 13749 -1 2 

2437 1782 -7 2857 4681 2082 -4 -3 
-1 8748 1873 2888 -1 13749 -1 2 

2437 890 -7 2857 4681 11041 -4 -3 
69999 8748 1873 2888 -1 13749 -1 2 

607 444 -7 1427 4681 33020 -4 -3 
89999 4373 1873 2888 -1 13749 -1 -1 

-2 -5 -6 -3 -4 -5 -3 -2 
-1 -1 -1 -1 -1 -1 -1 -1 

-2 -2 -2 -3 -2 -2 -2 -2 
-1 -1 -1 -1 -1 -1 -1 -1 

-12 -5 -6 124 0 -5 -11 -7 
-1 -1 -1 37 2 -1 -1 -1 

-12 12497 7497 10062 0 -5 -11 -7 
-1 -1 -1 37 10001 9999 14999 -1 

-15 3274 6780 2511 0 -5 -11 -7 
-1 -1 9999 17 14686 4998 7498 -1 

-15 3274 6780 26255 0 -5 -11 -7 
-1 -1 9999 17 14686 4998 7498 9999 

-15 3274 6780 44377 0 -5 -11 -7 
-1 -1 9999 17 14686 4998 7498 29999 

29159 3274 6780 20814 0 -5 -11 -7 
-1 -1 9999 17 14686 4998 7498 59999 

29159 3274 6780 47907 0 -5 -11 -7 
-1 -1 9999 17 14686 4998 7498 44999 

29159 3274 6780 61453 0 -5 -11 -7 
-1 -1 9999 17 14686 4998 7498 37499 

29159 3274 6780 30725 0 -5 -11 -7 
-1 -1 9999 17 14686 4998 7498 18748 

14578 3274 6780 41014 0 -5 -6 -7 
-1 24999 9999 17 14686 4998 7498 11092 

14578 815 14193 41014 0 10651 -4 -7 
19999 18748 9999 7 57343 310 7498 11092 

14578 815 14193 41014 0 17825 -4 -7 
19999 18748 9999 7 98671 310 7498 11092 

39319 45 2133 992 -5 2337 4681 -3 
935 9354 310 2 49667 2 935 1384 

39319 45 2133 992 -5 26168 4681 -3 
935 9354 310 2 49667 2 935 35692 

39319 45 2133 992 -5 13083 4681 -3 
935 9354 310 2 49667 2 935 17845 

14578 3274 13390 41014 0 5609 -6 -7 
19999 12498 9999 17 72343 12499 7498 11092 

478 1636 13390 10252 0 2803 240 -4 
2498 3123 4998 17 11541 12499 6873 5545 

478 1636 13390 10252 25000 59034 240 -4 
2498 15780 4998 17 11541 26249 6873 5545 

-3 -2 -2 -2 -2 -2 -2 -2 
-1 -1 -1 -1 -1 -1 -1 -1 

-3 -2 -2 -2 -2 -2 -2 -2 
-1 -1 -1 -1 -1 -1 -1 -1 

27232 528 42445 10070 8900 13165 7018 2883 
7420 12498 8865 33749 12572 23905 -1 8084 

-2 -2 -3 -4 -3 -2 -4 -2 
-1 -1 -1 -1 -1 -1 -1 -1 

-2 -2 -3 -4 33331 -2 -4 -2 
-1 -1 -1 19999 -1 -1 -1 -1 

-2 -2 -2 -2 -2 -2 -2 -2 
-1 -1 -1 -1 -1 -1 -1 -1 

29999 -2 -2 -2 -2 -2 -2 -2 
-1 -1 29999 -1 -1 -1 -1 -1 

11389 0 6438 2777 5809 974 4039 802 
82499 16747 1332 12761 467 2498 8279 15708 

706 5555 12025 27360 2903 241 5816 195 
82499 16747 18915 2597 115 21249 4138 13926 

174 20768 3004 7961 5803 386 2898 0 
14060 1044 12363 8148 939 662 10257 10980 

174 10383 3004 7961 5803 386 2898 0 
14060 521 12363 8148 939 662 10257 10980 

174 17691 3004 17730 2900 386 2898 0 
7029 77630 12363 8148 939 662 10257 10980 

174 30274 3004 16931 723 192 2898 0 
3513 54407 3089 8148 939 662 10257 5489 

-2 -3 -4 -4 -7 -3 -2 -4 
-1 -1 -1 -1 -1 -1 -1 -1 

-2 -2 -2 -2 -2 -2 -2 -2 
-1 -1 -1 -1 -1 -1 -1 -1 

-3 -5 -6 -8 -8 0 72 773 
-1 -1 -1 -1 271 2 -1 310 

3844 -5 -6 -8 6246 0 35 773 
-1 9999 9999 -1 134 2 -1 310 

1910 -5 -8 -8 3114 -5 15 4232 
-1 12499 4998 -1 66 0 -1 154 

1910 -5 24996 -8 3114 -5 15 4232 
-1 12499 4998 -1 66 0 -1 10077 

1910 -5 37498 -8 3114 -5 15 4232 
-1 12499 4998 -1 66 0 -1 15038 

21788 -5 37498 33329 26557 10711 15 2114 
24999 26249 21249 -1 66 15000 -1 15038 

21788 -5 37498 33329 26557 30355 15 2114 
24999 26249 21249 -1 66 27500 -1 15038 

21788 -5 37498 33329 26557 52677 15 2114 
24999 26249 21249 -1 66 28750 -1 15038 

21788 -5 37498 33329 26557 26337 15 2114 
24999 26249 21249 -1 66 14374 -1 15038 

21788 -5 37498 16663 26557 42335 15 1056 
24999 13123 10623 -1 66 42187 -1 15038 

8378 939 29593 6533 6614 23667 -37 -10 
10310 13123 662 -1 11253 35546 9999 16094 

8343 939 64796 6533 28307 11831 -20 4684 
15037 13123 330 9999 11253 17772 24999 4022 

37504 939 64796 6533 28307 11831 -20 12918 
62518 13123 330 9999 11253 17772 32499 4022 

755 467 10356 2190 437 3860 2673 585 
10975 18280 81 154 666 4441 818 7124 

755 467 10356 26095 437 3860 2673 585 
10975 18280 15040 154 666 4441 818 7124 

755 467 10356 13046 437 3860 2673 585 
10975 18280 7519 154 666 4441 818 7124 

376 743 5177 1746 107 480 435 585 
15487 9139 938 10077 2581 2219 203 1779 

187 743 5177 38373 25053 480 435 585 
11370 19569 938 10077 2581 2219 203 1779 

-2 -3 -2 -3 -2 -2 -2 -2 
-1 -1 -1 -1 -1 -1 -1 -1 

-2 -3 -2 -3 -2 -2 -2 -2 
-1 -1 -1 -1 -1 -1 -1 -1 

10062 25108 6747 11804 27402 21296 6810 56240 
10057 16561 15389 22186 3435 18192 623 12230 

-2 -2 -3 -3 -2 -2 -2 -2 
-1 -1 -1 -1 -1 -1 -1 -1 

-2 -2 37498 -3 -2 -2 -2 -2 
-1 -1 -1 -1 14999 -1 -1 -1 

25074 50148 8265 242 19906 6444 22229 7208 
14373 24654 10 21719 35234 14765 12499 18984 

25074 58407 29132 242 43286 40722 48614 7208 
14373 24654 15005 30859 32617 38691 12499 18984 

-2 -2 -2 -2 -2 -2 -2 -2 
-1 -1 -1 -1 -1 -1 -1 -1 

-2 12499 6246 12498 -2 8745 -3 -2 
-1 -1 21562 -1 -1 -1 -1 -1 

-4 9893 11218 1159 -3 4300 12497 9998 
-1 2967 82 9999 -1 8748 -1 16249 

-4 9893 11218 1159 -3 2149 12497 9998 
-1 2967 40 9999 -1 8748 -1 16249 

-4 9893 11218 578 -3 11074 12497 9998 
-1 2967 70020 9999 -1 4373 -1 16249 

-3 9893 2803 578 9373 5536 31248 4998 
-1 1482 75010 4998 -1 8592 -1 16249 

-2 -4 -4 -3 -3 -6 -4 -5 
-1 -1 -1 -1 -1 -1 -1 -1 

-2 -2 -2 -2 -2 -2 -2 -3 
-1 -1 -1 -1 -1 -1 -1 -1 

-11 -6 -4 -5 -3 -4 -7 -6 
-1 -1 -1 2 -1 -1 2 -1 

-11 9997 8331 5553 -3 7140 9996 -6 
-1 -1 -1 20000 9999 -1 10001 9999 

-10 7041 4156 1726 -3 8031 4996 -4 
-1 -1 -1 12499 7498 -1 4999 2498 

-10 7041 4156 1726 37498 8031 4996 -4 
14999 -1 -1 12499 7498 -1 4999 2498 

-10 7041 4156 1726 49999 8031 4996 -4 
32499 -1 -1 12499 7498 -1 4999 2498 

-10 23975 4156 1726 49999 8031 4996 -4 
32499 -1 -1 12499 7498 -1 47499 2498 

-10 45320 4156 1726 49999 8031 4996 -4 
32499 -1 -1 12499 7498 -1 43749 2498 

-10 60160 4156 1726 49999 8031 4996 -4 
32499 -1 -1 12499 7498 -1 36874 2498 

-10 30079 4156 1726 49999 8031 4996 -4 
32499 -1 -1 12499 7498 -1 18436 2498 

24995 24185 4156 862 49999 8031 4996 -4 
32499 -1 14998 12499 7498 -1 29218 2498 

50902 -30 -19 -17 77 6275 -13 394 
203 -1 9999 22 5 -1 387 14099 

50902 -30 10931 -4 77 6275 -7 195 
49 -1 4998 17504 5 -1 387 7048 

50902 -30 17965 33331 77 6275 -7 195 
20024 -1 4998 73752 5 -1 387 7048 

18861 -16 5634 25333 7181 387 13192 19 
11249 22499 1248 5574 -1 4060 10023 1760 

18861 -16 5634 25333 7181 387 13192 19 
11249 22499 1248 5574 -1 4060 10023 1760 

18861 -16 5634 25333 7181 387 13192 8 
11249 22499 1248 2786 -1 4060 10023 1760 

4713 208 5634 3288 7181 387 6992 8 
5623 22499 1248 1960 -1 4060 7504 5439 

4713 12551 5634 3288 7181 387 6992 37504 
5623 26249 1248 1960 -1 2029 18752 5439 

-2 -2 -3 -2 -2 -2 -2 -2 
-1 -1 -1 -1 -1 -1 -1 -1 

-2 -2 -3 -2 -2 -2 -2 -2 
-1 -1 -1 -1 -1 -1 -1 -1 

3993 423 5118 3083 8745 15957 12076 12497 
14998 14940 505 9060 4998 20780 18890 6092 

-2 -2 -2 -2 -5 -4 -2 -2 
-1 -1 -1 -1 -1 -1 -1 -1 

-2 -2 -2 -2 -5 24998 -2 -2 
-1 -1 -1 -1 19999 -1 -1 -1 

29911 5455 18973 2658 10009 17736 11017 18712 
24275 5803 2083 28131 30922 19011 26567 28803 

46205 5455 18973 26329 52501 17736 11017 42689 
12136 27901 2083 28131 25461 24505 33283 28803 

-2 -2 -2 -2 -2 -2 -3 -2 
-1 -1 -1 -1 -1 -1 -1 -1 

-5 -4 12494 -2 -2 -2 -4 9998 
-1 -1 -1 -1 7498 13748 -1 -1 

5221 -3 13279 -3 9373 -5 170 150 
-1 13749 -1 -1 2527 5857 -1 2498 

5221 -3 6638 -3 9373 -5 170 150 
-1 13749 -1 -1 1262 5857 -1 2498 

5221 9998 6638 -3 14842 -5 170 150 
-1 13749 -1 59999 15631 2927 -1 2498 

5221 29999 3318 -3 20376 -5 84 74 
-1 6873 -1 34998 7814 21463 -1 2498 

-4 -5 -2 -5 -3 -5 -4 -4 
-1 -1 -1 -1 -1 -1 -1 -1 

-4 -5 -3 -5 -8 -6 -7 1554 
-1 37 -1 -1 -1 -1 -1 -1 

-4 9372 2498 -5 -8 9997 -7 4943 
-1 37 9999 9999 14999 -1 14999 -1 

2775 9372 2498 -10 -8 17498 -9 4943 
-1 37 14999 9999 13749 -1 7498 -1 

34720 9372 2498 -10 -8 17498 -9 4943 
19999 37 14999 9999 13749 -1 7498 -1 

34720 29686 2498 -10 -8 17498 -9 4943 
19999 37 17499 9999 13749 -1 7498 -1 

34720 35676 33957 -6 -8 7185 -9 27471 
14999 35018 8748 9999 28436 -1 7498 34999 

34720 35676 33957 -6 -8 36925 -9 27471 
14999 35018 8748 9999 34218 -1 7498 34999 

34720 35676 41978 -6 -8 36925 -9 27471 
27499 35018 8748 9999 34218 -1 7498 34999 

34720 35676 20988 -6 -8 36925 -9 27471 
27499 35018 8748 9999 34218 -1 7498 17498 

21179 35676 20988 -6 -8 18461 -9 27471 
27499 17508 8748 9999 17108 34999 7498 17498 

4592 152 876 -31 6240 30 -39 -32 
212 10090 249 7 656 2532 3 10135 

18962 33 876 -31 3119 14 -39 12491 
105 2521 17561 2 656 21266 3 10135 

24698 33 876 -31 3119 14 -39 12491 
105 2521 17561 2 656 80633 3 10135 

1539 4167 19817 2093 1606 0 1870 1555 
4 1326 1941 12186 12581 20156 -1 7532 

1539 4167 19817 2093 1606 0 1870 1555 
4 1326 1941 12186 12581 20156 -1 7532 

1539 4167 9907 2093 1606 0 1870 1555 
4 1326 1941 12186 12581 20156 -1 3765 

-2 -3 -2 -3 -2 -2 -2 -3 
-1 -1 -1 -1 -1 -1 -1 -1 

-2 114 -32 -3 519 43 103 46 
-1 310 2498 -1 4998 -1 9999 4998 

-2 25057 -32 -3 519 25021 103 46 
-1 310 2498 -1 12499 14999 9999 4998 

-3 -2 -2 -2 -1 -2 -3 -3 
-1 -1 -1 -1 -1 -1 -1 -1 

-3 -2 -2 -2 -1 -2 -3 -3 
-1 -1 -1 -1 -1 -1 -1 -1 

7141 -3 24602 2396 27497 33318 4859 17876 
-1 37498 18280 9217 9999 18592 -1 14998 

-2 -2 -3 -2 -3 -2 -3 -2 
-1 -1 -1 -1 -1 -1 -1 -1 

33332 -2 -3 -2 -3 -2 -3 -2 
-1 -1 -1 19999 -1 -1 -1 -1 

7017 2265 41145 4651 11453 22977 13163 3486 
26248 26990 25002 10001 13280 1857 11288 10448 

7017 2265 41145 41787 11453 22977 13163 3486 
38124 26990 25002 10001 13280 1857 30644 10448 

-2 -2 -2 -2 -2 -2 -2 -2 
-1 -1 -1 -1 -1 -1 -1 -1 

-2 -6 -2 -2 16664 12499 -2 7140 
14999 -1 -1 9998 -1 -1 -1 24999 

-4 14582 24999 31248 4089 1771 777 4711 
232 12108 12499 6248 2498 19999 662 16249 

-4 14582 24999 31248 2043 1771 777 4711 
232 12108 12499 6248 2498 19999 662 8123 

-4 14582 24999 31248 2043 1771 41286 21105 
232 96054 12499 6248 2498 29999 30331 8123 

-4 14582 24999 31248 2043 1771 22820 10551 
232 83027 12499 6248 2498 14998 15164 8123 

-5 -5 -3 -2 -2 -2 -5 -5 
-1 -1 -1 -1 -1 -1 -1 -1 

-2 -2 -2 -2 -2 -2 -2 -3 
-1 -1 -1 -1 -1 -1 -1 -1 

-3 -4 -5 -7 -4 -6 -9 -2 
-1 76 -1 -1 17 -1 -1 -1 

6248 6248 -5 -7 -4 -6 9995 4544 
-1 76 9999 9999 17 -1 14999 -1 

6248 6248 -5 -7 -4 33330 9995 4544 
-1 76 9999 9999 17 -1 27499 -1 

6248 6248 -5 -7 -4 16664 9995 4544 
-1 76 9999 9999 17 -1 13748 -1 

6248 6248 -5 -7 -4 13886 26426 4544 
-1 76 9999 9999 17 -1 50937 -1 

6248 6248 -5 -7 -4 44443 26426 4544 
-1 76 9999 9999 17 -1 40468 -1 

6248 6248 -5 -7 -4 47221 26426 4544 
-1 76 9999 9999 17 -1 40234 -1 

6248 6248 -5 -7 -4 23609 26426 4544 
-1 76 9999 4998 17 -1 40234 -1 

3123 6248 -5 -7 -4 36804 26426 4544 
-1 76 9999 18748 17 -1 40234 -1 

3117 6248 -5 -7 49998 4147 2484 2263 
-1 37 9999 2498 17 9999 6873 -1 

3117 3123 57811 -7 24998 4147 618 1128 
-1 37 9999 11561 17 9999 3435 -1 

3117 3123 42000 -7 24998 4147 31559 1128 
-1 37 9999 60780 17 9999 3435 24999 

5466 3102 -20 -8 -4 36880 26426 6438 
-1 10038 4998 28592 2 -1 40234 9999 

777 6272 1818 4163 401 1034 6017 1905 
14999 0 154 15236 -1 623 427 7850 

777 6272 25909 4163 401 1034 6017 1905 
14999 0 154 15236 -1 20311 427 7850 

777 6272 12953 4163 401 1034 6017 1905 
14999 0 154 15236 -1 10154 427 7850 

106 3135 1253 305 199 257 670 1905 
8748 12499 7 1173 2498 15077 212 7850 

106 3135 1253 305 199 37564 670 1905 
8748 12499 15003 10586 2498 15077 212 7850 

-2 -3 -2 -2 -2 -3 -2 -3 
-1 -1 -1 -1 -1 -1 -1 -1 

-2 -3 49999 -2 -2 -3 -2 -3 
-1 -1 -1 -1 -1 -1 -1 9999 

11969 9718 3108 9508 9368 -3 4162 14113 
8748 12108 -1 39999 4334 9061 12498 8826 

-2 -2 -2 -2 -2 -2 -2 -2 
-1 -1 -1 -1 -1 -1 -1 -1 

-2 37499 -2 -2 -2 -2 -2 -2 
-1 -1 -1 14999 -1 -1 -1 -1 

50619 8898 2745 21595 7698 13603 6404 683 
15900 24128 4375 18788 22605 330 52560 7173 

75309 54449 2745 21595 7698 13603 28202 33674 
23975 22064 4375 24394 22605 330 52560 7173 

-2 -2 -2 -2 -2 -2 -2 -2 
-1 -1 -1 -1 -1 -1 -1 -1 

18747 9999 21665 -2 -2 -2 9998 -2 
7498 14999 9999 -1 9999 19999 -1 4998 

9483 2496 3459 -2 5353 517 1243 -5 
466 9373 10076 9999 6248 4998 -1 310 

9483 2496 3459 -2 5353 517 1243 -5 
466 9373 5037 9999 6248 4998 -1 310 

4740 2496 3459 14842 5353 517 1243 -5 
466 9373 97518 9999 6248 4998 -1 310 

2369 1247 3459 32421 5353 517 620 -5 
466 9373 46878 9999 6248 4998 -1 154 

-2 220 3 37 -2 -5 -6 -2 
-1 17 -1 2498 -1 -1 27 -1 

-6 -6 -7 -4 -3 -5 -4 -6 
-1 -1 -1 -1 -1 -1 -1 -1 

14165 -6 -7 -4 -3 -5 -4 7497 
-1 -1 9999 -1 -1 -1 9999 14999 

3532 -5 -5 -4 3567 2938 -4 3744 
-1 -1 9999 -1 9999 -1 14999 7498 

3532 -5 37497 -4 3567 2938 -4 3744 
14999 -1 9999 -1 9999 -1 14999 7498 

3532 -5 18747 -4 3567 2938 -4 3744 
7498 -1 9999 -1 9999 -1 14999 7498 

21766 -5 30206 24998 3567 2938 -4 3744 
44374 -1 9999 -1 12498 -1 14999 7498 

21766 -5 40103 24998 3567 2938 -4 3744 
37187 -1 9999 -1 12498 -1 14999 7498 

-3 -2 -2 -2 -2 -2 -2 -2 
-1 -1 -1 -1 -1 -1 -1 -1 

-3 -2 -2 -2 -2 24999 -2 -2 
-1 -1 19999 -1 -1 -1 -1 -1 

-3 -2 -2 -2 -2 12498 -2 -2 
-1 -1 9998 -1 -1 -1 -1 -1 

-3 -2 -2 -2 -2 42707 -2 24999 
-1 -1 39999 19999 12498 -1 -1 -1 

-2 -2 -2 -3 -2 -2 -2 -2 
-1 -1 -1 -1 -1 -1 -1 -1 

-3 -2 -2 -2 12499 -2 -2 12499 
-1 -1 -1 1873 -1 -1 4998 -1 

-3 -2 -2 -2 37499 -2 -2 18154 
-1 -1 -1 50936 -1 -1 27499 -1 

120 12498 -3 10712 2602 -5 16664 23934 
-1 4998 -1 12627 1248 9999 369 11874 

120 12498 -3 10712 2602 -5 16664 23934 
-1 4998 -1 12627 1248 9999 369 11874 

120 6248 -3 10712 2602 -5 16664 23934 
-1 4998 -1 12627 1248 9999 183 11874 

-40 -37 7823 -42 -12 47 -37 -30 
-1 -1 25135 7 17 623 232 -1 

66 -37 3910 -12 -4 482 -10 -16 
-1 -1 11282 2499 17 154 232 -1 

66 24981 3910 -12 -4 482 16661 -9 
9999 -1 11282 16249 17 154 232 -1 

-2 -2 -2 -2 779 -2 -2 -2 
-1 2 -1 -1 -1 -1 -1 -1 

-2 -2 -2 -2 779 -2 49999 -2 
-1 2 -1 -1 9999 -1 -1 -1 

3251 7186 -2 31617 3146 32812 25404 14463 
13436 18749 9999 14999 11873 6560 19998 8748 

-2 -2 -2 -2 -2 -2 -2 -2 
-1 -1 -1 -1 -1 -1 -1 -1 

-2 -2 -2 37499 -2 -2 -2 -2 
-1 -1 -1 -1 -1 -1 14999 -1 

28531 5321 32375 3332 20911 3758 20287 14850 
5311 11187 48145 110234 24464 27236 12361 2381 

28531 35993 32375 3332 10454 3758 20287 40758 
5311 25593 48145 110234 24464 16808 12361 2381 

-2 -2 -2 -2 -3 -2 -2 -2 
-1 -1 -1 -1 -1 -1 -1 -1 

7420 -2 -2 -4 -3 16665 -2 14165 
14999 -1 9998 -1 -1 4998 9999 -1 

922 5727 3121 1870 7375 257 10713 1356 
2810 1326 6404 -1 2498 5018 4998 27499 

922 2862 3121 1870 7375 257 10713 1356 
2810 1326 3201 -1 2498 5018 4998 27499 

922 5011 3121 1870 7375 257 10713 1356 
2810 1326 28299 -1 2498 5018 4998 27499 

460 2504 3121 934 7375 25128 10713 1356 
1404 20330 28299 -1 2498 5018 4998 13748 

-2 -2 -2 -2 -2 -2 -2 -2 
-1 -1 -1 -1 -1 -1 -1 -1 

-6 52 -6 -7 -5 -6 -5 4 
-1 -1 -1 -1 37 -1 17 -1 

-6 52 -6 -7 4997 11457 12141 4 
-1 -1 9999 17499 37 17499 10008 -1 

3122 3852 -4 -7 4997 709 6068 -8 
-1 -1 4998 17499 37 11796 10008 -1 

3122 3852 -4 -7 4997 709 40534 -8 
-1 -1 4998 17499 37 11796 20004 -1 

3122 3852 -4 -7 4997 709 70267 -8 
-1 -1 4998 17499 37 11796 20002 -1 

21613 26926 -4 -7 4997 709 22921 -8 
-1 -1 4998 28749 25018 5897 25001 -1 

21613 26926 -4 -7 4997 709 36460 -8 
-1 -1 4998 28749 25018 5897 32500 -1 

21613 26926 -4 -7 4997 709 43230 -8 
-1 -1 4998 28749 25018 5897 31250 -1 

21613 26926 -4 -7 4997 709 21614 -8 
-1 -1 4998 28749 25018 5897 15624 -1 

35806 26926 -4 -7 4997 86 21614 -8 
-1 -1 4998 54374 25018 2947 7811 -1 

7337 327 -24 665 6243 5722 666 126 
-1 18046 154 601 3125 3 468 32118 

7337 79 -24 7664 6243 5722 332 61 
-1 4510 154 601 3125 3 3807 16058 

7337 36031 -24 7664 6243 5722 332 61 
-1 4510 154 45150 3125 3 3807 16058 

453 3140 9373 7824 17699 306 7777 10 
-1 17640 2517 4540 779 -1 236 6999 

453 3140 9373 7824 17699 25153 7777 10 
-1 17640 2517 4540 779 -1 20118 6999 

453 3140 9373 7824 17699 12575 7777 10 
-1 17640 2517 4540 779 -1 10058 6999 

-2 -2 -2 -2 -2 -2 -2 -2 
-1 -1 -1 -1 -1 -1 -1 -1 

146 392 448 308 43 -35 -2 173 
2498 3748 -1 857 7498 1248 3748 -1 

25073 62598 448 308 43 -35 -2 173 
2498 18437 -1 857 13749 1248 3748 -1 

-2 -2 -2 -2 -3 -2 -2 -2 
-1 -1 -1 -1 -1 -1 -1 -1 

-2 -2 -2 -2 -3 -2 -2 -2 
-1 -1 -1 -1 -1 -1 -1 -1 

8927 1637 19344 1089 2161 1234 420 12603 
6248 17499 19999 8435 -1 12499 2966 623 

-2 -2 -3 -4 -6 -2 -2 -3 
-1 -1 -1 -1 -1 -1 -1 -1 

-2 -2 -3 -4 -6 -2 -2 37498 
-1 -1 -1 -1 -1 -1 -1 14999 

2602 16483 28843 32299 12790 12930 7387 14088 
7557 23470 20248 13251 9254 11891 18756 9449 

2602 16483 51921 47399 12790 12930 10179 44544 
28778 26735 20248 8311 9254 20945 18756 9449 

0 -2 -2 -2 -2 -2 -2 -2 
-1 -1 -1 -1 -1 -1 -1 154 

-4 13887 -2 12499 -4 -2 -4 16665 
14999 9998 -1 -1 -1 -1 -1 25077 

1871 15926 -3 9113 36 -3 1385 517 
1091 6595 -1 17499 -1 -1 -1 3132 

1871 15926 -3 9113 36 -3 691 517 
1091 3296 -1 17499 -1 -1 -1 3132 

1871 15926 -3 9113 36 -3 15345 257 
1091 45823 -1 17499 -1 -1 -1 3132 

1871 7962 -3 9113 36 -2 16335 127 
1091 28954 -1 8748 -1 -1 -1 3132 

-5 -3 -2 -3 -3 -3 -4 -5 
-1 -1 -1 -1 -1 -1 -1 -1 

-2 -2 -2 -2 -2 -2 -2 -2 
-1 -1 -1 -1 -1 -1 -1 -1 

-4 -6 -5 -4 -4 -4 -5 21 
-1 -1 -1 -1 -1 -1 0 2 

-4 -6 -5 -3 -4 -4 8332 21 
9999 -1 -1 -1 -1 -1 10000 2 

5255 3843 -11 3329 -4 -8 8332 8 
9999 -1 -1 11249 -1 12499 10000 2 

5255 3843 -11 3329 -4 37496 8332 8 
19999 -1 -1 11249 -1 12499 10000 2 

5255 3843 -11 3329 -4 18747 8332 8 
9998 -1 -1 11249 -1 12499 10000 2 

5255 3843 -11 58541 -4 41926 8332 8 
26249 -1 -1 36406 4998 12499 10000 2 

5255 3843 -11 58541 -4 45963 8332 8 
23124 -1 -1 36406 4998 12499 10000 2 

5255 3843 -11 58541 -4 47981 8332 8 
21562 -1 -1 36406 4998 12499 10000 2 

5255 3843 -11 58541 -4 47981 4165 8 
21562 -1 -1 36406 4998 12499 10000 2 

5255 3843 -11 58541 -4 47981 13540 8 
10780 -1 39999 36406 4998 12499 10000 2 

159 2797 14686 -7 6220 496 -10 -18 
352 1892 654 10016 77 0 0 -1 

78 2797 7341 -7 6220 496 -7 29157 
352 1892 35327 10016 37 0 -1 -1 

78 2797 7341 31246 6220 496 -7 25292 
352 1892 62663 10016 25018 0 -1 -1 

17 7028 12749 240 4677 3 778 1577 
5042 5057 487 5007 984 4998 -1 1873 

17 7028 12749 240 4677 3 778 1577 
5042 5057 487 5007 984 4998 -1 1873 

17 7028 12749 240 4677 3 388 1577 
5042 5057 242 5007 984 4998 -1 1873 

-2 -2 -2 -2 -3 -2 -2 -2 
-1 -1 -1 -1 -1 -1 -1 -1 

354 105 -2 -2 -2 -2 -2 -2 
-1 -1 9999 -1 -1 4998 9999 -1 

354 105 -2 -2 16665 -2 24999 -2 
-1 -1 9999 -1 -1 12499 14999 -1 

-2 -2 -2 -2 -2 -2 -2 -2 
-1 -1 -1 -1 -1 -1 -1 -1 

-2 -2 -2 -2 -2 -2 -2 -2 
-1 -1 -1 -1 -1 -1 -1 -1 

4707 2498 7081 -2 932 11665 27899 18852 
27499 24999 12810 16405 14998 935 1404 12498 

39853 2498 7081 -2 932 11665 27899 18852 
27499 24999 12810 16405 14998 15467 1404 12498 

2774 3040 1416 7301 5104 1010 23206 528 
7537 3086 16522 20633 12581 1577 26095 6798 

2774 3040 1416 16824 27552 1010 23206 37764 
7537 31543 16522 20633 6289 10788 26095 18399 

-3 -3 -2 -2 -2 -2 -2 -4 
-1 -1 -1 -1 -1 -1 -1 -1 

-4 -2 -3 12796 -4 9994 -2 9998 
12498 -1 -1 -1 -1 19999 -1 4998 

307 4163 8331 394 393 620 9223 2495 
779 9999 -1 1248 1248 5623 5623 21249 

307 2080 8331 394 393 620 9223 2495 
388 9999 -1 1248 1248 5623 5623 21249 

307 45609 4164 394 393 620 9223 2495 
85194 4998 -1 1248 1248 5623 5623 25624 

307 25151 2081 394 195 620 9223 2495 
97597 2498 -1 1248 1248 5623 2810 12811 

-2 -2 -2 -2 -2 -2 -2 -3 
-1 -1 -1 -1 -1 -1 -1 -1 

-2 -3 -2 -2 -2 -2 -2 -3 
-1 -1 -1 -1 -1 -1 -1 -1 

-3 -4 307 -4 0 -11 -5 -7 
-1 -1 623 -1 -1 -1 37 -1 

-3 -4 7296 3331 0 19640 -5 19164 
9999 9999 10311 -1 14999 9999 37 -1 

-3 -4 9494 5511 0 4899 -5 4783 
4998 4998 17577 -1 13749 4998 37 -1 

-3 -4 9494 40255 0 4899 -5 4783 
4998 17499 17577 -1 13749 4998 37 -1 

-3 -4 9494 45127 0 4899 -5 4783 
4998 18749 17577 -1 13749 4998 37 -1 

45832 -4 9494 61890 0 2448 -5 4783 
4998 42343 17577 -1 13749 2498 37 24999 

39582 -4 9494 41361 0 2448 -5 4783 
4998 46171 17577 -1 13749 11249 37 24999 

39582 -4 9494 70680 0 2448 -5 4783 
4998 33085 17577 -1 13749 11249 37 24999 

39582 -4 4746 70680 0 2448 -5 4783 
4998 33085 17577 -1 13749 5623 37 24999 

24997 776 -5 -3 -2 -3 -7 -5 
4998 154 -1 -1 -1 -1 -1 -1 

17185 776 -5 -2 -2 -3 -7 -5 
2498 154 -1 -1 -1 -1 34999 -1 

23 -26 -15 1519 13169 -18 277 274 
7 5003 173 10624 5017 -1 178 1267 

23 -15 8328 1519 13169 8325 277 67 
7 6249 85 15312 5017 -1 178 632 

23 -15 8328 1519 13169 17205 277 67 
7 6249 85 67656 5017 -1 178 632 

-1 5622 11588 14285 818 6436 3982 1167 
0 95 17510 2395 2576 20624 3 4764 

-1 27811 11588 14285 818 6436 3982 1167 
0 25047 17510 2395 2576 20624 3 4764 

-1 13904 11588 14285 818 6436 3982 1167 
0 12522 17510 2395 2576 20624 3 4764 

680 44 765 890 203 172 167 238 
6248 1189 7343 697 320 632 7499 72 

17006 44 765 890 203 172 25083 238 
6248 1189 7343 697 10160 632 13749 72 

-2 -4 -2 -3 -1 -2 -2 -2 
-1 -1 -1 -1 -1 -1 -1 -1 

-2 -4 -2 -3 -1 -2 -2 -2 
-1 -1 -1 -1 -1 -1 -1 -1 

5151 9752 21590 4214 3570 1039 19141 16665 
13123 33046 -1 4998 7498 19686 19999 4998 

-2 -2 -2 -2 -2 -2 -2 -2 
-1 -1 -1 -1 -1 -1 -1 -1 

-2 -2 37499 -2 -2 -2 -2 -2 
-1 -1 -1 -1 -1 -1 -1 14999 

30 19417 7147 62815 1422 20001 4136 13161 
16407 17508 14531 3436 6569 60704 13748 23293 

29181 19417 7147 62815 1422 20001 4136 13161 
16407 43754 14531 3436 6569 60704 13748 23293 

4947 9707 7147 32369 19461 9997 11029 25821 
14100 30938 14531 15858 3283 15174 857 10822 

519 1471 7141 12481 2389 13123 683 1442 
53 4431 18632 5246 18320 4960 11 2549 

-2 -2 -2 -2 -2 -2 -2 -2 
-1 -1 -1 -1 -1 -1 -1 -1 

-2 -2 -2 -2 -2 -2 -2 -2 
-1 -1 -1 -1 -1 -1 -1 -1 

-2 -2 -2 14999 -2 -2 -2 -2 
-1 -1 -1 -1 -1 -1 89999 -1 

-2 -2 -2 32499 -2 -2 -2 -2 
-1 -1 -1 -1 -1 -1 89999 -1 

-4 0 -3 -4 -2 -5 3 -3 
-1 -1 -1 -1 0 -1 -1 -1 

-2 -2 -2 -2 -2 -2 -2 -2 
-1 -1 -1 -1 -1 -1 -1 -1 

-1 -8 61 -4 -7 253 -5 -7 
-1 -1 -1 0 -1 193 -1 -1 

12499 -8 61 4998 -7 253 2938 -7 
-1 -1 9999 17500 -1 193 -1 -1 

6244 -8 5 9317 -8 4293 1461 -7 
-1 -1 4998 15937 -1 193 -1 -1 

6244 -8 50002 9317 -8 4293 1461 -7 
-1 -1 12499 15937 -1 193 -1 -1 

6244 -8 50001 9317 -8 4293 1461 -7 
-1 -1 16249 15937 -1 193 -1 -1 

23122 -8 41666 9317 -6 13572 728 -7 
-1 -1 40780 15937 -1 20023 9999 -1 

23122 -8 58333 9317 -6 13572 728 -7 
-1 -1 35390 15937 -1 20023 9999 -1 

23122 -8 79166 9317 -6 13572 728 -7 
-1 -1 27695 15937 -1 20023 9999 -1 

23122 -8 39582 9317 -6 13572 728 -7 
-1 -1 13846 15937 -1 20023 9999 -1 

23122 -8 49791 9317 -6 3391 20364 -7 
-1 -1 19229 15937 -1 10010 9999 -1 

-54 -36 -35 -32 -7 1905 5 26 
-1 -1 5151 22 -1 -1 9999 0 

-31 -36 -18 14276 -4 951 16669 14291 
9999 -1 2574 10 39999 19999 1248 0 

31234 -36 -18 14276 -4 951 16669 18015 
9999 -1 2574 10 69999 19999 25624 0 

9689 -36 -6 3231 -2 6261 1818 2432 
4998 14998 5078 0 281 6248 354 -1 

9689 -36 -6 3231 -2 6261 1818 2432 
4998 14998 5078 0 281 6248 354 -1 

9689 -36 -6 3231 -2 6261 1818 1215 
4998 14998 5078 0 139 6248 354 -1 

2390 -48 65 199 -2 278 171 123 
37 466 3133 1873 33 2283 10043 -1 

8929 37476 65 199 -2 278 171 123 
10018 466 3133 1873 15 2283 10043 14999 

-2 -2 -2 -2 -4 -2 -3 -2 
-1 -1 -1 -1 -1 -1 -1 -1 

-2 -2 -2 -2 -4 -2 -3 -2 
-1 -1 -1 -1 -1 -1 -1 -1 

-3 -37 8913 18749 6005 60103 10712 19640 
2498 21015 19061 14999 29999 3748 27498 7498 

-2 -2 -2 -2 -2 -2 -2 -2 
-1 -1 -1 -1 -1 -1 -1 -1 

-2 -2 -2 -2 -2 -2 -2 37499 
-1 14999 -1 -1 -1 -1 -1 -1 

5637 6976 27095 982 3966 19313 21654 31630 
3045 24467 9590 8405 20906 21889 19998 19911 

5637 40988 27095 25491 3966 19313 21654 28315 
3045 24467 9590 19202 25226 21889 19998 19911 

-2 -2 -2 -2 -2 -2 -2 -2 
-1 -1 -1 -1 -1 -1 -1 -1 

-3 -3 -2 24999 -5 16665 5465 -2 
13748 -1 -1 -1 -1 -1 19999 14999 

8330 6766 24998 1402 3119 479 1564 8332 
1677 6248 11874 -1 232 9999 1248 11873 

8330 6766 24998 1402 3119 479 781 8332 
837 6248 11874 -1 232 9999 1248 11873 

12498 6766 29165 15406 3119 479 781 8332 
837 63124 55937 -1 232 9999 1248 25936 

6248 6766 39582 18850 3119 238 781 8332 
837 35780 57968 -1 232 9999 623 12967 

-3 -3 -6 -7 -4 -4 665 -2 
-1 935 -1 -1 -1 -1 -1 -1 

-3 -4 -2 -2 -2 -2 -2 -2 
-1 -1 -1 -1 -1 -1 -1 -1 

-4 -6 -8 -3 -8 -7 -6 -4 
-1 -1 -1 2498 -1 -1 -1 -1 

-4 -6 9371 9373 -8 -4 -6 -4 
-1 14999 -1 2498 -1 14999 -1 -1 

-10 -6 4680 1944 -7 -3 8330 -3 
-1 2185 9999 623 -1 7498 -1 -1 

-10 -6 4680 1944 -7 37498 8330 -3 
-1 2185 19999 623 -1 7498 -1 -1 

-10 -6 4680 1944 -7 52082 8330 -3 
-1 2185 29999 623 -1 7498 -1 -1 

-10 22497 4680 1944 -7 52082 8330 -3 
-1 46092 29999 623 -1 7498 -1 -1 

-10 36248 4680 1944 -7 52082 8330 -3 
-1 33046 29999 623 -1 7498 -1 -1 

-10 68124 4680 1944 -7 52082 8330 -3 
-1 26523 29999 623 -1 7498 -1 -1 

-10 34061 4680 1944 -7 52082 8330 -3 
-1 13260 29999 623 -1 7498 -1 -1 

12496 42030 4680 1944 -7 52082 8330 -2 
-1 53315 29999 623 -1 3748 -1 -1 

2367 226 -32 60 -37 23 75 362 
9999 474 115 115 81 5000 -1 -1 

2367 9428 -32 13 -37 10 75 16847 
9999 30237 56 115 10040 2499 -1 -1 

2367 9428 13027 13 -37 31255 75 16847 
9999 30237 56 115 30020 61249 -1 -1 

15 300 14529 2082 -5 9606 520 5217 
1248 859 1249 1876 7503 10126 1248 20156 

