0 0 0 0 0 0 0 0 
0 0 0 0 0 0 0 0 

0 0 0 0 0 5000 0 0 
5000 0 0 0 0 0 0 0 

0 0 0 0 0 3374 0 299 
3074 0 0 0 0 0 0 0 

0 0 0 0 0 899 0 199 
1899 0 0 0 0 0 0 0 

0 0 0 0 0 5036 0 268 
5104 0 0 0 29 0 0 0 

0 0 0 0 0 4532 0 268 
5097 0 0 0 29 0 0 0 

0 0 0 0 0 11578 0 268 
8040 0 0 0 29 0 0 0 

0 0 0 0 0 4142 0 14750 
5113 1840 0 0 11863 0 0 0 

0 0 0 0 0 4142 0 13274 
5113 1840 0 0 12151 0 0 0 

0 0 0 0 0 4142 0 17735 
5113 1840 0 0 23413 0 1970 0 

0 0 0 0 0 4142 0 29028 
5113 1840 0 0 32445 0 1970 0 

0 0 0 0 0 4142 0 26125 
5113 1840 0 0 32103 0 1970 0 

0 0 0 0 0 4142 0 30726 
5113 1840 0 0 35540 0 1970 0 

0 0 0 0 0 4142 0 26156 
5113 1840 0 0 34860 0 1970 0 

0 0 0 0 0 4142 0 26156 
5113 1840 0 0 34860 0 1970 0 

0 0 0 0 0 4142 0 44680 
5113 1840 0 0 47849 0 1970 0 

0 0 0 0 0 4142 0 44021 
5113 1840 0 0 55526 0 6664 0 

0 0 0 0 0 5211 0 268 
7901 0 0 0 29 0 0 0 

3291 10092 5391 6602 1742 10723 2075 5176 
11854 5546 6294 6943 8769 5300 8298 5715 

3291 10092 5391 6602 1742 9650 2075 5176 
11740 5546 6294 6943 8769 5300 8298 5715 

3291 36057 5391 6602 7966 9650 2075 5176 
40309 5546 6294 6943 8769 10508 8298 5715 

3291 39117 5391 6602 7966 9650 2075 5176 
43883 5546 6294 6943 8769 10508 8298 5715 

3291 39117 5391 6602 7966 9650 2075 5176 
43883 5546 6294 6943 8769 10508 8298 5715 

3291 40541 5391 6602 7966 9650 2075 5176 
48070 5546 6294 6943 8769 10508 8298 5715 

0 0 0 0 0 4142 13104 67257 
11322 9114 0 0 74313 0 6664 6199 

3291 36544 5391 6602 7966 9650 2075 5176 
46938 8973 6294 6943 8769 10508 8298 5715 

3291 36380 5391 6602 7966 9650 2075 5176 
49546 12117 6294 6943 8769 10508 8298 5715 

3291 43000 5391 6602 7966 9650 2075 5176 
63289 12117 6294 6943 8769 10508 8298 5715 

3772 7916 3897 9102 2961 7406 954 18821 
7732 3672 7619 7830 20624 5366 11975 5760 

3772 7916 3897 9102 2961 7406 954 19438 
7732 3672 7619 7830 23443 5366 11975 5760 

6898 9112 5744 9376 4854 7406 4835 9543 
9888 5258 9377 9396 10640 10205 10363 6217 

6898 9112 5744 9376 4854 7406 4835 28768 
9888 5258 9377 9396 31381 10205 10363 6217 

6898 9112 5744 9376 4854 7406 4835 44197 
17903 13645 9377 9396 50006 16859 14025 6217 

6898 9112 5744 9376 4854 7406 4835 46443 
17903 13645 9377 9396 53425 16859 14025 6217 

6898 9112 5744 9376 4854 11205 8518 42353 
17903 16868 12664 9396 42863 19985 14025 6217 

6898 9112 5744 9376 4854 11205 8518 45525 
17903 16868 12664 9396 51348 19985 14025 6217 

6898 9112 13161 9376 4854 11205 8518 43970 
17903 16868 12664 9396 48591 19985 17261 6217 

6898 9112 13161 9376 4854 11205 8518 49717 
17903 16868 12664 9396 52984 19985 17261 6217 

11848 45557 5391 12604 7966 14388 2075 10028 
48612 25196 6294 13526 8769 20610 8298 5715 

6898 13221 23595 9376 12633 11205 14551 44371 
17903 16868 16824 9396 46130 19985 20530 6217 

15821 13221 23595 9376 12633 11205 14551 40075 
17903 16868 16824 9396 45811 19985 20530 11285 

22986 13221 23595 9376 12633 11205 14551 46803 
17903 16868 16824 9396 52501 19985 20530 16738 

27354 13221 23595 9376 12633 11205 14551 46803 
17903 16868 16824 9396 52501 19985 20530 21362 

34618 13221 23595 9376 12633 11205 14551 46803 
17903 16868 16824 9396 52501 19985 20530 23961 

35544 13221 23595 9376 18247 11205 15266 38379 
17903 19188 16715 9396 41341 22680 27832 25026 

17848 42467 47171 33093 23844 47081 29828 35419 
43898 43426 33180 45774 33081 37532 37299 44407 

17848 42467 49953 33093 23844 47081 29828 35419 
43898 43426 33180 48913 33081 37532 37299 44407 

42152 27748 37570 20373 25391 32940 39521 40407 
28427 28625 31911 19745 42831 31395 39405 33149 

47936 27748 37570 20373 25391 32940 39521 40407 
28427 28625 31911 19745 44763 31395 39405 33149 

61978 27748 37570 20373 25391 32940 39521 40407 
28427 28625 31911 19745 55660 31395 39405 33149 

72589 27748 37570 20373 25391 32940 39521 40407 
28427 28625 31911 19745 63815 31395 39405 33149 

66445 27748 37570 20373 25391 32940 39521 40407 
28427 28625 31911 19745 69743 31395 39405 33149 

66266 27748 37570 20373 25391 32940 39521 40407 
28427 28625 31911 19745 76660 31395 39405 33149 

73930 27748 37570 26002 25391 32940 39521 40407 
32261 33987 31911 19745 81297 31395 39405 33149 

76537 27748 37570 26002 25391 32940 39521 40407 
32261 33987 31911 19745 81297 31395 44857 33149 

12867 16938 18322 14589 17859 18349 11612 14705 
19712 19480 13311 18329 15413 19805 14460 11366 

12867 16938 18322 15807 17859 27922 11612 14705 
19712 19480 13311 18329 15413 32639 14460 11366 

12867 16938 18322 14226 17859 37950 11612 14705 
19712 19480 13311 18329 15413 36842 14460 11366 

12867 16938 18322 14226 17859 39927 11612 14705 
19712 19480 13311 18329 15413 44893 14460 11366 

12867 16938 18322 14226 17859 39927 11612 14705 
19712 19480 13311 18329 15413 44893 14460 11366 

12867 16938 18322 18199 17859 51907 11612 14705 
19712 19480 13311 18329 15413 54697 14460 11366 

12867 16938 18322 18199 17859 52716 11612 14705 
19712 19480 13311 18329 15413 60418 14460 11366 

12867 16938 18322 18199 17859 48697 11612 18929 
19712 19480 13311 18329 15413 56668 14460 11366 

12867 16938 18322 24475 17859 59378 21324 25416 
19370 23553 13311 18329 15413 71754 14460 11366 

7685 30694 11305 11460 16149 9650 2075 15512 
32798 24942 12421 9932 8409 27472 14150 9804 

17268 16938 24930 34229 17859 79230 35037 25885 
39324 34735 13311 28800 15413 80397 20469 17094 

7685 37944 16210 11460 17973 9650 5337 15512 
39533 24942 12421 12297 18863 27472 16009 14742 

39137 42440 41816 42657 42592 42238 41465 42610 
42706 42027 41247 41064 41459 43405 41765 42641 

4235 4261 3920 4715 4389 4108 4176 4049 
4074 4017 3971 4739 4737 4364 3921 4499 

15916 4261 6299 4715 4389 4108 4176 4049 
4074 4017 3971 23984 4737 4364 3921 4499 

28683 13769 10365 4715 4389 4108 4176 8382 
7084 4017 3971 32960 7340 7443 6724 4499 

38444 13769 10365 4715 4389 4108 4176 8382 
7084 4017 3971 43100 10809 9743 6724 4499 

43432 13769 10365 4715 4389 4108 4176 8382 
7084 4017 3971 59801 10809 9743 6724 4499 

17279 23574 21585 19020 23636 19627 15776 23426 
24047 23575 19271 18481 24041 23540 23690 24027 

46093 20008 23028 22765 22025 20485 19402 23629 
23929 49445 24050 20816 25067 23718 22622 21849 

45017 20008 23028 22765 22025 20485 19402 23629 
23929 53700 24050 20816 25067 23718 22622 21849 

41103 20008 23028 22765 22025 20485 19402 23629 
23929 54831 24050 20816 25067 23718 22622 21849 

44492 20008 23028 22765 22025 20485 19402 23629 
23929 56458 24050 20816 25067 23718 22622 21849 

42042 20008 23028 22765 22025 20485 19402 23629 
23929 59261 24050 20816 25067 23718 22622 21849 

45337 20008 23028 22765 22025 20485 19402 23629 
23929 60539 24050 20816 25067 23718 22622 21849 

48303 20008 23028 22765 22025 20485 19402 23629 
23929 62018 24050 20816 25067 23718 22622 21849 

56872 24165 23028 22765 22025 20485 19402 23629 
23929 63307 24050 20816 25067 23718 22622 21849 

58684 24165 23028 22765 22025 20485 19402 23629 
23929 65663 24050 20816 25067 23718 22622 21849 

55542 24165 23028 22765 22025 20485 19402 23629 
23929 70965 24050 20816 25067 23718 22622 21849 

17268 16938 24930 34229 17859 81350 35037 25885 
39324 34735 13311 28800 15413 100280 20469 17094 

17268 16938 24930 45573 17859 81130 35037 25885 
39324 34735 13311 28800 15413 97126 20469 17094 

17268 16938 24930 51523 17859 74056 35037 25885 
39324 34735 13311 28800 15413 91646 20469 17094 

17268 16938 24930 61034 17859 66650 35037 25885 
39324 34735 13311 28800 15413 94375 20469 17094 

36162 40168 40179 40082 40171 40186 40186 39806 
39911 40119 39987 40186 40181 40153 40145 40186 

36162 40168 40179 36073 40171 40186 40186 39806 
39911 40119 39987 40175 40181 40153 40145 40186 

36162 40168 40179 36073 40171 36996 40165 39806 
39911 40119 40006 40175 40181 40153 40145 42184 

36162 40168 38303 36073 40171 36996 40165 39806 
39911 40119 40006 40175 40181 40153 40145 43840 

58925 61508 70375 65575 70175 64452 51401 60558 
67474 66838 66280 78334 65962 65550 63810 70732 

58925 61508 70004 65575 70175 64452 51401 60558 
67474 66838 66280 81538 65962 65550 63810 70732 

58925 61508 75862 65575 70175 64452 51401 60558 
67474 66838 66280 87011 65962 65550 63810 70732 

58925 61508 74942 65575 70175 64452 51401 60558 
67474 66838 66280 89896 65962 65550 63810 70732 

58925 61508 91886 65575 70175 64452 51401 60558 
67474 66838 66280 101072 65962 65550 63810 70732 

58925 61508 87697 65575 70175 64452 51401 60558 
67474 66838 66280 104153 65962 65550 63810 70732 

41425 45416 43339 41859 43583 44560 42386 44508 
44748 43481 42426 44614 44552 46464 43245 46543 

41425 40874 43339 41859 43583 44560 42386 44508 
44748 43481 42724 44614 44552 46464 43245 46543 

41425 40874 43339 41859 43583 45729 42386 44508 
44748 43481 51907 44614 44552 46464 43245 46543 

41425 40874 43339 41859 39224 49915 42386 44508 
44748 43481 54387 44614 44552 46464 43245 46543 

37282 40874 43339 41859 41060 57225 42386 44508 
44748 43481 55941 44614 44552 46464 43245 46543 

33553 40874 43339 41859 43722 70513 42386 44508 
44748 43481 66373 44614 44552 46464 43245 46543 

33553 40874 43339 41859 43722 70513 42386 44508 
44748 43481 66373 44614 44552 46464 43245 46543 

62521 63896 78410 70588 81824 68790 56198 69486 
71873 71472 77153 88480 68506 75059 67610 68798 

62521 63896 78410 70588 77475 68790 56198 69486 
71873 71472 78045 90418 68506 75059 67610 68798 

38654 42212 43339 43247 51431 51696 45567 45786 
49699 50664 57969 45871 45581 48229 47269 48101 

62521 63896 99711 74802 77475 68790 56198 69486 
75791 71472 88320 111785 68506 75059 67610 68798 

62521 63896 89739 74802 77475 68790 56198 69486 
75791 71472 88320 110577 68506 75059 67610 68798 

62521 63896 158118 74802 89963 68790 56198 69486 
75791 77662 88320 168437 68506 87985 67610 68798 

62521 63896 148972 74802 89963 68790 56198 69486 
75791 77662 88320 171405 68506 87985 67610 68798 

62521 63896 148972 74802 89963 68790 56198 69486 
75791 77662 88320 171405 68506 87985 67610 68798 

62521 63896 139074 74802 89963 68790 56198 69486 
75791 77662 88320 173161 68506 87985 67610 68798 

62521 63896 122341 74802 89963 68790 56198 69486 
75791 83997 88320 162634 68506 87985 67610 75511 

62521 63896 124188 74802 89963 68790 56198 69486 
75791 89395 88320 161790 68506 87985 67610 75511 

32821 32821 32720 32821 32821 29538 32821 32818 
32821 32812 32821 32821 32821 32821 32819 32821 

32821 32821 32720 32821 31538 29538 32821 32818 
32821 32812 32821 32821 32821 32821 44819 32821 

62521 63896 160035 74802 89963 68790 66322 62537 
91403 97912 88320 153052 80035 87985 67610 75511 

62521 63896 146531 74802 89963 68790 66322 62537 
91403 97912 88320 156750 80035 87985 67610 75511 

62521 69440 103012 79660 100080 78632 70327 70786 
99589 102160 94085 103605 80035 93970 67610 92314 

62521 69440 114294 79660 100080 78632 70327 63707 
99589 103340 94085 112624 80035 93970 67610 92314 

62521 64949 126748 84672 100080 84388 70327 69721 
104912 112004 94085 128436 84377 93970 78805 100665 

62521 64949 120739 84672 100080 84388 70327 69721 
104912 112004 94085 132267 84377 93970 78805 100665 

62521 64949 129805 84672 100080 84388 70327 69721 
104912 112004 101200 131459 84377 93970 83482 100665 

62521 64949 117154 84672 100080 84388 70327 69721 
104912 112004 101200 137293 84377 93970 83482 100665 

62521 64949 108373 96697 100080 88170 70327 69721 
104368 112004 103116 120521 84377 99444 84126 100665 

62521 64949 112972 92027 100080 88170 70327 69721 
105600 112004 103116 123306 84377 99444 84126 100665 

62521 64949 120413 101871 100579 92215 70327 69721 
107677 114175 107990 132555 84377 107978 85238 100665 

64926 63896 77309 74650 80231 68790 59423 69486 
76152 71472 83702 86216 71990 75951 67610 72390 

64926 63896 77309 74650 89879 61910 59423 69486 
76152 71472 83702 88157 71990 75951 67610 72390 

64926 63896 77309 74650 92416 68986 59423 69486 
76152 71472 83702 99560 71990 75951 67610 72390 

64926 63896 77309 74650 89841 68986 59423 69486 
76152 71472 83702 102845 71990 75951 67610 72390 

64926 63896 77309 74650 80856 68986 59423 69486 
76152 71472 83702 101544 71990 75951 67610 72390 

64926 63896 78218 76227 75092 74990 62107 70983 
78459 71472 83702 84132 74424 76808 67610 72390 

48136 42527 39674 41899 47342 44627 51339 40431 
38146 52591 43824 40839 42039 44815 47650 40313 

48136 42527 39674 41899 47342 44627 53705 40431 
38146 55465 43824 40839 42039 44815 47650 40313 

70065 77624 85304 78676 83505 86585 72001 78259 
80742 74584 87398 87351 77987 84524 74102 79094 

70065 77624 85304 78676 83505 82926 72001 78259 
80742 74584 92316 87351 77987 84524 74102 79094 

70065 77624 100391 78676 83505 82926 71467 78259 
80742 74584 101113 87351 77987 84524 74102 79094 

70065 77624 102061 78676 83505 82926 71467 78259 
80742 74584 107831 87351 77987 84524 74102 79094 

70065 77624 97541 78676 83505 82926 76325 78259 
80742 74584 111747 87351 77987 84524 74102 79094 

70065 77624 121632 78676 92338 82926 76325 78259 
80742 74584 127313 87351 77987 84524 74102 79094 

75142 77624 126404 78717 95359 82926 76325 78259 
80742 74584 149452 87351 78055 84524 80924 85118 

75142 77624 118763 78717 95359 82926 76325 78259 
80742 74584 149147 87351 78055 84524 80924 85118 

78514 86507 95775 104159 104094 100533 87415 80756 
104382 106319 104506 104589 90387 104338 95824 105960 

78514 86507 95775 101049 104094 100533 87415 80756 
104382 113762 104506 104589 90387 104338 97323 105960 

78514 86507 95775 101049 103139 100533 87415 80756 
104382 116838 104506 104589 90387 104338 97323 105960 

78514 86507 95775 101049 99797 100533 87415 80756 
104382 122209 104506 104589 90387 104338 97323 105960 

78514 86507 95775 101049 99797 100533 87415 80756 
104382 122209 104506 104589 90387 104338 97323 105960 

78514 86507 95775 108213 99797 100533 87415 80756 
104382 124821 104506 104589 90387 104338 97323 105960 

78514 86507 95775 112311 99797 100533 87415 80756 
104382 129989 104506 104589 90387 104338 97323 105960 

78514 86507 95775 102888 99797 100533 87415 80756 
105188 129531 104506 104589 90387 104338 97323 106698 

89673 110152 92447 209338 106467 122050 87415 80756 
114382 202860 104506 114050 90387 114266 108397 110380 

89673 124962 104524 213001 106467 122050 87415 99318 
114382 232769 104506 124641 90387 114266 108397 110380 

101482 124962 117238 203749 119428 131398 100174 132686 
124698 219604 118103 124641 103711 126473 121772 110380 

88165 89817 89928 89731 89667 88415 80936 89069 
89823 89723 89860 89520 89836 89882 89923 89928 

46087 51208 51208 51208 51208 51208 51208 51208 
51208 51208 51208 51208 51208 51208 51208 51208 

50359 67323 50256 50668 50099 74191 47403 67167 
48283 53432 51665 45313 50533 79061 50811 46101 

50359 67323 50256 50668 50099 75570 47403 67167 
48283 53432 51665 45313 50533 94941 50811 46101 

55484 67323 50256 50668 57606 122703 47403 72920 
48283 53432 60010 45313 60419 136326 52446 46101 

55484 67323 50256 57470 69321 123466 55211 78627 
48283 53432 60010 45313 60419 134145 52446 46101 

55484 67323 50256 57470 69321 116719 55211 78627 
48283 53432 60010 45313 60419 148938 52446 46101 

42673 47348 47410 47396 47414 47327 47415 47414 
47238 47388 47412 47407 47406 47394 47196 47405 

91419 92458 92766 92841 92556 92130 88349 83565 
92578 92436 92557 90904 92864 92701 92865 92816 

91419 92458 92766 86528 92556 92130 88349 83565 
92578 92436 92557 90904 92864 92701 95890 92816 

91419 92458 84077 86528 92556 92130 88349 83565 
92578 92436 92557 90904 92864 92701 97577 92816 

91419 92458 84077 82875 92556 92130 88349 83565 
92578 92436 92557 90904 92864 92701 99472 92816 

91419 92458 84077 77920 92556 92130 88349 83565 
92578 92436 92557 90904 92864 92701 101812 92816 

91419 92458 84077 77628 92556 92130 88349 83565 
92578 92436 92557 90904 92864 92701 102422 92816 

91419 92458 84077 77365 92556 92130 88349 83565 
92578 92436 92557 90904 92864 92701 102942 92816 

91419 92458 86030 86021 91099 92130 88349 83565 
92578 92436 92557 90904 92864 92701 102346 93625 

91419 92458 86030 84085 91099 92130 88349 83565 
92578 92436 92557 90904 92864 92701 104713 93625 

91419 92458 86030 79843 91099 92130 88349 83565 
92578 92436 92557 90904 92864 92701 107650 93625 

101482 124962 117238 207190 119428 131398 100174 132686 
124698 238018 118103 124641 103711 126473 121772 110380 

101482 124962 105514 233148 119428 131398 100174 132686 
124698 225480 118103 124641 103711 126473 121772 110380 

101482 124962 105514 209944 119428 131398 100174 132686 
124698 229245 118103 124641 103711 126473 121772 110380 

101482 124962 105514 195462 119428 131398 100174 132686 
124698 230801 118103 124641 103711 126473 121772 110380 

62567 66816 62925 65327 67926 59332 65724 61374 
58122 72219 65617 63194 62770 63384 59753 63068 

62567 66816 62925 65327 61133 59332 65724 61374 
58122 71789 65617 63194 62770 63384 59753 63068 

62567 63463 62925 65327 61133 59332 65724 61374 
58122 71958 65617 63194 62770 63384 59753 63068 

62567 63463 62925 65327 61133 59332 61636 61374 
58122 72849 65617 63194 62770 63384 59753 63068 

62567 63463 62925 64783 61133 59332 61636 61374 
58122 76391 65617 63194 62770 63384 59753 63068 

62567 63463 62925 65804 61133 59332 61636 61374 
58122 78230 65617 63194 62770 63384 59753 63068 

50174 53026 51208 52824 52273 51886 52368 52429 
55070 51805 52813 53365 52311 58699 52763 52970 

50174 64542 51208 52824 52273 51886 52368 52429 
55070 51805 52813 53365 52311 63978 52763 52970 

50174 63994 51208 52824 52273 51886 52368 52429 
55070 51805 52813 53365 52311 71841 52763 52970 

50174 64305 51208 52824 52273 51886 52368 52429 
55070 51805 52813 53365 52311 75595 52763 52970 

62955 74587 75486 82231 64600 74346 67903 66758 
71148 75752 71225 75604 67094 69125 62461 79340 

62955 74587 75486 74007 64600 74346 67903 66758 
71148 75752 71225 75604 67094 69125 62461 79628 

62955 74587 73492 74007 64600 74346 67903 66758 
71148 75752 71225 75604 67094 69125 62461 89213 

62955 72479 73492 74007 64600 74346 67903 66758 
71148 75752 71225 75604 68101 69125 62461 92723 

62955 72479 73492 74007 64600 84755 67903 66758 
71148 75752 71225 75604 72038 69125 62461 94602 

62955 72479 73492 74007 64600 84104 67903 66758 
71148 75752 71225 75604 77637 69125 62461 101594 

62955 72479 73492 74007 64600 84104 67903 66758 
71148 75752 71225 75604 77637 69125 62461 101594 

67365 76437 80762 75890 65903 72812 71152 72017 
74844 78747 72555 76214 78628 71698 69810 80934 

67365 76437 72619 75890 65903 72812 72031 72017 
74844 78747 72555 76214 78628 71698 69810 80101 

85178 95541 95292 95019 96342 95094 94598 94514 
95125 95883 94907 96387 96267 94781 94725 95632 

67365 85415 74670 78242 65903 72812 72031 74422 
76820 78747 74582 78649 79942 78680 72585 95961 

67365 85415 74670 78242 59312 72812 72031 74422 
76820 78747 74582 78649 79942 78680 72585 92955 

67365 184845 74670 78242 68039 72812 72031 74422 
76820 90372 74582 78649 79942 78680 83559 187818 

67365 184845 74670 78242 66235 72812 72031 74422 
76820 90372 74582 78649 79942 78680 83559 177840 

67365 184845 74670 78242 66235 72812 72031 74422 
76820 90372 74582 78649 79942 78680 83559 177840 

67365 162038 74670 78242 66235 72812 72031 74422 
87142 90372 74582 78649 79942 95296 83559 177840 

67365 140195 74670 78242 66235 72812 72031 74422 
94032 90372 74582 78649 87524 104970 83559 175002 

67365 133675 74670 78242 66235 72812 72031 74422 
98615 90372 74582 78649 87524 114492 83559 167202 

17525 17525 17525 17525 17525 17525 17525 15772 
17524 17525 17525 17525 17525 17525 17525 17525 

17915 17525 17525 17525 17525 17525 17525 15772 
17524 17525 17525 17525 17525 29525 17525 17525 

62955 74650 73492 76169 68080 83905 78103 72780 
80931 79627 72438 79006 77637 74155 65253 93376 

62955 74650 73492 76169 68080 81213 78103 72780 
80931 79627 72438 79006 77637 74155 65253 97587 

69919 76404 76706 79051 71448 71181 78928 72745 
78422 78950 74906 79077 77075 77372 66694 78048 

69919 76404 76706 83620 71448 71181 78928 72745 
78422 78950 74906 95280 77075 77372 66694 78048 

73089 76404 76706 94623 80929 78081 78928 72745 
83576 81468 74906 105890 77075 82481 66694 78048 

73089 76404 76706 92433 80929 78081 78928 72745 
83576 81468 74906 110601 77075 82481 66694 78048 

73089 79252 79505 101891 86431 78081 78928 72745 
84461 85893 76646 104054 77075 82481 66694 82534 

73089 79252 79505 97984 86431 78081 78928 72745 
84461 85893 76646 113985 77075 82481 66694 82534 

73089 79252 79505 97196 88386 78081 81608 72745 
84461 85893 76646 106384 77075 82481 66694 84699 

73089 79252 79505 92476 88386 78081 81608 72745 
84461 85893 76646 108465 77075 82481 66694 84699 

67365 141605 74670 78242 66235 80656 79982 74422 
103643 90372 88493 78649 87524 129799 91506 154118 

73089 81944 79505 93516 89983 78081 83675 72745 
86539 87693 76646 106867 77075 82481 66694 90213 

73089 81944 79505 93722 89983 78081 83675 72745 
86539 87693 76646 108306 77075 82481 66694 90213 

73089 81944 79505 99156 89983 78081 83675 72745 
86539 87693 76646 115956 77075 82481 66694 90213 

73089 81944 79505 95907 89983 78081 83675 72745 
86539 87693 76646 118276 77075 82481 66694 90213 

73089 81944 79505 95907 89983 78081 83675 72745 
86539 87693 76646 118276 77075 82481 66694 90213 

73089 85489 83249 86336 88738 78081 83675 79371 
88732 87693 83641 96304 80012 84465 72944 94226 

84208 96105 95350 95550 98666 90009 91470 92839 
91022 95036 91877 102621 95121 88789 89103 99286 

84208 96105 95350 95550 95466 90009 91470 92839 
91022 95036 91877 106225 95121 88789 89103 99286 

30934 30195 28569 29974 25020 31363 22561 24688 
27251 31964 27791 26752 29348 33968 27219 29839 

30934 30195 28569 29974 25020 35726 22561 24688 
30662 31964 27791 26752 29348 33968 27219 29839 

30934 30195 28569 29974 25020 45603 30445 24688 
42250 31964 27791 26752 29348 33968 27219 29839 

30934 30195 28569 29974 25020 53951 36917 24688 
47537 31964 27791 26752 29348 33968 27219 29839 

30934 30195 28569 29974 25020 50859 40533 24688 
55895 31964 27791 26752 29348 33968 27219 29839 

30934 30195 28569 29974 25020 48680 40533 24688 
61853 31964 30420 26752 29348 33968 27219 29839 

33847 30195 28569 29974 25020 53916 40533 24688 
60052 34720 34085 33125 29348 36435 27219 29839 

33847 30195 28569 29974 25020 53916 40533 24688 
60052 34720 34085 33125 29348 36435 27219 29839 

86795 96734 94397 87779 84143 90342 90804 92299 
106241 98804 94827 78913 100084 106817 104958 107484 

90487 119477 94397 87779 84143 90342 90804 83068 
106241 98804 94827 78913 100084 111667 104958 118218 

162883 161230 164045 166614 160992 154244 160928 162724 
162759 163890 159767 172026 161955 158136 162446 157656 

162883 161230 164045 156069 160992 154244 160928 162724 
162759 163890 159767 175340 161955 159663 162446 157656 

162883 161230 164045 154787 160992 154244 160928 162724 
162759 163890 159767 176934 161955 158136 162446 157656 

162883 161230 164045 154787 160992 154244 160928 162724 
162759 163890 159767 176934 161955 158136 162446 157656 

164766 161230 158053 154787 160992 154244 160928 162724 
162759 163890 159767 180506 161955 159725 162446 157656 

154289 161230 158053 154787 160992 154244 160928 162724 
162759 163890 159767 184932 161955 159725 162446 157656 

154289 161230 158053 154787 160992 154244 160928 150485 
162759 163890 159767 181341 161955 159725 162446 157656 

154289 161230 163523 165998 168037 164588 171915 247086 
173573 163890 159767 278604 184732 176113 162446 181497 

160512 212358 158053 165922 160992 154244 160928 162242 
162759 163890 169913 227969 161955 159725 162446 162369 

154289 175873 163523 165998 168037 164588 182919 235587 
182393 173153 159767 261724 184732 176113 181173 181497 

38156 37474 38286 34554 37662 37338 37841 38078 
37531 38224 37284 36988 37876 38010 37299 38563 

98525 98525 88672 98525 98525 98525 98525 98525 
98525 98525 98525 98525 98525 98525 98525 98525 

98525 98525 88672 98525 98525 98525 98525 96216 
98525 98525 98525 98525 98525 98525 98525 111672 

98525 100743 88672 104895 98525 98525 110029 96216 
100762 98525 99024 98525 98525 101011 98525 121020 

98525 100743 88672 104895 98525 98525 111100 96216 
102928 98525 99024 98525 98525 101011 98525 124912 

98525 100743 88672 104895 98525 98525 109242 103998 
102928 98525 99024 98525 98525 101011 98525 141328 

185420 172156 179683 189103 190949 188457 190815 189672 
191282 187881 171606 191141 190164 185714 191002 190760 

154289 175873 163523 165998 168037 164588 182919 239853 
182393 173153 159767 258851 184732 176113 181173 181497 

154289 175873 163523 165998 168037 164588 182919 219201 
182393 173153 159767 258951 184732 176113 181173 181497 

154289 175873 163523 165998 168037 164588 182919 202280 
182393 173153 159767 256976 184732 176113 181173 181497 

154289 175873 163523 165998 168037 164588 182919 187052 
182393 173153 159767 254506 184732 176113 181173 181497 

154289 175873 163523 165998 168037 164588 182919 169909 
182393 173153 159767 252760 184732 176113 181173 181497 

154289 175873 163523 165998 168037 164588 171293 169909 
182393 173153 159767 249775 184732 176113 181173 181497 

154289 165785 163523 165998 168037 164588 171293 169909 
182393 173153 159767 245384 184732 176113 181173 181497 

154289 165785 147169 165998 168037 164588 180744 214287 
182393 173153 159767 211968 188249 176113 181173 181497 

154289 165785 147169 165998 168037 164588 180744 199524 
182393 173153 159767 216199 188249 176113 181173 181497 

154289 165785 147169 165998 168037 164588 180744 193400 
182393 173153 159767 220672 200763 176113 181173 181497 

196011 202210 204325 197498 189565 205879 204374 205175 
205303 203250 192253 210580 205719 203543 204352 204096 

176409 202210 204325 203975 189565 209611 204374 205175 
205303 206512 192253 210382 205719 203543 204352 204096 

176409 202210 204325 204551 189565 189281 204374 205175 
205303 208821 192253 209798 205719 203543 204352 204096 

176409 202210 204325 205352 189565 189281 204374 189902 
205303 212409 192253 209798 205719 203543 204352 204096 

96412 96668 96160 87001 96411 96498 96604 96501 
96660 96651 96575 96592 96656 95973 96664 96652 

96412 87001 96160 87001 96411 96498 96604 96501 
96660 96651 96575 96592 96656 95973 96664 96652 

96412 87001 96160 87001 96454 96498 87787 96516 
96643 96647 96575 96592 96629 95973 96632 98644 

96412 87001 96160 87001 96454 89001 87787 96516 
96643 96647 96575 96592 96629 95973 96632 100275 

96412 87001 96160 87001 96454 89001 87787 93797 
96643 100040 96575 96592 96629 95973 96632 105320 

96412 87001 96160 87001 94308 89001 87787 93797 
96643 100040 96575 96592 96629 95973 96632 107433 

39001 40317 41156 37087 38175 38582 40974 40930 
40769 39822 38084 38501 41431 38535 40727 43332 

39001 40317 43290 37087 38175 38582 40974 40930 
40769 39822 38084 38501 41431 38535 40727 48114 

39001 40317 58858 37087 38175 38582 40974 40930 
40769 39822 38084 41158 41431 38535 40727 66575 

39001 40317 60472 37087 38175 38582 40974 40930 
40769 39822 38084 41158 41431 38535 40727 68803 

95915 92832 102844 98770 100021 94194 95187 104095 
101792 105319 99010 102735 104678 99232 101783 106209 

95915 92832 102844 98770 100021 94194 95187 93685 
101792 105319 99010 102735 104678 99232 101783 105997 

95915 92832 105421 98770 100021 94194 95187 93685 
101792 105319 99010 102735 104678 99232 101783 115486 

95915 92832 114486 98770 100021 94194 95187 93685 
101792 105319 99010 102735 104678 99232 101783 126537 

95915 92832 112953 98770 100021 94194 95187 93685 
101792 105319 99010 102735 104678 99232 101783 129414 

95915 92832 108607 98770 100021 94194 95187 93685 
101792 105319 99010 102735 104678 99232 101783 133566 

95915 92832 108607 98770 100021 94194 95187 93685 
101792 105319 99010 102735 104678 99232 101783 133566 

78390 78438 78438 78438 70594 78438 78438 78437 
78438 78438 78438 78434 78438 78438 78429 78438 

78390 78438 76585 78438 70594 78438 78438 78437 
78438 78438 78438 78434 85276 78438 78429 78438 

99104 96857 101831 100473 100021 94194 98739 98178 
103388 108519 99010 104242 108310 101660 104356 110935 

180258 180258 180258 180258 162232 180258 180258 180258 
180258 180258 180258 180258 180258 180258 180258 180258 

180258 180258 180258 162232 162232 180258 180258 180258 
180258 180257 180258 180258 180258 180258 180258 180258 

165565 180258 180258 162232 162232 180258 180258 180258 
180258 180257 180258 180258 180258 192258 180258 180258 

165565 165565 180258 162232 162232 180258 180258 180258 
180258 180257 180258 180258 180258 193058 180258 180258 

165565 165565 180258 162232 162232 180258 180258 180258 
180258 180257 180258 180258 180258 193058 180258 180258 

165565 165565 180258 162232 162232 180258 173700 180258 
180258 180257 180258 180258 180258 197666 180258 180258 

165565 165565 180258 162232 162232 171685 173700 180258 
180258 180257 180258 180258 180258 194466 180258 180258 

165565 165565 171305 162232 162232 171685 173700 180258 
180258 180257 180258 180258 180258 198596 180258 180258 

83187 96657 76585 82727 73943 78438 78438 78437 
82819 78438 78438 80134 106852 78438 78429 78607 

83187 97492 76585 82727 73943 78438 78438 78437 
82819 78438 78438 80134 120140 78438 78429 78607 

165565 171459 171305 169714 162232 171685 173700 195165 
180258 180257 184926 184354 180258 217394 180258 180258 

165565 171459 171305 169714 162232 171685 173700 177648 
180258 180257 184926 184354 180258 217171 180258 180258 

172223 174572 175894 174451 168404 174104 177935 163926 
181548 181224 181421 181490 180368 181087 181723 181571 

172223 174572 170046 174451 168404 174104 177935 163926 
181548 181224 181421 181490 180368 181087 192382 181571 

172223 174572 172219 177828 170734 174104 173352 169237 
182658 182576 181421 181490 181731 181087 192284 181571 

172223 174572 172219 170045 170734 174104 173352 169237 
182658 182576 181421 181490 181731 181087 192838 181571 

172223 183397 172219 171605 170734 174104 173352 170617 
182658 182704 181421 181681 181731 181031 183441 181571 

172223 165335 172219 171605 170734 174104 173352 170617 
182658 182704 181421 181681 181731 181031 188436 181571 

173490 167071 173191 171605 171930 167341 173352 171743 
181434 181386 181421 181717 181731 181118 183951 181571 

161141 167071 173191 171605 171930 167341 173352 171743 
181434 181386 181421 181717 181731 181118 185904 181571 

166814 169964 175158 173016 174375 170559 168848 173801 
182144 181386 181421 180866 181790 180308 179588 186917 

101734 92832 103256 100475 110198 94194 102886 99672 
108546 108215 103168 106348 108713 107262 106130 115715 

101734 92832 103256 100475 103856 94194 102886 99672 
108546 108932 103168 106348 108713 107262 106130 119766 

101734 92832 103256 100475 112176 94194 102886 99672 
108546 113626 103168 106348 108713 113536 106130 130666 

101734 92832 103256 100475 107625 94194 102886 99672 
108546 113626 103168 106348 108713 113536 110734 130666 

101734 92832 103256 100475 106862 94194 102886 99672 
108546 113626 103168 106348 108713 113536 112423 130666 

94411 92832 105185 103554 115137 100590 105380 101093 
110145 113636 105887 106348 108474 113750 111866 113318 

165041 182480 177116 160022 183028 166832 141489 183178 
160313 182069 155463 170090 183400 164427 151515 181519 

165041 182480 177116 160022 183028 166832 141489 172360 
160313 182069 155463 170090 186377 164427 151515 181519 

172963 172971 185817 177493 181465 177689 175781 167267 
183808 185271 185889 183831 185366 182274 183734 185504 

172963 172971 179522 177493 181465 177689 175781 167267 
192221 185271 185889 183831 185366 182274 183734 185504 

172963 172971 179522 177493 176799 177689 175781 167267 
199580 185271 185889 183831 185366 182274 183734 185504 

172963 172971 193984 177493 159118 177689 175781 167267 
198672 185271 185889 183831 185366 182274 183734 185504 

172963 172971 198111 177493 144634 177689 175781 167267 
200372 185271 185889 183831 185366 182274 183734 185504 

172963 172971 197406 177493 156081 177689 175781 167267 
214341 185271 185889 183831 185366 182274 183734 185504 

172963 178795 191271 180525 165307 178709 175781 171214 
202355 185271 185889 185621 186498 186714 183734 190497 

108273 105637 113969 110845 113901 109821 107971 114130 
117875 115352 116604 118083 116853 118103 126790 116871 

108273 105637 113969 110845 113901 109821 107971 114130 
117875 115352 116604 118083 116853 118103 126790 116871 

108273 105637 113969 110845 113901 109821 107971 120783 
117875 115352 116604 118083 116853 118103 135160 116871 

108273 105637 113969 110845 113901 109821 107971 115104 
117875 115352 116604 118083 116853 118103 133320 116871 

108273 105637 113969 110845 113901 109821 107971 110198 
117875 115352 116604 118083 116853 118103 136892 116871 

108273 105637 113969 110845 113901 109821 107971 110198 
117875 115352 116604 118083 116853 118103 136892 116871 

108273 105637 115365 110845 113901 109821 107971 110198 
117875 115352 117512 118083 116853 118103 137229 116871 

108273 105637 109828 110845 113901 109821 107971 110198 
117875 115352 117512 118083 116853 118103 141042 116871 

108273 105637 109828 110845 108050 109821 107971 110198 
117875 115352 117512 118083 116853 118103 137897 116871 

108273 113032 113279 144810 111971 113689 119817 113523 
120264 132252 117512 118083 116853 118103 150378 116871 

119883 121788 113279 152162 128139 126677 128570 127463 
125203 135050 117512 118083 116853 130924 169959 116871 

119883 121788 113279 154147 128139 132982 128570 127463 
125203 135050 117512 118083 116853 130924 174794 122267 

216512 215835 219251 214776 217132 216217 215852 216669 
236856 218261 218041 215212 216795 220550 215689 221090 

118214 116012 108195 117544 118697 119349 119028 117599 
119885 117453 118326 119528 119771 117617 120174 118060 

106170 106170 106166 106161 106109 106170 106151 95552 
106169 106169 106167 106128 106169 106159 106169 106140 

106170 103096 106166 106161 106109 106170 106151 95552 
106169 119316 106167 106128 106169 106159 106169 106140 

128528 103096 106166 108035 106109 108269 95535 95552 
106169 128118 106167 106128 108354 106159 106169 109265 

127107 106558 108810 108035 106109 108269 95535 95552 
106169 139639 106167 106128 108354 106159 106169 109265 

118938 106558 108810 108035 106109 108269 95535 95552 
106169 151262 106167 106128 108354 106159 106169 109265 

199725 220197 221620 217443 220633 220009 221225 221671 
221487 221626 219664 219963 220930 222079 219552 222064 

119883 121788 113279 158020 128139 132982 128570 127463 
125203 135050 117512 118083 116853 130924 192729 122267 

119883 121788 113279 145968 128139 132982 128570 127463 
125203 135050 117512 118083 116853 130924 192258 122267 

119883 121788 113279 131948 128139 132982 128570 127463 
125203 135050 117512 118083 116853 130924 190629 122267 

119883 121788 113279 131948 128139 124683 128570 127463 
125203 135050 117512 118083 116853 130924 187864 122267 

119883 121788 113279 121253 128139 124683 128570 127463 
125203 135050 117512 118083 116853 130924 185272 122267 

119883 121788 113279 121253 128139 124683 123213 127463 
125203 135050 117512 118083 116853 130924 182601 122267 

119883 121788 113279 121253 122825 124683 123213 127463 
125203 135050 117512 118083 116853 130924 180154 122267 

119883 121788 113279 121253 122825 124683 123213 138259 
125203 138542 117512 118083 116853 130924 164677 122267 

119883 121788 113279 121253 122825 124683 123213 131933 
125203 138542 117512 118083 116853 130924 165035 122267 

119883 121788 113279 121253 122825 124683 123213 120882 
125203 138542 117512 118083 116853 130924 164724 122267 

171233 171025 171231 171164 171093 171217 171233 153947 
171154 171216 171026 171025 171197 171231 171225 171234 

163266 171025 171231 171164 171093 171217 171233 153947 
171154 171216 171026 171025 171197 171231 171225 178826 

163266 171025 171231 171164 155718 171217 171233 153947 
171154 171216 171026 171224 171197 171231 171225 180271 

163266 171025 171231 171164 162594 171217 154109 153947 
171154 171216 171026 171224 171197 171231 171225 181657 

120386 119245 111167 119282 121005 115960 121460 120854 
121345 123898 119162 121848 120467 120875 128385 123802 

120386 119245 111167 119282 121005 115960 109313 120854 
121345 123898 119162 121848 120467 120875 127692 123802 

260398 263996 263951 261832 260663 258164 237719 263941 
256481 260023 259943 264062 263862 264122 259983 258823 

260398 239402 263951 261832 260663 258164 237719 263941 
256481 260023 259943 264255 263862 266109 259983 258823 

260398 239402 244641 261832 260663 258164 237719 263941 
256481 260023 259943 268573 263862 274282 259983 258823 

260398 239402 244641 261832 260663 258164 237719 245046 
256481 260023 259943 268573 263862 276247 259983 258823 

120386 119245 112523 119282 111274 115960 110904 120854 
121345 123898 119162 121848 120467 120875 124411 123802 

120386 119245 112523 119282 111274 115960 107313 120854 
121345 123898 119162 121848 120467 120875 126060 123802 

120386 119245 112523 119282 111274 115960 113333 110811 
121345 123898 119162 121975 120467 120875 130945 123536 

120386 119245 112523 119282 111274 115960 108249 110811 
121345 123898 119162 121975 120467 120875 134183 123536 

267951 249554 249649 253597 262644 262425 249494 259294 
271766 264919 259943 272085 269550 281423 265629 258823 

241155 249554 249649 253597 262644 262425 249494 259294 
271766 264919 259943 272085 269550 280075 265629 258823 

241155 249554 249649 253597 241935 262425 249494 259294 
271766 264919 259943 272085 269550 288331 265629 258823 

248500 249554 249649 253597 241935 240167 249494 259294 
271766 264919 259943 272085 269550 282907 265629 258823 

255946 249554 249649 253597 241935 240167 249494 242201 
271766 264919 259943 272085 269550 281011 265629 258823 

244548 249554 249649 253597 241935 240167 249494 242201 
271766 264919 259943 272085 269550 282806 265629 258823 

244548 249554 249649 253597 241935 240167 249494 242201 
271766 264919 259943 272085 269550 282806 265629 258823 

112465 101220 112445 112386 112155 112381 112467 112463 
112469 112365 112464 112385 112307 112094 112447 112463 

112465 101220 112445 112386 112155 112381 105259 112463 
115426 112365 112464 112385 112307 112094 112447 112463 

251564 252429 249649 244589 248836 249119 252629 246896 
263644 264430 259279 264613 263565 264886 272888 259534 

118095 119245 114192 120114 115128 118045 114848 112871 
122094 124831 119162 126923 122409 123101 130156 124261 

118095 119245 114192 108102 115128 118045 114848 112871 
122094 124831 119162 126923 122409 123101 129151 124261 

118095 132601 114192 108102 115128 118045 114848 112871 
122094 124831 119162 126923 122409 123101 156435 124261 

118095 126840 114192 108102 115128 118045 114848 112871 
122094 124831 119162 126923 122409 123101 157051 124261 

118095 126840 114192 108102 115128 118045 114848 112871 
122094 124831 119162 126923 122409 123101 157051 124261 

118095 122542 114192 108102 115128 118045 114848 112871 
122094 124831 119162 126923 122409 123101 157642 124261 

118095 123597 114192 108102 115128 118045 114848 112871 
122094 124831 119162 126923 122409 123101 146317 124261 

188377 179989 188549 178981 180074 178409 172772 174805 
181975 211468 179198 179439 180449 178287 178482 180555 

188377 179989 192095 178981 180074 178409 172772 174805 
181975 218487 179198 179439 180449 178287 178482 180555 

188377 179989 184698 178981 180074 178409 172772 174805 
181975 228844 179198 179439 180449 178287 178482 180555 

120622 103773 114305 112386 112155 112381 105259 113887 
132318 115782 112464 113961 114037 112094 117132 117115 

110059 103773 114305 112386 112155 112381 105259 113887 
137148 115782 112464 113961 114037 112094 117132 117115 

129645 129945 129805 129844 130364 117390 129972 130041 
129789 130141 129491 130128 130388 130449 130081 129755 

129645 129945 129805 129844 125002 117390 129972 130041 
129789 130141 131769 130128 130388 138708 130081 129755 

132583 136496 132657 132914 128351 126380 129972 137308 
135135 130091 131979 135147 133221 157623 135573 134643 

132583 136496 132657 132914 128351 126380 129972 128577 
135135 130091 131979 135147 133221 158591 135573 134643 

112007 105475 104633 115750 114847 115440 106395 114543 
116444 116340 114586 115946 114519 113771 116300 115521 

112007 105475 104633 112699 114847 115440 106395 114543 
125726 116340 114586 115946 114519 113771 116300 115521 

112007 105475 104633 112699 114847 111409 107805 115302 
123991 116340 115281 115946 115436 113771 117186 115521 

112007 105475 104633 112699 114847 111409 107805 114245 
127648 116340 115281 115946 115436 113771 117186 115521 

132583 144331 132657 132914 128351 128099 131539 130472 
135135 130091 133423 135147 134328 144106 136541 134643 

112007 105475 104633 112699 121810 114988 109547 117287 
136475 118226 119917 117718 116767 118239 119631 115521 

112007 105475 111898 112699 110882 114988 109547 117287 
134488 118226 119917 117718 116767 118239 119631 115521 

112007 105475 111182 112699 110882 114988 109547 117287 
143365 118226 119917 117718 116767 118239 119631 115521 

112007 105475 105063 112699 110882 114988 109547 117287 
143146 118226 119917 117718 116767 118239 119631 115521 

112007 105475 104556 112699 110882 114988 109547 117287 
141337 118226 119917 117718 116767 118239 119631 115521 

110059 107324 126445 117251 119029 115347 105259 113887 
143470 115782 114498 119124 114037 112094 117132 117115 

112007 110897 112312 112699 113173 118307 113118 111969 
123099 118226 118711 118784 117712 118239 118599 116560 

112007 110897 112312 112699 113173 113142 113118 111969 
123099 118226 118711 118784 117712 122245 118599 116560 

119778 119891 115492 123943 122805 120908 115171 123330 
124250 128918 119631 124101 122206 124306 121961 125719 

119778 119891 115492 117548 122805 120908 115171 123330 
124250 134420 119631 124101 122206 124306 121961 125719 

119778 119891 115492 117548 122805 120908 115171 138562 
124250 144245 119631 124101 122206 124306 121961 125719 

119778 119891 115492 117548 122805 120908 115171 137142 
124250 149739 119631 124101 122206 124306 121961 125719 

119778 119891 115492 117548 122805 120908 115171 140249 
124250 157461 119631 124101 122206 124306 121961 130452 

119778 119891 115492 117548 122805 120908 115171 148257 
124250 168039 119631 124101 122206 124306 121961 130452 

119778 124115 115492 121773 122805 124835 134075 149625 
124250 163767 119631 124101 122206 124306 121961 132752 

119778 124115 115492 121773 122805 124835 134075 149625 
124250 163767 119631 124101 122206 124306 121961 132752 

141759 134158 142601 147805 133615 133149 139785 147937 
140048 132318 137322 138466 146612 148950 149394 139459 

141759 134158 143842 147805 136840 133149 139785 137040 
140048 132318 137322 138466 146612 148950 154508 140874 

141759 134158 129457 153923 136840 133149 139785 137040 
140048 132318 137322 138466 146612 148950 155321 140874 

141759 134158 129457 143863 136840 133149 139785 137040 
140048 132318 137322 138466 146612 148950 162847 140874 

141759 134158 129457 143863 136840 133149 139785 137040 
140048 132318 137322 138466 146612 148950 162847 140874 

141759 134158 139020 138395 136840 133149 139785 137040 
140048 132318 137322 138466 146612 148950 161713 140874 

133583 134158 139020 138395 136840 133149 139785 137040 
140048 132318 137322 138466 146612 148950 165717 140874 

133583 134158 139020 138395 136840 133149 130102 137040 
140048 132318 137322 138466 146612 148950 163967 140874 

196802 187166 180653 196817 195260 195519 187034 189401 
195518 199143 193913 194672 190695 189471 192892 193870 

133583 134158 178473 142460 136840 133149 136198 149521 
140048 132318 137322 138466 146612 154249 197120 145745 

133583 134158 173370 142460 136840 133149 140935 149521 
144236 132318 137322 138466 153858 157093 194186 145745 

205659 190491 184929 274542 217080 195519 195193 211141 
203172 294247 210942 205274 190695 189471 202542 193870 

130238 130013 130467 129512 118192 130198 130544 130529 
130568 130264 129430 130420 129954 131275 130109 130283 

213783 211070 207506 214174 193023 211698 214120 213981 
214282 214188 214508 214466 210708 212609 214142 208112 

213783 211070 207506 200890 193023 211698 214120 213981 
214282 214188 231506 214466 210708 212609 214142 208112 

213783 211070 210152 200890 197851 214066 210253 214001 
214282 216144 233118 214466 212930 212609 214142 208112 

192404 211070 212005 200890 200495 231453 214687 214214 
214282 217334 227674 214466 214366 212609 214142 208112 

192404 211070 212005 207200 200495 208307 214687 214214 
214282 217334 238241 214466 214366 212609 214142 208112 

133583 134158 177258 142460 136840 133149 140935 149521 
144236 132318 137322 138466 153858 157093 212104 145745 

260004 260004 234003 260004 260004 260004 260004 260004 
260004 260004 260004 260004 260004 260004 260004 260004 

260004 260004 234003 260004 260004 260004 260004 237336 
260004 260004 260004 260004 260004 260004 262004 260004 

260004 260004 234003 260004 260004 234529 260004 237336 
260004 260004 260004 260004 260004 260004 263804 260004 

260004 260004 234003 234003 260004 234529 260004 237336 
260004 260004 260004 260004 260004 260004 263423 260004 

260004 260004 234003 234003 235432 234529 260004 237336 
260004 260004 260004 260004 260004 260004 267081 260004 

260004 241503 234003 234003 235432 234529 260004 237336 
260004 260004 260004 260004 260004 260004 269373 260004 

241503 241503 234003 234003 235432 234529 260004 237336 
260004 260004 260004 260004 260004 260004 271436 260004 

241503 241503 234003 234003 235432 234529 255171 241484 
260004 260004 260004 260004 260004 260004 283326 260004 

241503 241503 234003 234003 235432 234529 237153 241484 
260004 260004 260004 260004 260004 260004 283510 260004 

121237 121317 121317 121318 121221 121319 109187 121318 
121257 121313 121312 121319 121271 121313 121317 121284 

121237 121317 121317 121318 121221 112187 109187 121318 
121257 121313 121312 127319 121271 121313 121317 121284 

121244 121317 121317 121318 121221 112187 109187 122865 
121257 121313 122832 133261 121271 121313 121317 121284 

121244 121317 121317 121318 121221 112187 109187 113013 
121257 121313 122832 132500 121271 121313 121317 121284 

121244 121317 121317 115221 121221 112187 109187 113013 
121257 121313 122832 137345 121271 121313 121317 121284 

132986 134194 131917 132495 126651 130198 124325 131382 
130976 138039 130370 132512 130667 133953 132935 131657 

132986 120774 131917 132495 126651 130198 124325 131382 
130976 137654 130370 132512 130667 133953 132935 131657 

120876 120774 132385 132958 126651 130198 124325 131382 
130976 136042 130370 132512 130667 133953 135011 131657 

120876 120774 132385 121891 126651 130198 124325 131382 
130976 137503 130370 132512 130667 133953 135011 131657 

120876 120774 133644 121891 126651 130198 124325 131382 
130976 150063 130370 132512 130667 133953 135011 131657 

120876 120774 126946 121891 126651 130198 124325 131382 
130976 152421 130370 132512 130667 133953 135011 131657 

172026 175201 158779 171252 155045 169379 175985 168623 
174901 176409 165490 173385 174640 175956 176178 175931 

151541 170212 139706 136313 137685 147674 142377 139956 
138592 185465 137729 145258 144162 140115 141444 151096 

151541 170501 139706 136313 137685 147674 142377 139956 
138592 189879 137729 145258 144162 140115 141444 151096 

151541 158450 139706 136313 137685 147674 142377 139956 
138592 192941 137729 145258 144162 140115 141444 151096 

151541 172924 139706 136313 137685 147674 142377 139956 
138592 198451 137729 145258 144162 140115 141444 155122 

151541 155631 139706 136313 137685 147674 142377 139956 
138592 195898 137729 145258 144162 140115 141444 155122 

151541 162495 139706 136313 137685 147674 142377 139956 
138592 201444 137729 145258 144162 140115 141444 155122 

151541 157240 139706 136313 137685 147674 142377 139956 
138592 195053 137729 145258 144162 140115 141444 155122 

151541 160587 139706 136313 137685 147674 142377 139956 
138592 191617 137729 145258 144162 140115 141444 157452 

151541 160633 139706 136313 137685 147674 142377 139956 
138592 193773 137729 145258 144162 140115 141444 157452 

151541 160633 139706 136313 137685 147674 142377 139956 
138592 193773 137729 145258 144162 140115 141444 157452 

132031 127944 132652 132827 138797 137574 134825 127750 
132527 141209 136068 140350 139320 136361 139759 136745 

132031 127944 132652 132827 139445 123816 134825 127750 
132527 140193 136068 140350 139320 136361 139759 136745 

132031 133133 134706 133742 143362 129498 139167 132450 
132527 147765 138119 153809 142746 136361 143959 138530 

152262 156286 144909 148522 127713 152270 146390 145218 
144852 154240 139953 149400 148161 144512 144124 154635 

152262 140657 144909 148522 127713 152270 146390 145218 
144852 154240 139953 149400 148161 144512 144124 154799 

167853 150817 144909 148522 146129 278962 146390 163186 
144852 154240 156928 149400 148161 159155 160531 299471 

167853 150817 144909 148522 146129 253555 146390 163186 
144852 154240 156928 149400 148161 172301 160531 305420 

167853 150817 144909 148522 146129 253555 146390 163186 
144852 154240 156928 149400 148161 172301 160531 305420 

167853 150817 144909 148522 146129 263022 138417 163186 
144852 154240 156928 149400 148161 172301 160531 296049 

167853 150817 144909 148522 158001 242125 141803 163186 
144852 154240 156928 149400 148161 181801 160531 265687 

167853 150817 144909 148522 158001 226681 145802 163186 
144852 154240 156928 149400 148161 188705 160531 260156 

174989 150817 154206 148522 166844 229201 155749 163186 
144852 154240 156928 149400 148161 194574 160531 239565 

174989 150817 154206 148522 153195 229201 155749 163186 
144852 154240 156928 149400 148161 194574 160531 249292 

123961 123945 123953 123944 123961 123949 123940 111564 
123959 123815 123961 123788 123961 123961 123960 123961 

113707 123945 123953 123944 123961 123949 123940 111564 
123959 123815 123961 123788 123961 123961 123960 126961 

116590 123945 124119 124059 124112 111757 123982 115041 
123161 123828 124176 123977 123623 123961 123186 123731 

116590 127847 124376 124059 125451 111757 123982 115041 
123161 130367 137573 123977 123623 123961 123186 123731 

117225 105497 117224 117225 117225 117224 117224 117224 
117225 117224 117225 117196 117224 117225 117225 117225 

113002 105497 117224 117225 117225 117224 117224 117224 
117225 117224 120225 117196 117224 117225 117225 117225 

128547 160662 125563 124059 130719 111757 129083 115041 
129106 130367 175701 129538 123623 133383 128770 129223 

128547 144818 125563 124059 130719 111757 129083 115041 
129106 130367 178197 129538 123623 133383 128770 129223 

113002 105497 117224 122636 119859 117553 117223 117224 
117225 117224 122532 117242 117223 117455 117225 117225 

113002 105497 117224 119385 119859 117553 117223 117224 
117225 117224 125542 117242 120210 117455 117225 117225 

117461 105497 117224 111278 120158 118688 117246 117224 
117225 117224 123478 117902 117959 118109 117225 117225 

118959 105497 117224 118477 120379 123618 117331 117224 
117225 117614 134336 122283 118156 121095 117225 117225 

136866 131911 135767 133982 130972 128586 137293 129700 
133793 141648 137497 145714 139320 137896 139759 137792 

136866 131911 135767 133982 132615 128586 129707 129700 
133793 141648 137497 147083 139320 137896 139759 137792 

128179 131911 135767 133982 132615 128586 129707 129700 
133793 141648 137497 149061 139320 137896 139759 137792 

128179 131911 135767 133982 132615 128586 129707 129700 
133793 141648 137497 149061 139320 137896 139759 137792 

140073 131911 135767 133982 134358 128586 129707 129700 
133793 141648 137497 158145 139320 137896 139759 137792 

131002 134624 137136 135587 137285 129659 131483 133468 
134988 142275 137497 146237 140413 137076 141410 138896 

131002 134624 137136 135587 130223 129659 131483 133468 
134988 142275 137497 149341 140413 137076 141410 138896 

136300 140247 141233 142220 143703 133929 139361 140884 
138234 145261 137497 144798 145314 138840 150199 143384 

136300 140247 141233 142220 135332 133929 139361 140884 
138234 145261 137497 144798 145314 138840 155549 143384 

136300 140247 141233 148171 135332 133929 139361 140884 
138234 145261 137497 150232 145314 138840 161024 143384 

136300 140247 141233 143640 135332 133929 139361 140884 
138234 146694 137497 150232 145314 138840 163850 143384 

136300 140247 141233 137999 135332 133929 139361 140884 
138234 148804 137497 150232 145314 138840 166628 143384 

136300 140247 167164 129199 146627 133929 139361 140884 
138234 154335 137497 150232 145314 138840 171756 143384 

139185 140247 162831 136583 151274 133929 139361 142572 
141456 155310 140942 153343 150419 138840 177498 143384 

139185 140247 156547 136583 151274 133929 139361 142572 
141456 155310 140942 153343 150419 138840 178031 143384 

192602 191799 192636 179958 180891 184481 192288 180889 
196945 189693 199850 200009 160641 205547 177230 198939 

192602 191799 220937 179958 162801 184481 192288 180889 
196945 189693 199850 200009 160641 224293 177230 197134 

192602 191799 206327 179958 162801 184481 192288 180889 
196945 189693 199850 200009 160641 228970 177230 197134 

192602 191799 201248 179958 162801 184481 192288 180889 
196945 189693 199850 200009 160641 233400 177230 197134 

192602 191799 201248 179958 162801 184481 192288 180889 
196945 189693 199850 200009 160641 233400 177230 197134 

192602 191799 201160 179958 162801 184481 192288 180889 
196945 189693 199850 200009 160641 229978 177230 197134 

192602 191799 187294 179958 162801 184481 192288 180889 
196945 189693 199850 200009 160641 232096 177230 197134 

181508 191799 187294 179958 162801 184481 192288 180889 
196945 189693 199850 200009 160641 227754 177230 198680 

181508 196089 223458 179958 162801 184481 192288 180889 
207243 189693 199850 200009 168462 250981 183549 206444 

120219 110895 127559 127605 115073 125716 121426 123645 
127863 122683 127850 128156 124298 127882 123350 121996 

120219 114656 127559 130829 115073 127990 121426 123645 
127863 123261 127850 141825 124298 127882 123350 123618 

181508 196089 240501 187166 179824 184481 207209 188469 
207243 189693 205628 206009 176995 266233 197217 206444 

147921 148322 148107 147088 148367 147872 147640 136226 
148163 151569 148006 148054 148909 147602 148585 147714 

141985 141980 141974 141980 141942 141912 141980 127789 
141827 141968 141899 141991 141874 141984 141983 141991 

137131 141980 141974 141980 141942 141912 141980 127789 
141827 141968 141899 141991 141874 141984 141983 157810 

137131 144638 145953 141980 127747 141912 176747 133025 
141827 144968 141899 140570 141874 141984 141983 173794 

137131 144638 148881 141969 127747 148199 170389 133025 
141827 144968 141899 140570 146618 141984 141983 183478 

137131 144638 148881 141969 127747 136379 176900 133025 
141827 144968 141899 140570 146618 141984 141983 202772 

198815 208276 193288 202429 197668 203480 209045 202737 
209329 207332 208283 211785 189770 209015 204009 209412 

139413 139369 126635 139064 139621 139579 138944 139654 
139895 139327 140829 138755 139466 138978 138803 139115 

139413 139369 126635 139064 139621 139579 138944 130688 
139895 139327 143711 138755 139466 138978 138803 139115 

120219 114656 127559 133833 115073 127990 121426 123645 
127863 123261 127850 160725 124298 127882 123350 123618 

120219 114656 127559 121037 115073 127990 121426 123645 
127863 123261 127850 160035 124298 127882 123350 123618 

120219 114656 127559 121037 115073 125191 121426 123645 
127863 123261 127850 158830 124298 127882 123350 123618 

120219 114656 116273 121037 115073 125191 121426 123645 
127863 123261 127850 160702 124298 127882 123350 123618 

120219 114656 121469 121037 115073 125191 121426 123645 
127863 123261 127850 159702 124298 127882 123350 123618 

120219 114656 121469 121037 115073 120171 121426 123645 
127863 123261 127850 159250 124298 127882 123350 123618 

120219 114656 121469 121037 115073 120171 121426 118780 
127863 123261 127850 158689 124298 127882 123350 123618 

120219 114656 121469 121037 115073 120171 121426 134668 
127863 125897 127850 160146 127124 128603 123350 123618 

120219 114656 121469 121037 115073 120171 121426 124772 
127863 125897 127850 162598 127124 128603 123350 123618 

120219 114656 121469 121037 115073 120171 121426 140266 
127863 125897 127850 160377 127124 129068 123350 123618 

120219 114656 121469 121037 115073 120171 121426 127759 
127863 125897 127850 158667 127124 130356 123350 123618 

120219 114656 121469 121037 115073 120171 121426 122616 
127863 125897 127850 159942 127124 130356 123350 123618 

220187 221542 226765 226369 216770 221704 204190 223402 
224623 226906 224047 224472 213012 225807 223341 226473 

220187 221542 226765 226369 216770 221704 204190 223402 
224623 226906 224047 224472 213012 225807 223341 226473 

220838 221542 204259 226369 226164 221704 204190 223402 
224826 225852 224047 224472 213012 225807 223341 227743 

220838 221542 204259 206120 226164 221704 204190 223402 
224826 228015 224047 224472 213012 225807 223341 227743 

220838 221542 204259 206120 210162 221704 204190 223402 
224826 234324 224047 224472 213012 225807 223341 227743 

220838 221542 204259 206120 210162 221704 204190 207728 
224826 237231 224047 224472 213012 225807 223341 227743 

151984 152037 150809 151927 140208 148703 149716 147827 
152831 155832 151023 149550 152780 151400 150051 153712 

151984 143083 150809 151927 140208 148703 149716 147827 
152831 160452 151023 149550 152780 151400 150051 153712 

143161 143083 150809 151927 140208 148703 149716 147827 
153194 165633 151023 149550 152780 151400 150051 154066 

143161 143083 150809 141734 140208 148703 149716 147827 
153194 167262 151023 149550 152780 151400 150051 154066 

231256 230665 208163 212741 226943 235936 222051 225910 
232932 236160 224047 230464 226459 229414 232042 229959 

231256 230665 208163 212741 226943 212342 222051 225910 
232932 236137 224047 230464 226459 229414 232042 229959 

213755 230665 208163 212741 226943 212342 222051 225910 
232932 244648 224047 230464 226459 229414 232042 229959 

213755 213982 208163 212741 226943 212342 222051 225910 
232932 245864 224047 230464 226459 229414 232042 229959 

213755 213982 208163 212741 217287 212342 222051 225910 
232932 248265 224047 230464 226459 229414 232042 229959 

213755 213982 208163 212741 217287 212342 222051 210303 
232932 248377 224047 230464 226459 229414 232042 229959 

213755 213982 208163 212741 217287 212342 222051 210303 
232932 248377 224047 230464 226459 229414 232042 229959 

218817 213982 210666 214803 221652 212342 210147 212475 
231365 233070 224047 230787 227052 229984 231352 230420 

218817 213982 210666 214803 208230 212342 210147 212475 
231365 236015 224047 230787 227052 229984 231352 230420 

219226 219226 219226 219226 219226 219226 197303 219226 
219226 219226 219226 219226 219226 219226 219226 219226 

228256 217535 210666 214803 208230 212342 210147 212475 
232434 253431 226934 231724 227759 229984 231352 231998 

205430 217535 210666 214803 208230 212342 210147 212475 
232434 250913 226934 231724 227759 229984 231352 231998 

216207 328674 226671 227838 208230 212342 210147 227144 
250868 354708 226934 239516 241805 229984 247797 231998 

216207 300806 226671 227838 208230 212342 210147 227144 
250868 355104 226934 239516 241805 229984 247797 231998 

213755 221680 208163 216158 226575 212342 214989 210303 
233622 240101 224047 230464 227685 234878 233345 232986 

129554 129551 129553 129333 129558 116527 129529 129553 
129241 129565 129261 129225 129565 129557 129483 129559 

129554 129551 129553 129333 128499 116527 129529 129553 
129241 138452 129261 129225 129565 129557 129483 129559 

124337 129551 129553 129333 128499 116527 129529 129553 
129241 143321 129261 129225 129565 129557 129483 129559 

124337 129551 129553 129333 128499 116527 129529 129553 
129241 143321 129261 129225 129565 129557 129483 129559 

119784 129551 129553 129333 128499 116527 129529 129553 
129241 137235 129261 129611 129565 129557 129483 129559 

119784 129551 127832 129333 128499 116527 129529 129553 
129241 153783 129261 129611 129565 129557 129483 129559 

119784 129551 127832 129333 128499 116527 129529 120597 
129241 155360 129261 129611 129565 129557 129483 129559 

122538 119403 129340 129333 131757 119978 131669 121813 
129980 132676 129625 130339 129565 132067 131517 128768 

122538 119403 129340 129333 122243 119978 131669 121813 
129980 138849 129625 130339 129565 132067 131517 128768 

122538 137865 159925 129333 122243 129570 131499 127216 
132368 176416 129625 130339 129565 132067 131517 128768 

122538 137865 148099 129333 122243 129570 131499 127216 
132368 179766 129625 130339 129565 132067 131517 128768 

122538 139666 149283 136845 122243 131946 131499 130444 
134083 150151 129625 136961 131539 140177 133562 135787 

122538 139666 134629 136845 122243 131946 131499 130444 
134083 155064 129625 136961 131539 140177 133562 135787 

122538 134644 136010 136845 122243 134955 131499 132263 
135293 149170 129625 136961 131539 140177 133562 135252 

122538 134644 136010 142004 115018 134955 131499 132263 
135293 150068 129625 136961 131539 140177 133562 135252 

122538 134644 137222 132287 121699 137838 131499 132263 
136691 148364 134846 137783 131539 140840 133562 136453 

119784 148230 127832 129333 131331 116527 129529 120597 
129241 164617 129261 131716 129565 137350 129483 129452 

119784 145557 127832 129333 131331 116527 129529 120597 
129241 166465 129261 131716 129565 137350 129483 134329 

146326 147240 144836 147945 146843 145837 146176 149560 
147412 146822 147251 145800 145692 164463 146262 144315 

124045 149784 127832 129333 131331 116527 129529 120597 
129241 167343 129261 131716 129565 137350 129483 144451 

124045 141472 127832 129333 131331 116527 129529 120597 
129241 167343 129261 131716 129565 137350 129483 148984 

124045 141472 127832 129333 131331 116527 129529 120597 
129241 167343 129261 131716 129565 137350 129483 148984 

132065 129799 127832 131165 132880 123294 131306 123496 
129241 144914 128739 135275 131755 139557 130985 145148 

132065 129799 127832 131165 124592 123294 131306 123496 
129241 144914 128739 135275 131755 139557 130985 146921 

156504 157054 150757 154536 148584 127586 149835 139020 
146512 155320 146818 156520 147746 153669 143594 155539 

156504 148848 150757 154536 148584 127586 149835 139020 
146512 155320 146818 159573 147746 153669 143594 155539 

153295 148848 150757 154536 148584 127586 149835 139020 
146512 155320 146818 170324 147746 153669 143594 155539 

153295 148848 150757 150131 148584 127586 149835 139020 
146512 155320 146818 172696 147746 153669 143594 155539 

143484 148848 150757 150131 148584 127586 149835 139020 
146512 155320 146818 172736 147746 153669 143594 155539 

143484 148848 180188 150131 148584 137872 149835 130118 
146512 155320 146818 178312 147746 153669 143594 155539 

153002 148848 184572 150131 148584 144973 156195 136579 
146512 160272 146818 197536 147746 153669 143594 155539 

153002 148848 171114 150131 148584 144973 156195 136579 
146512 160272 146818 198239 147746 153669 143594 155539 

135800 140262 144340 141956 125519 130403 144260 137106 
136691 145784 138670 141913 135190 144297 141665 142792 

135800 140262 154664 141956 125519 130403 144260 137106 
136691 175394 138670 141913 138812 144297 141665 142792 

135800 140262 151830 141956 125519 130403 144260 137106 
136691 174436 138670 141913 138812 144297 141665 142792 

135800 140262 151818 141956 125519 130403 144260 137106 
136691 181836 138670 141913 138812 144297 141665 142792 

135800 140262 151818 141956 125519 130403 144260 137106 
136691 181836 138670 141913 138812 144297 141665 142792 

135800 140262 155362 141956 125519 130403 144260 137106 
136691 179939 138670 141913 138812 144297 141665 142792 

135800 140262 145825 141956 125519 130403 144260 137106 
136691 183481 138670 141913 138812 144297 141665 142792 

135800 140262 138451 141956 125519 130403 144260 137106 
136691 176169 138670 141913 138812 144297 141665 142792 

138938 140262 142075 141956 136893 130403 170011 137106 
141476 189240 138670 144089 141134 151616 143990 142792 

158783 140262 165621 147415 136893 144732 206606 137106 
146676 220747 138670 144089 141134 151616 150274 147510 

279256 273326 307251 234072 305577 305976 306228 281796 
288984 302378 295529 254266 248927 301990 301189 302695 

164706 140262 172201 147415 123203 144732 225633 137106 
146676 208574 147593 144089 141134 157682 155882 154025 

154940 155459 140043 155514 154401 154510 155567 152804 
155113 155316 154642 155578 155122 155118 155057 154821 

166997 163697 167008 150025 155595 156102 166970 155253 
166233 166580 163256 159346 166962 161539 164823 164091 

166997 163697 154473 154756 157552 156102 166970 155253 
166233 166580 163256 159346 166962 161539 179352 164091 

121688 134768 134759 134319 134792 134657 134514 134300 
135208 134394 134570 134525 134794 134449 134282 134565 

223417 223309 223383 223248 223427 201040 223413 223427 
223334 223433 223434 223309 223434 223428 223305 223435 

123557 134768 134759 130355 135105 134657 134514 134300 
135208 134394 134570 134525 134794 134449 144457 134565 

223417 223309 223383 226874 201084 201040 223413 223427 
223334 223433 223434 223309 223434 223428 235011 223435 

179467 163697 154473 158546 159650 156102 166970 155253 
170735 166580 163256 159346 169586 165280 199749 164091 

165520 163697 154473 158546 159650 156102 166970 155253 
170735 166580 163256 159346 169586 165280 201720 164091 

165520 163697 154473 158546 159650 156102 150861 155253 
170735 166580 163256 159346 169586 165280 200245 164091 

153968 163697 154473 158546 159650 156102 150861 155253 
170735 166580 163256 159346 169586 165280 198772 164091 

153968 148517 154473 158546 159650 156102 150861 155253 
170735 166580 163256 159346 169586 165280 200264 164091 

153968 148517 154473 158546 151185 156102 150861 155253 
170735 166580 163256 159346 169586 165280 199202 164091 

153968 148517 154473 149358 151185 156102 150861 155253 
170735 166580 163256 159346 169586 165280 199136 164091 

153968 148517 157865 149358 151185 160575 150861 155253 
170735 166580 163256 159346 169586 166593 186703 164091 

153968 148517 157865 149358 151185 151184 150861 155253 
170735 166580 163256 159346 169586 166593 188090 164091 

153968 148517 153775 149358 151185 151184 150861 155253 
170735 166580 163256 159346 169586 166593 196791 164091 

279256 273326 308855 234072 305577 305976 306228 281796 
288984 302378 295529 254266 248927 301990 301189 323150 

279256 273326 308855 234072 305577 305976 286141 281796 
288984 302378 295529 254266 248927 301990 301189 323254 

279256 273326 278996 234072 305577 305976 290681 281796 
288984 302378 295529 254266 248927 301990 301189 319245 

279256 273326 278996 234072 305577 276707 298851 281796 
288984 302378 295529 254266 248927 301990 301189 319417 

157556 155979 147045 156904 157503 156154 148694 152804 
157295 158920 156142 164963 157709 156782 157152 155921 

141800 155979 147045 156904 157503 156154 148694 152804 
157295 158920 156142 164222 157709 156782 157152 155921 

253377 229099 254118 253993 249837 241940 253532 253381 
254557 254374 251896 245514 252269 248838 254442 254320 

253377 229099 230339 253993 249837 241940 253532 253381 
256513 254374 251896 245514 252635 248838 254442 254320 

253992 229099 230339 235128 249837 241940 253532 253381 
258261 254374 251896 245514 259705 248838 254442 254320 

231926 229099 230339 235128 249837 241940 253532 253381 
258261 254374 251896 245514 261133 248838 254442 254320 

141800 155979 147045 156904 152676 156154 148694 152804 
158381 158920 156142 171765 158161 156782 157152 155921 

141800 155979 147045 148713 152676 156154 148694 152804 
158381 158920 156142 171765 158161 159794 157152 155921 

141800 155979 147045 150939 152676 146987 152039 152804 
158381 158920 156142 169458 158161 167430 157571 155921 

141800 145381 147045 150939 152676 146987 152039 152804 
158381 158920 156142 169458 158161 169284 157571 155921 

239404 236524 242430 240318 253122 241940 232337 253769 
255373 255946 253620 245514 256399 252248 254925 258255 

239404 236524 242430 240318 253122 241940 232337 228391 
255373 255946 253620 245514 256399 252248 254925 257806 

239404 236524 242430 240318 233434 241940 232337 228391 
255373 255946 253620 245514 256399 252248 254925 266337 

239404 236524 236732 240318 233434 241940 232337 228391 
255373 255946 253620 245514 256399 252248 254925 271293 

239404 236524 236732 240318 233434 230875 232337 228391 
255373 255946 253620 245514 256399 252248 254925 267560 

239404 236524 236732 229276 233434 230875 232337 228391 
255373 255946 253620 245514 256399 252248 254925 273140 

239404 236524 236732 229276 233434 230875 232337 228391 
255373 255946 253620 245514 256399 252248 254925 273140 

152011 136809 152010 152010 152010 152011 152010 152010 
152011 152011 152011 152011 152011 152011 152010 152011 

152011 136809 152010 152811 145087 152011 152010 152010 
152011 152011 152011 152011 160261 152011 152010 152011 

239404 228522 238250 235753 235384 238818 238381 237003 
253120 252023 252136 245222 252125 252619 251888 251597 

243251 228522 242672 238198 235384 238818 238381 237003 
269670 256184 253210 245222 252125 253725 256338 251597 

218925 228522 242672 238198 235384 238818 238381 237003 
267027 256184 253210 245222 252125 253725 256338 251597 

218925 228522 240360 238198 235384 245482 238381 237003 
286373 256184 253210 245222 252125 253725 256338 251597 

218925 228522 240360 238198 235384 228433 238381 237003 
285283 256184 253210 245222 252125 253725 256338 251597 

164062 164062 147656 164062 164062 164062 164062 164062 
164062 164062 164062 164062 164062 164062 164062 164062 

164062 159803 147656 164062 164062 164062 164062 164062 
164062 177788 164062 164062 164062 164062 164062 164062 

164062 159803 147656 164062 164062 164062 164062 164062 
164062 177788 164062 164062 164062 164062 164062 164062 

164062 159803 147656 164062 164062 164062 157575 164062 
164062 182049 164062 164062 164062 164062 164062 164062 

164062 159803 147656 164062 164062 164062 153622 164062 
164062 175319 164062 164062 164062 164062 164062 164062 

164062 159803 147656 150242 164062 164062 153622 164062 
164062 189193 164062 164062 164062 164062 164062 164062 

229585 241511 242051 234310 235866 235484 238735 228391 
253543 253845 253535 246642 254854 253398 255291 253668 

229585 241511 221595 234310 235866 235484 238735 228391 
253543 253845 253535 246642 254854 253398 256967 253668 

297825 294939 271188 294195 297628 296532 296721 297798 
297466 297074 302151 283957 292595 297985 297766 297731 

297825 294939 271188 294195 297628 296532 296721 281332 
297466 297074 313302 286770 292595 297985 301465 297731 

238894 222984 229125 242588 240875 240580 243112 232416 
247439 247129 246639 247381 247685 247345 246489 247779 

238894 222984 229125 242588 240875 240580 223800 232416 
247439 247129 246639 247381 247685 247345 246489 250312 

292158 294939 271188 296705 297628 298534 296721 289609 
297466 297074 324347 288394 292595 297985 305598 297731 

292158 294939 271188 296705 297628 278968 296721 289609 
297466 297074 327252 288394 292595 297985 305598 297731 

167955 165778 147656 150242 175171 164062 160101 165920 
164062 193916 164062 164062 167062 164062 167105 164062 

238894 227147 229125 250036 240875 240580 223800 232416 
247439 247129 246639 247381 247685 247345 246489 251095 

238894 227147 229125 234978 240875 240580 223800 232416 
247439 247129 246639 247381 247685 247345 246489 257043 

167955 169409 147656 150242 164883 164062 162584 165920 
164062 184806 164062 166154 167062 164062 168714 164062 

167955 164722 147656 150242 164883 164062 162584 165920 
164062 188010 164062 166154 167062 164062 168714 164062 

169093 164722 147656 150242 164883 164062 162584 165920 
164062 205356 164062 166154 167062 164062 168714 164062 

158850 164722 147656 150242 164883 164062 162584 165920 
164062 205729 164062 166154 167062 164062 168714 164062 

158850 164722 147656 150242 164883 164062 162584 165920 
164062 205729 164062 166154 167062 164062 168714 164062 

238894 235624 229125 237087 243883 243787 223800 232416 
247439 246473 247481 252075 251879 247345 248215 271625 

158850 166640 150748 153901 164883 165823 162584 162837 
164062 179867 165867 170908 168690 164062 169678 165762 

158850 157476 150748 153901 164883 165823 162584 162837 
164062 181544 165867 170908 168690 164062 169678 165762 

255946 242780 240876 261971 236885 260434 239767 248787 
258751 257027 255741 258638 257670 254537 257826 262210 

255946 242780 240876 261971 236885 240390 239767 248787 
258751 257027 255741 258638 257670 254537 257826 268032 

255946 242780 240876 261971 236885 222184 239767 248787 
258751 257027 255741 258638 257670 254537 257826 272267 

255946 242780 240876 241044 236885 230224 239767 248787 
258751 257027 255741 258638 257670 254537 257826 270259 

232734 242780 240876 241044 236885 235064 239767 248787 
258751 257027 255741 258638 257670 254537 257826 268791 

232734 242780 240876 241044 236885 235064 239767 256181 
258751 257027 255741 258638 260370 254537 257826 284399 

232734 242780 240876 241044 241422 235064 239767 257288 
258751 257027 255741 258638 263106 254537 257826 285060 

232734 242780 240876 241044 241422 235064 239767 236559 
258751 257027 255741 258638 263106 254537 257826 284282 

172643 163504 161482 166217 181597 181589 181329 173684 
178339 180855 179888 169845 175419 177517 174567 172103 

172643 163504 161482 166217 170908 181589 181329 173684 
178339 191497 179888 169845 175419 177517 174567 172103 

172643 163504 161482 166217 170908 174086 181329 173684 
178339 196752 181150 169845 175419 177517 174567 172103 

172643 163504 161482 166217 170908 156677 188417 173684 
178339 199397 181150 169845 175419 177517 174567 172103 

172643 163504 161482 166217 170908 156677 188417 173684 
178339 199397 181150 169845 175419 177517 174567 172103 

172643 163504 161482 166217 170908 160782 185946 173684 
178339 204165 183138 169845 175419 177517 174567 172103 

172643 163504 161482 166217 170908 160782 173351 173684 
178339 208343 183138 169845 175419 177517 174567 172103 

172643 163504 161482 166217 170908 160782 173351 162763 
178339 202694 183138 169845 175419 177517 174567 172977 

178212 176578 161482 169857 170908 160782 208244 162763 
182356 229571 183138 174018 175419 177517 174567 178755 

169156 154008 153667 158397 164883 168447 167047 165920 
166895 170611 166842 171394 169165 168246 171120 166367 

164729 154008 158820 160553 164883 168447 167047 165920 
167754 170611 166842 180867 169165 168246 171120 167017 

178212 176578 167522 174756 177595 167490 200898 173724 
182356 222873 183138 179082 179714 190359 183295 177970 

253753 253798 252475 228419 252202 250869 251722 250960 
252944 252470 252488 252486 252786 253293 252580 253798 

247430 247278 247350 222701 247386 247187 247385 247331 
247467 247455 247456 247204 247321 247469 247269 247469 

230601 247278 247350 222701 248555 247187 247385 247331 
247467 247455 247456 247204 247321 247469 247483 263332 

239051 252862 247350 230529 316173 247187 247385 247331 
260220 247455 253878 247204 247321 256726 259818 353830 

239051 252862 283295 230529 294239 247187 247385 265021 
260220 247455 253878 247204 247321 256726 259818 322322 

239051 252862 283295 230529 270087 247187 247385 265021 
260220 247455 253878 247204 247321 256726 259818 329271 

186474 182310 187632 190351 186042 187421 190161 191041 
190382 190163 189669 186385 188618 189960 202141 185647 

168273 168285 151456 168275 168275 168285 168274 168285 
168127 168273 168235 168285 168285 168169 168187 168285 

168273 168285 151456 168275 168275 155623 168274 168285 
168127 168273 168235 173285 168285 168169 168187 168285 

168273 152033 151456 168275 168275 155623 168274 168285 
168127 168273 168235 175785 168285 168169 168187 168285 

168273 152033 151456 168275 168275 155623 168274 161456 
168127 168273 168235 177035 168285 168169 168187 168285 

168273 152033 151456 152697 168275 155623 168274 161456 
168127 168273 168235 179159 168285 168169 168187 168285 

168273 152033 151456 152697 158947 155623 168274 161456 
168127 168273 168235 181070 168285 168169 168187 168285 

164729 154008 158820 160553 164883 171579 167047 165920 
167754 170611 166842 199625 169165 168246 171120 167017 

164729 154008 158820 160553 164883 161087 167047 165920 
167754 170611 166842 200820 169165 168246 171120 167017 

164729 154008 158820 160553 164883 161087 157008 165920 
167754 170611 166842 201442 169165 168246 171120 167017 

164729 154008 158820 160553 164883 161087 174173 165920 
167754 170611 166842 196866 170737 168246 171120 167017 

164729 154008 158820 160553 164883 161087 158630 165920 
167754 170611 166842 197596 170737 168246 171120 167017 

164729 154008 158820 160553 164883 161087 158630 164935 
167754 170611 166842 191819 170737 168246 171120 167017 

164729 154008 158820 160553 164883 161087 158630 154294 
167754 170611 166842 188815 170737 168246 171120 167017 

164729 154008 158820 160553 155372 161087 158630 154294 
167754 170611 166842 190443 170737 168246 171120 167017 

253753 230597 254709 240036 256068 254284 255150 254304 
256000 252929 253675 254845 254106 252734 255147 256096 

253753 230597 254709 240036 230461 254284 255150 254304 
256000 252929 253675 254845 254106 252734 255147 256093 

253753 230597 254709 240036 230461 254284 234920 254304 
255873 252929 253675 254845 254106 252734 255147 257832 

253753 230597 231470 240036 230461 254284 234920 254304 
255873 252929 253675 254845 254106 252734 255147 259286 

225496 228180 224451 219577 225117 228576 227503 209371 
216218 226062 233098 229437 229063 228863 224292 216912 

225496 228180 224451 219577 225117 208080 227503 209371 
216218 226062 235404 229437 229063 228863 224292 218288 

225496 212028 224451 219577 225117 208080 227503 209371 
216218 226062 238681 229437 229063 228863 224292 218288 

225496 212028 224451 219577 225117 208080 211419 209371 
216218 226062 241563 229437 229063 228863 224292 218288 

208230 212028 224451 219577 225117 208080 211419 209371 
216218 226062 244411 229437 229063 228863 224292 220760 

208230 212028 224451 219577 207605 208080 211419 209371 
216218 226062 245481 229437 229063 228863 224292 220760 

224568 214317 224451 225757 229839 215133 210541 215942 
219053 229703 230543 231028 233821 229530 230070 228079 

224568 214317 224451 225757 206854 215133 210541 215942 
219053 229703 230543 231028 233422 229530 230070 228079 

224568 214317 224451 208736 206854 215133 210541 215942 
219053 229703 230543 231028 242655 229530 230070 228079 

209187 214317 224451 208736 206854 215133 210541 215942 
219053 229703 230543 231028 241893 229530 230070 228079 

209187 214317 207774 215043 206854 215133 210541 215942 
220233 229703 230543 231028 239890 229530 230070 228079 

209187 214317 207774 219290 206854 215133 210541 218299 
225894 229703 230543 231028 243800 229530 230070 228079 

209187 214317 207774 219290 206854 215133 210541 218299 
225894 229703 230543 231028 243800 229530 230070 228079 

214238 217985 215097 207469 214573 218987 214099 219523 
227330 226989 229076 227561 228341 227816 227552 228429 

214238 217985 215097 207469 214573 218987 214099 208444 
227330 226989 229076 227561 228341 227816 233299 228083 

171453 171441 171447 171418 171415 171431 171106 154308 
171047 171426 171444 171453 171050 171453 171158 171444 

179985 175923 174781 174102 177602 178293 173353 209373 
182601 178304 193510 180032 178460 182955 181069 226698 

179985 175923 174781 174102 177602 178293 173353 188435 
182601 178304 193510 180032 178460 182955 181069 224965 

179985 175923 174781 174102 177602 178293 173353 242364 
182601 178304 205281 180032 178460 182955 195936 262578 

179985 175923 174781 174102 177602 178293 173353 226509 
182601 178304 205281 180032 178460 182955 195936 264713 

179985 175923 174781 174102 177602 178293 173353 226509 
182601 178304 205281 180032 178460 182955 195936 264713 

179985 175923 174781 174102 177602 178293 173353 212892 
182601 178304 205281 180032 178460 182955 195936 263857 

179985 175923 174781 174102 177602 178293 173353 206957 
182601 178304 205281 180032 182722 182955 195936 249068 

179985 175923 174781 174102 177602 178293 173353 201105 
182601 178304 205281 180032 186513 182955 195936 246220 

213084 222054 213285 207966 215718 216705 216606 221267 
223989 229886 229430 230129 229862 229687 230826 226761 

213084 210585 213285 207966 215718 216705 216606 221267 
223989 229886 229430 230129 229862 229687 246211 226761 

215512 221208 218290 214807 217485 223448 214099 208444 
229677 233112 229076 225551 228341 226458 249133 228083 

215512 221208 218290 214807 217485 207863 214099 208444 
229677 233112 229076 225551 228341 226458 249387 228083 

218993 204229 222467 218345 218498 216434 217938 219036 
226278 225987 226330 225554 226734 226611 226568 225970 

218993 204229 218764 218345 218498 216434 217938 219036 
226278 225987 226330 225554 244414 226611 226568 228245 

218993 215006 222680 219166 220233 216434 217938 235640 
233692 229432 238967 231040 259428 235904 225760 227751 

218993 215006 222680 219166 220233 216434 217938 219576 
233692 229432 238967 231040 260049 235904 225760 227751 

179985 182122 181295 174102 177602 189913 173353 215399 
182601 178304 205281 180032 191917 182955 204234 239160 

179985 182122 181295 174102 177602 189913 173353 213325 
182601 178304 205281 180032 191917 182955 204234 245711 

141100 129399 141610 141101 141404 141101 141666 141100 
141101 143704 141102 141101 141373 141102 141101 141419 

141100 129399 141610 141101 141404 141101 131976 141100 
141101 146500 141102 141101 141373 141102 141101 141941 

179985 182122 181295 180204 177602 189913 173353 202658 
186207 178304 205281 180032 194882 182955 207783 225391 

218993 221106 243140 219166 220233 216434 217938 222609 
233692 231536 239302 231040 243240 235904 225760 227751 

218993 221106 246763 197249 220233 216434 217938 222609 
233692 231536 239302 231040 245323 235904 225760 229635 

218993 221106 228089 202218 220233 216434 217938 222609 
233692 231536 239302 231040 251223 235904 225760 231613 

218993 221106 211946 202218 220233 216434 217938 222609 
233692 231536 239302 231040 252909 235904 225760 231613 

218993 221106 211946 202218 220233 216434 217938 222609 
233692 231536 239302 231040 252909 235904 225760 231613 

184166 186994 181295 184251 177602 189913 173353 212014 
188895 178304 205281 184482 196914 182955 209399 232670 

188774 189928 185922 184251 183643 193332 177014 185879 
191372 184581 205281 186652 197294 185414 204641 206490 

188774 189928 185922 184251 183643 181498 177014 185879 
191372 184581 205281 186652 197294 185414 204641 208174 

186940 211292 204932 184251 204482 215989 194171 200576 
198746 197449 205281 200664 201159 207783 223624 223653 

186940 211292 204932 184251 204482 199390 194171 200576 
198746 197449 205281 200664 201159 207783 223624 227886 

186940 220081 204932 184251 204482 199390 194171 200576 
198746 197449 205281 200664 201159 207783 223624 238057 

186940 210783 204932 184251 204482 199390 194171 200576 
198746 197449 205281 200664 201159 207783 223624 239381 

186940 241973 204932 184251 204482 181117 194171 200576 
198746 197449 205281 200664 201159 212091 223624 239651 

186940 241965 204932 190837 204482 181117 194171 200576 
198746 197449 205281 200664 201159 212091 231470 253842 

191691 216445 208997 200815 204482 181117 194171 204719 
203197 197449 205281 200664 201159 212091 232699 236782 

191691 201050 208997 200815 204482 181117 194171 204719 
203197 197449 205281 200664 201159 212091 232699 239748 

238156 238017 241333 224602 243547 229972 248772 247937 
238254 249064 244428 245732 248620 248400 249832 239949 

240136 238017 241333 224602 243547 229972 230599 247937 
238254 249064 244428 245732 248620 247375 258799 239949 

240136 238017 241333 224602 243547 229972 230599 235389 
238254 249064 244428 248336 248620 247375 260527 239949 

240136 238017 241333 224602 225787 229972 230599 235389 
238254 249064 244428 248336 248620 247375 265233 239949 

240136 238017 241333 224602 225787 229972 230599 235389 
238254 249064 244428 248336 248620 247375 265233 239949 

240136 238017 240948 224602 225787 229972 230599 235389 
238254 249064 244428 248885 248620 247375 268042 239949 

240136 238017 222686 224602 225787 229972 230599 235389 
238254 249064 244428 248885 248620 247375 272332 239949 

219803 238017 222686 224602 225787 229972 230599 235389 
238254 249064 244428 248418 248620 247375 268371 239949 

227468 256532 222686 224602 234729 229972 230599 235389 
238254 249064 244428 248418 250301 258009 286662 239949 

234200 300866 222686 240370 234729 229972 233339 235389 
238254 253021 244428 248418 250301 254954 326850 239949 

191511 188980 185650 191033 182852 193532 179165 179858 
194777 193263 199818 190142 199325 188721 199997 200012 

241288 281376 222686 247450 234729 237603 250276 235389 
238254 258982 244428 248418 250301 261055 307234 248769 

206876 207258 207215 206988 186535 204450 206332 207160 
207288 207160 207291 206909 207061 207236 207171 207015 

252839 256334 241701 255804 251907 255161 230720 254007 
256093 255406 248279 255962 251238 255833 255801 255973 

252839 258618 241701 241028 251907 255161 230720 254007 
270238 255406 248279 255962 251238 255833 255801 262489 

252839 254548 241701 241028 255134 255161 235680 257463 
280579 255406 251659 255962 251514 255833 258878 262489 

254885 254548 241701 249483 254771 255161 235680 244735 
271746 255406 251659 255962 253734 257442 261234 262489 

254885 254548 241701 249483 254771 234247 235680 244735 
280806 255406 251659 255962 253734 257442 261234 262489 

173540 156186 173489 173540 173540 173534 173540 173540 
173540 173540 173536 173540 173540 173540 173540 173535 

194564 194714 194517 194177 194216 174422 194343 195024 
194317 194118 194087 193621 193621 194057 194846 194063 

194564 194714 194517 194177 194216 174422 194343 179688 
194317 194118 194087 193621 193621 194057 199863 194063 

194564 175983 194517 194177 194216 174422 194343 179688 
194317 194118 198149 193621 193621 194057 199863 194063 

185107 175983 194517 194177 194216 174422 194343 179688 
194317 194118 199790 193621 193621 194057 199863 194063 

185107 175983 176940 194177 194216 174422 194343 179688 
194317 194118 202262 193621 193621 194057 199863 194063 

191511 188980 185650 191033 182852 196130 179165 179858 
194777 193263 199818 190142 199325 188721 199997 219364 

191511 188980 185650 191033 182852 182767 179165 179858 
194777 193263 204449 190142 199325 188721 199997 219364 

179859 188980 185650 191033 182852 182767 179165 179858 
194777 193263 206155 190142 199325 188721 199997 219364 

179859 188980 185650 194121 182852 182767 179165 179858 
194777 193263 210642 192696 199325 188721 199997 219694 

179859 188980 185650 182208 182852 182767 179165 179858 
194777 193263 211989 192696 199325 188721 199997 219694 

179859 181805 185650 182208 182852 182767 179165 179858 
194777 193263 226564 192696 199325 188721 199997 219694 

179859 181805 185650 182208 182852 182767 182725 179858 
194777 193263 219011 192696 199325 188721 199997 218027 

179859 181805 185650 182208 182852 182767 172218 179858 
194777 193263 216283 192696 199325 188721 199997 215359 

179859 181805 169758 182208 182852 182767 181069 179858 
194777 193263 214653 192696 199325 188721 199997 212684 

209320 189157 210081 208805 196913 205350 209167 209037 
209201 209074 209238 210176 207401 208962 208466 208288 

209320 189157 189072 208805 196913 205350 209167 209037 
209201 209074 209238 210166 207401 208962 208466 208288 

189656 189157 189072 208805 196913 205350 209167 209037 
209201 209074 209238 211812 207401 208962 208466 208288 

170690 189157 189072 208805 196913 205350 211605 209037 
209201 209074 209238 211158 207401 208962 208466 208288 

178716 189157 189072 208805 196913 205350 193657 209037 
209201 209074 209238 215796 207401 208962 208466 208288 

178716 189157 189072 208805 196913 205350 193657 193133 
209201 209074 209238 218120 207401 208962 208466 208288 

193547 188189 193306 192366 193751 174413 193662 187123 
193475 193914 191889 193347 190479 188091 191234 191697 

193547 188189 193306 192366 181042 174413 193662 187123 
193475 197897 191889 193347 190479 188091 191234 191697 

193547 188189 193306 192366 181042 174413 182039 187123 
193475 204655 191889 193347 190479 188091 191234 191697 

180442 188189 193306 192366 181042 174413 182039 187123 
193475 208544 191889 193347 190479 188091 191234 191697 

182176 201906 186077 216830 199189 211337 210695 202337 
215592 213829 216004 215974 211245 212368 212860 210620 

182176 201906 186077 195146 199189 211337 210695 202337 
215592 213829 216086 215974 211245 212368 212860 210620 

182176 201906 186077 195146 199189 195828 210695 202337 
215592 213829 224611 215974 211245 212368 212860 210620 

182176 201906 186077 195146 199189 195828 196467 202337 
215592 213829 224500 215974 211245 212368 212860 210620 

182176 201906 186077 195146 199189 195828 196467 200244 
215592 213829 226224 215974 211245 212368 212860 210620 

182176 196219 186077 195146 199189 195828 196467 200244 
215592 213829 224290 215974 211245 216321 212860 210620 

182176 196219 186077 195146 199189 195828 196467 200244 
215592 213829 224290 215974 211245 216321 212860 210620 

193237 199486 195188 195146 202014 197519 200910 192094 
210416 211454 212556 209897 210185 210737 211651 212241 

193237 199486 195188 197189 187857 197519 200910 192094 
210416 211454 214218 208421 210185 210737 211651 212241 

270547 270648 243687 270539 270664 270725 270695 270559 
270763 270632 270593 270763 270762 270753 270722 270389 

193237 203644 195188 202343 187857 203449 200133 194906 
211126 212725 222145 207297 210185 212858 211651 213281 

193237 183279 195188 202343 187857 203449 200133 194906 
211126 212725 220294 207297 210185 212858 211651 213281 

193237 183279 195188 202343 187857 245126 200133 194906 
218694 212725 264704 207297 210185 212858 211651 213281 

193237 183279 195188 202343 187857 231919 200133 194906 
218694 212725 270884 207297 210185 212858 211651 213281 

193237 183279 195188 202343 187857 231919 200133 194906 
218694 212725 270884 207297 210185 212858 211651 213281 

193237 183279 195188 202343 187857 221813 200133 194906 
218694 212725 268901 207297 210185 212858 211651 213281 

195826 195520 195483 176264 195494 195774 195648 195692 
195532 195636 195819 195474 195603 195674 195832 195847 

182835 195520 195483 176264 195494 195774 195648 195692 
195532 195636 195819 195474 195603 195674 195832 204806 

177704 195520 195483 176264 195494 195774 195648 195692 
195532 195636 195819 195474 195603 195674 195832 197628 

177704 195520 195483 176264 195494 184964 195648 195692 
195532 195636 195819 195474 195603 195674 195832 210655 

185554 196219 191841 200356 186885 195828 198390 215445 
214452 214240 214758 214450 212086 213432 212957 210620 

185554 196219 191841 200356 186885 195828 198390 215910 
214452 214240 233289 214450 212086 213432 212957 215271 

195517 202185 191841 204653 199879 202430 204302 190542 
211300 210890 210811 211848 211403 211106 210304 211435 

195517 194256 195859 204653 199879 202430 204302 190542 
211300 210890 210811 219637 211403 211106 210304 211435 

195517 202913 204509 216239 203573 207995 207781 190542 
211300 210890 210811 237512 214270 217972 210304 211435 

195517 202913 204509 208228 203573 207995 207781 190542 
211300 210890 210811 241271 214270 217972 210304 211435 

198078 204657 206271 220977 203573 207995 209464 196423 
213688 210890 213061 220380 214385 218791 211603 211069 

198078 204657 206271 207178 203573 207995 209464 196423 
213688 210890 213061 220380 214385 228595 211603 211069 

200232 204657 206271 207178 203573 207995 198878 200915 
213688 210890 213944 217901 214770 219967 211603 211797 

200232 204657 206271 207178 203573 192935 198878 200915 
213688 210890 213944 217901 214770 221029 211603 211797 

201577 204657 206271 209129 209183 192935 205506 202613 
219265 213138 213944 221613 214770 232763 211603 211797 

194816 198020 191841 200356 202642 202868 198390 205817 
213562 215991 228491 214450 212086 214959 214942 210548 

194816 198020 191841 200356 202642 202868 198390 197252 
213562 215991 227538 214450 212086 214959 214942 210548 

194816 198020 191841 200356 202642 200717 198390 197252 
213562 215991 234100 214450 212086 214959 214942 210548 

194816 198020 191841 200356 189044 200717 198390 197252 
213562 218656 234100 214450 212086 214959 214942 210548 

194816 198020 191841 200356 189044 190645 198390 197252 
213562 218862 234100 214450 212086 214959 214942 210548 

197124 220630 198835 201426 199143 198881 201085 209233 
208331 200449 205211 201648 198499 211943 200907 235101 

178820 199897 194122 214990 189044 195380 203823 198978 
213781 213932 212923 213025 212086 212401 212824 209295 

178820 199897 194122 200991 189044 195380 203823 198978 
213781 217037 212923 213025 212086 212401 212824 209295 

224871 208124 232092 223854 222403 221819 226183 231893 
228791 230999 218004 217803 224518 231376 210118 231821 

224871 208124 213882 223854 222403 221819 226183 231893 
228791 230999 218004 217803 224518 231376 210118 235848 

224871 208124 213882 223854 222403 221819 226183 234843 
228791 230999 218004 217803 224518 243640 210118 242662 

224871 208124 213882 223854 222403 221819 226183 222724 
228791 230999 218004 217803 224518 247227 210118 242662 

224871 208124 213882 223854 222403 221819 209652 222724 
228791 230999 218004 217803 224518 246686 210118 242662 

210524 208124 213882 223854 222403 221819 209652 222724 
228791 230999 218004 217803 224518 248807 210118 242662 

210524 208124 213882 237665 229560 221819 209652 222724 
228791 235297 218004 217803 224518 258671 216604 242033 

210524 208124 213882 221398 229560 221819 209652 222724 
228791 235297 218004 217803 224518 259570 216604 242033 

283291 283301 245497 254401 269336 283722 264070 258131 
284096 258765 285347 285380 257550 285623 279599 286890 

283291 283301 249758 257855 269336 262986 264070 265302 
284096 258765 285347 285380 257550 285623 279599 288525 

283291 263637 249758 261087 269336 262986 264070 271755 
284096 258765 285347 285380 257550 285623 279599 290731 

261436 263637 249758 261087 269336 262986 264070 271755 
284096 258765 285347 285380 257550 285623 279599 298136 

261436 263637 249758 261087 269336 262986 264070 271755 
284096 258765 285347 285380 257550 285623 279599 298136 

261436 263637 249758 261087 269336 262986 264070 257292 
284096 258765 285347 285380 257550 285623 279599 295227 

261436 263637 249758 261087 248402 262986 264070 257292 
284096 258765 285347 285380 257550 285623 279599 298637 

261436 263637 249758 261087 248402 262986 244333 257292 
284096 258765 285347 285380 257550 285623 279599 292869 

261436 326665 249758 268242 248402 273888 262495 263165 
285186 258765 285347 285380 257550 289889 279599 347925 

213734 219178 206784 226251 229676 206996 219310 207972 
227782 217748 216066 227665 227918 228966 218629 222168 

220169 219178 213271 226251 228189 210671 219310 211242 
230180 223669 218857 227665 251145 231068 218629 220890 

268551 314321 257476 287111 257041 273888 277622 263165 
285186 267080 283061 290534 257550 313442 297001 353504 

224871 224662 225702 226588 226616 226543 225564 204016 
226633 226416 226488 226210 226578 226670 226016 226642 

220169 219178 213271 226251 228189 210671 219310 215573 
230180 223669 218857 227665 249154 231068 218629 220063 

220169 219178 213271 226251 235646 210671 219310 198182 
230180 223669 218857 227665 258194 231068 218629 220063 

220169 224801 213271 235204 252106 210671 219310 205527 
230180 223669 222033 227665 275899 231068 218629 220063 

282662 289926 285907 262046 278448 288261 289884 283515 
289137 289375 289133 291763 286279 288845 289363 288174 

223997 224801 223193 235204 244225 210671 224743 205527 
230180 223669 222033 230763 269387 231068 222798 220063 

273207 273207 273207 273207 273207 273207 273207 245886 
273207 273207 273207 273207 273207 273207 273207 273207 

209313 188382 209313 209313 209314 209313 209213 209270 
209312 209313 209178 209312 209310 209302 209271 209307 

282662 294291 290299 262046 278448 288261 269029 283515 
289137 289375 289133 322196 286279 288845 289363 288174 

282662 269028 290299 262046 278448 288261 269029 283515 
289137 289375 289133 324405 286279 288845 289363 288174 

282662 269028 268769 262046 278448 288261 269029 283515 
289137 289375 289133 323994 286279 288845 289363 288174 

282662 269028 262009 262046 278448 288261 269029 283515 
289137 289375 289133 324994 286279 288845 289363 288174 

282662 269028 262009 262046 278448 261309 269029 283515 
289137 289375 289133 324320 286279 288845 289363 288174 

282662 269028 262009 262046 278448 261309 269029 260163 
289137 289375 289133 325239 286279 288845 289363 288174 

261895 269028 262009 262046 278448 261309 269029 260163 
289137 289375 289133 323981 286279 288845 289363 288174 

261895 269028 262009 262046 280403 261309 269029 260163 
289137 289375 289133 314620 286279 288845 289363 288174 

261895 269028 262009 262046 259029 261309 269029 260163 
289137 289375 289133 315198 286279 288845 289363 288174 

261895 269028 262009 262046 259029 261309 244001 260163 
289137 289375 289133 313581 286279 288845 289363 288174 

261895 266853 262009 262046 259029 261309 244001 260163 
289137 289375 289133 307729 286279 288845 289363 288174 

261895 247877 262009 262046 259029 261309 244001 260163 
289137 289375 289133 300430 286279 288845 289363 288174 

261895 247877 262009 244170 259029 261309 244001 260163 
289137 289375 289133 301262 286279 288845 289363 288174 

228087 225299 226422 227467 210861 229709 229740 211945 
229670 234609 227466 229350 232385 229018 227780 228232 

228087 225299 226422 227467 210861 229709 206765 211945 
229670 234121 227466 229350 232385 229018 227780 228232 

232579 241242 217438 240209 236675 241221 241189 239068 
236886 241514 236564 235885 235996 236093 239771 241407 

232579 219119 217438 240209 236675 241221 241189 239068 
236886 243484 236564 235885 235996 236093 239771 241407 

232579 219119 217438 240209 236675 221837 241189 239068 
236886 249016 236564 235885 235996 236093 239771 241407 

232579 219119 217438 240209 236675 221837 222070 239068 
236886 252233 236564 235885 235996 236093 239771 241407 

228087 225299 226422 228792 210861 207922 206765 211945 
229670 233788 227466 229350 232385 229018 227780 228232 

228087 225299 226422 212579 210861 207922 206765 211945 
229670 237288 227466 229350 232385 229018 227780 228232 

213219 225299 226422 212579 210861 207922 206765 211945 
230322 242699 227466 229350 232385 229018 227780 228232 

213219 225299 208779 212579 210861 207922 206765 211945 
230322 245071 227466 229350 232385 229018 227780 228232 

248780 224270 231535 232845 240643 232593 241743 256232 
240665 258844 248316 250195 247454 247977 241684 242983 

248780 224270 231535 232845 240643 232593 241743 230608 
240665 258582 248316 250195 247454 247977 241684 242983 

229735 224270 231535 232845 240643 232593 241743 230608 
240665 264601 248316 250195 247454 247977 241684 242983 

229735 224270 231535 232845 240643 232593 224775 230608 
240665 266271 248316 250195 247454 247977 241684 243455 

229735 224270 231535 232845 228935 232593 224775 230608 
240665 264233 248316 250195 247454 247977 241684 245904 

229735 224270 231535 224273 228935 232593 224775 230608 
240665 259255 248316 250195 247454 247977 241684 248349 

229735 224270 231535 224273 228935 232593 224775 230608 
240665 259255 248316 250195 247454 247977 241684 248349 

282149 289319 301501 263849 281016 298408 278598 269073 
295770 286841 297549 296264 296111 297730 297660 335096 

282149 289319 277402 263849 281016 298408 278598 269073 
297015 286841 297549 296264 296111 297730 297660 328937 

232276 231803 233210 228658 235631 224511 231065 232566 
242651 249122 245820 244474 246010 244690 241684 246121 

280820 280533 280887 252798 280864 280872 280834 280808 
280888 280748 280830 280888 280830 280834 280888 280888 

280820 252479 280887 252798 280864 280872 280834 280808 
280852 280748 280830 280888 280830 280834 280888 280888 

280820 261635 407401 273501 290949 280872 280834 292705 
280852 280748 280830 280888 302125 280834 280888 443886 

280820 241721 407401 273501 290949 280872 280834 292705 
280852 280748 280830 280888 302125 280834 280888 430660 

280820 241721 407401 273501 290949 280872 280834 292705 
280852 280748 280830 280888 302125 280834 280888 430660 

280820 241721 374619 273501 290949 280872 280834 292705 
280852 280748 280830 280888 302125 280834 280888 431624 

280820 241721 354330 273501 290949 280872 280834 292705 
280852 280748 280830 280888 302125 280834 280888 411857 

291020 289319 283793 274015 281016 289184 282917 269073 
298483 286841 301938 301432 296111 297730 297660 321064 

272046 289319 283793 274015 281016 289184 282917 269073 
298483 286841 301938 301432 296111 297730 297660 322930 

272046 271936 283793 274015 281016 289184 282917 269073 
298483 286841 301938 301432 296111 297730 297660 328286 

231689 229087 233645 233172 230915 223509 234538 234380 
241992 246562 248314 247345 245845 247518 242426 246857 

231689 229087 233645 233172 230915 223509 213941 234380 
241992 246562 250936 247345 245845 247518 242426 246857 

236582 231766 237439 236020 236614 227381 224062 217687 
241434 241695 241372 241138 241238 241125 241117 240671 

236582 231766 242670 236020 236614 227381 224062 217687 
241434 267538 241372 241138 241238 241125 246053 240671 

276675 271936 287922 274015 281016 296857 298563 269073 
298483 295393 304256 301432 298978 297730 297660 329789 

276675 271936 287922 274015 281016 296857 272040 269073 
298483 295393 304256 301432 298978 297730 297660 328666 

236582 235960 242864 237225 236614 231990 233012 222932 
244234 273141 244704 241138 241238 244941 251458 243732 

236582 235960 226459 237225 236614 231990 233012 222932 
244234 276113 244704 241138 241238 244941 251458 246687 

237700 239147 233627 227578 238813 234896 233012 227990 
244234 247522 244704 241138 241238 244941 251733 246874 

236582 235960 261978 237225 236614 231990 233012 222932 
244234 265675 244704 241138 241238 244941 251458 243653 

237700 239147 221500 227578 238813 234896 233012 227990 
244234 247522 244704 241138 241238 244941 253685 246874 

239685 235210 224394 231216 239732 236310 233012 233199 
242568 248543 244704 242885 243142 244941 262144 249179 

258010 258033 258033 258029 232229 258033 258033 258033 
258032 258031 258030 258032 258013 258032 258032 258002 

258010 241194 258033 258029 232229 258033 258033 258033 
258032 258031 258030 266066 258013 258032 258032 258002 

258010 241194 238896 258029 232229 258033 258033 258033 
258032 258031 258030 269262 258013 258032 258032 258002 

258010 241194 238896 258029 232229 258033 242229 258033 
258032 258031 258030 270139 258013 258032 258032 258002 

258010 241194 247513 258029 232229 258033 258033 258033 
258032 258031 258030 276686 258013 258032 258032 258002 

260721 241194 249659 259312 235393 259216 240971 260339 
261101 259143 258030 264268 259975 259823 258031 258002 

242148 241194 249659 259312 235393 259216 240971 260339 
261101 259143 258030 266913 259975 259823 258031 258002 

315588 283395 299060 297974 322138 308749 332242 307827 
310942 342063 338073 338530 340985 321781 318048 344821 

315588 283395 299060 297974 322138 308749 305017 307827 
310942 342063 338073 338530 340985 321781 318048 349563 

315588 283395 299060 297974 295549 308749 305017 307827 
310942 342063 338073 338530 340985 321781 318048 355820 

330737 283395 269153 297974 295549 308749 305017 307827 
310942 342063 338073 338530 340985 321781 318048 347328 

334202 283395 269153 297974 295549 280016 305017 307827 
310942 342063 338073 338530 340145 321781 318048 347676 

305816 283395 269153 297974 295549 280016 305017 307827 
310942 342063 338073 338530 340109 321781 318048 353328 

305816 283395 275928 297974 299719 287515 305017 322976 
310942 336241 354227 336482 330398 322975 320896 333171 

305816 283395 275928 297974 299719 287515 305017 300678 
310942 336241 353101 336482 330398 322975 320896 333171 

263121 248043 257836 262492 244254 261269 238053 264354 
264204 261462 260959 263876 264484 262604 261703 263908 

263121 248043 257836 262492 244254 261269 242789 248633 
264204 261462 260959 263876 277499 262604 261703 263908 

247562 248043 257836 262492 244254 261269 242789 248633 
264204 261462 260959 263876 278972 262604 261703 263908 

247562 248043 257836 243449 244254 261269 242789 248633 
264204 261462 260959 263876 284741 262604 261703 263908 

247562 248043 257836 243449 244254 261269 242789 248633 
264204 261462 260959 263876 284741 262604 261703 263908 

247562 248043 257836 243449 244254 251367 242789 248633 
264204 261462 260959 263876 284512 262604 261703 267644 

247562 248043 238302 243449 244254 251367 242789 248633 
264204 261462 260959 263876 284512 262604 261703 271663 

247562 248043 238302 243449 244254 236776 242789 248633 
264204 261462 260959 263876 280463 262604 261703 271633 

247562 258433 238302 243449 255316 255287 242789 299434 
264204 267284 275792 274391 330584 265338 261703 274474 

217306 243906 229964 231421 240774 237995 236397 232768 
242264 242769 242817 242263 241122 241603 243660 243845 

247562 258433 238302 253224 255316 270839 242789 330572 
264204 267284 275792 274391 362953 265338 267653 281471 

217306 245424 231393 231421 240922 237995 236397 232768 
242264 242769 245391 249283 241122 241603 247856 271137 

284833 313482 310418 314086 314200 313987 315790 315012 
315174 315248 314583 316071 316491 315728 315650 315208 

247562 258433 238302 253224 255316 270839 242789 335884 
264204 267284 275792 274391 358953 265338 267653 281471 

247562 258433 238302 253224 255316 270839 242789 320691 
264204 267284 275792 274391 372050 265338 267653 281471 

238658 225296 248817 242116 248983 243325 247952 243779 
249900 250094 249105 250249 248884 249322 249852 250338 

238658 225296 248817 242116 235203 244893 247952 243779 
249900 250094 249105 250249 248884 249322 251017 259927 

247562 258433 238302 253224 255316 283910 242789 328432 
264204 278633 284437 274391 386568 276759 275356 290298 

247562 273672 238302 253224 255316 283910 242789 308055 
264204 278633 284437 274391 386841 276759 275356 290298 

311378 312198 313608 314013 311939 288954 304889 318441 
312698 316746 316167 308825 313127 311965 314694 321388 

311378 312198 313608 314013 311939 288954 304889 291596 
312698 316746 316167 308825 313127 311965 314694 325093 

311378 312198 313608 284040 311939 288954 304889 291596 
312698 316746 316167 308825 313127 311965 314694 325985 

311378 312198 289747 284040 311939 288954 304889 291596 
312698 316746 316167 308825 313127 311965 314694 327747 

311378 282763 289747 284040 311939 288954 304889 291596 
312698 316746 316167 308825 313127 311965 314694 331192 

311378 282763 289747 284040 288245 288954 304889 291596 
312698 316746 316167 308825 313127 311965 314694 332266 

287740 282763 289747 284040 288245 288954 304889 291596 
312698 316746 316167 308825 313127 311965 314694 333177 

218103 242328 242304 242337 242331 242327 242198 242337 
242334 242308 242279 242334 242237 242280 242332 242332 

287740 282763 289747 284040 288245 288954 293222 298326 
312698 316746 316167 308825 316233 311965 314694 326012 

287740 282763 289747 284040 288245 288954 293222 275993 
312698 316746 316167 308825 316233 311965 314694 326243 

287740 282763 289747 284040 288245 288954 267233 275993 
312698 316746 316167 308825 316233 311965 314694 326940 

287740 282763 272562 284040 288245 288954 267233 275993 
312698 316746 316167 308825 314645 311965 314694 323016 

287740 282763 272562 284040 288245 267283 267233 275993 
312698 316746 316167 308825 312878 311965 314694 321650 

287740 282763 272562 284040 267345 267283 267233 275993 
312698 316746 316167 308825 312878 311965 314694 323383 

294288 315868 311155 315027 317442 316672 287741 318727 
317154 319416 319967 317451 318074 318328 318688 317945 

294288 315868 311155 315027 317442 316672 287741 286854 
317154 319416 319842 317451 318074 318328 318688 317945 

260796 261187 235617 261056 261163 261376 261389 261355 
261107 260915 261796 261456 261009 261419 261736 261262 

260796 261187 235617 261056 261163 261376 237262 261355 
261107 260915 263742 261456 261009 261419 261736 261262 

260796 261187 235617 261056 261163 241099 237262 261355 
261107 260915 275643 261456 261009 261419 261736 261262 

260796 261187 235617 261056 261163 241099 237262 235219 
261107 260915 274214 261456 261009 261419 261736 261262 

294288 315868 311155 316009 293196 316672 287741 286854 
317154 319416 326350 317451 318074 318328 318688 317945 

294288 315868 311155 316009 293196 291671 287741 286854 
317154 319416 329382 317451 318074 318328 318688 317945 

294288 315868 311155 299867 293196 291671 287741 286854 
317154 319416 336084 317451 318074 318328 318688 317945 

294288 289281 311155 299867 293196 291671 287741 286854 
317154 319416 337062 317451 318074 318328 318688 317945 

262994 244571 242107 262515 268837 250134 240380 253517 
262974 264263 266362 263523 264484 271422 264697 264825 

262994 244571 242107 262515 241953 250134 240380 253517 
262974 264263 266362 263523 264484 271163 264697 264825 

242527 244571 242107 262515 241953 250134 240380 253517 
262974 264263 266362 263523 264484 277346 264697 264825 

242527 244571 242107 241483 241953 250134 240380 253517 
262974 264263 266362 263523 264484 276460 264697 264825 

242527 244571 242107 241483 241953 250134 240380 237624 
262974 264263 266362 263523 264484 274705 264697 264825 

242527 244571 242107 241483 241953 230650 250854 237624 
262974 264263 266362 263523 264484 276242 264697 264825 

242527 244571 242107 241483 241953 230650 250854 237624 
262974 264263 266362 263523 264484 276242 264697 264825 

244548 247945 246243 245615 244239 237715 237184 248440 
261695 262318 261532 261227 262540 260497 260944 263516 

244548 247945 246243 245615 245986 237715 237184 232161 
261695 262318 261532 261227 261130 260497 260944 265546 

251026 241980 246243 249689 245986 237715 242669 235726 
261695 262318 263114 258320 261130 261333 260944 269211 

301957 302139 302115 302280 272062 302114 302281 302145 
301992 301988 302292 301871 302227 302057 301917 302138 

301957 302139 302115 302280 272062 302114 272052 302145 
301992 301988 302290 301871 302227 302057 301917 302138 

301957 302139 311954 335280 272062 302114 272052 302145 
311490 301988 369323 301871 302227 302057 301917 302138 

301957 302139 311954 308418 272062 302114 272052 302145 
311490 301988 369918 301871 302227 302057 301917 302138 

301957 302139 311954 308418 272062 302114 272052 302145 
311490 301988 369918 301871 302227 302057 301917 302138 

301957 302139 285255 308418 272062 302114 272052 302145 
311490 301988 370121 301871 302227 302057 303420 302138 

301957 302139 285255 295108 272062 302114 272052 302145 
311490 301988 352015 301871 303675 302057 304369 302138 

301957 302139 285255 295108 272062 302114 272052 283339 
311490 301988 347101 301871 304391 302057 304613 302138 

280234 300555 298146 302013 301222 296526 305828 303063 
306641 306609 310880 306478 306534 306463 306538 306347 

280234 300555 298146 302013 301222 296526 277030 303063 
306641 306609 320374 306478 306534 306463 306538 306347 

214518 214518 214518 214518 193066 214518 214517 214518 
214518 214518 214518 214518 214518 214518 214518 214518 

248586 249054 242107 246578 244240 233719 238408 240437 
263292 261757 264665 263990 264202 263795 264925 263516 

248586 227005 242107 246578 244240 233719 238408 240437 
263292 261757 264665 263990 264202 263795 267337 263516 

229956 227005 242107 246578 244240 233719 238408 240437 
263292 261757 264665 263990 264202 263795 265961 262426 

237842 227005 242107 246956 247310 233719 238408 245029 
268370 262982 271767 263990 264202 263795 265385 266319 

237842 227005 242107 246956 229245 233719 238408 245029 
268370 262982 273321 263990 264202 263795 265385 266319 

257491 235935 245300 225106 250035 244446 247939 247670 
257074 257157 256711 256616 256321 256892 257172 256881 

231964 235935 245300 225106 250035 244446 247939 247670 
257074 257157 256711 256616 256321 256892 261203 256881 

234466 239978 246450 228275 234550 244446 247939 247670 
257928 255675 256711 256616 256271 254991 254715 255921 

234466 239978 246450 228275 234550 244446 228145 247670 
259929 255675 256711 256616 256271 254991 254715 255921 

239310 243877 248318 233774 237067 249315 231375 234933 
256536 255675 256454 261170 256902 255595 255294 256575 

237842 234369 246249 262256 232714 241567 245220 245029 
260353 261274 261239 262155 261613 260763 260487 260838 

237842 234369 246249 242020 232714 241567 245220 245029 
260353 261274 261239 266840 261613 260763 260487 260838 

237842 234369 237979 242020 232714 241567 245220 245029 
260353 261274 261239 275202 261613 260763 260487 260838 

237842 234369 237979 242020 232714 241567 225698 245029 
260353 261274 261239 275203 261613 260763 260487 260838 

237842 234369 237979 242020 232714 241567 225698 230526 
260353 261274 261239 274185 261613 260763 260487 260838 

284100 302806 302669 302013 301222 301686 286736 304512 
307828 313126 319232 308159 309358 306463 306538 306347 

240105 234369 219798 260270 237966 243461 232264 233528 
258683 258119 258949 257431 256589 258239 255489 258629 

240105 234369 219798 241743 237966 243461 232264 233528 
258683 258119 262081 257431 256589 258239 255489 258629 

308404 322885 325257 323927 333221 313338 331767 301214 
333692 330902 333757 334077 334279 329534 331461 323828 

308404 322885 325257 323927 306565 313338 331767 301214 
333692 330902 333757 334077 334279 329534 335637 323828 

308404 322885 325257 323927 306565 313338 311513 301214 
333692 330902 333757 334077 334279 329534 344243 323828 

308404 322885 303754 323927 306565 313338 311513 301214 
333692 330902 333757 334077 334279 329534 345070 323828 

308404 322885 303754 298260 306565 313338 311513 301214 
333692 330902 333757 334077 334279 329534 345622 323828 

308404 317863 303754 298260 306565 313338 311513 301214 
333692 330902 333757 334077 334279 336602 353846 323828 

308404 307675 303754 301802 306565 313338 311513 304786 
335821 330902 334112 334077 337148 334915 340803 323828 

308404 307675 303754 301802 306565 287004 311513 304786 
335821 330902 334112 334077 337148 334915 341056 323828 

366145 324158 343595 369943 373979 369954 332047 339403 
373466 352649 378742 371888 346045 354020 352605 361902 

366145 324158 343595 369943 343540 369954 332047 339403 
373466 352649 386950 371888 349294 354020 352605 361902 

366145 324158 343595 369943 343540 349441 332047 339403 
373466 352649 390098 371888 349294 354020 352605 361902 

366145 324158 343595 340461 343540 349441 332047 339403 
373466 352649 393403 371888 349294 354020 352605 361902 

366145 324158 343595 340461 343540 349441 332047 339403 
373466 352649 393403 371888 349294 354020 352605 361902 

356000 324158 343595 340461 343540 349441 332047 339403 
373466 352649 396039 371888 349294 354020 352605 361902 

326400 324158 343595 340461 343540 349441 332047 339403 
373466 352649 398035 371888 349294 354020 352605 361902 

326400 324158 343595 340461 343540 323750 332047 339403 
373466 352649 389838 371888 349294 354020 352605 361902 

326400 324158 375569 340461 343540 323750 332047 339403 
373466 352649 412340 371888 349294 354020 352605 367346 

242274 249347 257136 234725 243550 249318 252830 254851 
260633 259913 260128 260398 260270 259911 260371 260127 

329019 324158 381205 358552 343540 332485 332047 339403 
373466 367744 414741 376936 349294 368532 351390 367346 

242274 250548 245697 234725 245233 249318 252830 255437 
258924 259913 260128 261308 260270 259911 271487 260127 

323840 323463 321156 322065 320634 291547 322984 322042 
322533 323730 322679 323921 321190 321356 321682 322507 

242274 251764 245697 234725 245233 249318 252830 257498 
258924 259913 260128 261308 260270 259911 269748 260127 

242274 261155 245697 234725 245233 249318 252830 240811 
258924 259913 260128 261308 260270 259911 283868 260127 

253641 257601 253789 251814 254030 256502 258477 232629 
258241 258082 258474 258100 258132 258116 257829 258315 

254100 258120 253789 251814 254030 256502 240131 232629 
259247 258082 266462 259018 258132 258116 257829 258315 

254100 245363 253789 251814 254030 256502 240131 232629 
259247 258082 286366 259018 258132 258116 257829 258315 

243938 260852 245697 234725 245233 249318 255861 244940 
263478 259913 260128 265517 260270 259911 288722 260127 

257329 257509 257508 257500 257417 231758 257504 257509 
257422 257499 257503 257439 257508 257491 257494 257388 

257329 257509 257508 257500 257417 231758 257504 239689 
257422 257499 257503 257439 263433 257491 257494 257388 

257329 257509 257508 257500 257417 231758 257504 239689 
257422 257499 257503 257439 263433 257491 257494 257388 

257329 241758 257508 257500 257417 231758 257504 239689 
257422 257499 257503 257439 263433 257491 259495 257388 

257329 241758 233900 257500 257417 231758 257504 239689 
257422 257499 257503 257439 263433 257491 265296 257388 

257329 241758 233900 257500 257417 231758 239253 239689 
257422 257499 257503 257439 263433 257491 267516 257388 

257329 241758 233900 239250 257417 231758 239253 239689 
257422 257499 257503 257439 263433 257491 269514 257388 

260582 241758 237900 241074 268469 231758 239253 215719 
257422 257499 259485 257439 263433 257491 266329 257388 

260582 241758 237900 241074 246622 231758 239253 215719 
257422 257499 259485 257439 263433 257491 270543 257388 

237857 241758 237900 241074 246622 231758 239253 215719 
257422 257499 259485 257439 263433 257491 273546 257388 

251783 226606 251784 251784 251697 251778 251784 251781 
251785 251785 251785 251744 251785 251778 251785 251785 

251783 226606 235200 251784 251697 251778 251784 251781 
251785 251785 251785 251744 262077 251778 251785 251785 

251783 226606 216851 251784 251697 251778 251784 251781 
251785 251785 251785 251744 262944 251778 251785 251785 

251783 226606 203848 251784 251697 251778 251784 251781 
251785 251785 251785 251744 259650 251778 251785 251785 

293735 326189 325024 324239 321328 303232 324228 325376 
325365 326377 323866 322122 324182 325202 323977 324052 

293735 293569 325024 324239 321328 303232 324228 325376 
325365 326358 323866 322122 324182 325202 323977 324052 

293735 293569 325024 324239 321328 303232 324228 303092 
325365 327890 323866 322122 324289 325202 323977 324052 

302858 276811 294359 304092 305094 299160 302905 299293 
306381 287462 296818 307328 302010 295520 305895 302395 

302858 276811 294359 304092 277035 299160 302905 299293 
306381 291225 296818 307376 302010 295520 305895 302395 

302858 276811 294359 304092 279306 299160 302905 299293 
306381 289225 296818 311771 302010 295520 305895 302395 

302858 276811 294359 283682 279306 299160 302905 299293 
306381 292711 296818 311771 302010 295520 305895 302395 

302858 276811 294359 283682 279306 299160 279281 299293 
306381 297730 296818 311771 302010 295520 305895 302395 

284236 276811 294359 283682 279306 299160 279281 299293 
306381 297730 296818 317637 302010 295520 305895 302395 

284236 276811 294359 283682 279306 299160 279281 275613 
306381 297730 296818 320802 302010 295520 305895 302395 

303750 287757 297680 293616 290419 300933 274677 299293 
304320 297743 297629 305149 302770 300066 305076 302724 

303750 287757 297680 264254 290419 300933 274677 299293 
304320 297743 297629 303995 302770 300066 305076 302724 

303750 287757 297680 243453 290419 300933 274677 299293 
304320 297743 297629 303995 302770 300066 309993 302724 

277061 287757 297680 249113 290419 300933 274677 299293 
304320 297743 297629 303995 302770 305913 303338 302724 

277061 287757 297680 259725 290419 274792 274677 299293 
304320 297743 297629 303995 302770 306847 303338 302724 

277061 287757 297680 269649 290419 274792 274677 276214 
304320 297743 297629 303995 302770 311647 303338 302724 

277061 287757 297680 269649 290419 274792 274677 276214 
304320 297743 297629 303995 302770 311647 303338 302724 

277061 290601 277073 278804 291675 288422 277434 281390 
308553 297006 298325 301297 301620 300177 302220 301356 

277061 290601 279966 278804 270193 288422 277434 281390 
304854 297006 298325 301297 301620 300177 302220 301356 

257092 285658 285658 285658 285658 285658 285658 285658 
285658 285658 285658 285658 285658 285658 285658 285658 

251697 251677 251533 251683 251430 226529 251620 251528 
251475 251599 251469 251670 251339 251543 251700 251610 

226527 251677 251533 251683 251430 226529 251620 251528 
251475 251599 251469 251670 251339 251543 251699 251610 

279658 275946 289472 278804 273658 292491 280449 282950 
300846 299081 299263 302198 301620 300177 303167 302097 

226527 251677 251533 245508 251430 226529 251620 251528 
251475 251599 251469 251670 251339 251543 273341 251610 

226527 241504 251533 245508 251430 226529 251620 251528 
251475 251599 251469 251670 251339 251543 277179 251610 

226527 241504 251533 245508 251430 226529 240158 251528 
251475 251599 251469 251670 251339 251543 282311 251610 

226527 241504 237508 245508 251430 226529 240158 251528 
251475 251599 251469 251670 251339 251543 271765 251610 

226527 241504 237508 245508 251430 226529 240158 242766 
251475 251599 251469 251670 251339 251543 277599 251610 

226527 241504 237508 245508 251430 226529 240158 242766 
251475 251599 251469 251670 251339 251543 277599 251610 

226527 241504 237508 245508 228895 226529 240158 242766 
251475 251599 251469 251670 251339 251543 286982 251610 

277061 290785 276868 279935 291888 289843 277640 276214 
304272 297743 298848 307102 304233 304050 303338 302993 

277061 290785 276868 279935 268291 289843 277640 276214 
304272 297743 298848 310154 304233 304050 303338 302993 

286698 266701 288741 287531 276830 291654 286115 284022 
295406 295970 296362 294776 295412 295615 295719 295989 

286698 266701 288741 287531 249146 304061 286115 284022 
295406 295970 305296 294776 295412 295615 295719 295989 

226527 252432 237508 253983 228895 226529 240158 249678 
255495 251599 254068 255333 251339 253910 281047 251610 

292399 266701 299408 287531 259212 311311 290952 284022 
303037 301163 335634 294776 304539 299951 295719 295989 

292399 266701 299408 287531 259212 290179 290952 284022 
303037 301163 335201 294776 304539 299951 295719 295989 

292399 266701 269689 287531 259212 290179 290952 284022 
303037 301163 335621 294776 304539 299951 295719 295989 

283811 266701 269689 287531 259212 293750 290952 284022 
303037 304220 314835 295432 304539 299951 295719 295989 

283811 266701 269689 287531 259212 269262 290952 284022 
303037 304220 313171 295432 304539 299951 295719 295989 

283811 273663 274427 287531 267469 275683 272817 288179 
299237 303315 298721 295432 298930 300230 295719 295018 

292399 266701 317589 295875 259212 298170 290952 284022 
304754 306407 317308 295717 305848 299951 295719 301132 

292399 266701 294952 295875 259212 298170 290952 284022 
304754 306407 325212 295717 305848 299951 295719 301132 

292399 266701 294952 295875 259212 285520 290952 284022 
304754 306407 331006 295717 305848 299951 295719 301132 

292399 266701 294952 272954 259212 285520 290952 284022 
304754 306407 331492 295717 305848 299951 295719 301132 

292399 266701 275456 272954 259212 285520 290952 284022 
304754 306407 329838 295717 305848 299951 295719 301132 

273159 274001 278674 279530 263285 285520 290952 286204 
302414 302330 302065 297428 304045 300717 295719 301132 

247094 253872 253930 263408 264450 260434 261377 261474 
260990 258807 262746 260304 270500 262854 259244 257741 

247094 253872 253930 263408 245505 260434 261377 261474 
260990 258807 262746 260304 270500 266013 259244 257741 

293329 288654 294394 294031 283892 292775 273505 295552 
300529 300044 300423 299508 300260 300999 299356 303520 

293329 288654 294394 294031 283892 292775 273505 278967 
300529 300044 300423 299508 300260 300999 299356 312252 

293329 288654 279148 294031 283892 292775 273505 278967 
300529 300044 300423 299508 300260 300999 299356 316938 

293329 288654 279148 279589 283892 292775 273505 278967 
300529 300044 300423 299508 300260 300999 299356 318185 

269289 288654 279148 279589 283892 292775 273505 282452 
300529 300044 300423 299508 300260 300999 299356 314086 

269289 288654 279148 279589 283892 276163 273505 290047 
300529 300044 300423 299508 300260 300999 299356 318693 

269289 288654 282894 283586 283892 276163 273505 289165 
300529 300044 300413 304869 300260 300999 300606 319169 

269289 288654 282894 283586 283892 276163 273505 289165 
300529 300044 300413 304869 300260 300999 300606 319169 

269134 280611 262755 283603 259095 266785 277328 255789 
274045 282847 277896 284380 271705 280399 280890 274325 

269134 280611 262755 270387 259095 266785 277328 255789 
274045 282847 277896 302006 271705 280399 281852 274325 

269134 262522 262755 270387 259095 266785 277328 255789 
274045 282847 277896 300158 271705 280399 282835 274325 

269134 262522 262755 270387 259095 266785 256664 255789 
274045 282847 277896 303805 271705 280399 282835 274325 

269134 262522 262755 270387 259095 266785 256664 255789 
274045 282847 277896 303805 271705 280399 282835 274325 

269134 262522 262755 267300 259095 270363 256664 255789 
274045 282847 277896 301465 271705 280399 282835 274325 

269134 262522 262755 267300 259095 248326 256664 255789 
274045 282847 277896 304354 271705 280399 282835 274325 

283811 281512 274427 291299 286255 279383 283447 268638 
297069 297228 298600 297683 297833 297982 296265 297588 

249401 262522 262755 267300 259095 248326 256664 255789 
274045 282847 277896 300119 271705 280399 282835 274325 

283811 281512 274427 307302 286255 279383 283447 275078 
297069 297228 341783 297683 297833 297982 296265 297588 

302138 287205 285731 306509 286255 288330 288821 285946 
297069 297228 335872 297357 297833 297982 301283 297588 

267376 268718 267903 292462 259095 254808 262840 268179 
283312 282847 277896 321251 271705 280399 287241 281554 

275434 275710 274864 248631 276128 274518 275562 274324 
275633 275779 276086 275527 275933 276146 275878 276263 

280583 279147 281735 255889 276154 275409 279201 280210 
284026 283630 284150 283664 282892 283464 283528 283960 

280583 279147 281735 255889 276154 275409 279201 266764 
284026 283630 302981 283664 282892 283464 283528 283960 

293415 279147 347114 264148 276154 276270 251280 278515 
283900 283630 338217 283664 282892 283464 283528 283960 

293415 279147 325419 271859 276154 276270 251280 278515 
283900 283630 357734 283664 289521 283464 283528 283960 

293415 279147 346165 271859 276154 276270 251280 278515 
283900 283630 384192 283664 301475 283464 283528 283960 

288174 288112 288296 288109 288297 259481 288303 288307 
288061 288316 288315 288133 288316 288312 288020 288316 

302138 287205 285731 311166 286255 288330 288821 285946 
297069 297228 352935 297357 297833 297982 301283 297588 

302138 287205 285731 284216 286255 288330 288821 285946 
297069 297228 353758 297357 297833 297982 301283 297588 

279424 287205 285731 284216 286255 288330 288821 285946 
297069 297228 351596 297357 297833 297982 301283 297588 

279424 287205 285731 284216 286255 288330 259938 285946 
297069 297228 345318 297357 297833 297982 301283 297588 

279424 287205 285731 284216 286255 261639 259938 285946 
297069 297228 345619 297357 297833 297982 301283 297588 

279424 265984 285731 284216 286255 261639 259938 285946 
297069 297228 342777 297357 297833 297982 301283 297588 

279424 265984 285731 284216 265129 261639 259938 285946 
297069 297228 340124 297357 297833 297982 301283 297588 

284247 265984 285731 284216 265129 261639 259938 292917 
297069 297228 327014 297357 297833 297982 301283 297588 

284247 265984 285731 284216 265129 261639 259938 271125 
297069 297228 326604 297357 297833 297982 301283 297588 

284247 265984 261532 284216 265129 261639 259938 271125 
297069 297228 329516 297357 297833 297982 301283 297588 

263619 263432 238649 263730 265037 264038 263598 263920 
263238 264696 265045 263971 265138 263841 263685 264895 

263619 263432 245050 263730 245416 264546 263598 263920 
263238 264696 265045 263971 269835 263841 268801 264895 

263619 263432 245050 263730 245416 239780 263598 263920 
263238 264696 265045 263971 270817 263841 268508 264895 

263619 263432 245050 263730 245416 239780 263598 241877 
263238 264696 265045 263971 277127 263841 268532 264895 

277794 279856 253397 262527 279171 277400 278493 279759 
279731 280711 277603 279146 278138 278872 278932 281525 

277794 279856 253397 236274 279171 277400 278493 279759 
279731 280711 277603 279146 278138 278872 278932 279625 

346590 341284 312305 343712 339814 345305 345150 346993 
340821 337437 346867 346343 341472 340705 344058 346744 

346590 341284 312305 346195 339814 345305 345150 312293 
340821 337437 348395 346343 341472 340705 344058 346744 

316169 341284 312305 346392 339814 345305 345150 312293 
340821 337437 354276 346343 341472 340705 344058 346744 

316169 341284 312305 311752 339814 345305 345150 312293 
340821 337437 353487 346343 341472 340705 344058 346744 

346590 341284 312305 344013 339814 345305 345150 313074 
340821 337437 346551 346343 341472 340705 344058 348817 

317931 341284 312305 344013 339814 345305 345150 313074 
340821 337437 346551 346343 341472 340705 344058 354594 

332009 348000 324742 344013 339814 333350 345150 320410 
340821 337437 346551 346343 339360 340705 344058 368536 

332009 318200 324742 344013 339814 333350 345150 320410 
340821 337437 346551 346343 339360 340705 344058 369482 

334140 350627 329097 328747 345889 329511 348878 322571 
343252 345091 365369 353632 345805 344826 353416 352553 

334140 315564 329097 328747 345889 329511 348878 322571 
343252 345091 363894 353632 345805 344826 353416 352553 

334140 315564 329097 328747 345889 329511 319615 322571 
343252 345091 371392 353632 345805 344826 353416 352553 

334140 315564 329097 328747 318164 329511 319615 322571 
343252 352162 365792 353632 345805 344826 353416 352553 

354375 315564 329097 295872 318164 329511 319615 322571 
343252 350984 363472 353632 345805 344826 353416 352553 

324304 315564 329097 295872 318164 329511 319615 322571 
343252 350984 368528 353632 345805 344826 353416 352553 

324304 315564 329097 295872 318164 329511 319615 322571 
343252 350984 368528 353632 345805 344826 353416 352553 

261653 262007 235962 261918 261872 261817 261941 262032 
261765 261795 261814 261915 262140 262167 261806 262022 

261653 262007 235962 261918 267407 261817 261941 246529 
261765 261795 261814 261915 262140 275079 261806 262022 

294512 318783 335198 306002 326511 348310 322950 334882 
344029 345402 347573 346217 346814 347429 344207 344751 

288870 288822 289070 288600 288134 260851 288521 288124 
288258 288908 288941 289348 289951 288914 289007 287893 

288870 288822 260162 288600 288134 260851 288521 288124 
288258 288908 288941 289348 289862 288914 289007 287893 

267366 288822 260162 288600 288134 260851 288521 288124 
288258 288908 288941 289348 305085 288914 289007 287893 

267366 265939 260162 288600 288134 260851 288521 288124 
288258 288908 288941 289348 309458 288914 289007 287893 

267366 265939 260162 288600 288134 260851 288521 288124 
288258 288908 288941 289348 309458 288914 289007 287893 

267366 265939 260162 277887 288134 260851 288521 288124 
288258 288908 288941 289348 316763 288914 297966 287893 

267366 265939 260162 277887 288134 260851 274946 288124 
288258 288908 288941 289348 311981 288914 300021 287893 

267366 265939 260162 277887 269254 260851 274946 288124 
288258 288908 288941 289348 307045 288914 307832 287893 

261653 262007 248368 263596 252096 263303 261941 246529 
263324 261795 261814 263328 262140 280009 261806 262022 

261653 262007 248368 239845 252096 263303 261941 246529 
263324 261795 261814 263328 262140 290367 261806 262022 

271496 265939 260162 277887 269254 265588 281037 283913 
293722 288908 291172 289348 307045 295910 311737 287893 

271496 265939 260162 277887 269254 265588 281037 289378 
296741 288908 301643 289348 307045 299448 328026 287893 

326723 320418 329097 324771 323928 313412 322517 322571 
345136 348097 346809 346438 345744 346027 346465 348582 

326723 320418 319373 324771 323928 313412 322517 322571 
345136 348773 346809 346438 345744 346027 346465 360080 

285291 272273 280095 283607 248326 276184 282838 291814 
291417 290810 290123 291300 291577 291854 292451 289242 

285291 272273 280095 283607 248326 276184 282838 272632 
291417 290810 290123 291300 291577 291854 294387 289242 

287661 283388 254265 283607 248326 282262 285198 307041 
290199 296582 290123 289788 291577 293550 303306 289242 

287661 283388 254265 283607 248326 282262 285198 276614 
290199 296582 290123 289788 291577 293550 308679 289242 

268342 284841 258736 283607 248326 284608 285198 278610 
290199 298596 290980 290654 292135 293550 294938 286680 

268342 284841 232862 283607 248326 284608 291703 278610 
290199 296103 290980 290654 292135 293550 294938 286680 

288915 280518 282055 283607 256038 281032 283673 277335 
287982 288954 288084 288706 285839 287745 288409 286009 

274536 287727 249869 285661 248326 284608 271631 280651 
290199 293055 290980 291880 293146 297331 293937 288144 

274536 269197 249869 285661 248326 284608 271631 280651 
290199 293630 290980 291880 293146 301551 293937 288144 

274536 269197 249869 273049 248326 284608 271631 280651 
290199 299407 290980 291880 293146 309086 293937 288144 

274536 269197 249869 273049 248326 262813 271631 280651 
290199 299407 290980 291880 293146 310638 293937 288144 

274536 269197 249869 273049 248326 262813 271631 280651 
290199 299407 290980 291880 293146 310638 293937 288144 

274536 276019 249869 276937 257289 265789 277530 264047 
290515 293573 290876 291880 291432 292500 291626 289090 

277678 277668 275352 275476 269757 274559 275643 273626 
272318 298339 275919 276096 275869 275578 274920 274184 

254910 277668 275352 275476 269757 274559 275643 273626 
272318 299272 275919 276096 275869 275578 274920 274184 

287121 289285 274322 265705 273165 278624 295015 270361 
290329 295227 293395 292718 294818 287771 294817 293736 

287121 289285 274322 265705 273165 278624 270513 270361 
290329 300205 293395 292718 294818 287771 294817 293736 

287121 281577 274322 265705 273165 278624 270513 270361 
290329 310308 293395 292718 294818 287771 294817 293736 

279544 281577 274322 265705 273165 278624 270513 270361 
290329 311187 293395 292718 294818 287771 294817 293736 

279544 296549 274322 265705 273165 278624 270513 277357 
296145 320149 293395 292718 294818 287771 294817 293736 

279544 326073 279321 265705 273165 278624 270513 249621 
296145 319622 293395 292718 294818 287771 299990 293736 

279544 286555 283255 265705 277140 285145 274510 261668 
296145 319714 293395 295181 297291 290781 303903 296072 

279544 286555 283255 265705 277140 285145 274510 261668 
296145 319714 293395 295181 297291 290781 303903 296072 

283970 292805 296683 303119 295158 312241 303562 298436 
292509 317893 315723 316516 278302 313479 313671 288394 

288818 298657 296683 303119 298341 304882 303562 298436 
292509 333710 315723 318842 278302 313479 313671 289070 

288818 298657 296683 303119 298341 289207 303562 298436 
292509 329511 315723 318842 278302 313479 313671 289070 

288818 298657 296683 303119 298341 289207 280527 298436 
292509 332594 315723 318842 278302 313479 313671 289070 

288818 298657 296683 303119 298341 289207 280527 298436 
292509 332594 315723 318842 278302 313479 313671 289070 

288818 298657 296683 290321 298341 289207 280527 298436 
292509 331129 315723 318842 278302 313479 313671 289070 

288818 273791 296683 290321 298341 289207 280527 298436 
292509 333881 315723 318842 278302 313479 313671 289070 

288818 273791 296683 290321 298341 289207 280527 274523 
292509 326904 315723 318842 278302 313479 313671 289070 

288818 273791 296683 290321 339697 296614 280527 282768 
292509 361469 324662 318842 289642 313479 313671 289070 

288818 273791 296683 301118 360970 305247 306291 293328 
292509 396369 324662 339287 308575 313479 313671 294205 

319995 273791 296683 309815 352757 305247 306291 301731 
292509 378829 324662 339287 327447 313479 313671 294205 

290093 262943 289844 286107 292027 290823 289554 288586 
290821 291006 290004 292275 290323 290820 290992 290563 

287628 286865 285754 287068 267327 284394 258884 284964 
287658 287660 287445 285613 287202 287488 287660 287582 

338663 338663 338663 304797 338663 338652 338663 338646 
338664 338664 338664 338664 338664 338663 338664 338664 

338663 318585 338663 304797 338663 338652 338663 338646 
338664 338664 338664 338664 358675 338663 338664 338664 

291920 285339 292107 289773 263113 292346 292251 292015 
291851 291726 291999 292326 291579 291803 291745 290870 

338663 330210 378745 314902 338663 338652 352463 344814 
338664 355844 353676 338664 418429 345994 346459 338664 

291920 285339 292107 289773 263113 291580 292251 292633 
291851 292181 292384 320380 291622 291803 293955 290870 

338663 330210 370808 314902 338663 338652 352463 344814 
338664 367259 358344 338664 434174 345994 346459 338664 

277778 251456 277756 277991 278050 278363 278049 278396 
277646 277996 277550 278298 278338 279394 277581 277776 

277778 251456 277756 277991 278050 278363 278049 255556 
277646 277996 277550 278298 278338 282294 277581 277776 

277778 251456 277756 277991 278050 251360 278049 255556 
277646 277996 277550 278298 278338 286900 277581 277776 

277778 251456 277756 277991 250244 251360 278049 255556 
277646 277996 277550 278298 278338 286014 277581 277776 

277778 251456 277756 277991 250244 251360 252551 255556 
277646 277996 277550 278298 278338 291217 277581 277776 

277778 251456 277756 257691 250244 251360 252551 255556 
277646 277996 277550 278298 278338 292894 277581 277776 

257500 251456 277756 257691 250244 251360 252551 255556 
277646 277996 277550 278298 278338 294382 277581 277776 

257500 259647 274627 257691 250244 251360 252551 255556 
277646 277996 277550 278298 278338 301541 277581 277776 

257500 259647 257164 257691 250244 251360 252551 255556 
277646 277996 277550 278298 278338 300849 277581 277776 

257500 244699 257164 257691 250244 251360 252551 255556 
277646 277996 277550 278298 278338 298711 277581 277776 

319995 273791 296683 309815 346916 305247 306291 301731 
292509 396221 324662 339287 327447 313479 313671 294205 

319995 273791 296683 309815 327053 305247 306291 301731 
292509 388794 324662 339287 327447 313479 313671 294205 

319995 273791 296683 309815 304748 305247 306291 301731 
292509 375468 324662 339287 327447 313479 313671 294205 

301200 273791 296683 309815 304748 305247 306291 301731 
292509 367715 324662 339287 327447 313479 313671 294205 

387858 382651 349536 384723 381529 383143 382019 375796 
382485 388083 387253 379764 386220 385184 382120 388294 

349072 382651 349536 384723 381529 383143 382019 375796 
382485 388083 387253 379764 386220 385184 382120 388250 

349072 382651 349536 348640 381529 383143 382019 375796 
382485 389093 387253 379764 386220 385184 382120 387321 

349072 382651 349536 348640 381529 347290 382019 375796 
382485 390035 387253 379764 386220 385184 382120 387321 

349072 368225 349536 355865 381529 347290 382019 375796 
382485 405212 387253 379764 386220 387579 382120 388799 

349072 368225 349536 355865 381529 347290 350483 375796 
382485 406892 387253 379764 386220 387579 382120 388799 

289278 263079 287284 287560 276559 288235 272516 286704 
288692 291381 287573 286844 288094 288101 286960 288203 

267016 263079 287284 287560 276559 288235 272516 286704 
288692 295170 287573 286844 288094 288101 286960 288203 

267016 263079 287284 287560 276559 271817 272516 286704 
288692 306396 287573 286844 288094 289438 286960 288203 

267016 263079 287284 263804 276559 271817 272516 286704 
288692 308512 287573 286844 288094 289438 286960 288203 

355642 386290 355095 367739 359452 361393 363415 379492 
387557 399230 391835 386264 389172 395088 392208 398023 

355642 347660 355095 367739 359452 361393 363415 379492 
387557 397935 391835 386264 389172 395088 392208 398023 

355642 359354 355095 367739 359452 361393 363415 347257 
387557 404090 391835 386264 389172 395088 392208 396986 

355642 363379 355095 339565 359452 361393 363415 347257 
387557 395826 391835 386264 389172 395088 392208 396986 

355642 339621 355095 339565 359452 361393 363415 347257 
387557 395405 391835 386264 389172 395088 392208 393798 

355642 339621 355095 339565 359452 361393 341455 347257 
387557 393742 391835 386264 389172 393358 392208 392357 

355642 339621 355095 339565 359452 361393 341455 347257 
387557 393742 391835 386264 389172 393358 392208 392357 

297298 297299 267569 297253 297286 297299 297299 297152 
297297 297299 297298 297295 297132 297299 297298 297158 

297298 297299 267569 297253 297286 271128 297299 297444 
297297 297299 297298 297295 297132 300195 297298 297158 

361220 344189 361444 348268 361915 346898 353792 362876 
384182 383051 383678 382835 383789 382792 382568 383163 

271456 271373 271437 271420 271459 244321 271118 271441 
271471 271471 271359 271456 271122 271262 271044 271155 

271456 271373 271437 271420 244312 244321 271118 271441 
271471 271469 271359 271456 271122 271262 271044 271155 

248310 271373 271437 271420 244312 244321 271118 271441 
283469 271469 271359 271456 271122 271262 271044 271155 

248310 271373 271437 271420 244312 244321 271118 250546 
287266 271469 271359 271456 271122 271262 271044 271155 

248310 271373 271437 271420 244312 244321 271118 250546 
287266 271469 271359 271456 271122 271262 271044 271155 

248310 271373 251515 271420 244312 244321 271118 250546 
290460 271469 271359 271456 271122 271262 271044 271155 

248310 271373 251515 254755 244312 244321 271118 250546 
288774 272363 271359 271456 271122 271262 271044 272059 

248310 251545 251515 254755 244312 244321 271118 250546 
292967 273076 271359 271456 271122 271262 271044 272725 

297298 297299 267569 298809 297286 271128 299190 290296 
300945 297299 297298 299761 297132 323408 297298 297158 

297298 297299 267569 298809 297286 271128 272174 290296 
300945 297299 297298 299761 297132 338986 297298 297158 

355642 360789 355095 339565 365993 355142 351080 351777 
388282 391367 394143 387536 389172 388368 390965 390440 

251858 255110 251515 254755 248714 244321 262141 250546 
291642 273076 272982 271456 271122 274763 271044 274568 

251858 255110 251515 254755 248714 244321 239260 250546 
296691 273076 272982 271456 271122 274763 271044 274568 

251858 251559 251515 254755 248714 244321 239260 250546 
295199 273076 272982 276603 272015 274763 271044 275062 

251858 254886 251515 257532 252519 253289 239260 250546 
285642 274378 277844 276603 275018 274763 271044 274381 

251858 254886 251515 236778 252519 253289 239260 250546 
284831 274378 277844 276603 275018 274763 271044 274381 

251858 273743 251515 236778 252519 253289 242748 255307 
274043 270866 274012 274011 273965 274010 269262 274040 

251858 264233 251515 236778 252519 253289 242748 258859 
287762 270866 274012 274011 273965 274010 269262 274040 

251858 248591 251515 240503 254911 253289 245867 264160 
270435 270939 275780 272566 273885 273917 270322 273884 

251858 248591 251515 240503 254911 253289 245867 247854 
270435 272828 277618 272566 273885 273917 270322 273884 

259849 268759 261244 254755 258011 226009 249958 258949 
266640 268147 266806 268339 266765 268053 267900 266762 

251858 248591 251515 240503 250844 255593 248628 247854 
270435 272306 271722 272415 276572 272743 269709 273384 

251858 248591 251515 240503 250844 242722 248628 247854 
270245 272306 271722 272415 278973 272743 269709 273384 

246778 248591 251515 240503 250844 242722 248628 247854 
269266 272306 271722 272415 287507 272743 269709 273384 

246778 248591 233030 240503 250844 242722 248628 247854 
269266 272306 271722 272415 287907 272743 269709 273384 

246778 248591 233030 240503 235759 242722 248628 247854 
269266 272306 271722 272415 286200 272743 269709 273384 

254916 248591 240390 240503 235759 245588 242873 247854 
269266 269804 269023 268535 268937 268652 268425 268284 

327268 327092 330583 331248 330884 331088 331123 316267 
330737 331086 330580 331797 330534 347752 331176 328640 

327268 327092 330583 305623 330884 331088 331123 316267 
330737 331086 330580 331797 330534 349101 331176 328640 

330733 315812 327202 340921 308708 317997 307922 331505 
316113 338496 339582 330776 336074 344725 318886 325172 

330733 315812 327202 312828 308708 317997 307922 331505 
316113 338496 339582 330776 336074 350344 318886 325172 

312409 315812 327202 312828 308708 317997 307922 339950 
316113 338496 339582 330776 336074 353187 318886 331672 

319335 315812 327202 312828 308708 317997 307922 310206 
316113 338496 339582 330776 336074 351717 318886 332972 

319335 315812 302924 312828 308708 317997 307922 310206 
316113 338496 339582 330776 336074 349954 318886 332972 

297288 315812 302924 312828 308708 317997 307922 310206 
316113 338496 339582 330776 336074 350004 318886 332972 

245639 260760 259000 258577 261576 256273 257686 253112 
269410 268572 272915 268306 269224 269587 269559 267484 

245639 260760 259000 258577 240418 256273 257686 253112 
269410 268572 276781 268306 269224 269587 269559 267484 

245639 260760 259000 258577 269011 265562 257686 253112 
270532 272666 297862 270625 273780 269587 269559 267484 

250145 260760 259000 258577 267241 265562 257686 253112 
270532 272666 298335 270625 273780 269587 269559 267484 

254471 260760 259000 258577 255135 265562 257686 253112 
270532 272666 291278 270625 273780 269587 269559 267484 

229023 260760 259000 258577 255135 274401 257686 253112 
270532 272666 293382 270625 273780 269587 269559 267484 

229023 260760 259000 258577 255135 274401 257686 253112 
270532 272666 293382 270625 273780 269587 269559 267484 

238447 260760 233099 258577 255135 288756 257686 253112 
270532 272666 289495 270625 273780 269587 269559 267484 

221268 260760 233099 258577 255135 294222 257686 253112 
270532 272666 291923 270625 273780 269587 269559 267484 

229404 260760 233099 258577 255135 265793 257686 253112 
270532 272666 291310 270625 273780 269587 269559 267484 

263235 242097 261244 254755 262258 234503 253805 262191 
267469 267523 268508 265821 267029 268318 268967 267831 

238948 260760 233099 258577 255135 278602 257686 253112 
270532 278886 310728 276049 273780 271247 272578 271121 

244394 260760 233099 258577 255135 266307 261216 253112 
270532 280799 293569 276538 273780 275425 272578 275256 

275362 242097 261244 258205 265577 234503 260006 262191 
267469 268735 268508 265925 269255 270497 304518 269079 

264239 238822 264162 263883 260469 264282 265060 264029 
264375 265050 263884 265431 264572 264495 263825 264454 

269226 255192 268294 265615 242378 248194 265249 268301 
269326 269324 268911 269324 269212 268245 268756 267565 

250123 255192 268294 265615 242378 248194 265249 268301 
285519 269324 268911 269324 269212 268245 268756 267565 

250123 255192 268294 265615 242378 248194 265249 267275 
299253 278311 274399 269324 269212 268245 268756 267565 

250123 258581 263095 266884 251065 251874 270935 267275 
286490 279983 274399 269324 270559 268245 268405 268046 

250123 258581 263095 266884 251065 251874 246599 267275 
302934 279983 274399 269324 270559 268820 268405 268046 

373967 373973 373942 373905 373977 374045 336640 374045 
374035 374038 374043 374037 374040 374044 373995 374027 

244394 260760 233099 258577 255135 270775 261216 253112 
270532 280799 310842 276538 273780 275425 272578 275256 

244394 260760 233099 258577 255135 247030 261216 253112 
270532 280799 310842 276538 273780 275425 274397 275256 

244394 260760 233099 258577 255135 247030 235719 253112 
270532 280799 310842 276538 273780 275425 275078 275256 

244394 239684 233099 258577 255135 247030 235719 253112 
270532 280799 310842 276538 273780 275425 276646 275256 

244394 239684 233099 234385 255135 247030 235719 253112 
270532 280799 310842 276538 273780 275425 278839 275256 

244394 239684 233099 234385 237121 247030 235719 253112 
270532 280799 310842 276538 273780 275425 279468 275256 

244394 239684 233099 234385 237121 229827 235719 253112 
270532 280799 307460 276538 273780 275425 279468 275256 

248373 239684 233099 242529 237121 240413 235719 245619 
270532 280009 280612 276538 273780 275425 279468 275256 

248373 239684 233099 242529 237121 226371 235719 245619 
270532 280009 278592 276538 273780 275425 279468 275256 

226535 239684 233099 242529 237121 236680 235719 245619 
270532 276645 278592 276538 273780 275425 279358 275256 

299725 332888 332930 332379 332720 332270 332195 332050 
332112 332326 332805 332927 332027 333036 332130 332996 

299725 332888 308731 332379 332720 332270 332195 332050 
332112 332326 332805 332927 332027 342137 332130 332996 

299725 335666 277857 332379 332720 332270 332195 332050 
332112 332326 332805 332927 332027 339017 332130 332996 

299725 306937 277857 332379 332720 332270 332195 332050 
332112 332326 332805 332927 332027 345217 332130 332996 

268188 254129 265633 265616 263299 266262 242721 264770 
264938 269847 265969 265437 264801 265348 264236 265629 

241369 254129 265633 265616 263299 266262 242721 264770 
265262 269847 265969 265437 264801 265348 264236 265629 

391682 397132 359296 392550 391447 397108 390070 394251 
394239 396739 388740 396575 392777 398401 391322 392371 

391682 359501 359296 392550 391447 397108 390070 394251 
394239 396739 388740 396575 392777 400191 391322 392371 

391682 359501 359296 392550 392723 362245 390070 394251 
394239 396739 388740 396575 392777 404041 391322 392371 

391682 359501 359296 392550 392723 362245 390070 354825 
394239 396739 388740 396575 392777 403061 391322 392371 

243901 254129 265734 265616 263299 241851 242721 264770 
265361 270647 265969 265437 264801 265348 264236 265629 

243901 254129 255918 265616 263299 241851 242721 264770 
265361 276064 265969 265437 264801 265348 264236 265629 

248828 254129 255918 268603 263299 241851 242721 264770 
265361 293706 265969 265437 264801 265348 264236 265629 

248828 254129 255918 246742 263299 241851 242721 264770 
265361 295195 265969 265437 264801 265348 264236 265629 

395288 367747 359296 396604 364358 373297 396629 369044 
392066 402097 395075 400298 398330 407379 397628 401144 

395288 367747 359296 396604 364358 373297 356965 369044 
392066 402097 395075 400298 398330 406303 397628 401144 

395288 367747 359296 362568 364358 373297 356965 369044 
392066 402097 395075 400298 398330 414333 397628 401144 

402357 330972 359296 362568 364358 373297 356965 369044 
392066 402097 395075 400298 398330 409527 397628 401144 

413804 297874 359296 362568 364358 373297 356965 369044 
392066 402097 395075 400298 398330 407723 397628 401144 

375031 308634 359296 362568 364358 373297 356965 369044 
392066 402097 395075 400298 398330 407710 397628 401144 

375031 308634 359296 362568 364358 373297 356965 369044 
392066 402097 395075 400298 398330 407710 397628 401144 

355973 317160 375879 368943 370395 379335 356965 378807 
390433 386084 393746 392971 397064 392555 393559 392924 

355973 317160 375879 368943 370395 350364 356965 378807 
390433 386084 393746 392971 395658 392555 393559 392924 

357062 357019 321362 356721 357039 357047 357016 356963 
357058 357069 357021 357009 356791 357030 357054 356931 

261765 261560 261866 261871 261406 235545 261544 261871 
261838 261870 261793 261855 261869 261871 261691 261835 

261765 261560 261866 261871 261406 235545 261544 235683 
261838 261870 261793 261855 261869 261870 261691 261835 

261765 261560 261866 263120 261406 235545 261544 235683 
261838 293864 261793 261855 261869 261870 261691 261835 

261765 261560 261866 241808 261406 235545 261544 235683 
261838 292789 261793 261855 261869 261870 261691 261835 

261765 261560 261866 241808 261406 235545 261544 235683 
261838 292789 261793 261855 261869 261870 261691 261835 

367628 317160 381007 378658 372761 350364 356965 365957 
390375 386084 406316 392971 397590 393805 394831 394031 

367628 317160 355983 378658 372761 350364 356965 365957 
390375 386084 407237 392971 397590 393805 394831 399728 

367628 317160 355983 352906 372761 350364 356965 365957 
390375 386084 403774 392971 397590 393805 394831 403592 

367628 317160 355983 351597 372761 350364 356965 365957 
390375 386084 398989 392971 397590 393805 394831 398725 

367628 317160 355983 351597 349433 350364 356965 365957 
390375 386084 398989 392971 397590 393805 394831 408596 

359487 317815 363463 366063 364358 379075 361149 369044 
392844 398105 395075 395869 399430 391530 398203 397852 

359487 317815 363463 366063 364358 348571 361149 369044 
392844 398105 395075 395869 404407 391530 398203 397852 

328383 332766 336489 339645 344905 359274 339645 338995 
342846 344804 338907 339180 340012 339440 338947 374522 

328383 332766 336489 339645 344905 335417 339645 338995 
342846 344804 338907 339180 344426 339440 338947 380114 

372400 331131 373070 374693 373228 363298 366595 349265 
386233 381558 386290 387651 386241 380437 386801 387118 

372400 331131 373070 347223 373228 363298 366595 349265 
386233 381558 386290 388355 386241 380437 386801 387118 

328383 341715 346399 364395 391005 335417 339645 348254 
352020 358178 349962 344939 344426 339440 338947 433775 

328383 341715 346399 364395 358571 335417 339645 358918 
352020 358178 349962 344939 344426 339440 338947 442901 

336035 347268 346399 364395 358571 340572 339645 352045 
355494 358178 349962 344939 348808 339440 338947 390742 

336035 347268 346399 333269 358571 340572 339645 352045 
355494 358178 349962 344939 348808 339440 338947 388126 

340288 347268 349497 338021 342745 340572 339645 359938 
355494 360948 349962 344939 348808 342425 343083 379957 

405069 317160 360833 356414 349433 315327 356965 373151 
390375 388002 398989 392971 398228 393805 395967 399246 

370361 317160 360833 356414 349433 315327 356965 373151 
390375 390037 398989 392971 398228 393805 395967 405326 

370361 317160 360833 356414 349433 315327 356965 346355 
390375 398017 398989 392971 398228 393805 395967 410108 

339991 317160 360833 356414 349433 315327 356965 346355 
390375 398017 398989 392971 398228 393805 395967 410133 

339991 317160 334749 356414 349433 315327 356965 346355 
390375 398017 398989 392971 398228 393805 395967 407203 

374619 359414 375843 353868 382714 368952 371034 358762 
380497 381731 379951 379243 376788 381198 381581 380222 

345073 328187 334749 356414 349433 346377 351686 355314 
386054 390425 387102 386939 385960 387925 388592 387667 

345073 328187 334749 328272 349433 346377 351686 355314 
386054 390023 387102 386939 385960 387925 388592 387667 

353969 344241 376359 384697 373511 378778 376643 387610 
391926 391852 391520 390067 391199 389703 391810 393138 

353969 344241 376359 384697 373511 378778 376643 355515 
391926 391852 391520 390067 391199 389703 391810 396585 

353969 344241 376359 352060 373511 378778 376643 355515 
391926 391852 391520 390067 391199 389703 391810 402396 

353969 344241 376359 352060 373511 357583 384218 355515 
391926 391852 391520 390067 391199 389703 391810 402775 

353969 344241 376359 352060 373511 357583 349906 355515 
391926 391852 391520 390067 391199 389703 391810 401840 

353969 309816 428421 352060 373511 357583 349906 355515 
391926 391852 391520 390067 391199 395062 391810 410324 

353969 330067 393482 352060 380808 357583 349906 374573 
391926 396728 396603 390067 398842 399930 391810 439784 

322572 330067 393482 352060 380808 357583 349906 374573 
391926 396728 396603 390067 398842 399930 391810 435202 

395409 388847 392428 390415 362611 400187 382123 396490 
399965 399805 392213 402869 399241 398108 393504 386824 

397097 391812 395474 390415 362611 374045 382123 396490 
399965 399805 392213 417555 399241 398108 393504 386824 

368695 394313 397395 390415 362611 374045 382123 396490 
399965 399805 392213 413691 399241 398108 393504 386824 

368695 394313 371902 390415 362611 374045 382123 396490 
399965 399805 392213 422647 399241 398108 393504 386824 

368695 394313 371902 390415 362611 374045 382123 396490 
399965 399805 392213 422647 399241 398108 393504 386824 

368695 394313 376661 390415 362611 374045 382123 367805 
399965 399805 392213 416305 399241 398108 393504 386824 

368695 360715 376661 390415 362611 374045 382123 367805 
399965 399805 392213 421105 399241 398108 393504 386824 

368695 360715 380339 357560 362611 374045 382123 367805 
399965 399805 392213 411832 399241 398108 393504 386824 

368695 360715 383422 357560 362611 374045 379581 367805 
399965 399805 392213 423927 399241 398108 393504 386824 

350091 347268 329018 344356 349568 345468 355022 365565 
364997 363959 358982 354328 360556 351098 343083 364487 

368695 369669 403983 357560 368408 374045 383139 377001 
401124 401330 395567 441496 399241 399972 393504 389422 

353388 347268 329018 344356 349568 348299 358933 355791 
368353 367026 360891 358219 364938 355300 343083 397808 

378826 377878 382187 377508 344005 382086 381241 382221 
381658 381877 382127 381727 381913 381733 381821 381819 

361536 355306 356018 357108 356961 358809 362543 326289 
362022 362493 362225 362126 362227 361878 359640 361595 

361536 355306 356018 357108 356961 358809 334047 326289 
362022 362493 362225 362126 378523 361878 359640 361595 

349510 355306 356018 357108 360520 358809 334047 326289 
362022 362493 362853 366551 386398 361878 361523 361595 

349510 355306 356018 359639 387255 358809 300642 331490 
362022 362493 366501 366551 379744 361878 361523 361595 

349510 355306 356018 359639 351430 358809 300642 331490 
362022 362493 366501 366551 393193 361878 361523 361595 

368695 369669 407749 357560 368408 374045 383139 377001 
421409 401330 395567 441496 399241 399972 393504 389422 

368186 367952 368182 368184 368184 367703 331367 367773 
368145 368186 368180 368181 368186 368171 368148 368141 

368186 367952 368182 368184 368184 367703 331367 335162 
368145 373144 368180 368181 368186 368171 368148 368141 

368186 367952 368182 368184 368184 367703 331367 303074 
368145 371345 368180 368181 368186 368171 368148 368141 

368186 367952 368182 368184 368184 367703 331367 272766 
368145 364517 368180 368181 368186 368171 368148 368141 

332438 367952 368182 368184 368184 367703 331367 272766 
368145 364517 368180 368181 371186 368171 368148 368141 

332438 367952 368182 338865 368184 367703 331367 272766 
368145 364517 368180 368181 373885 368171 368148 368141 

332438 367952 368182 338865 338865 367703 331367 272766 
368145 364517 368180 368181 376314 368171 368148 368141 

332438 367952 344085 338865 338865 367746 331367 272766 
369562 364517 368180 368181 382312 368171 368148 368141 

332438 341156 344085 338865 338865 367746 331367 272766 
369562 364517 368180 368181 382876 368171 368148 368141 

332438 341156 344085 338865 338865 334721 331367 272766 
369562 364517 368180 368181 387363 368171 368148 368141 

322082 357869 357831 357815 357834 357869 357774 357776 
357867 357853 357866 357864 357861 357868 357868 357865 

322082 327896 357831 357815 357834 357869 357774 357776 
357867 357853 357866 358582 357861 362188 358514 357865 

322082 327896 357831 357815 357834 323359 357774 357776 
357867 357853 357866 358652 357861 363316 358514 357865 

322082 327896 357831 357815 327804 323359 357774 357776 
357867 357853 357866 358652 357861 371013 358514 357865 

381309 380107 384297 383168 363316 382341 382915 345924 
383740 382993 384427 381727 383652 380965 383519 383580 

381309 380107 345867 383168 363316 382341 382915 345924 
383740 382993 384413 381727 383652 380965 383519 383580 

403212 416566 376294 411212 401567 415054 415700 416961 
414409 417288 412930 417520 410825 414128 415239 418055 

403212 416566 376294 411212 401567 415054 415700 377333 
414409 417288 412930 417520 410825 414128 415239 419876 

403212 391189 376294 411212 401567 415054 415700 377333 
414409 417288 412930 417520 410825 414128 415239 435847 

403212 391189 376294 411212 401567 415054 379130 377333 
414409 417288 412930 417520 410825 414128 415239 435832 

381309 380107 345867 350897 363316 382341 384272 345924 
383740 382993 391629 381727 383652 381776 383519 383580 

381309 380107 345867 350897 363316 382341 352511 345924 
383740 382993 394893 381727 383652 381776 383519 383580 

381309 380107 345867 350897 363316 388118 352511 345924 
383740 382993 423018 381727 383652 381776 383519 383580 

381309 380107 345867 350897 363316 355556 352511 345924 
383740 382993 424528 381727 383652 381776 383519 383580 

409009 399318 391648 417408 407494 380942 400759 407513 
422085 420461 422924 422101 412252 422120 421391 421476 

409009 399318 391648 375667 407494 380942 400759 407513 
422085 420461 422372 422101 412252 422120 421391 421476 

373941 399318 391648 375667 407494 380942 400759 407513 
422085 420461 428035 422101 412252 422120 421391 421476 

373941 399318 391648 375667 407494 380942 400759 372823 
422085 420461 423918 422101 412252 422120 421391 421476 

373941 399318 391648 375667 377828 380942 400759 372823 
422085 420461 423523 422101 412252 422120 421391 421476 

373941 399318 391648 375667 377828 380942 370140 372823 
422085 420461 421704 422101 412252 422120 421391 421476 

373941 399318 391648 375667 377828 380942 370140 372823 
422085 420461 421704 422101 412252 422120 421391 421476 

272002 272002 272002 244802 272002 272002 272002 272002 
272002 272002 272002 272002 272002 272002 272002 272002 

272002 272002 272002 244802 249412 272002 272002 272002 
272002 272002 272002 272002 278278 272002 272002 272002 

381929 375652 396597 384084 385116 388078 379403 381355 
417656 413088 414717 415859 413405 411858 414302 414703 

353143 353143 353101 317829 353081 353123 353143 353133 
353143 353143 353130 353143 353004 353120 353141 353099 

353143 353143 353101 317829 353081 353123 317828 353133 
353143 353143 353130 353142 353004 353120 353141 353099 

325026 353143 353101 317829 353081 353123 317828 353133 
368320 353143 353130 353142 353004 353120 353141 353099 

325026 321162 353101 317829 353081 353123 317828 353133 
368802 353143 353130 353142 353004 353120 353141 353099 

325026 321162 353101 317829 353081 353123 317828 353133 
368802 353143 353130 353142 353004 353120 353141 353099 

325026 321162 353101 317829 353081 353123 317828 330212 
375842 353143 353130 353142 353004 353120 353141 353099 

325026 321162 353101 317829 353081 329427 317828 330212 
370532 353143 353130 353142 353004 353120 353141 353099 

325026 321162 328610 317829 353081 329427 317828 330212 
373523 353143 353130 353142 353004 353120 353141 353099 

273420 272002 272002 244802 255602 273519 259993 272917 
272002 272002 272002 272002 287832 272002 273495 272002 

273420 272002 272002 244802 255602 258407 259993 272917 
272002 272002 272002 272002 300576 272002 273495 272002 

325026 325858 328610 317829 333180 337312 317828 341770 
369879 355069 353130 353142 353004 354667 355035 354865 

325026 332954 328610 317829 333180 337312 317828 333867 
379087 355069 352759 353142 357880 354667 355035 354865 

330559 339040 331043 330302 338821 316823 321321 342427 
351081 350840 350968 350740 349309 349570 351847 351243 

330559 339040 331043 330302 338821 321605 321321 317070 
351081 350840 350968 350740 349309 349570 357484 351243 

332599 317728 332993 330302 340046 325818 327475 328697 
350382 350840 349179 350740 350177 349570 350796 349367 

332599 317728 332993 330302 311041 325818 327475 328697 
350382 352760 349179 350740 350177 349570 350796 349367 

332599 317728 367087 338766 311041 325818 327475 328697 
350382 359863 349899 350740 350177 351804 350034 349367 

332599 317728 365652 338766 311041 325818 302227 328697 
350382 366585 349899 350740 350177 351804 350034 350177 

335542 317728 331144 338766 311041 328253 308853 328697 
350382 367042 349899 350740 351836 351804 350034 345381 

335542 317728 331144 344427 311041 328253 281301 328697 
350382 367214 349899 350740 351836 351804 350034 343728 

383270 385117 391648 384282 385717 385171 388173 377651 
417490 420992 418059 418511 413485 419599 413763 426907 

343760 324323 333464 325466 311041 330611 290573 334010 
348514 354683 349899 350740 351272 357371 350034 339485 

320799 324323 333464 325466 311041 330611 290573 334010 
348514 354683 349899 350740 351272 358593 350034 339485 

320799 324323 333464 325466 311041 330611 290573 305609 
348514 354683 349899 350740 351272 367134 350034 339485 

320799 324323 306784 325466 311041 330611 290573 305609 
348514 354683 349899 350740 351272 367767 350034 339485 

320799 324323 306784 325466 311041 307549 290573 305609 
348514 354683 349899 350740 351272 366051 350034 339485 

323570 327056 318653 312676 320995 307549 301566 309761 
342910 346147 346458 345303 343692 342733 347408 339485 

334469 310597 330317 327450 331634 327798 321623 321163 
344247 341760 344717 344846 344887 343971 345115 344477 

306022 310597 330317 327450 331634 327798 321623 321163 
344247 341760 344717 344846 344887 343971 347050 344477 

288731 263949 281436 273639 282877 278712 274435 291604 
285807 281939 279805 280138 293578 283387 281438 282033 

288731 263949 281436 273639 282877 278712 274435 268276 
285807 281939 279805 280138 300380 283387 281438 282033 

278566 263949 281436 273639 282877 278712 274435 268276 
285807 281939 279805 280138 309172 283387 281438 282033 

278566 263949 281436 273639 277860 278712 274435 268276 
285807 281939 279805 280138 311271 283387 281438 282033 

374082 375579 377206 376355 368678 374435 378688 363334 
374140 376456 378168 376254 394546 375835 376262 376182 

374082 375579 377206 376355 368678 374435 348541 363334 
374140 376456 378168 376254 398236 375835 376262 376182 

394256 398529 378476 394538 393246 396732 396782 377651 
415678 417321 417245 418642 417127 418885 418675 417775 

278566 263949 276982 273639 277860 278712 274435 268276 
285807 281939 279805 280138 314303 283387 281438 282033 

278566 263949 276982 273639 277860 260840 274435 268276 
285807 281939 279805 280138 312743 283387 281438 282033 

269152 263949 276982 273639 277860 264968 274435 268276 
286571 281939 279805 283488 301822 283387 281438 282033 

269152 263949 276982 273639 263357 264968 274435 268276 
287175 281939 279805 283488 301285 283387 281438 282033 

269152 263949 257124 273639 263357 264968 274435 268276 
287175 281939 279805 283488 305638 283387 281438 282033 

269152 263949 257124 273639 263357 264968 274435 268276 
287175 281939 279805 283488 305638 283387 281438 282033 

394256 399211 382340 394538 399276 396732 396782 377651 
415678 416479 414601 416708 440691 416649 416861 416686 

394256 399211 382340 394538 384048 396732 396782 377651 
416571 416479 414601 417566 438261 416649 416861 416686 

394256 365123 382340 394538 384048 396732 396782 377651 
416571 416479 414601 417566 441356 416649 416861 416686 

394256 365123 387206 394538 384048 396732 400120 377651 
416571 421579 416233 417566 446593 416649 416861 416686 

394256 365123 382340 394538 384048 396732 361892 377651 
416571 416479 414601 417566 437018 416649 416861 416686 

394256 365123 389824 394538 384048 383681 361892 377651 
416571 417067 415663 417566 426405 416649 416861 416686 

399820 365123 400126 394538 384048 401132 404509 377651 
416571 424010 422076 420863 452101 421804 427342 424839 

281402 279728 253262 281400 281400 279921 281393 280995 
281306 281264 281326 281241 281310 281401 281304 281246 

414782 393866 411689 411206 410909 413726 375062 407019 
414673 413875 417424 414770 414783 413671 414988 415025 

380525 393866 411689 411206 410909 413726 380020 407019 
414673 413875 429002 414770 414783 413671 414988 415025 

380525 410562 411689 411206 416030 412913 394016 411547 
414673 413875 457274 418464 414783 418734 414988 421972 

380525 410562 411689 411206 396756 416008 400144 411547 
417149 413875 442268 418464 414783 418734 414988 422646 

394256 365123 389824 396702 384048 383681 361892 382943 
416571 417067 415663 417566 423218 416649 414940 416686 

380525 410562 411689 411206 396756 381814 400144 411547 
417149 413875 457901 418464 414783 418734 414988 422646 

402735 402735 402735 402735 402735 362461 402735 402735 
402735 402735 402735 402735 402735 402735 402735 402735 

368711 402735 402735 402735 402735 362461 402735 402735 
402735 402735 402735 402735 402735 402735 407735 402735 

368711 402735 402735 363017 402735 362461 402735 402735 
402735 402735 402735 402735 402735 402735 409235 402735 

368711 402735 402735 363017 367461 362461 402735 402735 
402735 402735 402735 402735 402735 402735 410585 402735 

368711 402735 402735 363017 367461 362461 364520 402735 
402735 402735 402735 402735 402735 402735 416800 402735 

368711 402735 402735 363017 367461 362461 364520 369961 
402735 402735 402735 402735 402735 402735 418393 402735 

368711 369961 402735 363017 367461 362461 364520 369961 
402735 402735 402735 402735 402735 402735 419827 402735 

368711 376673 372903 368032 367461 362461 364520 369961 
402735 402735 402735 402735 402735 402735 414859 402735 

368711 345672 372903 368032 367461 362461 364520 369961 
402735 402735 402735 402735 402735 402735 415040 402735 

368711 345672 338112 368032 367461 362461 364520 369961 
402735 402735 402735 402735 402735 402735 413826 402735 

451482 458595 416483 449508 450634 448728 458077 454710 
457848 455077 459362 458982 454154 455331 458833 462610 

451482 419113 416483 449508 450634 448728 458077 454710 
457848 456137 459362 458982 454154 455331 458833 466268 

451482 419113 416483 449508 450634 448728 414614 454710 
457848 456137 459362 458982 454154 455331 458833 466102 

451482 419113 426023 449508 450634 448728 414614 417319 
457848 456137 459362 458982 454154 455331 458833 469382 

262388 283501 261247 283888 282316 280387 283016 281916 
283674 283545 282470 281950 292296 283684 281304 282618 

262388 283501 261247 255499 282316 280387 283016 281916 
283674 283545 282470 281950 291455 283684 281304 282618 

283614 283644 255280 283604 283464 283210 283645 283348 
283643 283154 282828 283352 283182 283628 283150 283612 

283614 283644 255280 283604 283464 283210 257260 283348 
285663 283154 282828 283352 283182 283628 283150 283612 

283614 267334 255280 283604 283464 283210 257260 283348 
293219 283154 284295 283352 283182 288702 283150 283612 

265252 267334 255280 283604 283464 283210 257260 283348 
294258 283154 284295 283352 283182 288702 283150 283612 

262388 258753 261247 255499 282316 280387 283016 281916 
283674 283545 282470 284394 287596 283684 281304 282618 

262388 258753 261247 255499 282316 280387 262214 281916 
283674 283545 282470 284394 290138 283684 281304 282618 

262388 258753 261247 255499 264620 280387 262214 281916 
283674 283545 283504 284394 298406 284418 281304 282618 

262388 258753 261247 255499 264620 280387 262214 258724 
283674 283545 283504 284394 301757 284418 281304 282618 

267556 264424 263989 255499 286222 282364 260410 283913 
283794 285942 286685 288076 287184 286137 281304 289388 

267556 264424 263989 255499 286222 254127 260410 283913 
283794 285942 286685 288076 287184 286137 281304 288685 

267556 264424 263989 255499 286222 234428 260410 283913 
283794 285942 286685 288076 287184 286137 281304 293229 

267556 264424 263989 255499 257599 242492 260410 283913 
283794 285942 286685 288076 287184 286137 281304 291736 

267556 264424 263989 255499 257599 242492 260410 265440 
284304 285942 286685 288076 287184 286137 281304 295523 

250629 264424 263989 255499 257599 242492 260410 265440 
283163 285942 286685 288076 287184 286137 281304 298703 

250629 264424 263989 255499 257599 242492 260410 265440 
283163 285942 286685 288076 287184 286137 281304 298703 

366940 330246 366940 366940 366940 366940 366940 366940 
366940 366940 366940 366940 366940 366940 366940 366940 

366940 330246 334336 366940 366940 366940 366940 366940 
366940 366940 366940 366940 366940 367379 366940 372693 

257126 270748 266397 260992 265019 251784 265050 255302 
282366 282628 282509 282617 279760 283554 281304 282686 

348209 330246 334336 368503 368313 368602 366940 368234 
368393 370766 368320 366940 368825 368673 368983 387191 

348209 330246 334336 368503 331481 368602 366940 368234 
368393 370766 368320 366940 368825 368673 368983 385303 

373367 330246 334336 385500 331481 548646 366940 368234 
368393 370766 368320 366940 368825 396028 368983 565662 

373367 330246 334336 385500 331481 501281 366940 368234 
368393 370766 368320 366940 368825 396028 368983 566960 

385951 385951 385918 347355 385951 385951 385951 385951 
385951 385950 385929 385951 385951 385950 385951 385951 

385951 385951 385918 347355 385951 358867 385951 385951 
385951 385950 385929 398605 385951 385950 385951 385951 

385951 385951 385918 347355 385951 358867 385951 385951 
385951 385950 385929 398605 385951 385950 385951 385951 

385951 385951 385918 347355 385951 358867 385951 364726 
385951 385950 385929 404899 385951 385950 385951 393951 

385951 385951 385918 347355 355881 358867 385951 385951 
385951 385950 385929 397392 385951 385950 385951 385951 

385951 385951 385918 347355 355881 358867 357497 385951 
385951 385950 385929 397392 385951 385950 385951 402225 

385951 374043 388891 347355 355881 358867 357497 385951 
385951 390543 388792 397392 385951 385950 385951 415693 

385951 374043 357526 347355 355881 358867 357497 385951 
385951 390543 388792 397392 385951 385950 385951 421377 

345736 380837 372095 354566 374767 373219 374487 384090 
383402 384057 383272 382282 381881 383671 383415 383332 

254233 264424 263989 262650 265013 251128 265553 257645 
283163 285619 285014 286229 284079 285329 277880 284670 

345736 380837 374882 354566 374767 373219 374487 356103 
383402 396173 383272 382282 381881 383671 383415 383332 

345736 347753 374882 354566 374767 373219 374487 356103 
383402 396639 383272 382282 381881 383671 383415 383332 

254233 267457 275367 262650 265013 255301 263645 260814 
283163 287124 286852 291148 284079 285329 277880 286414 

345736 347753 395876 358492 374767 373219 374487 359396 
384680 394727 383272 382282 383292 383671 383415 383332 

345736 347753 356614 358492 374767 373219 374487 359396 
384680 400841 383272 382282 383292 383671 383415 383332 

345736 347753 356614 358492 342290 373219 374487 359396 
384680 400841 385421 382282 383292 383671 383415 383332 

345736 347753 359476 366160 346918 373219 374487 362886 
384794 385448 383272 382282 383583 383671 383620 383332 

345736 347753 362153 366160 351051 373219 355970 369384 
384322 395548 382393 383485 383583 384295 384920 383275 

345736 347753 362153 366160 351051 382492 355970 332445 
384322 394657 382393 383485 383583 384295 384920 383275 

345736 347753 371041 366160 351051 370416 355970 345064 
386498 407414 382393 383485 383583 384295 384920 383275 

345736 347753 340603 366160 351051 370416 355970 345064 
386498 407776 382393 383485 383583 384295 384920 383275 

345736 347753 340603 366160 351051 343374 355970 345064 
386498 406040 382393 383485 383583 384295 384920 383275 

349753 352639 348862 345157 354335 347401 358863 345064 
382946 381899 382393 383532 380041 380564 378112 383275 

358708 364065 358118 369453 361691 369550 342221 351964 
377673 379229 379781 379364 379229 379165 378918 379314 

358708 364065 358118 369453 361691 340095 342221 351964 
377673 379229 381757 379364 379229 379165 378918 379314 

469564 426765 473281 405449 430067 463337 426915 463432 
467564 471674 466483 423191 469844 456741 443573 465412 

469564 426765 479669 405449 430067 422003 426915 463432 
467564 480284 466483 423191 469844 456741 443573 465412 

469564 426765 456724 405449 430067 422003 426915 463432 
467564 497450 466483 423191 469844 456741 443573 465412 

439431 426765 456724 405449 430067 422003 426915 463432 
467564 497170 466483 423191 469844 456741 443573 465412 

439431 426765 456724 405449 430067 422003 426915 445383 
467564 498541 466483 423191 469844 456741 443573 465412 

439431 426765 437431 405449 430067 422003 426915 445383 
467564 497676 466483 423191 469844 462793 443573 465412 

443132 426765 441220 405449 434980 422003 426915 433306 
468312 481589 466483 428294 469844 463772 446803 465412 

443132 426765 441220 405449 434980 422003 426915 433306 
468312 481589 466483 428294 469844 463772 446803 465412 

458855 457214 464049 448906 456859 456318 467457 454883 
458427 490232 459855 457543 458715 457839 457894 457484 

458855 457214 464049 448906 456859 456318 437213 454883 
460983 489672 459855 457543 458715 457839 457894 457484 

458855 457214 434484 448906 456859 456318 437213 454883 
460983 489101 459855 457543 458715 457839 457894 457484 

421291 457214 434484 448906 456859 456318 437213 454883 
460983 492378 459855 457543 458715 457839 457894 457484 

421291 457214 434484 448906 456859 456318 437213 454883 
460983 492378 459855 457543 458715 457839 457894 457484 

421291 430587 434484 448906 456859 456318 437213 454883 
460983 488765 459855 457543 458715 457839 457894 457484 

421291 430587 434484 448906 417173 456318 437213 454883 
460983 491574 459855 457543 458715 457839 457894 457484 

421291 430587 434484 448906 417173 417109 437213 454883 
460983 485560 459855 457543 458715 457839 457894 457484 

364659 363143 371670 367436 361181 377661 340274 374961 
376899 377954 377989 377865 377717 376984 376764 377771 

435561 430587 448078 448906 417173 417109 444339 469143 
460983 517066 467304 459917 458715 457839 457894 463383 

435561 430587 454285 448906 430896 417109 449352 448004 
464373 490310 467304 459917 458715 457839 457894 467028 

449169 449108 404526 443401 448769 447638 448267 448459 
447985 449630 449229 446704 448823 449019 449123 448315 

368720 364517 376977 371753 365929 389159 346445 384279 
395904 382829 423891 382870 377717 376984 376764 379026 

249144 276827 276827 276827 276827 276826 276827 276827 
276827 276827 276827 276827 276827 276827 276827 276827 

249144 276827 276827 276827 276827 276826 256949 276827 
276827 276827 276827 293045 276827 276827 276827 276827 

268569 276827 276827 276827 276827 276826 256949 338801 
286369 288225 286090 379580 276827 297178 277731 276827 

291381 276827 276827 276827 283804 276826 266851 340357 
286369 288225 286090 370060 276827 297178 277731 276827 

291381 276827 276827 276827 283804 276826 266851 321147 
286369 288225 286090 384913 276827 297178 277731 276827 

405251 449260 426995 446920 449896 448787 449495 449645 
448256 447621 448794 449289 447750 449397 449258 450348 

451225 449108 404526 443401 448769 447638 448267 448459 
447985 469583 449229 446704 448823 449019 449123 448315 

410102 449108 404526 443401 448769 447638 448267 448459 
447985 471747 449229 446704 448823 449019 449123 448315 

410102 404822 404526 443401 448769 447638 448267 448459 
447985 471483 449229 446704 448823 449019 449123 448315 

410102 404822 404526 443401 403891 447638 448267 448459 
447985 469211 449229 446704 448823 449019 449123 448315 

410102 404822 404526 443401 403891 447638 448267 404976 
447985 470135 449229 446704 448823 449019 449123 448315 

410102 404822 404526 443401 403891 447638 410940 404976 
447985 470948 449229 446704 448823 449019 449123 448315 

410102 404822 404526 443401 403891 410374 410940 404976 
447985 471617 449229 446704 448823 449019 449123 448315 

410102 404822 404526 415042 403891 410374 410940 404976 
447985 467134 449229 446704 452495 449019 449123 448315 

410102 404822 404526 381037 403891 410374 410940 404976 
447985 464924 449229 446704 452495 449019 449123 448315 

410102 404822 404526 393182 403891 410374 389658 404976 
447985 473076 449229 446704 451429 449019 449123 448315 

371184 371184 371184 371184 334065 371184 371184 371184 
371184 371184 371184 371184 371184 371184 371184 371184 

371184 371184 371184 337065 334065 371184 371184 375863 
371184 371517 371184 371184 371703 374984 371184 371184 

371184 371184 371184 342106 334065 371184 371184 338205 
371184 371517 371184 369772 371703 375142 371184 371184 

371184 371184 371184 350495 334065 334065 371184 338205 
371184 371517 371184 375523 371703 375142 371184 371184 

375714 370317 378116 381733 373293 349385 364617 386588 
387226 385949 386998 382870 379943 383623 383762 388101 

375714 370317 378116 381733 373293 349385 364617 347929 
387226 385949 386998 382870 379943 383623 383762 387949 

375714 370317 379026 345748 373293 349385 364617 347929 
388374 385949 386573 382870 379943 383623 383762 386405 

375714 370317 341123 345748 373293 355103 364617 347929 
386475 385949 385818 382870 379943 383623 383762 386405 

344288 370317 341123 345748 373293 358232 364617 347929 
383337 385949 385818 382870 379943 383623 383762 391188 

344288 370317 341123 345748 342630 358232 364617 347929 
383337 385949 385818 382870 379943 383623 383762 393398 

460816 493951 489924 494219 450404 483166 491226 485579 
488034 496412 500042 487191 479900 484573 493539 499338 

460816 493951 489924 451047 450404 483166 491226 485579 
488034 496412 504459 487191 479900 484573 493539 499338 

460816 456232 489924 451047 450404 483166 491226 485579 
488034 497547 514413 487191 479900 484573 493539 500096 

460816 456232 489924 451047 450404 483166 447103 485579 
488034 497547 517094 487191 479900 484573 493539 500096 

363631 347986 350614 356818 351998 358232 373524 355571 
382029 384184 383188 381237 384647 382804 384756 385431 

363631 347986 350614 356818 351998 358232 336171 355571 
382029 384184 383188 381237 384647 382804 383632 385431 

332767 347986 350614 356818 351998 358232 336171 355571 
382029 384184 383188 381237 384647 382804 392631 385431 

342376 347986 350614 356818 351998 332284 336171 355571 
382029 384184 383188 381237 384647 382804 386953 385431 

342376 347986 350614 335991 351998 332284 336171 355571 
380255 384184 383188 381237 384647 382804 384478 384308 

342376 347986 350614 335991 351998 332284 336171 338290 
378547 384184 383188 381237 383527 382804 383617 384308 

342376 347986 350614 335991 351998 332284 336171 338290 
378547 384184 383188 381237 383527 382804 383617 384308 

349315 318117 357597 340460 378618 350812 340233 355188 
372073 371651 374736 376706 374429 371679 376583 374183 

349315 318117 360208 340460 346889 350812 340233 355188 
372073 371651 374736 384220 374429 371679 376583 374183 

429713 430282 430773 431017 430497 430058 389424 429875 
430847 431111 430167 431173 430568 429739 432531 430701 

375953 417360 417536 417461 417595 417435 417470 417551 
417474 417736 417474 417414 417741 417741 417629 417423 

349315 324440 385730 340460 350347 353736 340233 319668 
372073 372759 374736 382572 375206 376682 377936 376309 

349315 324440 347156 340460 350347 353736 340233 319668 
372073 372759 374736 382887 375206 376682 377936 376309 

349315 333215 347156 340460 350347 344277 340233 319668 
372073 372759 374736 393538 375206 376682 377936 376309 

349315 304893 347156 340460 358111 344277 340233 319668 
372073 372759 374736 392818 375206 376682 377936 376309 

349315 320190 347156 340460 328604 344277 340233 319668 
372073 372759 374736 388593 375206 376682 377936 376309 

327926 326351 347156 340460 328604 344277 340233 319668 
372073 372759 374736 374325 374121 376682 376150 376309 

327926 336365 325469 340460 328604 344277 340233 319668 
372073 372759 373284 373055 374121 374290 374395 374344 

327926 336365 325469 340460 328604 344277 340233 319668 
372073 372759 373284 373055 374121 374290 374395 374344 

327926 336365 325469 340460 328604 325651 340233 319668 
372073 372759 373284 373055 374121 374290 384828 374344 

346261 351399 353781 340263 341656 345461 336171 352580 
376613 374259 376859 377539 378328 374940 379398 377736 

346261 351399 333693 340263 341656 345461 336171 352580 
376613 374259 376859 377539 378328 374940 385598 377736 

334316 336365 332023 342530 341442 325651 340233 325356 
373574 372759 373284 378165 374121 376404 373711 372657 

334316 336365 332023 331284 341442 325651 340233 325356 
373574 372759 372764 376056 374121 376404 373711 372657 

344641 336365 332023 331284 356891 325651 340233 332531 
373574 372759 375242 378687 396219 372319 373711 375506 

344641 336365 332023 331284 336247 325651 340233 332531 
373574 372759 375242 378687 394907 372319 373711 375506 

362482 336365 332023 331284 336247 325651 340233 332531 
371746 372759 375242 378687 379751 372319 373711 375506 

326563 336365 332023 331284 336247 325651 340233 332531 
371746 372759 375242 378687 384024 372319 373711 375506 

356575 358248 341194 355748 353341 358101 349186 330697 
365439 366658 366873 366796 365971 366144 367398 365929 

356575 332116 341194 355748 355890 358101 349186 334257 
365108 364177 367104 365781 365971 366106 366262 365455 

356575 332116 341194 355748 324051 358101 349186 334257 
365108 364177 368982 365781 365971 366106 366262 365455 

357494 344309 343683 355748 335952 340312 355291 341466 
366473 364177 368103 362492 366322 364537 366592 373541 

381522 383417 381470 381134 381133 373196 352792 375366 
382308 381638 380674 392889 380699 383172 384177 380280 

381522 351323 381470 381134 381133 373196 352792 375366 
382308 381638 380674 394692 380699 383172 384177 380280 

359760 351323 381470 381134 381133 373196 352792 381084 
382308 381638 380674 405717 380699 383172 384177 380280 

359760 351323 349989 381134 381133 373196 352792 381084 
382308 381638 380674 407292 380699 383172 384177 380280 

359760 351323 349989 381134 381133 373196 352792 381084 
382308 381638 380674 407292 380699 383172 384177 380280 

368260 366683 364274 347737 367653 351485 372920 369624 
383335 384878 377600 383838 376762 382390 385913 385174 

359760 355209 349989 388465 344350 374672 356157 383039 
382308 383580 383549 387848 382608 383172 385091 382195 

359760 355209 349989 357118 344350 374672 356157 383039 
382308 383580 383549 390909 382608 383172 385091 382195 

377169 378439 376521 361466 375762 371571 344962 377575 
382732 383229 381499 382467 380411 382879 382855 382946 

377169 350595 376521 361466 375762 371571 344962 377575 
382732 383229 381499 382467 380411 382879 382855 384495 

377169 350595 346368 361466 375762 371571 344962 395989 
382732 383229 381499 382467 380411 382879 382855 394949 

377169 350595 346368 361466 375762 371571 344962 366313 
382732 383229 381499 382467 380411 382879 382855 400962 

346510 350595 346368 361466 375762 371571 344962 366313 
382732 383229 381499 382467 380411 382879 382855 398932 

346510 350595 358267 361466 368774 371571 344962 366313 
382732 383229 381499 382467 380411 382879 382855 411542 

346510 350595 362354 365322 374351 360719 344962 366313 
388135 383229 381499 382467 381723 384695 382855 403703 

346510 350595 362354 365322 374351 360719 344962 366313 
388135 383229 381499 382467 381723 384695 382855 403703 

329181 353070 348170 361780 351051 351779 360869 354703 
365291 364392 364726 364977 364009 365033 364746 365681 

329181 353070 350556 377024 351051 316600 361874 356718 
365291 364392 364726 366212 364009 365033 364746 372762 

329181 353070 350556 347029 351051 316600 361874 356718 
365291 364392 364726 366212 364009 365033 364746 381479 

329181 353070 350556 347029 351051 316600 333146 356718 
365291 364392 364726 366212 364009 365033 364746 386682 

329181 353070 350556 347029 351051 316600 333146 356718 
365291 364392 364726 366212 364009 365033 364746 386682 

329181 353070 350556 347029 351051 316600 333146 337170 
365291 364392 364726 366212 364009 365033 364746 382933 

329181 323596 350556 347029 351051 316600 333146 337170 
365291 364392 364726 366212 364009 365033 364746 386946 

329181 323596 350556 347029 359552 316600 333146 303452 
365291 365057 364726 366212 364009 365033 364746 380973 

341121 323596 350556 347029 390188 316600 341286 303452 
365291 365057 372311 366212 364009 365033 364746 426828 

356644 332202 350556 348889 411419 322170 355789 330442 
374197 365057 378783 377390 364009 372665 364746 443960 

368655 332202 350556 348889 394603 322170 377021 339554 
374197 373019 383852 377390 369627 378419 364746 435638 

375188 373651 375784 375204 339422 374961 374449 376090 
376478 376122 376009 377135 376138 375313 375569 375944 

431124 431165 430887 430955 388077 430889 430955 430699 
430810 431088 431197 431185 431009 430852 431124 431146 

378791 376616 378663 377093 360404 377505 377669 341756 
377204 379576 378728 376898 377280 376709 376155 377277 

348832 376616 378663 377093 360404 377505 377669 341756 
377204 395600 378728 376898 377280 376709 376155 377277 

357142 416654 504148 440288 420916 398215 394432 341756 
427826 557975 392323 400156 400089 376709 380717 395856 

357142 416654 500471 440288 433201 398215 394432 341756 
435571 548515 392323 400156 400089 388578 380717 395856 

357142 416654 502042 440288 433201 398215 394432 341756 
451132 562756 392323 400156 400089 409060 380717 395856 

376444 376454 338809 376448 376448 376450 376451 376447 
376456 376456 376456 376336 376456 376456 376456 376456 

368655 332202 350556 348889 400311 322170 377021 339554 
374197 373019 383852 377390 369627 378419 364746 451534 

368655 332202 350556 348889 363613 322170 377021 339554 
374197 373019 383852 377390 369627 378419 364746 448411 

368655 332202 350556 348889 363613 322170 344318 339554 
374197 373019 383852 377390 369627 378419 364746 443272 

339289 332202 350556 348889 363613 322170 344318 339554 
374197 373019 383852 377390 369627 378419 364746 438810 

339289 332202 350556 348889 329310 322170 344318 339554 
374197 373019 383852 377390 369627 378419 364746 438290 

339289 332202 323000 348889 329310 322170 344318 339554 
374197 373019 383852 377390 369627 378419 364746 432516 

339289 332202 323000 321500 329310 322170 344318 339554 
374197 373019 383852 377390 369627 378419 364746 427153 

348776 345190 323000 321500 329310 322170 352602 339554 
374197 375039 384189 377652 369627 378419 364746 389549 

395088 396747 381287 358256 391661 394800 395085 394832 
393589 394125 393824 391272 395701 397226 396275 398464 

395088 364572 381287 358256 391661 394800 395085 394832 
393589 394125 393824 391272 395701 397226 396275 401292 

358079 364572 381287 358256 391661 394800 395085 394832 
393589 394125 393824 391272 395701 397226 396275 403671 

431819 394369 435167 432081 401408 434944 432907 432197 
432787 433717 434669 433483 433494 434788 436001 437830 

431819 394369 435167 432081 401408 434944 432907 395194 
432787 433717 434669 433483 433494 434788 436001 441048 

431819 394369 391997 432081 401408 434944 432907 401120 
432787 433717 434669 433483 433494 434788 436001 438684 

431819 394369 391997 432081 401408 392014 432907 410200 
432787 433717 434669 433483 433494 434788 436001 440663 

294920 294920 294920 294919 265428 294920 294920 294920 
294920 294920 294920 294920 294920 294920 294920 294920 

294920 294920 265427 294919 265428 294920 294920 294920 
294920 294920 294920 294920 294920 294920 294919 294920 

267154 294920 265427 294919 265428 294918 294920 294918 
295019 294920 294920 294919 298756 294920 295030 294919 

267154 267418 265427 294919 265428 294918 294920 294918 
295019 294920 294920 294919 300048 294920 295030 294919 

267154 267418 265427 294919 265428 294918 271039 294918 
295019 294920 294920 294919 307422 294920 295030 294919 

267154 267418 265427 272093 265428 294918 271039 294918 
295019 294920 294920 294919 310171 294920 295030 294919 

267154 271000 272658 274610 275310 271186 283291 299406 
295720 294920 294920 295633 302063 295042 297028 297186 

267154 271000 272658 274610 275310 271186 283291 286040 
295720 294920 294920 295633 307888 295042 297028 297186 

267154 271000 272658 274610 275310 271186 283291 288288 
295720 294920 294920 295633 323177 295042 297028 299464 

267154 271000 272658 274610 275310 271186 283291 265709 
295720 294920 294920 295633 324688 295042 297028 299464 

390658 390684 390983 354620 390684 390684 391000 390684 
390680 390683 393717 390683 390683 390683 391000 390682 

390658 390684 390983 354620 390684 390684 351899 390684 
390680 390683 393445 390683 390683 390683 391000 390682 

390658 390684 404708 354620 390684 359115 351899 390684 
390680 390683 405943 390683 390683 390683 391000 390682 

390658 390684 369277 363523 390684 363669 351899 390684 
390680 390683 404319 390683 390683 390683 391000 390682 

390658 391890 372757 363523 390684 363669 351899 357219 
390680 390683 402163 390683 391182 390683 391000 390682 

390658 361351 383519 363523 390684 363669 351899 365059 
390680 390683 405648 390683 394252 390683 391000 390682 

390658 361351 383519 363523 390684 363669 351899 365059 
390680 390683 405648 390683 394252 390683 391000 390682 

390270 371917 386682 370986 353011 372998 365185 376167 
389223 388763 387467 389085 388783 393613 387514 387105 

361332 371917 386682 370986 353011 372998 365185 376167 
389223 388763 387467 389085 388783 400728 387514 387105 

270650 274735 278455 278933 275310 273559 270475 272565 
297163 297841 299119 295633 298516 296036 298872 300511 

433524 433479 431337 394554 425677 430065 433511 432200 
440552 432996 433302 433345 433250 433123 433259 433031 

390171 433479 431337 394554 425677 430065 433511 432200 
439849 432996 433302 433345 433250 433123 433259 433031 

365929 371917 368067 370986 353011 372998 369308 383898 
390744 390220 387467 390734 387236 408275 387514 388685 

392863 371917 368067 370986 335771 372998 369308 518421 
390744 390220 387467 390734 387236 496989 414318 392754 

392863 371917 368067 370986 335771 372998 369308 471578 
390744 390220 387467 390734 387236 503132 414318 392754 

392863 371917 368067 370986 335771 372998 369308 422286 
390744 390220 387467 398581 387236 507976 414318 392754 

392863 371917 368067 370986 349507 372998 369308 397138 
390744 390220 387467 400880 387236 469951 414318 392754 

392863 371917 368067 370986 314556 372998 369308 423012 
390744 390220 387467 405043 387236 447868 414318 392754 

392863 371917 368067 370986 314556 372998 369308 423012 
390744 390220 387467 405043 387236 447868 414318 392754 

392863 371917 368067 370986 314556 372998 369308 382933 
390744 390220 387467 405043 387236 457382 414318 392754 

386319 377021 368067 370986 326598 372998 369308 382933 
394186 394731 387467 406343 387236 428820 416058 392754 

351853 377021 368067 370986 326598 372998 369308 382933 
394186 394731 387467 406343 387236 429569 416058 392754 

351853 383389 370783 379695 346737 377489 377619 355871 
395371 393598 386278 392763 391584 394422 395168 395145 

351853 360048 370783 379695 346737 377489 377619 355871 
403705 393598 386278 392763 391584 394422 395168 395145 

351853 360048 370783 366006 346737 381368 380309 360494 
403453 393598 389709 395788 390638 395459 395168 395145 

351853 360048 370783 366006 346737 348231 380309 360494 
405244 393598 389709 395788 390638 395459 395168 395145 

355881 369600 370783 373321 351591 348231 393143 363678 
391387 387753 390733 391446 390638 392088 389364 392563 

355881 369600 370783 373321 351591 348231 354162 363678 
391387 387753 390733 391446 390638 392088 389364 398621 

355881 369600 374632 353318 351591 348231 354162 368856 
390013 387753 388304 389379 389817 391447 389364 388542 

355881 369600 350432 353318 351591 348231 354162 368856 
390013 387753 388304 390904 389817 392683 389364 388542 

359179 359763 361564 353318 355948 353166 357894 375516 
386397 387753 398551 387639 390280 392557 388329 384481 

374396 393967 393475 394715 379217 389757 395030 394510 
399008 400696 392214 395724 395395 415932 399231 396727 

374396 393967 393475 394715 379217 389757 359949 394510 
399008 400696 392214 395724 395661 415151 399231 396727 

374396 393967 393475 378541 379217 389757 359949 394510 
399008 400696 392214 395724 396004 423083 399231 396727 

374396 393967 393475 378541 379217 389757 359949 361725 
399008 400696 392214 395724 396004 424225 399231 396727 

374396 393967 393475 378541 379217 389757 359949 361725 
399008 400696 392214 395724 396004 424225 399231 396727 

377099 361714 395469 381339 381455 389757 374159 369179 
399008 399951 392214 392732 397515 401907 397124 396727 

363774 362225 370116 361995 368654 366557 367183 345075 
381957 383386 382958 381879 381130 382855 381335 382906 

363774 362225 340604 361995 368654 366557 367183 345075 
381957 385059 382958 381879 381130 382855 381335 382906 

389359 381958 361053 393498 392942 394148 393401 387202 
400135 400132 400735 399050 399092 399094 399984 399368 

389359 381958 361053 360398 392942 394148 393401 387202 
400135 400132 405011 399050 399092 399094 399984 399368 

389359 381958 361053 370371 392942 363349 393401 387202 
400135 399533 408433 399050 399092 399094 399984 399368 

289237 289238 289238 289238 289238 260314 289237 289237 
289238 289238 289238 289238 289238 289238 289238 289238 

289237 270389 289238 289238 289238 260314 289237 289237 
294995 289238 289238 289238 289238 289238 289238 289238 

289237 270389 289238 265122 289238 260314 289237 289237 
299132 289238 289238 289238 289238 289238 289238 292238 

289237 270389 283210 265122 289238 260314 289237 289237 
311151 289238 289238 289238 289238 289238 289238 295938 

289237 270389 283210 265122 280296 260314 289237 289237 
311100 289238 289238 289238 289238 289238 289238 296068 

289237 270389 283210 265122 280296 260314 289237 270313 
310913 289238 289238 289238 289238 289238 289238 296068 

288000 286314 259201 287485 287168 286060 287998 285898 
287284 287478 287898 287897 287845 287639 287866 287992 

265648 286314 263814 287485 287168 286060 287998 285898 
287284 287478 287898 287897 287845 287639 287866 295479 

265648 286314 237432 287485 287168 286060 295955 285898 
287284 287478 287898 287897 287845 287639 287866 294187 

265648 286314 237432 287485 287168 286060 270613 285898 
287284 287478 287898 287897 287845 287639 287866 300395 

265648 286314 237432 287485 287168 286060 270613 285898 
287284 287478 287898 287897 287845 287639 287866 300395 

379022 421135 421135 421135 421132 421131 421135 421131 
421135 421135 421135 421135 421135 421095 421060 421047 

379022 421135 421135 421135 421132 421131 395422 421131 
421135 421135 434066 421135 421135 421095 421060 421047 

379022 385021 421135 421135 421132 421131 395422 421131 
421135 421135 438772 421135 421135 421095 421060 421047 

379022 385021 421135 382742 421132 421131 395422 421131 
421135 421135 437076 421135 421135 421095 421060 421047 

393548 385021 426013 382742 421132 421131 395422 421131 
421135 421135 473592 421135 421135 417500 421060 421047 

408193 399753 440208 382742 421132 421131 405874 421131 
421135 421135 490005 428396 421135 415805 425680 425790 

408193 407387 427134 382742 421132 421131 405874 421131 
430153 435906 475391 428396 421135 420491 429202 428592 

376089 376112 376114 376112 376113 338504 376116 376114 
376117 376117 376117 376117 376068 376117 376117 376117 

377713 377967 378128 341955 378379 363381 377658 377980 
377412 377535 376715 377391 380048 376535 376405 378297 

408193 407387 433492 382742 421132 421131 405874 421131 
430153 435906 490565 428396 421135 420491 429202 428592 

420814 407387 414708 382742 421132 421131 405874 421131 
430153 435906 490337 428396 421135 420491 429202 428592 

420814 407387 421655 396322 460177 421131 405874 421131 
435321 435906 505510 428396 421135 426443 432343 428592 

420814 407387 421655 396322 431812 421131 418098 421131 
439082 435906 482756 428396 424648 426443 432343 428592 

420814 407387 421655 396322 395698 421131 418098 421131 
439082 435906 478446 428396 424648 426443 432343 444914 

380384 379295 379589 354512 342592 368258 378780 379026 
379171 379409 377722 378298 378414 379414 378414 380665 

394642 394814 397927 397891 392594 392699 394034 358510 
393279 393359 398587 398508 397145 393465 396815 398577 

394642 360332 397927 397891 392594 392699 394034 358510 
393279 393359 400209 398508 397145 393465 396815 398577 

433602 433602 433601 433602 433602 390241 433602 433602 
433602 433602 433602 433602 433602 433602 433602 433602 

433602 433602 433601 390818 433602 390241 433602 433602 
433602 433602 433602 433602 436602 433602 433602 433602 

433602 433602 397740 390818 433602 390241 433602 433602 
433602 433602 433602 433602 439301 433602 433602 433602 

433602 433602 360466 390818 433602 390241 433602 433602 
433602 433602 433602 433602 438144 433602 433602 433602 

433602 433602 331919 390818 433602 390241 433602 433602 
433602 433602 433602 433602 433376 433602 433602 433602 

433602 433602 306227 390818 433602 390241 433602 433602 
433602 426433 433602 433602 433376 433602 433602 433602 

433602 395743 323964 390818 433601 390241 433602 433602 
426864 429556 433602 439472 433376 433602 433602 433601 

433602 395743 299067 390818 433601 390241 433602 433602 
426864 429556 433602 430921 433376 433602 433602 433601 

433602 395743 270826 390818 433601 390241 433602 433602 
426864 429556 422148 430921 433376 433602 433602 433601 

418172 418180 417987 376362 418178 418176 418180 418177 
418108 418181 418172 418178 418181 418092 418165 418180 

