0 0 0 0 5000 0 0 0 
1000 0 0 0 0 0 0 0 

0 0 5000 0 4083 0 0 0 
1950 0 0 0 0 0 1000 0 

0 0 5000 0 8878 0 0 0 
2852 0 0 0 0 0 1000 0 

0 0 5000 0 8434 0 0 0 
2709 0 0 0 0 0 1000 0 

0 0 5000 0 8434 3750 0 0 
2709 1500 0 0 0 0 1000 0 

1606 5268 4876 0 10664 0 468 4692 
7906 3429 0 1499 4896 0 4746 7911 

1606 5268 4876 0 11405 5000 3777 4692 
7510 4257 0 1499 6151 2000 4746 7911 

6896 8369 9056 6580 9947 8051 9276 12968 
21587 18161 13558 9612 15498 11562 12024 25093 

6896 8369 9954 5640 10758 7265 8840 11703 
22007 17252 12235 9131 15486 13284 10308 21513 

6896 8369 9057 3937 11616 5916 6171 9762 
18867 14251 9543 8674 13446 11769 8837 15813 

6896 8369 9057 3740 11616 5916 6171 9762 
18867 14251 9065 8674 13446 11769 8837 15813 

6896 8369 9057 4953 11616 5916 6171 9273 
17923 14251 15611 8674 13446 11769 8837 15813 

6896 8369 9057 6548 11035 5916 5862 8809 
17026 13538 18330 8240 13446 11769 8395 15813 

110 0 4457 72 6043 0 29 52 
5175 949 0 814 0 0 1630 1759 

-3 -2 -2 -2 -3 -3 -2 -2 
-1 -1 -1 -1 -1 -1 -1 -1 

521 -3 -4 -3 -4 -4 536 -5 
-1 -1 1230 -1 -1 -1 -1 -1 

521 934 -4 497 2204 -4 536 -5 
-1 999 4382 -1 -1 -1 -1 -1 

494 934 -4 497 2442 -4 509 -5 
-1 1856 4162 -1 -1 -1 -1 -1 

494 4637 -4 497 2442 -4 509 -5 
-1 1856 4162 -1 -1 -1 1499 -1 

494 4405 -4 497 2442 -4 509 -5 
-1 1856 4162 -1 -1 -1 1423 -1 

469 4405 4157 497 2442 -4 459 -5 
-1 1763 4162 -1 -1 2499 1423 3499 

469 4405 7282 497 2442 -4 459 -5 
-1 1763 4162 -1 -1 2499 1423 5324 

469 4405 10667 497 2442 -4 459 -5 
-1 1763 4162 -1 -1 2499 1423 6557 

469 4405 10133 497 2442 -4 459 -5 
-1 1763 4162 -1 -1 2499 1423 6229 

445 4405 12126 497 2442 -4 3128 -5 
-1 1674 4162 -1 3798 2499 1423 8917 

-3 -2 -2 -2 -2 -2 -2 -2 
-1 -1 -1 -1 -1 -1 -1 -1 

-3 -2 -2 -2 -2 -2 998 -2 
-1 -1 -1 -1 -1 -1 999 -1 

-3 -2 -2 -2 -2 -2 2031 -2 
-1 -1 -1 -1 -1 -1 7449 -1 

561 1286 610 4099 -2 1356 1416 6605 
-1 3439 998 -1 -1 5130 5475 1627 

561 1286 610 4099 -2 3788 1416 6605 
-1 3439 998 -1 -1 5873 5475 1627 

561 1286 610 4099 -2 3598 1416 6605 
-1 3439 998 -1 -1 5579 5475 1627 

2805 3234 8673 1038 1696 -7 2412 864 
-1 1363 3058 -1 6893 2420 1100 11887 

2664 2633 7827 1038 1453 -7 2136 864 
856 2070 2759 -1 5909 2298 1100 11887 

2664 2501 11185 1038 1453 -7 2136 3320 
856 3466 2620 -1 5909 2298 1100 12792 

-2 -2 -2 -2 300 -2 -3 -3 
-1 164 18 -1 -1 -1 -1 -1 

-2 -2 -2 -2 300 -2 -2 -3 
-1 164 18 -1 -1 -1 -1 -1 

-2 2033 1581 -2 983 2312 745 -2 
6981 147 17 8499 -1 -1 3496 901 

21 0 -5 1 -5 173 -2 -7 
6 154 -1 -1 -1 10 -1 1 

3769 0 -5 1 -5 173 -2 -7 
6 154 -1 -1 -1 10 1499 1 

7169 10791 12679 12812 13524 12405 5892 15374 
2469 15439 15558 7160 11580 21964 18084 21216 

7169 10791 12679 15088 13524 12405 5892 15374 
2469 18167 15558 7160 11580 21964 18084 21216 

-2 -2 -3 -2 -2 -2 -2 -3 
-1 -1 -1 0 -1 -1 -1 -1 

591 -2 -3 2498 -2 -2 -2 -3 
-1 -1 4324 0 901 -1 -1 -1 

1571 1185 1125 4362 -2 -2 3207 -3 
-1 2753 4902 0 3583 1352 733 813 

1571 1185 1125 4362 -2 -2 3207 -3 
-1 2615 4902 0 3583 1352 733 813 

1571 1185 1125 4362 -2 1728 3046 -3 
-1 11484 4902 0 3583 1352 696 813 

1571 1125 1068 4362 -2 3829 2748 -3 
-1 14409 4902 0 3583 1352 596 813 

117 -3 -3 -3 -4 -3 -3 1285 
-1 -1 -1 -1 108 -1 -1 629 

-2 -2 11 -2 -2 -2 -2 -2 
-1 -1 -1 5 -1 -1 -1 -1 

382 -4 1054 -4 -3 769 -4 -4 
662 -1 567 440 -1 -1 -1 -1 

571 -4 2001 -4 -3 1444 -4 -4 
1628 1999 567 440 -1 999 -1 -1 

743 548 1714 -3 407 1237 -4 -4 
1469 1627 2155 358 -1 1587 -1 -1 

743 548 1714 -3 407 4508 -4 -4 
1469 3545 2155 358 -1 1587 -1 -1 

743 548 1714 -3 407 7615 -4 -4 
1469 5367 2155 358 -1 1587 -1 -1 

2491 2395 1714 -3 2053 7234 -4 -4 
1469 5367 2155 2340 3924 1507 -1 -1 

2491 2395 1714 -3 5283 7234 -4 -4 
1469 5367 2155 4223 3924 1507 -1 -1 

2491 2395 1714 -3 7518 7234 -4 -4 
1469 5367 2155 5511 3924 1507 -1 -1 

2491 2395 1714 -3 7142 7234 -4 -4 
1469 5367 2155 5235 3924 1507 -1 -1 

2366 2275 1714 -3 9284 8538 -4 -4 
1469 5367 2155 8473 3541 2431 -1 -1 

1828 1630 2333 -3 4452 5376 -6 243 
3863 4152 4077 4577 3341 1786 -1 -1 

1736 1548 2333 1501 4452 5376 -6 243 
3669 3944 3873 6348 3173 1786 -1 -1 

1736 1548 2333 2425 4452 5376 -6 243 
3669 3944 3873 12030 3173 1786 -1 -1 

2639 2839 1803 6293 5173 4377 1577 1002 
3145 4615 3810 10160 3029 1530 1713 948 

2639 2839 1803 6293 5173 4377 1577 1002 
3145 4615 3810 10160 3029 1530 1713 948 

2639 2839 1803 6293 5173 4158 1577 1002 
3145 4615 3810 10160 3029 1530 1713 900 

-3 -3 -3 -3 480 -3 -3 -4 
-1 -1 -1 -1 -1 -1 -1 212 

31 -3 46 -2 572 -2 46 25 
813 856 948 -1 1587 901 1758 181 

31 -3 46 1664 572 -2 2543 5023 
1772 856 948 999 1587 1855 1758 181 

-3 -3 -2 -3 -3 -2 -2 12 
-1 0 -1 -1 -1 -1 4 -1 

-3 -3 -2 -3 -3 -2 -2 12 
-1 0 -1 -1 -1 -1 4 -1 

7433 2069 3851 6121 6062 653 5723 3788 
12098 5834 6157 3117 3792 5017 6301 6638 

1459 -6 -5 -3 -4 -4 -4 1832 
-1 0 733 461 771 0 -1 0 

1459 -6 -5 -3 -4 -4 3329 1832 
-1 0 733 461 771 0 -1 2000 

10724 5366 6854 10039 11047 8434 16861 5573 
12749 16459 12822 15349 10994 7796 13235 18093 

13521 5366 10261 10039 13827 8434 16861 5573 
13611 16459 12822 15349 10994 7796 14573 19188 

-3 -3 -2 -2 -3 -2 -2 -2 
-1 -1 -1 -1 -1 -1 -1 -1 

-3 -3 -2 1712 2372 -2 1560 -2 
-1 948 -1 1803 -1 2498 -1 -1 

2791 -3 900 1841 8328 -2 1481 -2 
-1 3436 948 1394 1423 2141 -1 1851 

2791 -3 900 1748 8328 -2 1481 -2 
-1 3436 948 1324 1423 2141 -1 1851 

2651 -3 900 3126 8328 -2 1481 -2 
-1 3436 900 9757 1423 2141 -1 1851 

2518 -3 854 2969 8328 -2 1481 2033 
-1 3436 900 9757 1351 4782 -1 1758 

23 144 -6 9 307 -6 -4 -4 
-1 223 54 451 39 14 -1 41 

-2 -2 -2 -2 -2 -2 -2 -2 
-1 -1 -1 -1 -1 -1 -1 -1 

-2 1680 435 -5 -4 -3 549 -3 
-1 1768 -1 -1 -1 -1 -1 511 

-2 1680 1731 -5 -4 -3 549 830 
-1 1768 -1 -1 999 999 999 511 

-2 1680 1643 -5 -4 -3 1521 711 
999 1768 -1 -1 948 901 948 511 

3331 1680 1643 -5 -4 -3 1521 711 
999 1768 1999 -1 948 901 948 511 

6914 1680 1643 -5 -4 -3 1521 711 
999 1768 3399 -1 948 901 948 511 

8651 3596 1643 -5 -4 1872 1521 711 
999 1768 5442 -1 948 901 2400 2485 

10718 3596 1643 -5 -4 1872 1521 711 
999 1768 6169 -1 948 901 2400 2485 

12682 3596 1643 -5 -4 1872 1521 711 
999 1768 7360 -1 948 901 2400 2485 

12047 3596 1643 -5 -4 1872 1521 711 
999 1768 6991 -1 948 901 2400 2485 

13944 3596 1643 -5 -3 1778 1521 711 
999 1768 9634 -1 948 901 2279 2485 

8335 1571 974 344 792 3561 1175 1080 
5602 665 4462 6491 2429 3446 2863 1734 

8335 1571 925 344 752 3561 1116 1080 
5602 665 4238 6491 2429 3273 2719 1734 

8335 1571 1950 344 4047 3561 1116 1080 
5602 665 10026 6491 2429 3273 4583 1734 

6126 1417 3204 309 3831 3213 1023 974 
4562 599 7369 7661 2307 3522 5086 1210 

6126 1417 3204 309 3831 3213 1023 974 
4562 599 7369 7661 2307 3522 5086 1210 

6126 1417 3204 309 3831 3213 1023 925 
4562 599 7369 7661 2307 3522 5086 1149 

-4 -4 -3 -3 -3 -3 1 470 
628 -1 -1 -1 -1 -1 -1 0 

36 -3 107 30 -2 -2 0 470 
1596 -1 948 -1 948 -1 901 0 

1700 -3 107 30 -2 -2 2500 5446 
2516 -1 948 -1 948 999 1855 0 

18 -2 -2 15 -2 -2 -3 -3 
-1 -1 54 -1 -1 -1 -1 15 

18 4998 -2 15 -2 -2 -3 -3 
999 -1 54 -1 -1 -1 -1 15 

2800 7157 1748 3767 510 1614 761 1125 
7642 1423 1051 5374 1423 7963 4824 14 

-2 -2 -2 -3 -2 -2 -2 -2 
-1 -1 -1 -1 -1 -1 -1 -1 

-2 -2 -2 -3 3748 -2 -2 -2 
1499 -1 -1 -1 -1 -1 -1 -1 

16929 4945 6474 10884 10555 12229 2100 6355 
11961 21717 7138 8301 7457 24235 8334 15883 

16929 4945 9483 10884 10555 14742 2100 6355 
11961 21717 7138 8301 7457 26272 8334 15883 

16081 4945 11969 11587 9048 14004 3495 7943 
11362 19876 7866 7885 8629 21398 9417 15284 

13786 6406 11331 12190 7267 11405 4428 8837 
9741 16939 6086 8372 7579 14942 8946 16218 

13096 6406 11331 12190 7267 11405 4428 8837 
9741 16939 6086 8372 7579 14942 8946 15407 

13650 6406 11331 12190 7267 10834 4428 8837 
9741 16939 6086 8372 7579 14942 8498 22136 

15745 6085 10764 11580 7267 10292 4428 8837 
9253 16091 6086 7953 7579 14942 8073 26029 

-2 -2 -2 -2 -2 -2 -2 -2 
-1 -1 -1 -1 -1 -1 -1 -1 

-4 1492 -4 -3 -4 595 -3 -4 
567 -1 -1 -1 -1 -1 -1 662 

551 1492 -4 -3 2024 1565 -3 450 
567 1499 999 1949 -1 -1 -1 1628 

1003 1492 -6 -3 1922 1567 -3 427 
1511 1284 1856 1949 948 -1 -1 1546 

1003 1492 -6 -3 5575 1567 -3 427 
1511 1284 1856 1949 948 1499 -1 1546 

1003 1492 -6 -3 9046 1567 -3 427 
1511 1284 1856 1949 948 2924 -1 1546 

1003 1417 3744 -3 13872 1567 -3 3405 
1511 2719 1856 1949 948 7963 -1 4395 

1003 3012 3744 -3 13872 1567 -3 3405 
1511 2719 1856 1949 1900 7963 -1 4395 

1003 5361 3744 -3 13872 1567 -3 3405 
1511 2719 1856 1949 3305 7963 -1 4395 

1003 5092 3744 -3 13872 1567 -3 3405 
1511 2719 1856 1949 3139 7963 -1 4395 

952 7337 3744 -2 13872 3988 -3 3405 
1511 2719 1856 1949 5849 10564 -1 4395 

3786 5411 1719 687 9293 3059 538 3687 
1110 2025 1808 2581 6879 8606 -1 6105 

3786 8057 1550 687 9293 2760 538 3687 
1110 1923 1717 2581 6879 11675 -1 5799 

3786 8725 4805 687 9293 2760 538 3687 
1110 1923 1717 2581 6879 17091 -1 7509 

2928 6769 6619 3460 9072 2365 394 3502 
1509 1826 2142 1996 6534 12562 1498 7371 

2928 6769 6619 3460 9072 2365 394 3502 
1509 1826 2142 1996 6534 12562 1498 7371 

2928 6769 6619 3460 8618 2365 394 3502 
1509 1826 2142 1996 6534 12562 1423 7371 

-3 -3 -4 -3 -3 825 -3 -3 
-1 -1 -1 -1 -1 -1 661 -1 

-2 84 -4 -3 35 832 34 -3 
-1 -1 1949 -1 901 -1 661 999 

-2 79 -4 2497 35 832 34 3747 
-1 -1 1949 1499 2355 -1 661 999 

-2 -2 -2 -2 -2 -2 -2 -2 
-1 -1 -1 -1 -1 -1 -1 -1 

-2 4998 -2 -2 -2 -2 -2 -2 
999 -1 -1 -1 -1 -1 -1 -1 

-2 4797 -2 2077 1966 -2 998 1185 
3112 1999 8715 -1 1898 -1 1423 998 

0 351 117 -5 -4 431 -4 -5 
-1 -1 11 -1 126 79 -1 328 

0 351 117 -5 3746 431 -4 -5 
1499 -1 11 -1 126 79 -1 328 

6266 10422 6696 8327 12206 6548 6211 3706 
21251 25544 15934 13695 16614 11546 4364 11363 

6266 17905 6696 8327 12206 6548 8400 6020 
21188 25544 16637 13695 16614 12968 4364 12794 

-2 -3 -3 2 -2 -3 -3 -2 
-1 -1 -1 7 -1 -1 -1 -1 

-2 2253 2371 2 -2 1872 1663 1873 
-1 1423 2999 7 2123 -1 -1 1999 

1425 4431 3338 1251 -2 3077 5293 3031 
901 2003 4267 4 6531 -1 772 3527 

1353 4431 3338 1251 -2 3077 5293 3031 
901 2003 4267 4 6531 -1 772 3350 

2535 4431 3338 1251 -2 3077 5028 3031 
901 2003 4053 4 6531 -1 772 10182 

4926 4431 3338 1251 -2 2776 4776 3031 
901 1902 3850 4 6204 -1 733 14672 

-2 -2 -2 -2 -2 180 -2 -2 
-1 -1 -1 -1 -1 -1 -1 63 

1101 670 1492 -3 -3 654 -3 -3 
662 416 511 -1 -1 -1 -1 700 

1403 670 1492 -3 -3 1871 -3 381 
662 1395 511 999 999 -1 -1 700 

1331 670 1834 -3 -3 1776 -3 381 
628 2258 511 999 999 -1 -1 631 

1331 4386 1834 -3 -3 1776 -3 381 
628 2258 511 999 2449 -1 -1 631 

1331 4386 1834 -3 -3 1776 -3 4111 
628 2258 511 999 2449 -1 1499 631 

3764 6666 1834 -3 -3 1776 -3 5988 
628 5145 511 999 2449 -1 4924 3099 

3764 6666 5492 -3 -3 1776 -3 5988 
628 5145 511 999 2449 -1 6177 3099 

3764 6666 5217 -3 -3 1776 -3 5988 
628 5145 511 999 2449 -1 5868 3099 

3575 6666 5217 -3 -3 1776 -3 5988 
596 5145 511 999 2449 -1 5868 3099 

3575 8832 5217 -3 -3 4187 1976 5988 
596 5145 5311 999 2449 -1 8074 3099 

4646 8832 5217 -5 1644 4187 1875 6105 
596 5145 5743 948 2449 2498 14670 3944 

4646 8832 4956 -4 3561 3977 1875 5799 
596 5145 7082 948 2449 2373 14670 3559 

4646 8832 4956 -4 4454 3977 1875 5799 
596 5145 12727 948 2449 2373 14670 3559 

4609 7169 7505 -4 3937 4808 5506 10066 
2842 9092 10257 2249 2099 3595 12805 4209 

4609 7169 7505 -4 3937 4808 5506 14562 
3699 9092 10257 2249 2099 3595 12805 4209 

4609 7169 7505 -4 3937 4808 5506 13833 
3513 9092 10257 2249 2099 3595 12805 4209 

518 -4 69 44 -1 5 -4 -5 
4 285 0 37 103 -1 -1 -1 

510 87 47 103 42 158 57 35 
3 244 857 934 1038 3394 901 2101 

510 87 44 103 1706 158 57 3783 
3 244 857 2387 1038 3224 1855 2101 

-3 -3 -2 -2 -2 -2 -2 -2 
-1 -1 -1 -1 -1 -1 -1 -1 

-3 -3 -2 -2 -2 -2 -2 -2 
-1 -1 -1 -1 -1 -1 -1 -1 

3430 2112 2577 788 1040 2634 -26 6027 
-1 -1 4702 1933 2498 14639 5856 6033 

-3 -3 -3 444 -3 -3 -3 -3 
-1 -1 438 -1 -1 -1 -1 -1 

-3 3330 -3 444 -3 -3 -3 -3 
-1 -1 438 1999 -1 -1 -1 -1 

11346 13621 11787 9157 6815 8196 9984 9038 
13578 18088 20621 15839 21695 10403 12010 24606 

11346 13621 11787 15180 6815 10911 9984 9038 
13578 18683 20621 15839 23110 11882 12010 24606 

-3 -3 -3 -2 -3 -3 -3 -2 
-1 -1 -1 -1 -1 -1 -1 -1 

3308 -3 -3 4998 2787 2087 5431 2551 
2123 4301 1803 999 -1 813 2302 2424 

2768 -3 1663 4510 3714 3655 6311 3231 
2142 4185 2344 901 1498 1441 1874 4826 

2768 -3 1663 4510 3528 3655 6311 3231 
2034 4185 2344 901 1498 1441 1874 4826 

4296 -3 1663 4510 3528 3655 6311 8995 
2034 4185 14409 901 1498 1441 1874 4826 

6808 -3 1579 4510 3528 3655 6311 8117 
2034 4185 17768 901 1498 1441 1874 4584 

-2 -3 -3 -3 -2 -2 -2 -3 
-1 -1 -1 -1 -1 -1 -1 -1 

-4 -4 -5 -4 1492 -3 -4 994 
597 -1 538 -1 -1 -1 -1 -1 

-4 -4 -5 829 1492 -3 450 1777 
1567 -1 538 -1 -1 999 -1 999 

-4 -4 -5 1461 1492 -3 427 4103 
1488 -1 538 999 -1 1901 -1 948 

-4 -4 -5 5137 1492 -3 427 4103 
1488 -1 538 999 -1 3305 -1 948 

-4 -4 -5 8213 1492 -3 427 4103 
1488 -1 538 999 -1 5139 -1 948 

-4 -4 2495 11191 1417 -3 427 4103 
6031 -1 538 999 -1 7382 -1 948 

-4 -4 2495 11191 1417 -3 3405 4103 
6031 -1 538 999 -1 7382 -1 3900 

-4 -4 2495 11191 1417 -3 8234 4103 
6031 -1 538 999 -1 7382 -1 4705 

-4 -4 2495 11191 1417 -3 7822 4103 
6031 -1 538 999 -1 7382 -1 4469 

-3 -3 2370 11191 1417 -3 9930 4103 
5729 -1 538 948 -1 7382 -1 7745 

-10 -11 4296 8219 1002 -9 7719 3226 
6420 -1 1338 696 1898 5425 -1 12101 

-10 -11 4080 7046 1002 -9 7719 3064 
6420 -1 1271 661 1898 5153 -1 11495 

-10 -11 4080 8211 1002 -9 7719 3064 
6420 8499 1271 661 1898 5153 -1 11495 

1385 -9 7500 7399 902 2367 5972 5484 
5504 9428 1890 1413 1258 5196 856 10096 

1385 -9 7500 9529 902 2367 5972 5484 
5504 9956 1890 1413 1258 5196 856 10096 

1385 -9 7124 9529 902 2367 5972 5484 
5504 9956 1890 1413 1195 5196 856 10096 

57 1103 -5 0 -4 146 -4 493 
-1 661 6 1 881 22 -1 375 

51 1037 43 0 -4 146 26 468 
-1 566 1005 950 881 969 -1 375 

51 3485 2540 0 -4 146 26 468 
-1 566 1005 950 881 969 999 1856 

-2 -2 -2 113 -2 -2 -2 -2 
-1 -1 -1 -1 -1 -1 -1 133 

-2 -2 -2 113 -2 -2 -2 -2 
-1 -1 -1 -1 -1 -1 -1 133 

2007 7661 6556 5478 9147 5240 10018 8181 
-1 17206 5582 12927 6010 8536 948 2966 

6 -3 -3 -3 0 273 -4 -3 
-1 0 -1 -1 155 3 -1 -1 

6 -3 -3 3747 0 273 -4 -3 
1499 0 -1 -1 155 3 -1 -1 

9676 3861 9688 5489 7935 4757 9166 5337 
5643 11011 18112 19094 11445 6471 10859 13208 

9676 7417 9688 6881 7538 7852 13707 5337 
5643 11011 18206 18139 12872 8265 10859 13208 

-3 3 -2 -3 -2 -3 -2 -3 
-1 -1 -1 -1 -1 8 -1 -1 

-3 2377 676 -2 -2 -2 1873 1580 
2999 1423 1851 -1 -1 7 -1 -1 

-2 3340 522 -2 1126 610 3191 2347 
2442 2918 3310 -1 948 956 856 -1 

-2 3340 522 -2 1126 610 3191 2347 
2442 2918 3310 -1 948 956 856 -1 

-2 4519 522 -2 2180 610 3191 3229 
9319 2918 6144 -1 948 4908 856 -1 

-2 4292 522 -2 4571 610 3191 3067 
8852 2918 6144 3323 900 4908 856 -1 

-3 -2 -2 -3 -2 -3 -3 -2 
-1 -1 -1 -1 -1 -1 -1 -1 

-4 -4 -4 -4 -4 -3 895 1101 
-1 -1 -1 538 628 -1 -1 -1 

-4 353 -4 829 4996 -3 895 1760 
-1 -1 -1 538 1596 2449 999 -1 

-4 334 -3 787 5207 -3 850 1587 
-1 -1 -1 1511 2516 2210 901 -1 

-4 334 -3 787 8279 -3 850 1587 
-1 -1 -1 3435 2516 2210 901 -1 

-4 334 -3 787 11198 -3 850 1587 
-1 -1 -1 5263 2516 2210 901 -1 

-4 334 -3 787 12638 -3 2890 1507 
-1 -1 -1 8549 4890 2210 901 -1 

-4 334 -3 787 14506 -3 2890 1507 
-1 -1 -1 9621 4890 2210 901 -1 

-4 334 -3 787 16280 -3 2890 1507 
-1 -1 -1 10139 4890 2210 901 -1 

-4 334 -3 787 15465 -3 2890 1507 
-1 -1 -1 9631 4890 2210 901 -1 

-4 334 -3 787 17191 -3 2890 1431 
-1 -1 -1 12016 4890 2210 901 -1 

107 224 146 434 7950 614 1323 3195 
538 1423 -1 7053 6291 876 2288 856 

101 212 138 434 10469 614 1193 3195 
538 1423 -1 9205 5976 790 2288 856 

101 212 138 434 10469 2101 1193 3195 
9011 1423 -1 9205 5976 790 2288 856 

2325 946 5124 352 8813 3732 921 2902 
5977 2660 856 8307 5677 2750 1441 3741 

2325 946 7367 352 8813 3732 921 2902 
5977 2660 856 8891 5677 2750 1441 3741 

2208 946 7367 352 8813 3732 921 2902 
5977 2526 856 8891 5677 2750 1441 3741 

-3 65 4157 -4 22 -5 496 -4 
-1 27 822 -1 1845 0 900 0 

36 65 4157 -4 60 35 496 47 
-1 27 822 813 1845 1950 900 1000 

36 2561 4157 -4 60 35 2030 47 
-1 1025 822 772 1845 1950 1855 1000 

-2 -2 -1 -2 -2 -2 -3 -2 
-1 -1 -1 -1 -1 -1 -1 -1 

-2 -2 -1 -2 -2 -2 -3 -2 
-1 -1 -1 -1 -1 -1 -1 -1 

12055 1198 4461 7851 6890 3154 2124 8894 
12802 11237 5160 10018 6211 6193 -1 9449 

-3 -3 -3 -3 288 -3 -3 -3 
-1 -1 -1 438 -1 -1 -1 -1 

-3 -3 -3 -3 288 -3 -3 3747 
1499 -1 -1 438 -1 -1 -1 -1 

8411 6978 11166 4137 5604 8694 7344 10405 
4189 15654 12297 18733 14551 15433 13245 22525 

8411 6978 14357 6900 6823 8694 7344 10405 
4189 15654 12297 19296 15823 14661 13245 22898 

-2 -3 -3 -2 -2 -2 -2 -3 
-1 -1 -1 -1 -1 -1 -1 -1 

-2 -3 -3 3623 -2 642 -2 -3 
901 999 -1 -1 -1 3798 -1 -1 

-2 1350 1316 2802 2140 549 1354 -3 
2698 1763 1352 -1 -1 4005 -1 -1 

-2 1350 1316 2661 2140 549 1354 -3 
2698 1763 1352 -1 -1 3804 -1 -1 

-2 1350 1316 3543 2140 521 1354 -3 
2563 1763 1352 -1 -1 10113 -1 -1 

-2 1350 1250 6143 2140 470 1286 -3 
2312 1763 1352 -1 -1 13876 -1 -1 

-2 -2 244 -3 -2 -3 -3 -3 
-1 0 -1 -1 2 -1 191 -1 

626 -4 115 2168 -3 -4 -3 -4 
-1 0 -1 -1 487 -1 1389 -1 

626 -4 1359 2168 -3 -4 291 -3 
-1 1000 999 -1 487 -1 1389 -1 

594 971 1164 1955 496 -4 246 -3 
-1 902 1772 -1 462 948 1389 998 

594 971 1164 1955 3804 -4 246 -3 
-1 902 1772 -1 462 2900 1389 998 

594 971 1164 1955 3804 -4 246 1663 
-1 902 1772 -1 462 2900 1389 1948 

5411 3376 1164 1955 3804 -4 233 1663 
-1 902 1772 7774 462 2900 1319 5557 

5411 3376 1164 1955 7363 -4 233 1663 
-1 902 3183 7774 462 2900 1319 5557 

5411 3376 6105 1955 7363 -4 233 1663 
-1 902 3183 7774 462 3755 1319 5557 

5411 3376 6105 1955 7363 -4 221 1663 
-1 902 3183 7774 462 3567 1319 5557 

7997 3207 5799 1955 7363 -4 221 1663 
-1 902 3183 11385 462 3567 1319 5014 

3996 2055 6855 1497 3992 797 255 933 
461 699 7755 11674 339 2137 1512 6519 

3996 1854 9012 1497 3792 797 255 886 
437 3757 7755 11674 339 2030 1512 6519 

3996 1854 9765 1497 6727 797 255 886 
437 12065 7755 11674 339 2030 1512 6519 

3605 2153 10549 2393 10742 3636 1394 721 
355 11049 8948 10958 275 1346 2061 8234 

3605 2153 10549 5398 10742 3636 1394 721 
355 11049 8948 10958 275 1346 4457 8234 

3605 2153 10549 5128 10742 3636 1394 721 
355 11049 8948 10958 275 1346 4234 8234 

-5 1653 898 -5 -5 -3 -5 -5 
-1 -1 461 -1 0 -1 -1 900 

30 1539 913 33 35 83 92 103 
2708 -1 3085 901 0 999 948 5378 

30 1539 913 1698 35 83 92 3655 
2708 -1 3085 901 0 999 3305 5378 

-3 -2 -3 -2 -3 -3 -2 -2 
-1 -1 -1 -1 -1 -1 -1 -1 

-3 -2 -3 -2 -3 -3 -2 -2 
-1 -1 -1 -1 -1 -1 -1 -1 

3538 -2 3250 1648 1885 2965 2975 789 
6812 8033 4342 -1 4628 3210 3664 11406 

-3 -3 -3 -4 -4 -3 -4 -3 
-1 -1 -1 -1 -1 -1 -1 -1 

-3 -3 -3 3121 -4 -3 -4 -3 
-1 -1 2499 -1 -1 -1 -1 -1 

11800 13535 11664 8150 6873 8905 16187 7571 
8938 14235 23664 12449 11269 11540 16078 20868 

11800 17858 11664 11492 6873 8905 16187 12301 
10991 14235 23664 12449 11269 11963 16078 21758 

13210 17601 11664 10370 6202 8459 13338 12935 
10991 14235 19124 11575 11269 11364 15274 21692 

12920 13618 12747 9041 5596 7252 10287 11089 
10441 13523 15611 8508 11514 9742 13784 16802 

12273 13618 12747 9041 5596 7252 10287 11089 
10441 13523 15611 8508 11514 9742 13784 15961 

12820 13618 12747 9041 5596 7252 9772 11089 
10441 13523 14830 8508 11514 9742 13784 21662 

14429 12937 12747 9041 5596 6889 9283 10534 
10441 13523 14088 7678 11514 9742 13784 23824 

-2 -2 -2 0 -3 -2 -2 28 
-1 -1 -1 18 -1 -1 -1 -1 

-3 -2 0 -3 -2 -3 -2 -2 
-1 -1 -1 -1 -1 -1 -1 -1 

-4 1286 -2 -4 -4 -4 -4 -4 
511 -1 -1 -1 -1 -1 -1 -1 

-4 1286 -2 -4 1674 621 -4 -4 
511 -1 -1 1999 -1 -1 999 999 

-4 1220 452 828 1947 559 -4 234 
485 -1 948 2753 -1 999 999 1901 

-4 1220 452 828 1947 559 -4 3972 
485 -1 948 2753 1499 999 999 1901 

-4 1220 452 828 1947 559 -4 7106 
485 -1 948 2753 3424 999 999 1901 

-4 1220 429 786 1947 559 -4 10157 
485 -1 948 2753 8094 948 999 1901 

-4 1220 429 786 1947 559 1662 10157 
2460 -1 948 2753 8094 948 999 1901 

-4 1220 429 786 1947 559 6578 10157 
3337 -1 948 2753 8094 948 999 1901 

-4 1220 429 786 1947 559 6249 10157 
3170 -1 948 2753 8094 948 999 1901 

-4 1220 429 786 1947 559 7936 10157 
7011 -1 900 2753 8094 948 999 1805 

177 1283 403 708 1663 529 6159 8702 
11283 -1 2485 2615 8094 900 813 1547 

159 1283 403 4261 1663 529 6159 8266 
11283 -1 5092 2484 8729 900 813 1469 

159 1283 403 8783 1663 529 6159 8266 
11283 -1 12837 2484 9792 900 813 1469 

114 2227 1455 7004 1579 1427 5557 6843 
9673 -1 10835 2694 7975 2196 661 3500 

114 2227 1455 10403 1579 1427 5557 6843 
9673 -1 11793 2694 7975 2196 661 3500 

114 2227 1455 10403 1579 1355 5557 6843 
9189 -1 11793 2694 7975 2196 661 3500 

318 -5 119 326 -4 547 803 -5 
-1 140 395 -1 -1 358 -1 605 

307 40 112 294 -3 547 813 70 
-1 126 1306 1851 -1 322 999 605 

307 40 1773 4029 -2 547 813 70 
999 126 2603 1851 -1 322 999 605 

-3 -3 -2 -3 -2 -2 -3 -2 
-1 -1 -1 -1 -1 -1 -1 -1 

4997 -3 -2 -3 -2 -2 -3 -2 
999 -1 -1 -1 -1 -1 -1 -1 

6624 4283 1176 -2 -2 1355 3837 1355 
19692 901 948 -1 -1 -1 -1 6214 

-3 -4 -3 -3 -3 -3 -3 -2 
-1 -1 -1 -1 -1 -1 -1 -1 

-3 -4 2497 -3 -3 -3 -3 -2 
2499 -1 -1 -1 -1 -1 -1 -1 

11518 7736 14377 8515 15437 4656 9988 7635 
13669 16378 16085 11671 10649 18639 4890 17332 

13942 7736 14377 8515 14665 4656 12821 7635 
13669 16378 16085 13087 10649 17706 4890 19465 

14368 6981 13658 8731 14665 4656 11570 8050 
12336 16378 15280 10659 10116 19115 4890 17566 

12829 6472 13909 6709 13234 6576 10441 6434 
10576 14197 14002 7834 8239 19000 3982 15060 

12829 6472 13213 6709 13234 6576 10441 6434 
10576 14197 14002 7834 8239 19000 3982 14306 

12829 6472 13906 7557 13234 6576 10441 6434 
10576 17987 14002 7834 8239 19000 3982 20090 

12187 6472 16023 7179 13234 6576 10441 6434 
10576 16233 14002 7834 8239 19000 3982 23585 

-2 -2 -2 -2 -3 -3 -3 -3 
-1 -1 -1 -1 -1 -1 -1 -1 

-2 -2 -2 -2 -2 -2 -2 -2 
-1 -1 -1 -1 -1 -1 -1 -1 

-3 -4 -5 -4 -4 344 -3 -3 
-1 -1 -1 -1 538 -1 -1 -1 

-3 -4 1495 -4 496 344 413 -3 
-1 -1 -1 -1 3410 -1 999 -1 

-3 -4 1732 -4 925 344 508 -3 
-1 -1 -1 -1 4027 1949 948 -1 

-3 -4 4978 -4 925 344 508 -3 
-1 -1 -1 -1 4027 1949 948 1999 

-3 -4 7229 -4 925 344 508 -3 
-1 -1 -1 -1 4027 1949 948 3399 

-3 -4 8602 -4 2918 344 482 -3 
-1 -1 -1 -1 4027 4351 948 6072 

2497 -4 8602 -4 4994 344 482 -3 
-1 3999 -1 -1 4027 4351 948 6768 

2497 -4 8602 -4 8494 344 482 -3 
-1 5299 -1 -1 4027 4351 948 6768 

2497 -4 8602 -4 8069 344 482 -3 
-1 5033 -1 -1 4027 4351 948 6768 

4772 -4 8602 -4 10165 344 482 -3 
-1 6781 -1 -1 4027 4351 948 9433 

1703 -19 4226 248 4058 279 247 -24 
998 6070 2176 625 2537 1406 289 3562 

1617 1544 3813 248 5730 264 247 -22 
3275 6070 2067 593 2410 2835 274 3562 

1617 2266 3813 248 8776 264 247 -22 
7111 6070 2067 593 2410 4693 274 3562 

2385 4229 3268 153 9306 966 190 -20 
6637 6978 2599 1535 2962 4458 870 3758 

2385 4229 3268 5145 9306 966 190 -20 
6637 6978 2599 1535 3813 4458 870 3758 

2385 4229 3268 4887 9306 966 190 -20 
6637 6978 2599 1535 3622 4458 870 3758 

38 -3 -5 101 -5 -5 -4 237 
-1 398 -1 -1 0 0 83 21 

83 -3 -4 116 42 -4 30 225 
-1 1309 1758 -1 0 0 70 968 

78 -3 -4 4188 42 -4 30 225 
-1 2243 1758 999 0 0 70 919 

-3 -3 -3 -3 -3 -3 -3 -3 
-1 -1 -1 -1 -1 -1 -1 -1 

4997 -3 -3 -3 -3 -3 -3 -3 
-1 -1 999 -1 -1 -1 -1 -1 

4540 5967 3581 2024 6773 -20 1184 6793 
-1 5501 5542 9995 4814 1894 4845 8249 

-2 -2 -2 -2 -3 -2 -2 -2 
-1 -1 -1 -1 -1 -1 -1 -1 

-2 -2 -2 -2 -3 3748 -2 -2 
-1 -1 -1 1499 -1 -1 -1 -1 

-2 -2 -2 4998 -3 3748 -2 5664 
999 -1 -1 1499 -1 -1 1999 1999 

10186 6133 12638 6837 8475 11928 7560 10349 
19467 17160 17323 12790 21518 7972 3099 15616 

10186 8034 10834 7321 8050 11331 8182 11498 
18493 19761 16456 12492 21518 7834 2796 15043 

9192 6930 7233 9650 7646 9603 7383 10492 
15062 19317 12096 10480 18448 6061 2276 16453 

9192 6930 7233 9167 7646 9603 7383 10492 
15062 18351 12096 10480 18448 6061 2276 16453 

9192 6930 7233 9167 7646 10622 7383 9967 
15062 17433 12096 10480 18448 6061 2276 24630 

8732 6583 6871 9167 7646 12590 7383 9468 
15062 16561 11491 10480 18448 5757 2276 26503 

-4 -3 -3 2 -3 -2 -2 -3 
-1 -1 -1 -1 -1 -1 -1 6 

-2 -2 -2 -2 -2 8 -2 -2 
-1 3 -1 -1 -1 -1 -1 -1 

1286 627 -4 -4 -3 0 -4 1014 
1364 0 -1 -1 -1 943 -1 567 

1286 1095 1871 1246 -3 1250 -4 1463 
1364 1500 -1 -1 1499 943 1499 2936 

1286 1039 1777 1183 -3 1186 308 1389 
1364 1424 -1 -1 1423 943 2352 2649 

1286 1039 1777 1183 3747 1186 308 1389 
1364 1424 -1 -1 2851 943 2352 2649 

1286 1039 1777 1183 6059 1186 308 1389 
1364 1424 -1 -1 4708 943 2352 2649 

1221 1039 1777 2790 7839 1186 308 3819 
3795 1424 -1 -1 6972 895 2352 4516 

1221 1039 1777 2790 10572 1186 308 3819 
3795 1424 -1 -1 9123 895 2352 4516 

1221 1039 1777 2790 13793 1186 308 3819 
3795 1424 -1 -1 10166 895 2352 4516 

1221 1039 1777 2790 13103 1186 308 3819 
3795 1424 -1 -1 9657 895 2352 4516 

3659 1039 1777 2790 14947 1186 308 6128 
4605 1424 -1 -1 12174 1850 2352 4516 

2415 717 1557 3878 13645 1518 207 5020 
9188 4900 -1 1883 11777 2448 2122 3871 

2415 717 2729 3499 13645 1518 196 5020 
9188 4900 -1 1788 12188 2448 2122 3677 

2415 717 3392 6657 13645 1518 196 5020 
9188 4900 -1 3698 15578 2448 2122 3677 

2179 1170 6837 5984 12140 1369 1417 8045 
7109 6372 -1 4718 11427 2811 1914 6712 

2179 1170 8995 5984 12140 1369 1417 8045 
7109 7553 -1 4718 11427 2811 1914 6712 

2179 1170 8545 5984 12140 1369 1417 8045 
7109 7175 -1 4718 11427 2811 1914 6712 

-2 2 8 2060 1 -2 -5 -5 
-1 3 2 0 536 -1 -1 603 

76 2 7 1765 1 -2 -4 -4 
-1 3 1 0 509 -1 999 1419 

76 2 7 1765 1 4279 -3 -4 
-1 3 1 0 1983 -1 1851 1419 

-2 -2 -2 -3 -2 -2 -2 -2 
-1 -1 -1 -1 -1 -1 -1 -1 

-2 -2 -2 -3 -2 -2 -2 4998 
-1 -1 -1 -1 -1 -1 999 -1 

1901 3946 -14 -3 3366 4647 2095 5357 
6382 2126 1806 -1 8724 -1 2808 5274 

1901 3946 3736 -3 3366 4647 2095 5357 
6382 3519 1806 -1 8724 -1 2808 5274 

5282 6556 2116 4293 5296 3337 3387 7116 
11340 19199 7301 8960 17184 7888 3642 9469 

5282 9978 2116 4293 5296 5670 6550 10093 
11340 19199 7935 11486 18324 7888 3642 9469 

-4 -3 -3 -3 -3 -3 -3 -3 
-1 -1 -1 -1 -1 -1 -1 -1 

-3 -3 590 4397 -3 -3 -3 997 
-1 -1 -1 -1 -1 -1 1803 3578 

999 1515 531 3768 997 -3 3729 899 
-1 -1 3123 -1 948 1423 1627 5340 

999 1515 531 3768 997 -3 3729 853 
-1 -1 3123 -1 948 1423 1627 5340 

999 1515 531 3768 997 1815 5417 2014 
-1 6499 3123 3999 948 1423 3045 5340 

999 1515 504 5538 997 1815 4888 2014 
-1 6499 3123 3999 900 5559 2892 5340 

-2 -3 -3 -3 -2 -2 -3 -2 
-1 -1 -1 -1 -1 -1 -1 -1 

-2 -2 21 -3 -2 -3 -2 -2 
-1 -1 -1 -1 -1 12 -1 -1 

-4 941 7 -3 -4 -4 -4 -4 
438 -1 -1 -1 -1 4 -1 438 

-4 941 1140 -3 746 -4 450 1662 
438 4137 -1 1499 -1 4 -1 438 

-4 941 1081 290 746 -4 717 1662 
438 4930 -1 1499 -1 1003 -1 416 

2496 941 1081 290 746 -4 717 1662 
438 4930 -1 1499 1999 1003 -1 416 

2371 941 1081 290 746 -4 717 1662 
438 4930 -1 1499 1898 1003 -1 416 

5959 941 1081 275 3048 -4 717 1662 
438 7183 -1 2424 4303 952 -1 395 

5959 941 1081 275 6228 -4 717 1662 
438 8823 -1 2424 4303 952 -1 395 

5959 941 1081 275 10916 -4 717 1662 
438 9381 -1 2424 4303 952 -1 395 

5959 941 1081 275 10370 -4 717 1662 
438 8911 -1 2424 4303 952 -1 395 

5959 3224 1081 275 13915 -4 717 1578 
438 11965 -1 2424 4303 952 2499 1306 

3940 1752 746 395 10182 -12 1101 1841 
261 13847 1631 2827 3627 599 2355 1411 

3742 1752 708 395 11300 -11 1101 1841 
247 13847 1631 2827 3445 568 2125 5340 

3742 1752 3797 395 11600 -11 1101 1841 
247 13847 1631 2827 3445 3039 2125 9573 

2355 1501 9283 338 10460 3226 3226 1963 
1508 13293 1081 3330 2531 3071 1917 10589 

2355 1501 9283 338 10460 3226 3226 1963 
1508 13293 1081 3330 2531 3071 1917 10589 

2237 1501 9283 338 10460 3226 3226 1963 
1508 13293 1026 3330 2531 3071 1917 10589 

24 -5 15 2494 -5 19 5 11 
1017 9 -1 -1 63 49 9 -1 

24 -4 14 1929 -4 17 86 11 
966 6 -1 -1 908 994 7 -1 

24 -4 6137 1832 -4 17 86 11 
966 6 -1 1423 2362 994 7 -1 

24 -4 6137 1832 -4 5016 86 11 
966 6 -1 1423 3243 994 7 -1 

543 3834 8276 7116 4792 7821 2680 5127 
8185 5211 6317 13315 3978 3218 1359 3611 

-3 -2 -2 -3 -2 -2 -3 -2 
-1 -1 -1 -1 -1 -1 -1 -1 

-3 -2 -2 3747 -2 -2 -3 -2 
-1 -1 -1 -1 1499 -1 -1 -1 

6898 3082 5536 6688 5953 4572 5468 109 
9572 17287 11105 4315 5410 14773 9268 8231 

6898 6261 9009 9686 5953 4572 5468 109 
9572 17287 11105 4315 7139 15534 10804 8231 

-4 -4 -3 970 -3 593 -3 -3 
-1 -1 -1 597 485 -1 -1 -1 

-4 -4 -3 970 -3 2613 1877 -3 
-1 2373 -1 3863 394 -1 -1 -1 

532 -3 -3 830 -3 2239 4556 -3 
-1 2835 -1 2988 1178 999 -1 -1 

532 -3 -3 830 -3 2239 4328 -3 
-1 2693 -1 2988 1178 999 -1 -1 

2291 -3 -3 830 -3 2239 5625 -3 
-1 12405 -1 2988 3619 999 -1 -1 

2176 -3 2372 830 2372 2126 5625 -2 
5799 11784 -1 2838 3265 999 -1 -1 

-3 -2 -3 -2 -3 -3 -2 -3 
-1 -1 -1 -1 -1 -1 -1 -1 

-3 -3 -2 -2 -2 -3 -2 -3 
-1 -1 -1 -1 -1 -1 -1 -1 

-5 -4 495 -4 -4 -5 -2 -4 
-1 -1 -1 -1 -1 628 -1 -1 

-5 -4 1184 -4 -4 352 1664 -4 
999 -1 -1 -1 -1 1596 -1 999 

-5 -4 1184 329 -4 333 1579 -4 
948 -1 -1 999 -1 1516 -1 999 

-5 -4 4874 329 -4 333 1579 -4 
948 1499 -1 999 -1 1516 -1 999 

-5 -4 9630 329 -4 333 1579 -4 
948 2424 -1 999 -1 1516 -1 999 

-5 -4 13924 329 -4 333 1499 -4 
948 5987 -1 2949 -1 1516 -1 999 

-5 -4 14727 329 -4 333 6424 -4 
948 9253 -1 2949 -1 1516 -1 999 

-5 -4 13990 329 -4 333 6424 -4 
948 8790 -1 2949 -1 1516 -1 999 

-5 -4 13290 329 -4 333 6424 -4 
948 8350 -1 2949 -1 1516 -1 999 

-5 -4 14708 329 -4 316 8602 -4 
900 14335 -1 2801 -1 1516 -1 999 

-5 -4 -5 -4 -5 -4 5 -4 
-1 -1 11 -1 -1 0 -1 -1 

-5 -4 -5 1692 -5 -4 5 -3 
-1 -1 10 -1 -1 0 2499 -1 

-5 -4 -5 2911 -5 -4 5 -3 
-1 -1 10 -1 -1 0 8374 -1 

-4 -5 1499 2369 -4 853 5921 -3 
-1 -1 864 948 2804 999 6227 998 

-4 -5 1499 2369 -4 853 5921 -3 
-1 -1 864 948 2804 999 6227 998 

-4 -4 1499 2369 -4 853 5921 -3 
-1 -1 864 948 2804 999 6227 998 

-16 1142 5845 1902 930 2015 3803 1211 
1109 10677 597 4795 -1 2591 -1 2184 

51 1089 5552 1902 911 1896 3338 956 
1000 12406 2488 5013 -1 3288 -1 2774 

51 4784 5552 1902 911 3467 3171 956 
1000 13285 2488 5762 -1 3123 -1 2774 

51 4784 5552 1902 911 3467 3171 956 
1000 13285 2488 5762 -1 3123 -1 2774 

795 9179 10970 1979 5216 8547 5271 5409 
3386 14226 6511 11017 4582 6906 11320 5489 

-3 -2 -2 -2 -3 -3 -2 -2 
-1 -1 -1 -1 -1 -1 -1 -1 

-3 -2 -2 -2 3747 -3 -2 -2 
-1 1499 -1 -1 -1 -1 -1 -1 

5340 9265 8579 14977 16693 6163 7602 7307 
4689 19455 8493 24836 15236 18192 13584 19060 

5340 9265 8579 16728 19608 6163 10346 10691 
5954 19455 8493 25094 15236 18192 13904 20607 

68 90 -4 -3 -3 -3 -4 30 
-1 -1 44 -1 -1 60 -1 30 

64 3144 -4 -3 946 1422 -4 2281 
-1 -1 39 3142 2373 1479 -1 975 

1045 4190 3007 673 769 2723 1662 4518 
999 -1 31 3508 3583 2001 -1 6870 

992 4190 3007 673 769 2723 1662 4518 
999 -1 31 3508 3583 2001 -1 6526 

2609 3980 3007 673 769 2723 1662 4518 
999 -1 31 3508 3583 1900 -1 15199 

4729 3780 3007 673 769 2723 1662 4518 
999 -1 31 3508 3583 1804 -1 18466 

-2 -2 -1 -2 -3 -2 -2 -2 
-1 -1 -1 -1 -1 -1 -1 -1 

-2 -2 -2 -2 42 -2 -3 -2 
-1 -1 -1 60 -1 -1 -1 -1 

694 626 -4 -3 657 -4 -4 -3 
-1 1197 -1 39 -1 -1 -1 662 

694 1503 -4 309 657 1496 829 -3 
-1 1197 1499 39 -1 1949 1999 662 

659 1503 -4 309 623 1496 1287 -3 
-1 1197 1499 39 -1 2851 1898 628 

659 1503 -4 309 623 1496 6222 -3 
-1 2137 1499 39 -1 2851 1898 628 

659 1503 -4 309 623 1496 5910 -3 
-1 2030 1499 39 -1 2851 1898 628 

659 3927 -4 309 623 1421 7864 -2 
3499 6106 1499 39 -1 2708 1898 628 

659 3927 -4 309 623 1421 10470 -2 
3499 8800 1499 39 -1 2708 1898 628 

659 3927 -4 309 623 1421 9946 -2 
3499 8359 1499 39 -1 2708 1898 628 

659 3927 -4 309 623 1421 9448 -2 
3499 8359 1423 39 -1 2708 1898 628 

625 3927 -4 309 591 1349 11475 -2 
3499 8359 5351 39 -1 2708 1712 628 

978 3927 -4 309 531 1342 10382 -5 
3499 7543 11004 36 -1 3321 3320 628 

978 3927 -4 2793 504 1210 9862 -5 
3499 6807 13044 34 -1 3321 3320 628 

978 3927 -4 3957 504 1210 9862 -5 
3499 6807 18391 34 -1 3321 3320 628 

795 3197 -3 2907 4881 2580 7893 -6 
2999 6785 15087 1069 999 2704 2439 566 

795 3197 -3 2907 7136 2580 7893 -6 
2999 8945 15087 1069 999 2704 2439 566 

795 3197 -3 2907 6779 2580 7893 -6 
2999 8497 15087 1069 999 2704 2439 566 

546 1346 -5 -5 -5 -4 784 895 
-1 -1 570 771 438 321 -1 628 

533 1196 38 40 -7 -3 700 828 
998 -1 514 771 438 1239 -1 1516 

2173 1196 36 40 2493 -3 700 828 
1948 -1 514 771 438 1239 999 1516 

2173 1196 36 40 7368 -3 700 828 
1948 -1 514 771 438 2177 999 1516 

1595 1873 3605 6064 7335 657 5062 6532 
7649 1901 2202 3376 338 14482 6103 6877 

-3 -2 -2 -3 -2 -3 -2 -3 
-1 -1 -1 -1 -1 -1 -1 -1 

-3 3748 -2 -3 -2 -3 -2 -3 
-1 -1 1499 -1 -1 -1 -1 -1 

6306 9848 11975 1452 7063 11092 5546 2594 
9741 9189 19124 4131 16059 8413 5281 17213 

6306 9848 11975 1379 10043 15360 5546 2594 
9741 9189 20167 6924 16059 7992 7516 17213 

768 -4 -3 -3 -2 444 -3 730 
538 338 -1 305 -1 -1 -1 -1 

729 -4 -3 -2 1752 2775 1802 693 
511 304 3323 289 1803 -1 -1 948 

593 799 2497 -2 3597 6348 2417 2846 
437 234 2319 1521 1545 -1 1949 5267 

593 799 2497 -2 3597 6348 2296 2846 
437 234 2319 1521 1545 -1 1851 5267 

593 799 2372 -2 3597 6348 3847 2846 
437 222 2319 1521 1545 -1 10758 5267 

593 799 2140 -2 3417 6348 6467 2703 
415 200 2319 1521 1545 -1 13983 5267 

265 -3 -3 -3 -2 -2 -3 -3 
-1 -1 -1 -1 -1 212 -1 -1 

-2 -2 -2 -2 -2 -2 -2 -2 
-1 -1 -1 -1 -1 -1 -1 -1 

-4 -4 574 -2 -4 -4 -4 -2 
-1 -1 -1 -1 -1 -1 -1 538 

-4 795 1378 712 -4 -4 -4 -6 
999 -1 948 -1 -1 -1 1499 511 

-4 1067 1582 712 551 -4 -4 -6 
999 999 948 999 948 -1 1423 511 

-4 6013 1582 712 551 -4 -4 -6 
999 999 948 999 948 -1 1423 1485 

-4 9045 1582 712 551 -4 -4 -6 
999 999 948 999 948 -1 1423 3410 

-4 10342 4627 676 551 -4 1996 -6 
999 3449 948 999 2900 -1 1423 6402 

-4 12949 4627 676 551 -4 1996 -6 
999 3449 948 999 2900 -1 1423 8581 

-4 14801 4627 676 551 -4 1996 -6 
999 3449 948 999 2900 -1 1423 9651 

-4 14060 4627 676 551 -4 1996 -6 
999 3449 948 999 2900 -1 1423 9168 

-4 16482 4395 2984 551 -3 4396 -6 
999 3276 900 999 5255 -1 1423 13149 

202 14870 3368 3493 694 861 4396 989 
901 4924 6305 948 4742 3896 1284 11866 

202 16001 2887 3493 694 861 4396 939 
855 4924 6305 900 4742 3515 1284 12772 

202 16666 6075 3493 694 861 4396 939 
2812 4924 6305 900 4742 3515 1284 20633 

955 12200 9399 3523 3967 1640 6143 725 
4960 5250 6135 732 5249 5570 1219 19744 

955 12200 9399 5346 3967 1640 6143 725 
4960 6987 6135 732 5249 5570 1219 19744 

955 12200 9399 5078 3967 1640 6143 725 
4960 6637 6135 732 5249 5570 1219 19744 

-5 -6 -5 0 -5 -6 0 2136 
-1 -1 -1 1219 19 -1 -1 11 

36 -5 54 45 -4 -5 0 1927 
-1 813 999 1099 19 901 -1 9 

36 -5 6173 45 -4 -5 0 1830 
-1 813 999 1099 19 901 2924 9 

-2 -3 -2 -2 -2 -3 -2 -2 
-1 -1 -1 -1 -1 -1 -1 -1 

4998 -3 -2 -2 -2 -3 -2 -2 
-1 -1 -1 -1 -1 999 -1 -1 

8261 1876 2588 2998 -2 2140 -2 3002 
-1 -1 6964 1352 6568 11282 3323 5014 

8261 1876 6208 2998 -2 2140 -2 3002 
-1 1499 6964 1352 6568 11282 3323 5014 

7793 4668 5677 4292 8663 5183 6884 6826 
15276 19515 9506 6529 13196 11053 6537 10091 

9278 4668 5677 7410 8663 5183 6884 6826 
15276 19515 9506 6529 14036 12500 6537 10091 

-4 47 9 -4 -3 718 -4 -3 
-1 -1 30 -1 235 -1 -1 159 

-4 3069 9 1496 -3 681 2371 -3 
-1 -1 28 -1 3882 1499 1423 159 

-3 2498 617 2404 7618 646 2139 608 
901 2302 28 3110 3328 1101 2061 1116 

-2 2498 617 2404 7618 646 2139 608 
855 2302 28 3110 3328 1101 2061 1116 

1248 2498 617 2404 8903 646 2139 608 
7812 2302 28 4954 3328 1101 2061 1116 

3685 2498 617 2404 8457 646 2031 577 
12421 2302 28 4470 3328 1101 1957 1116 

-2 -2 -2 -3 -2 -2 355 -3 
-1 -1 -1 461 -1 -1 -1 -1 

-2 -2 -2 -2 -3 -2 -3 -3 
-1 -1 -1 -1 -1 -1 -1 -1 

-3 -4 -3 659 869 -5 730 -4 
597 1332 -1 -1 628 -1 -1 -1 

-3 -4 -3 659 1658 -5 1162 -3 
1567 1332 -1 -1 628 -1 -1 1499 

291 -4 -3 563 1420 258 1047 413 
2414 1201 999 -1 1488 -1 -1 1423 

291 -4 -3 563 6349 258 1047 413 
2414 1201 999 -1 1488 -1 -1 2351 

291 -4 -3 563 6031 258 1047 413 
2414 1201 999 -1 1488 -1 -1 2233 

291 2246 -3 563 8229 258 1047 413 
2414 5640 999 -1 1488 -1 -1 6121 

291 2246 -3 563 10317 258 1047 413 
2414 5640 999 -1 1488 -1 -1 6814 

291 2246 -3 534 10317 258 1047 413 
2414 5640 999 -1 1488 -1 -1 6814 

291 2246 -3 507 10317 258 1047 413 
2414 5640 999 -1 1488 -1 -1 6814 

291 2246 -3 3338 9310 258 1047 413 
2414 5357 999 3999 1413 -1 -1 6814 

75 2302 66 737 2668 892 356 150 
909 1731 1456 1540 479 3101 375 2798 

60 6895 62 699 2668 892 356 150 
863 1644 3883 1540 2389 3101 356 2798 

60 6895 62 4785 2668 892 356 142 
863 4061 10188 1540 2389 2945 356 2798 

48 5910 46 6418 3032 847 2121 108 
1448 4857 7928 1320 1945 2657 275 4681 

48 5910 46 11097 3032 847 2121 108 
1448 4857 7928 1320 2847 2657 275 4681 

48 5910 46 10542 3032 847 2121 108 
1448 4857 7928 1320 2704 2657 275 4681 

21 -4 -4 54 312 -6 -6 1517 
-1 998 -1 -1 0 8 596 594 

21 -3 -3 51 267 39 21 1368 
-1 855 -1 -1 0 1677 510 594 

3353 -3 -3 5048 1920 39 21 1368 
-1 855 999 -1 0 1677 1484 2564 

-3 -2 -3 -3 -3 -3 -2 -3 
-1 -1 -1 -1 0 -1 -1 -1 

-3 -2 -3 -3 4997 -3 -2 -3 
-1 999 -1 -1 0 -1 -1 -1 

4657 2132 803 4761 4973 6084 8344 2304 
9121 8079 1352 5339 6022 7316 3981 6908 

-2 -2 -2 -2 -3 -3 -3 -3 
-1 -1 -1 -1 -1 -1 -1 -1 

-2 -2 3748 -2 -3 -3 -3 -3 
1499 -1 -1 -1 -1 -1 -1 -1 

10548 5260 5442 6863 5907 5014 7709 7817 
15161 7471 14625 11767 24678 9987 9245 11824 

11687 5260 5442 6863 5907 9763 7709 14710 
15161 8097 14625 13519 24444 9487 9245 11824 

-3 -4 -3 -3 -3 470 1221 -3 
-1 -1 -1 596 -1 -1 566 -1 

947 -4 1663 -3 -2 2446 1159 964 
1999 -1 -1 1342 1898 948 566 -1 

810 -3 1425 -3 -2 3873 3209 3745 
1803 999 -1 1895 3691 771 510 1220 

810 -3 1425 -3 -2 3873 3209 3557 
1803 999 -1 1895 3506 771 510 1220 

810 -3 3399 1940 2185 3873 3209 6916 
1803 999 -1 9485 14314 732 510 4659 

810 -3 3228 1842 2075 3873 3209 8880 
1803 999 -1 8560 17668 732 510 4425 

-3 -4 -3 -3 -3 -4 -3 -3 
-1 -1 -1 -1 -1 -1 -1 -1 

-2 125 -2 -2 131 -3 -3 -3 
-1 -1 -1 92 -1 54 -1 -1 

-3 775 -4 -3 64 -4 -5 767 
-1 -1 -1 48 538 28 -1 486 

-3 775 621 -3 64 -4 321 728 
-1 -1 -1 2468 538 28 -1 486 

-3 736 558 -3 53 -4 573 1004 
-1 -1 -1 3227 1387 26 -1 438 

-3 4032 558 -3 53 -4 573 1004 
-1 1999 -1 3227 1387 26 -1 438 

-3 6330 558 -3 53 -4 573 1004 
-1 2899 -1 3227 1387 26 -1 438 

-3 8513 558 -3 53 -4 573 1004 
-1 8254 -1 3227 1387 26 -1 438 

-3 8513 558 -3 1717 -4 573 1004 
-1 8254 -1 3227 1387 1024 -1 438 

-3 8513 558 -3 4131 -4 573 1004 
-1 8254 -1 3227 1387 1972 -1 438 

-3 8513 558 -3 3924 -4 573 1004 
-1 8254 -1 3227 1387 1873 -1 438 

-2 8513 558 -3 6227 -4 3683 1004 
-1 8254 -1 3227 1387 5015 1898 438 

239 4584 430 -11 3856 -10 2213 669 
-1 4941 -1 2252 1792 5772 1170 248 

1227 4584 430 -10 3856 -9 2213 669 
-1 4941 -1 2252 2702 5772 1111 248 

5261 4584 430 -9 3856 -9 2213 669 
-1 4693 -1 10707 2702 5772 1111 248 

4283 4136 430 -7 4496 3339 1896 517 
-1 3449 772 7870 4216 5209 2952 1104 

4283 4136 430 -7 4496 3339 1896 517 
-1 3449 772 7870 4216 5209 2952 1104 

4068 4136 430 -7 4496 3339 1896 517 
-1 3449 772 7476 4216 5209 2952 1104 

-2 -3 -2 -2 -2 -2 -2 -2 
-1 -1 -1 -1 -1 -1 -1 -1 

34 31 -2 -2 -2 33 -2 -2 
901 999 -1 -1 -1 -1 901 -1 

34 29 -2 -2 4081 33 -2 -2 
901 2449 999 -1 -1 -1 901 -1 

-2 -2 -2 -2 -2 -2 -2 -2 
-1 -1 -1 -1 -1 -1 -1 -1 

-2 -2 -2 4998 -2 -2 -2 -2 
-1 999 -1 -1 -1 -1 -1 -1 

2779 4559 6128 6922 4238 803 4146 779 
2442 3197 7435 4630 4294 6014 11815 998 

-5 221 -5 -5 -5 31 -3 -5 
-1 489 -1 -1 14 -1 -1 -1 

-5 221 -5 3745 -5 31 -3 -5 
-1 489 -1 -1 14 -1 1499 -1 

11005 10209 6430 7169 17512 13884 10605 9566 
11258 23360 7525 15603 12819 25817 4442 18723 

12954 12823 6430 7169 20386 13884 10605 9566 
11258 24692 7525 15603 12819 25817 4442 20772 

179 -4 -3 7 -4 57 -4 -3 
-1 113 -1 -1 96 133 -1 -1 

2752 -4 590 5 -4 3408 -3 -2 
-1 1096 -1 1352 1591 3108 901 -1 

2127 829 4087 2120 2496 2635 -3 -2 
-1 2314 -1 2003 2435 3234 1402 1999 

2127 829 4087 2120 2496 2503 -3 -2 
-1 2314 -1 1902 2435 3234 1402 1999 

2020 829 4087 2120 2496 3477 -3 -2 
-1 2314 -1 7306 2435 3234 1331 1999 

1822 829 3882 4871 2496 3477 -2 -2 
-1 2198 3999 6940 2435 2918 1331 1999 

-2 -2 -2 -2 -3 -2 -3 -2 
-1 -1 -1 -1 -1 -1 -1 -1 

-2 -2 -2 -2 -3 -2 -3 -3 
-1 -1 -1 -1 -1 -1 -1 -1 

-4 1212 -3 -4 -4 -4 -3 -4 
-1 -1 395 -1 416 -1 -1 -1 

-4 1151 -3 1246 -4 -4 391 -4 
-1 999 395 -1 1895 -1 -1 -1 

-4 1151 -4 1370 496 -4 1085 -4 
-1 948 375 -1 4477 -1 -1 -1 

-4 4843 -4 1370 496 -4 1085 -4 
1499 948 375 -1 4477 -1 -1 -1 

-4 9600 -4 1370 496 -4 1085 -4 
2424 948 375 -1 4477 -1 -1 -1 

-4 11620 -4 1370 496 -4 1085 -4 
2424 948 375 -1 9753 -1 -1 -1 

-4 14789 -4 1370 496 -4 1085 -4 
2424 948 375 -1 10765 -1 -1 -1 

-4 14049 -4 1370 496 -4 1085 -4 
2424 948 375 -1 10226 -1 -1 -1 

-4 13346 -4 1370 496 -4 1085 -4 
2424 948 375 -1 9714 -1 -1 -1 

2496 16978 -4 1301 496 -4 1085 -4 
2424 948 375 1898 12228 2499 -1 -1 

1476 8830 744 1541 405 227 1263 531 
961 1295 1681 3134 8900 3536 -1 1564 

1265 8830 744 3130 384 2001 2195 3004 
3242 1168 3417 5328 9455 3536 -1 1564 

1265 9422 4040 2973 364 2001 2195 3004 
9079 3109 3417 5061 9455 3536 -1 1564 

1083 6577 5602 2469 2060 3003 1531 3004 
6339 3627 4226 4730 8106 2116 3238 1411 

1083 6577 5602 2469 2060 3003 1531 3004 
6339 3627 4226 4730 8106 2116 3238 1411 

1028 6577 5602 2469 2060 3003 1531 3004 
6339 3627 4226 4493 8106 2116 3238 1411 

1491 -5 3 1219 163 -3 -1 -4 
-1 0 566 -1 -1 973 -1 67 

1278 123 3 1099 211 85 28 40 
-1 902 3012 -1 901 1924 -1 2010 

1278 123 3 1099 200 85 28 5369 
-1 902 4361 -1 901 1827 999 2010 

-2 -2 16 -3 -2 2253 -2 -2 
-1 -1 -1 -1 17 -1 -1 900 

-2 -2 16 -3 -2 2253 -2 -2 
-1 -1 -1 -1 17 -1 -1 900 

2989 4643 3875 2924 533 4883 2699 1549 
9837 2616 2203 8265 13 998 11984 7625 

2989 4643 3875 2924 533 4883 6314 1549 
9837 2616 2203 8265 13 998 11984 8743 

2989 4643 3875 2924 533 4883 11365 7522 
9837 2616 4092 8265 13 2448 11984 10790 

4818 3980 3681 2924 2261 5881 11365 7738 
10777 6485 4692 7851 12 3115 10815 9737 

5051 2924 2847 2380 3414 8922 10796 9074 
10664 6184 3821 7458 1010 2065 9665 8387 

5051 2924 2847 2380 3414 8922 10796 8620 
10664 6184 3821 7458 1010 2065 9181 8387 

6529 2924 2847 2380 3414 10975 10796 12235 
11130 6184 3821 7458 1010 2065 23439 8387 

6202 2506 2847 2380 3414 10426 10796 15521 
10573 5874 3821 7458 959 1961 23777 8387 

7138 6685 6913 9326 10709 2994 11911 6754 
6261 11433 7213 15622 11001 15508 11471 31337 

-3 -3 -3 -2 -2 -2 -3 -3 
-1 -1 -1 -1 -1 -1 -1 -1 

-5 -4 422 -3 -4 660 -4 2228 
567 -1 -1 -1 -1 1002 597 -1 

-5 353 422 1247 -4 660 464 2228 
567 -1 999 -1 2424 1002 597 -1 

-5 334 734 1183 -4 660 712 2228 
567 -1 948 -1 2187 1951 597 999 

-5 334 4447 1183 -4 660 712 2228 
567 -1 948 -1 3577 1951 597 999 

-5 334 4447 1183 -4 3960 712 2228 
567 -1 948 -1 5398 1951 597 999 

-5 301 6224 1183 -4 9020 6705 2010 
2038 -1 2855 -1 7628 1853 3067 2281 

-5 2785 6224 1183 -4 10107 6705 2010 
2038 -1 2855 -1 11246 1853 3067 3166 

-5 2785 6224 1183 -4 13351 6705 2010 
2038 -1 2855 -1 12183 1853 3067 3166 

-5 2785 6224 1183 -4 12683 6705 2010 
2038 -1 2855 -1 11573 1853 3067 3166 

-5 4312 6224 1183 -4 14905 6051 2010 
2038 -1 2855 -1 14994 1853 2913 3807 

177 2168 4071 2752 978 6177 3402 963 
1943 567 5642 733 7311 2947 1042 2862 

167 3309 4071 2614 3012 5574 3819 963 
1845 2886 5359 696 7311 2799 1989 4957 

167 4393 4071 5816 3012 5574 3819 963 
1845 10241 7091 696 7311 2799 1989 4957 

142 4585 3490 7718 2452 5893 4780 824 
1581 10193 7330 1423 6597 2525 1461 4865 

5134 4585 3490 7718 2452 5893 4780 824 
1581 10193 7330 1423 6597 3398 1461 4865 

4877 4585 3490 7718 2452 5893 4780 824 
1581 10193 7330 1423 6597 3228 1461 4865 

24 281 -4 5 21 688 -4 -5 
-1 52 -1 248 -1 290 -1 85 

58 331 101 35 73 699 58 -45 
1949 996 999 1173 1949 235 901 1826 

58 1981 3653 35 73 699 58 -45 
1949 2446 999 1114 1949 235 1855 1826 

-4 -3 1506 -4 -3 -4 -3 -3 
-1 -1 -1 -1 -1 771 -1 596 

-4 -3 1506 -4 -3 -4 -3 -3 
-1 -1 -1 -1 -1 771 -1 596 

5051 2319 5525 5766 9509 1349 1246 7226 
-1 9169 5664 5076 7227 2410 8419 4412 

-2 -2 -3 260 -2 -2 -2 -2 
-1 -1 -1 -1 182 -1 -1 -1 

-2 -2 -3 260 -2 -2 -2 3748 
-1 1499 -1 -1 182 -1 -1 -1 

8977 8523 7721 5247 8421 5441 8583 14597 
5619 23913 13801 15513 12558 20339 7370 20455 

8528 11430 7721 5247 8421 8502 8583 14597 
5619 23913 16355 15513 11930 20339 7370 20455 

-3 -3 -2 -2 -2 -3 -3 -3 
-1 -1 -1 -1 -1 -1 -1 -1 

-3 1497 2335 1581 -2 -2 1247 -3 
-1 2999 -1 1499 999 948 -1 999 

1936 1099 2719 2357 -2 499 2850 2013 
-1 2320 1763 3630 901 4402 2356 772 

1936 1043 2719 2357 -2 499 2850 2013 
-1 2320 1763 3630 901 4402 2356 733 

1936 2240 2719 2357 -2 499 3878 2013 
-1 7704 1763 3630 901 4402 2356 5196 

1936 4396 2582 2357 -2 499 5580 2013 
-1 9318 1763 3630 901 4402 2126 7162 

-2 74 -2 -2 -2 -2 -2 -2 
-1 -1 -1 -1 -1 -1 -1 74 

-4 39 -3 -3 -4 -3 -4 2059 
-1 -1 -1 -1 -1 -1 1206 43 

-4 870 1068 -2 -4 1196 -4 2789 
-1 999 3777 -1 -1 999 1206 40 

-4 707 1014 2498 360 1262 2251 3195 
-1 948 2922 2763 -1 2365 1088 40 

-4 707 1014 6123 360 1262 2251 3195 
1499 948 2922 2763 -1 2365 1088 40 

-4 707 1014 9150 360 1262 2251 3195 
1499 948 2922 2763 -1 2365 3033 40 

-4 637 1014 12293 2110 1262 2251 3195 
1499 948 2922 2624 -1 4746 6942 40 

-4 2549 1014 17389 2110 1262 2251 3195 
1499 948 2922 2624 -1 4746 12984 40 

-4 2549 1014 20269 2110 1262 2251 3195 
1499 948 2922 2624 -1 4746 13834 40 

-4 2549 1014 19255 2110 1262 2251 3195 
1499 948 2922 2624 -1 4746 13142 40 

-4 2421 1014 19752 2110 1262 2251 3195 
1499 948 2922 2624 -1 4746 14426 40 

-8 2071 1190 18762 2002 1198 2027 4203 
1423 855 2636 2492 -1 5233 19685 35 

-8 2071 1190 18717 2002 1137 1925 4203 
1351 812 2636 5573 -1 5233 19685 35 

-8 2071 1190 21230 2002 1137 1925 4203 
1351 2771 2636 10794 -1 5233 19685 35 

1072 1601 1019 15597 1715 3745 2358 5006 
1100 4114 4799 7537 -1 3846 15095 33 

6018 1601 1019 15597 1715 3745 2358 5006 
1100 4114 4799 8160 -1 3846 15095 33 

5717 1601 1019 15597 1715 3745 2358 5006 
1100 4114 4799 7751 -1 3846 15095 33 

1862 1158 349 1346 -2 2 162 -4 
-1 847 566 325 696 -1 -1 101 

1680 1158 347 1153 -2 1 202 -3 
-1 804 1460 293 661 948 772 90 

1680 4850 347 2821 -2 1 202 -3 
1499 804 1460 293 661 948 772 1506 

-4 -3 -3 -4 -3 -3 -4 -3 
-1 -1 -1 -1 -1 -1 -1 -1 

-4 -3 -3 -4 -3 4997 -4 -3 
-1 999 -1 -1 -1 -1 -1 -1 

7733 3842 542 2317 1647 4262 6846 -2 
3351 12006 4273 5923 2849 3141 2109 6748 

-2 -2 -3 -2 -2 -2 -2 -2 
-1 -1 -1 -1 -1 -1 -1 -1 

-2 -2 -3 -2 2914 -2 -2 -2 
3499 -1 -1 -1 -1 -1 -1 -1 

4866 2258 5182 5277 3336 4942 6461 6454 
11069 7693 11729 5699 10516 18579 4240 8164 

4866 5478 5182 5277 3336 4942 13706 9464 
11069 7693 11729 5699 10990 18579 7726 10255 

-2 74 -2 -2 -2 81 0 -2 
-1 35 -1 -1 -1 57 -1 3 

-2 4100 -2 -2 1873 72 0 899 
-1 1533 -1 1352 2571 54 -1 952 

-2 3338 -2 642 4024 976 1635 5018 
-1 1314 -1 2583 3839 2077 901 1809 

-2 3171 -2 642 4024 976 1635 5018 
-1 1314 -1 2583 3646 2077 901 1809 

-2 3994 -2 1763 4024 976 1635 6812 
-1 1314 -1 6953 8963 2077 3855 1809 

-2 3994 2373 1763 4024 927 1553 6812 
-1 1314 -1 11105 8963 2077 3855 1809 

413 28 -5 -4 937 -5 739 -4 
-1 1150 -1 -1 -1 79 -1 338 

-2 -2 -3 30 -3 -2 -2 4 
-1 -1 -1 3 -1 -1 -1 21 

-5 -5 -4 581 -4 -3 -3 -2 
-1 438 -1 1 -1 -1 -1 8 

436 -5 -4 581 -4 711 -2 -2 
-1 438 2424 1 -1 -1 -1 7 

436 -5 -4 996 -4 711 -3 -2 
-1 416 2302 0 -1 999 -1 5 

4164 -5 -4 996 -4 711 -3 -2 
-1 416 2302 0 1499 999 -1 5 

3955 -5 -4 996 -4 711 -3 -2 
-1 416 2302 0 1423 999 -1 5 

3955 -4 -4 3029 6121 711 -3 -2 
2499 416 3577 0 1423 3949 -1 4 

3955 -4 -4 3029 7481 711 -3 -2 
2499 416 3577 0 1423 4751 -1 4 

3955 -4 -4 3029 9606 711 -3 -2 
2499 416 3577 0 1423 5513 -1 4 

3955 -4 -4 3029 9125 711 -3 -2 
2499 416 3577 0 1423 5237 -1 4 

3955 -3 -4 2877 11168 711 -3 -2 
2373 416 3577 0 1423 8475 -1 3 

3955 -4 -4 3447 11496 711 -3 -2 
6254 416 3577 0 1423 13551 -1 2 

3955 1871 -4 3447 11562 640 -3 -2 
5941 1781 3577 0 3851 13551 -1 1 

3955 1871 -4 3447 12041 640 3330 -2 
5941 1781 3577 0 9158 13551 -1 2000 

3220 3661 946 2807 10432 4134 5754 -2 
5093 4789 2913 0 8035 11485 -1 3864 

3220 3661 3398 2807 10432 4134 5754 -2 
5093 4789 2913 0 8035 11910 -1 3864 

3220 3661 3228 2807 10432 4134 5754 -2 
5093 4789 2913 0 8035 11314 -1 3864 

805 -3 -3 -3 445 694 -3 -3 
-1 1001 -1 -1 -1 248 -1 -1 

689 91 -2 -2 445 626 39 -2 
-1 1853 -1 999 -1 212 901 -1 

5654 91 -2 -2 445 3094 39 1664 
999 2760 -1 999 -1 212 901 999 

0 -2 -3 -3 -2 -3 -2 -3 
-1 -1 -1 -1 -1 -1 -1 -1 

0 -2 4997 -3 -2 -3 -2 -3 
-1 -1 -1 -1 -1 999 -1 -1 

1461 4054 4232 6628 11391 8658 4643 4123 
2326 9379 9726 1670 5549 7787 1423 2754 

1461 4054 4232 6628 11391 8658 6910 4123 
2326 9379 9726 1670 5549 9897 1423 2754 

7983 9081 8050 4601 9171 7979 9891 9593 
2240 17043 23158 14357 20529 14313 17978 12873 

7583 9081 8050 4601 9171 11330 11896 15574 
2240 17043 24000 14357 21002 15097 17650 12873 

-3 -2 -3 -3 -3 -3 -3 -3 
-1 -1 -1 -1 -1 -1 -1 -1 

2419 -2 -2 -3 -2 -3 1497 830 
-1 2706 -1 3849 -1 -1 -1 1352 

4690 -2 789 -3 -2 1403 1349 2823 
901 3222 1898 4199 856 1284 -1 2943 

4690 -2 789 -3 -2 1403 1349 2681 
901 3222 1803 4199 856 1284 -1 2943 

5549 -2 789 -3 -2 1403 1349 4115 
901 3060 9212 4199 856 1284 3499 2943 

5271 -2 749 -2 -2 1332 1349 7783 
901 4407 11251 3789 813 1219 3323 2943 

1661 -5 -3 -5 535 158 11 44 
-1 82 238 46 -1 1619 -1 44 

-3 -2 -3 62 -2 -3 -2 -2 
-1 24 -1 -1 -1 -1 -1 -1 

402 -3 -3 46 -4 850 -4 -4 
-1 13 -1 416 628 -1 -1 -1 

701 -3 -3 46 -4 850 -4 710 
-1 1012 -1 416 628 -1 999 -1 

943 -3 -3 40 -4 850 -4 839 
-1 1913 -1 395 628 999 948 -1 

943 3747 -3 40 -4 850 -4 839 
-1 1913 -1 1875 628 999 948 -1 

943 3747 -3 40 -4 4140 -4 839 
1999 1913 -1 1875 628 999 948 -1 

3895 3747 -3 2180 -4 5432 -4 839 
4399 4817 -1 1875 628 3949 948 -1 

3895 3747 -3 2180 -4 11327 -4 839 
7179 4817 999 1875 628 3949 948 -1 

3895 3747 -3 2180 -4 13260 -4 839 
8820 4817 999 1875 628 3949 948 -1 

3895 3747 -3 2180 -4 12596 -4 839 
8378 4817 999 1875 628 3949 948 -1 

3700 3747 -3 2070 -4 16242 -4 839 
11459 4576 1949 1875 628 3751 948 -1 

2446 3046 -9 2177 544 11165 -8 646 
8704 3540 1432 2950 395 7029 661 -1 

2446 3046 -8 2177 544 10606 -7 3113 
8268 3540 1432 2802 1375 6343 661 -1 

2446 3046 -8 2177 544 10606 1011 3113 
8268 3540 1432 2802 1375 11525 661 -1 

2467 2480 4821 3768 490 9571 1983 4675 
7734 4937 3360 2328 3434 9880 1469 2625 

2467 2480 4821 3768 5465 9571 1983 4675 
7734 4937 3360 2328 3434 9880 2395 2625 

2467 2480 4821 3768 5191 9571 1983 4675 
7734 4937 3360 2328 3434 9880 2275 2625 

2262 2059 3532 2915 4272 8637 1621 4054 
6299 4020 3360 2100 5034 10757 3802 3605 

2262 6956 3532 6102 4272 8637 4039 4054 
6299 4819 3360 3495 6782 10757 3802 3605 

-2 -3 -3 0 672 -3 -2 -2 
-1 0 -1 -1 -1 395 -1 -1 

-2 -3 -3 0 672 -3 -2 4998 
-1 0 -1 -1 999 395 -1 -1 

1179 2682 4680 847 2075 -26 2638 4467 
11160 7933 4273 -1 4456 2326 4962 -1 

-3 -3 -4 -3 -3 -3 -3 -4 
-1 -1 -1 -1 -1 -1 -1 -1 

-3 -3 3329 -3 -3 -3 -3 -4 
-1 -1 -1 -1 -1 -1 -1 1999 

19082 10305 5971 4851 11246 8061 13186 5253 
4245 20786 9395 10268 20758 13285 9979 14947 

19082 10305 5971 9608 14433 8061 13186 10209 
6032 20786 12761 10268 20758 13285 9979 14947 

-2 -3 -3 -3 -2 -3 -3 -2 
-1 -1 -1 -1 -1 -1 -1 -1 

-2 -3 4504 830 -2 -3 -3 -2 
-1 -1 1423 3323 1499 -1 -1 -1 

-2 1580 3483 1320 -3 2358 -3 1426 
-1 2616 2512 3473 1284 1352 -1 -1 

-2 1580 3308 1320 -3 2358 -3 1426 
-1 2616 2512 3299 1284 1352 -1 -1 

-2 1580 4604 3754 934 2358 -3 6354 
-1 2485 7481 10634 1284 1352 -1 -1 

2610 1580 4604 3754 934 2021 -3 6354 
-1 2485 7481 10102 6383 1352 -1 -1 

-5 371 -1 -5 -2 -5 -4 -4 
-1 -1 1 0 0 1 -1 192 

-2 -3 -2 -3 -2 -3 -3 -2 
-1 -1 -1 -1 -1 -1 -1 -1 

-4 -4 -5 -3 1187 -5 -4 -3 
-1 486 -1 -1 -1 -1 -1 375 

1423 -4 -4 -3 1187 -5 -4 -3 
-1 1461 -1 -1 1499 -1 -1 375 

2052 -4 -4 260 1187 -5 -5 -3 
-1 1387 -1 -1 1423 -1 1949 375 

2052 -4 -4 260 3627 -5 -5 -3 
999 1387 -1 -1 1423 -1 1949 375 

2052 -4 -4 260 7195 -5 -5 -3 
2449 1387 -1 -1 1423 -1 1949 375 

2052 2912 -4 260 8620 -5 -5 -3 
4826 1387 -1 -1 4851 -1 1851 375 

2052 4130 -4 260 8620 -5 -5 4997 
4826 1387 999 -1 4851 -1 4758 375 

2052 6423 -4 260 8620 -5 -5 4997 
4826 1387 999 -1 4851 -1 5520 375 

2052 6101 -4 260 8620 -5 -5 4997 
4826 1387 999 -1 4851 -1 5243 375 

2052 9129 -4 4854 8620 -5 -5 6884 
4826 2317 2326 1999 4851 -1 6980 356 

1849 8387 571 3883 8232 284 -8 5931 
3733 4292 2483 2485 6866 -1 12115 4805 

4256 9330 542 3883 7820 269 -7 7430 
3368 6577 2358 5567 7196 -1 12115 4119 

4256 9330 542 3883 7820 269 -7 8077 
3368 6577 2358 10788 7196 -1 12115 4119 

4468 8643 357 6162 6704 1034 2997 6223 
2605 5356 2506 10140 6763 1670 13392 3186 

4468 8643 2839 6162 6704 1034 2997 6223 
2605 6088 2506 10140 6763 1670 13392 3186 

4468 8643 2839 6162 6704 982 2997 6223 
2605 6088 2380 10140 6763 1670 13392 3186 

-3 -2 -2 -3 -2 -2 -3 -2 
-1 -1 -1 -1 -1 -1 -1 -1 

1663 -2 -2 -3 2498 -2 -3 -2 
-1 999 -1 -1 -1 -1 -1 999 

3830 8210 2839 5018 5460 932 2658 6223 
2350 5219 2380 9632 5508 1586 11764 4026 

3830 8210 7697 5018 5460 932 2658 6223 
2350 5219 2380 9632 6232 1586 11764 4026 

8285 10666 6415 4728 4974 5621 8964 4856 
5367 4786 3438 9150 12443 3351 15107 11698 

-2 -2 -3 -1 -3 -3 -2 -2 
-1 -1 0 -1 -1 -1 -1 -1 

-2 -2 -3 -1 -3 3747 -2 -2 
-1 -1 0 -1 -1 1499 -1 -1 

-4 -3 -4 -3 7 -3 -3 -4 
-1 -1 -1 -1 -1 -1 -1 19 

3746 5466 3746 -3 7 -3 -3 -4 
-1 -1 -1 1499 -1 1999 1499 2518 

4708 2595 3447 5632 4820 5202 7581 3449 
3907 9846 8101 14506 7381 9603 5444 12961 

4035 2595 3447 7082 8055 5202 6841 4808 
6605 9353 8101 13091 8561 8666 5171 13312 

3458 3232 3904 6727 6559 4236 7352 4338 
6605 8440 6945 13091 6835 7058 5497 12913 

3458 3232 3904 6727 6559 4236 7352 4338 
6605 8440 6945 13091 6835 7058 5497 12913 

3458 3232 6449 6727 6559 5690 7352 6798 
6605 8440 6945 13091 17010 9705 5497 12913 

3458 3232 8195 6727 6559 5405 7352 8510 
6605 8440 6945 13091 17283 11219 5497 12913 

1182 26 -4 -4 354 8 140 -5 
1 33 279 0 -1 16 -1 1224 

-2 -3 -3 -3 3 -2 -2 -2 
-1 -1 -1 1 -1 -1 -1 -1 

-5 -3 -3 -4 895 659 1729 -3 
-1 -1 772 0 -1 696 1046 597 

-5 -3 1497 -4 1564 659 1892 -3 
999 999 772 0 -1 696 1046 2067 

404 524 1421 -4 1715 594 1892 -3 
901 901 2564 949 -1 661 993 2067 

404 524 1421 2496 1715 594 1892 -3 
901 901 2564 949 -1 661 1943 2067 

404 524 1421 2371 1715 594 1892 -3 
901 901 2564 949 -1 661 1845 2067 

404 524 1421 4335 3712 3035 1892 -3 
901 901 4935 3401 -1 661 4252 2067 

404 524 1421 5903 3712 7883 1892 -3 
901 901 4935 3401 999 661 6539 2067 

404 524 1421 8107 3712 7883 1892 -3 
901 901 4935 3401 999 661 7712 2067 

404 524 1421 7701 3712 7883 1892 -3 
901 901 4935 3401 999 661 7326 2067 

404 524 1421 9458 3526 7488 1892 -3 
901 901 4688 3401 948 661 9959 2067 

404 2236 1421 9458 3734 7488 2172 -3 
901 901 6180 3401 948 661 16758 2067 

404 1916 1421 9458 3201 8988 2172 -3 
901 3855 5870 3230 900 661 15920 1865 

404 1916 1421 9458 3201 9561 2172 -3 
901 8162 5870 3230 900 661 15920 1865 

1515 6269 2822 8702 5321 7921 5246 -3 
696 9075 5935 2498 1596 2127 13175 4285 

1515 10955 2822 8702 5321 7921 5246 -3 
696 9075 5935 2498 1596 3020 13175 4285 

1515 10407 2822 8702 5321 7921 5246 -3 
696 9075 5935 2498 1596 2868 13175 4285 

1474 10407 2778 7853 4802 7148 5246 -21 
627 9621 5935 2373 1440 3538 12516 3867 

1474 10407 5139 9960 4802 7148 5246 4980 
627 10639 5935 2373 1440 5143 12516 3867 

-4 98 -3 301 -3 -3 24 67 
-1 87 -1 -1 31 -1 41 108 

-4 98 4997 301 -3 -3 24 67 
-1 87 -1 -1 31 -1 41 1102 

1401 48 7992 4994 4397 2646 2767 2664 
7230 1491 -1 2983 1523 4582 11006 2574 

309 -2 -2 -2 -3 -2 131 -2 
-1 -1 -1 49 -1 321 -1 -1 

309 -2 -2 -2 3747 -2 131 -2 
-1 -1 -1 49 1499 321 -1 -1 

6452 12383 2463 4247 8028 6873 5727 8257 
12718 13214 10939 7376 18873 15025 14943 7444 

6452 14888 2463 4247 11376 11529 7107 8257 
12718 14375 10939 9507 18873 15025 15195 7444 

-2 -3 0 -2 -3 -2 -3 -2 
-1 -1 -1 0 -1 -1 -1 -1 

-2 -3 0 -2 2793 -2 -3 -2 
-1 -1 5060 0 -1 -1 -1 -1 

-2 1115 -1 -2 4358 1812 946 -2 
3140 -1 4516 0 -1 -1 1856 1898 

-2 1115 -1 -2 4358 1812 946 -2 
3140 -1 4516 0 -1 -1 1856 1898 

-2 1115 -1 -2 4358 1812 898 1164 
3140 6999 4516 0 -1 -1 1856 1898 

-2 1115 -1 -2 4358 1812 810 3605 
3140 10149 4290 0 -1 -1 1763 1898 

-4 -5 -4 5 -4 5 650 -5 
-1 2 -1 -1 303 9 -1 0 

-2 -2 -3 -2 -2 -2 -2 -3 
-1 -1 -1 -1 -1 -1 -1 -1 

-3 -3 -4 -3 -5 351 -4 -4 
-1 -1 461 -1 -1 -1 -1 -1 

-3 -2 891 -3 -5 750 829 -4 
1851 999 461 999 -1 -1 -1 -1 

-3 -3 891 -3 411 750 1164 -4 
1758 999 437 2851 -1 -1 -1 -1 

-3 -3 891 -3 411 750 3605 -4 
1758 999 437 2851 -1 -1 -1 999 

-3 -3 891 -3 411 750 7174 -4 
1758 999 437 2851 -1 -1 -1 2449 

-2 -3 891 -3 411 750 12990 -4 
1670 999 1415 2851 -1 -1 2999 6612 

-2 -3 891 -3 411 750 14840 -4 
1670 999 1415 2851 -1 -1 2999 8281 

-2 -3 891 -3 411 750 19098 -4 
1670 999 1415 2851 -1 -1 2999 8866 

-2 -3 891 -3 411 750 18143 -4 
1670 999 1415 2851 -1 -1 2999 8866 

-2 -3 891 -3 411 750 19735 -3 
1670 999 1415 2708 3999 -1 2999 8866 

329 -17 617 305 922 477 10043 181 
2449 662 938 2284 7243 956 1538 5358 

312 -16 1348 289 922 2953 10043 171 
2326 597 938 2284 7486 2408 1538 5090 

312 -16 5499 289 922 2953 10043 171 
2326 597 938 2284 11111 2408 1538 6835 

296 4113 4479 200 789 3456 8179 1817 
1709 1411 2117 4285 8167 2966 1318 5288 

296 4113 4479 200 5749 3456 8179 1817 
1709 1411 2117 5070 8167 2966 1318 5288 

296 4113 4479 200 5461 3456 8179 1817 
1709 1411 2117 4816 8167 2966 1318 5288 

296 4113 4042 189 4928 3168 6364 1668 
1709 1273 2860 5575 8854 2415 1252 4772 

296 4113 4042 2545 4928 3168 6364 5334 
1709 2573 2860 6796 8854 2415 1252 4772 

-4 1930 -3 -3 -3 -3 -3 -4 
812 -1 -1 -1 -1 -1 -1 -1 

-4 6833 -3 -3 -3 -3 -3 -4 
1771 -1 -1 -1 -1 -1 -1 -1 

3565 8568 3070 3144 2042 -2 6772 -3 
13287 2326 10496 -1 5729 -1 5010 4084 

-3 -3 -2 -2 -3 -2 -2 -2 
-1 -1 -1 -1 -1 -1 -1 -1 

-3 -3 -2 -2 -3 -2 3748 -2 
-1 1499 -1 -1 -1 -1 -1 -1 

2327 4887 10507 3683 7835 6700 8879 10034 
9311 11667 13653 4557 5043 10546 20711 13535 

2327 7142 10507 3683 7835 6700 8879 19923 
12278 11667 13653 4557 5043 11018 21675 13535 

-2 -2 -2 -2 -2 -2 -2 -2 
-1 -1 -1 -1 -1 -1 -1 -1 

-2 -2 4213 -2 -2 712 -2 1664 
-1 -1 1999 -1 4157 -1 999 -1 

-2 831 5491 -2 1421 3109 -2 2783 
901 -1 3186 -1 4968 -1 813 813 

-2 831 5216 -2 1421 3109 -2 2783 
901 -1 3186 -1 4719 -1 813 813 

-2 2789 6264 -2 3155 3109 -2 2783 
901 -1 5026 6499 9983 -1 813 813 

-2 2789 5950 -2 5497 2953 -2 2783 
855 -1 9774 6173 9983 -1 772 772 

312 93 -2 15 -4 -5 6 206 
-1 -1 490 170 -1 -1 -1 453 

-2 -2 -3 -2 -2 -2 154 -2 
-1 -1 -1 -1 -1 -1 -1 83 

-4 -3 670 -4 -4 -3 84 -4 
-1 597 -1 -1 -1 -1 -1 41 

996 -3 670 -4 621 -3 454 -4 
999 597 -1 1499 -1 1499 -1 41 

996 -3 670 -4 621 -4 408 308 
999 597 -1 1423 -1 1499 999 38 

996 -3 670 -4 621 -4 408 2792 
999 1567 -1 1423 -1 1499 999 38 

996 -3 670 -4 621 -4 408 5152 
999 2988 -1 1423 -1 1499 999 38 

996 -3 670 2996 2339 2496 387 4894 
1949 2988 -1 4284 3323 1499 999 38 

996 -3 670 2996 3472 2496 387 9649 
1949 2988 -1 4284 5424 1499 999 38 

996 -3 670 2996 5798 2496 387 9649 
1949 2988 -1 4284 6152 1499 999 38 

996 -3 670 2996 5508 2496 387 9649 
1949 2988 -1 4284 5844 1499 999 38 

996 -3 670 2996 7732 2371 367 12916 
1851 2988 -1 4069 10099 1499 999 38 

981 138 648 1306 5032 819 3672 5845 
949 1784 973 3501 5925 2478 567 16 

885 130 3115 2959 7280 819 5095 5552 
949 3984 2378 3501 6297 2354 3538 14 

885 130 3115 2959 7280 819 5976 5552 
949 3984 2378 3501 6297 2354 8361 14 

4351 2071 2536 3315 5631 701 7166 6231 
772 3742 4152 4109 6679 3642 7759 2073 

4351 5717 2536 3315 5631 701 7166 6231 
772 3742 4152 4109 6679 4959 7759 2073 

4351 5431 2536 3315 5631 701 7166 6231 
772 3742 4152 4109 6679 4710 7759 2073 

4165 5159 2409 3039 4381 701 5882 5665 
1696 4327 5412 3903 6344 3644 7370 2969 

4165 6567 6038 3039 4381 701 5587 5665 
1696 4327 5412 5207 6344 3644 8001 2820 

-2 -2 -2 -2 -2 -2 -2 -2 
-1 -1 -1 -1 -1 -1 -1 -1 

-2 -2 -2 -2 -2 -2 -2 4998 
-1 -1 -1 -1 999 -1 -1 -1 

-2 10098 1050 2208 2702 2937 1023 6910 
1715 3613 -1 -1 11565 7700 12088 5057 

-2 -2 -2 -2 -3 -2 -2 -2 
-1 -1 -1 -1 -1 -1 -1 -1 

-2 -2 -2 -2 3747 -2 -2 -2 
-1 -1 1499 -1 -1 -1 -1 -1 

-4 -3 153 -3 851 413 -3 59 
-1 290 -1 -1 485 112 -1 -1 

-4 2997 3895 3330 3308 413 -3 59 
-1 1275 1499 1999 485 3106 -1 -1 

3635 4156 2983 2778 6052 3422 4284 6372 
3162 5412 19246 4416 4355 9184 2805 11764 

3635 5417 3691 2778 6847 3422 4672 6372 
3162 5412 18758 4416 4137 9288 2805 11764 

3116 7702 6301 2381 5869 3309 3744 5188 
2575 5310 12401 3785 5580 8382 2404 12175 

3116 7702 6301 2381 5869 3143 3744 5188 
2575 5310 12401 3595 5580 8382 2404 12175 

3116 7702 5985 2381 5869 4365 3744 5188 
2575 5310 12401 11415 5580 8382 2283 12175 

2960 7702 5401 2381 5869 6959 3744 5188 
2575 5310 12401 13847 5580 8382 2168 12175 

147 26 -4 -5 11 107 -5 -6 
-1 8 228 -1 81 94 -1 123 

-2 -2 -2 -2 -2 43 -2 -2 
-1 -1 28 -1 -1 -1 -1 -1 

-2 -4 -4 1101 1571 15 -4 605 
733 -1 14 -1 -1 -1 944 486 

-2 -4 353 1101 1571 728 1662 605 
1696 -1 14 999 -1 -1 1896 486 

259 -4 353 1101 1571 655 1577 605 
1696 -1 12 999 999 -1 1801 486 

259 -4 353 1101 1571 3955 1577 605 
1696 1999 12 999 999 -1 1801 486 

259 -4 353 1101 1571 6257 1577 605 
1696 3399 12 999 999 -1 1801 486 

259 -4 6918 3076 1571 7729 1577 3074 
1611 5729 12 999 6251 4349 1801 461 

259 -4 6918 3076 1571 10675 1577 3074 
1611 7442 12 999 6251 4349 1801 461 

259 -4 6918 3076 1571 15141 1577 3074 
1611 8069 12 999 6251 4349 1801 461 

245 -4 6918 3076 1571 15141 1577 3074 
1611 8069 12 999 6251 4349 1801 437 

2732 -4 6572 3076 1571 15141 1577 2920 
1530 8069 12 999 6251 4349 1801 3719 

3347 -6 6640 2998 1422 11120 1375 2137 
1245 9491 10 948 5951 3196 1466 10679 

3179 -5 6640 2847 1350 11120 1375 2137 
1182 9491 10 948 5951 3036 1392 10144 

3179 -5 6640 3954 1350 11120 1375 2137 
8122 9491 10 948 5951 3036 1392 10144 

3017 4215 6241 3755 3543 12271 10631 2958 
6284 9103 909 3162 5890 3879 2796 10953 

3017 4215 6241 3755 3543 12271 10631 2958 
6284 9103 909 3162 5890 3879 2796 10953 

3017 4215 6241 3755 3543 12271 10099 2958 
6284 9103 909 3162 5890 3879 2656 10953 

2619 4215 5632 3058 3543 9532 10099 2709 
6284 8215 909 2710 5049 4450 4129 9390 

2619 6504 5632 3058 3543 9532 9593 6323 
7469 8215 909 3870 5049 4450 4129 9390 

-3 -3 -3 3 3 -4 -3 -3 
-1 -1 -1 -1 -1 -1 -1 6 

-3 -3 -3 3 3 -4 -3 -3 
-1 -1 -1 -1 -1 -1 -1 6 

3514 2087 2197 3217 2075 2325 -3 1645 
-1 5216 -1 2753 1803 1284 18029 4505 

-2 -2 -2 247 -3 -2 -2 -2 
-1 -1 -1 147 -1 -1 -1 -1 

-2 -2 -2 247 3747 -2 -2 -2 
-1 -1 -1 147 1499 -1 -1 -1 

7098 9049 10258 3382 16069 8659 10147 4907 
15718 14048 19592 14914 18700 9080 5844 19407 

10493 9049 10258 3212 17765 8659 10147 4907 
15718 16078 19592 14914 18700 9080 5551 19407 

-2 -3 -3 -2 -2 -2 -2 -3 
-1 -1 -1 -1 -1 -1 -1 -1 

1185 -3 1872 -2 -2 1845 1581 -3 
-1 -1 3499 2302 -1 999 -1 -1 

1069 1078 3697 -2 -2 3724 2712 -3 
1284 -1 4895 3557 813 813 -1 -1 

1069 1078 3697 -2 -2 3724 2712 -2 
1284 -1 4895 3557 813 813 -1 -1 

1069 1078 3697 1942 -2 3537 2712 1386 
1219 -1 4895 3557 813 4272 -1 7499 

1069 1078 3697 1844 -2 3191 2712 3816 
1099 -1 4895 3557 813 3855 -1 12124 

568 -5 13 9 266 -4 100 1787 
-1 21 620 628 10 37 -1 21 

-2 -2 -2 -2 -2 -2 4 -2 
-1 -1 -1 1 -1 -1 -1 -1 

-5 -3 -4 -4 -4 -3 788 -4 
-1 -1 -1 0 -1 597 -1 -1 

1245 -3 -4 -4 -4 -3 1123 -4 
-1 1499 -1 0 1499 567 -1 -1 

1182 -3 -4 -4 -5 -3 1123 245 
-1 1423 999 0 1499 538 -1 -1 

1182 -3 -4 -4 -5 4997 1123 245 
-1 1423 999 0 1499 538 -1 999 

1182 -3 -4 -4 -5 4747 1123 245 
-1 1423 999 0 1499 538 -1 948 

3622 2913 -4 -4 -5 6658 1123 245 
-1 1423 999 0 2424 538 -1 7922 

3622 2913 -4 -4 -5 8825 1123 245 
-1 1423 999 0 2424 538 -1 9525 

3622 2913 -3 -4 -5 8825 1123 245 
-1 1351 999 0 2424 538 -1 9525 

3622 2913 -2 -4 -5 8825 1123 245 
-1 1283 999 0 2424 538 -1 9525 

3622 2767 5348 -4 4276 8383 1123 3982 
-1 4218 3326 1500 4087 538 -1 9525 

3622 2626 7272 -4 3298 7961 1123 3618 
-1 10456 3001 1424 5308 538 -1 9166 

3440 5338 8410 -3 3298 7961 1123 4584 
-1 12433 5083 1424 5042 3810 -1 8707 

3440 5338 9143 -3 3298 7961 1123 7688 
-1 13811 5083 1424 5042 9619 -1 8707 

4165 4254 7350 3917 2827 9352 1013 9093 
-1 12464 5096 4680 4608 8141 998 11438 

4165 4254 7350 3917 2827 9352 5962 9093 
-1 12840 5096 4680 4608 8141 998 11438 

4165 4254 7350 3917 2827 9352 5663 9093 
-1 12197 5096 4680 4608 8141 998 11438 

750 -3 -3 -3 2140 -4 -3 -4 
-1 965 855 -1 -1 -1 -1 -1 

649 -2 -2 89 1776 -3 30 31 
-1 916 2773 999 -1 -1 901 948 

5616 -2 -2 89 3353 2497 30 31 
-1 916 2773 1949 999 -1 901 1900 

-3 -2 692 -3 -2 -2 -3 -2 
-1 -1 -1 -1 -1 485 -1 0 

-3 -2 692 -3 -2 -2 -3 -2 
-1 -1 -1 -1 -1 485 -1 0 

-2 -2 657 622 2498 965 2551 2555 
-1 901 2851 -1 14875 485 -1 1424 

-2 -2 657 622 2498 965 5756 2555 
1999 901 2851 -1 14875 485 -1 1424 

3743 4186 3721 6966 2900 9556 11710 10473 
6338 15744 5443 5693 16733 9226 22841 8231 

6555 6476 3721 6966 2900 9556 11710 13074 
6338 15744 6170 8408 18396 9226 22841 8231 

-3 -2 -2 -3 -3 -2 -2 -3 
-1 -1 -1 -1 -1 -1 -1 -1 

1801 1426 -2 -3 2185 2373 -2 -3 
-1 999 -1 -1 -1 1898 1998 3680 

2509 2941 -2 3435 3054 1419 -2 788 
-1 2851 948 901 -1 1394 3568 3607 

2509 2941 -2 3263 3054 1419 -2 788 
-1 2708 948 901 -1 1394 3568 3607 

2509 2941 -2 4479 3054 1347 -2 788 
-1 10572 948 901 -1 1394 3568 3607 

2509 2941 -2 6755 3054 1215 -2 748 
-1 13816 948 901 -1 1394 3389 3607 

-4 -5 36 -5 -5 447 539 -4 
-1 860 -1 28 -1 -1 -1 347 

-2 -3 -2 -2 -2 -2 -2 -2 
-1 -1 -1 -1 -1 -1 -1 -1 

-4 -5 -3 -3 -4 637 -4 -4 
-1 -1 -1 461 -1 -1 -1 -1 

2017 328 1186 997 -4 637 -4 -4 
999 999 -1 1437 2851 -1 -1 -1 

1904 294 1069 946 -4 1605 -4 -4 
948 948 -1 2072 2444 -1 -1 999 

6808 294 1069 946 -4 1605 -4 -4 
948 948 999 2072 2444 -1 -1 999 

8967 294 1069 946 -4 1605 -4 -4 
948 948 2449 2072 2444 -1 -1 999 

10185 294 1069 2773 2496 1605 -4 3746 
900 2400 5610 2072 3321 -1 -1 999 

13425 294 1069 2773 2496 1605 -4 3746 
900 2400 6829 2072 3321 -1 -1 999 

16503 294 1069 2773 2496 1605 -4 3746 
900 2400 7987 2072 3321 -1 -1 999 

15677 294 1069 2773 2496 1605 -4 3746 
900 2400 7587 2072 3321 -1 -1 999 

17750 294 1069 2634 2252 1605 -4 3746 
854 2279 11207 2072 3154 -1 -1 999 

7729 316 1497 1820 1624 1055 113 3177 
394 9975 8825 3163 2302 -1 901 1166 

7729 316 3922 1820 3132 4701 1284 4446 
374 9975 9864 5114 2302 1999 1813 1166 

7729 316 3922 1820 3132 7799 1284 5723 
374 9975 9864 5114 2302 7899 3722 1166 

8176 1668 8926 1481 2075 8378 4689 6260 
304 9665 8250 6178 3228 7231 3190 4763 

8176 1668 8926 1481 2075 8378 6954 6260 
304 9665 8250 6178 3228 7869 3190 4763 

8176 1668 8926 1481 2075 8378 6606 6260 
304 9665 8250 6178 3228 7475 3190 4763 

7802 1505 8479 1406 1823 7560 6606 5649 
1288 9181 7073 5869 3228 6408 3190 4985 

7802 6429 8479 1406 6520 7560 6606 5649 
1288 9181 7073 6575 3228 6408 4030 6235 

-2 -2 -2 -2 -2 -2 -2 -2 
-1 -1 -1 -1 -1 -1 -1 -1 

-2 -2 -2 -2 -2 4998 -2 -2 
-1 -1 999 -1 -1 -1 -1 -1 

7279 2270 3571 2708 -2 4824 6217 4761 
-1 6319 5388 11824 2234 5109 3256 9541 

-3 -2 -2 -2 -3 -3 -2 -2 
-1 -1 -1 -1 -1 -1 -1 -1 

-3 -2 -2 3748 -3 -3 -2 -2 
-1 1499 -1 -1 -1 -1 -1 -1 

-4 -4 -4 -4 -3 -3 -3 -3 
-1 -1 -1 -1 -1 -1 -1 -1 

-4 -4 -4 3121 -3 3747 2497 -3 
-1 -1 1499 -1 -1 -1 2499 1999 

6958 3947 10681 13771 7545 5082 7195 8095 
12850 21413 12941 15241 10833 7696 21300 12395 

6958 3561 9639 13082 8684 8544 7195 10230 
13097 24893 11095 15241 10776 7696 19223 11775 

6279 4971 7849 12911 7444 7324 6835 7914 
10948 19261 9036 14704 11487 6945 16481 10095 

6279 4971 7849 12911 7444 6957 6835 7914 
10948 18297 9036 14704 11487 6945 16481 10095 

6279 4971 7849 12911 7071 8160 6835 7914 
10948 26382 8584 14704 11487 6945 16481 10095 

6279 4971 7849 12265 8569 8160 6835 7914 
10948 26382 8584 14704 10366 11017 16481 10095 

3689 564 -5 -5 -5 -4 -5 -6 
-1 596 1159 -1 -1 -1 -1 -1 

-2 -3 -3 -2 -3 -2 -3 -2 
-1 -1 -1 -1 -1 -1 -1 -1 

-4 -5 811 -4 1278 -4 -5 -3 
-1 -1 -1 -1 -1 -1 1202 -1 

-4 -4 811 1195 1769 -4 -5 -3 
-1 -1 2899 -1 999 -1 1141 -1 

-4 -4 1082 1133 1769 -4 -5 -3 
-1 999 2899 -1 999 -1 1141 -1 

-4 -4 1082 1133 5013 -4 -5 -3 
-1 999 2899 -1 999 1999 1141 -1 

-4 -4 1082 1133 9762 -4 -5 -3 
-1 999 2899 -1 999 2899 1141 -1 

-4 -4 3944 1133 11218 -4 -4 -3 
-1 948 6254 -1 999 6254 1141 -1 

-4 -4 3944 1133 14407 -4 -4 -3 
-1 948 6254 -1 999 7441 1141 -1 

-4 -4 3944 1133 16186 -4 -4 -3 
-1 948 6254 -1 999 9068 1141 -1 

-4 -4 3944 1133 15376 -4 -4 -3 
-1 948 6254 -1 999 8614 1141 -1 

-4 -4 3746 1133 17107 -4 -3 -3 
-1 900 5941 -1 999 11683 1141 -1 

163 2240 1446 325 5215 217 -16 183 
-1 2891 1949 998 1237 5924 1686 356 

163 2127 1446 292 5215 205 -15 183 
-1 2891 1949 998 1237 5346 1601 338 

163 2127 5621 292 5215 205 -15 183 
-1 2891 1949 2948 1237 11078 1601 338 

146 5921 5051 4802 9023 1758 -12 4233 
-1 5649 2910 3960 4382 10424 2238 1163 

146 5921 5051 4802 9023 1758 -12 4233 
-1 5649 2910 3960 4382 10424 2238 1163 

146 5921 5051 4802 9023 1670 -12 4233 
-1 5366 2910 3960 4382 10424 2238 1163 

181 5316 4778 4802 9023 1633 26 3607 
999 5097 2626 3573 5162 10357 2126 1104 

181 5316 4778 7061 9023 1633 7398 3607 
999 5097 3994 3573 6608 10357 2126 1104 

-2 -3 -2 -2 -2 -2 -3 -2 
-1 -1 -1 -1 -1 -1 -1 -1 

-2 -3 -2 -2 -2 -2 -3 -2 
-1 -1 -1 -1 -1 -1 -1 -1 

6969 2712 849 2974 9946 3086 2123 4129 
8316 10224 5273 2857 7387 772 5700 9265 

-3 -3 -3 -3 -3 -3 99 -3 
-1 -1 -1 8 -1 51 -1 28 

-3 -3 -3 -3 -3 -3 2594 -3 
-1 -1 -1 2007 -1 51 -1 28 

3909 4941 6219 5913 3474 9048 9410 9830 
5781 15439 14460 14193 2838 9583 10911 15185 

10027 4941 6219 5913 7050 9048 9410 9830 
5781 15439 15237 14193 4696 9583 10911 16425 

-2 -2 -2 -2 -2 -3 -3 -2 
-1 -1 -1 -1 -1 -1 -1 -1 

-2 -2 4338 -2 1501 -2 1421 -2 
-1 2848 -1 1352 -1 -1 -1 2924 

367 1801 4595 4998 4550 1503 1097 2498 
-1 4853 1715 3331 -1 901 -1 5859 

367 1801 4365 4998 4550 1503 1097 2498 
-1 4853 1715 3164 -1 901 -1 5859 

367 1801 5952 6248 6053 1503 1097 2498 
-1 4853 1715 9505 -1 8088 -1 5859 

367 1801 7359 5935 5750 1503 1097 2498 
-1 4610 1629 12529 -1 7299 -1 5859 

9 1144 -4 -5 -5 -5 157 6 
-1 248 -1 -1 8 661 -1 959 

-2 -2 -2 -2 -2 -2 -2 -2 
-1 -1 -1 -1 -1 -1 -1 -1 

-4 -2 -4 -4 -4 -4 993 825 
-1 -1 -1 -1 -1 -1 -1 975 

-4 -2 3924 -4 2290 1246 993 825 
999 2424 999 -1 1499 -1 -1 2829 

-4 -3 3363 -4 2343 1246 943 671 
948 2077 856 -1 1499 -1 998 2552 

-4 -3 8194 -4 2343 1246 943 671 
948 2077 856 999 1499 -1 998 2552 

-4 -3 10284 -4 2343 1246 943 671 
948 2077 856 1949 1499 -1 998 2552 

-4 -3 12269 -4 2343 1246 943 671 
948 2077 856 7351 1499 -1 998 2552 

-4 -3 12269 2496 2343 1246 943 671 
948 2077 856 8483 1499 -1 998 2552 

-4 -3 12269 2371 2343 1246 943 671 
948 2077 856 8058 1499 -1 998 2552 

-4 -3 12269 2252 2343 1246 943 671 
948 2077 856 7655 1499 -1 998 2552 

-4 -3 12269 6907 2225 1246 943 637 
948 2077 856 11233 1423 -1 998 2552 

-10 -5 10563 5510 6161 911 1180 372 
661 1065 597 14673 2810 6857 628 1875 

-10 -5 10034 5510 5852 865 1180 372 
661 1065 538 14673 2669 6857 628 1875 

-10 -5 10034 5510 6607 865 1180 372 
661 1065 7011 14673 2669 6857 628 1875 

616 2247 8982 4487 8248 1741 1494 3957 
538 1520 6103 13364 4477 8182 1791 2607 

616 2247 8982 8012 8248 1741 1494 3957 
538 2944 6103 13364 4477 8182 1791 2607 

616 2247 8982 7611 8248 1741 1494 3957 
538 2796 6103 13364 4477 8182 1791 2607 

473 2134 8155 5134 7835 1305 1252 3434 
1363 2396 6134 12012 3838 6013 3145 3883 

473 2134 8155 7377 7835 1305 1252 5762 
1363 2396 6134 12012 3838 6013 5263 3883 

-3 -3 -4 -3 -3 -4 -3 -3 
-1 -1 -1 -1 -1 -1 -1 -1 

-3 -3 -4 -3 4997 -4 -3 -3 
-1 -1 -1 999 -1 -1 -1 -1 

3345 3567 428 983 5647 5807 4558 2991 
5149 8886 2753 7413 2573 3954 4701 6356 

-2 -2 0 -2 -2 -3 -3 -2 
-1 -1 0 -1 -1 -1 -1 -1 

-2 -2 3750 -2 -2 -3 -3 -2 
-1 -1 0 -1 -1 -1 1499 -1 

6835 12072 5312 8209 6687 5688 9027 6154 
15132 15723 4063 15804 7092 14460 15408 12354 

7743 11468 8171 8209 6687 5688 9027 10846 
15375 15723 6739 15804 7092 14460 15408 12354 

509 -2 -3 -2 -2 -2 -3 -2 
-1 261 -1 -1 -1 -1 -1 -1 

483 1748 -2 -2 -2 1997 -2 -2 
-1 235 5324 -1 -1 -1 -1 -1 

413 1497 -2 1699 2498 2544 -2 2064 
-1 2476 4336 999 901 1498 813 -1 

413 1497 -2 1699 2498 2416 -2 2064 
-1 2476 4336 999 855 1498 813 -1 

413 1497 -2 1699 2498 3846 -2 1960 
-1 2476 4336 999 9812 1498 813 -1 

392 1497 -2 1699 2498 5845 -2 1861 
-1 2352 4336 999 13130 1498 813 -1 

-3 170 -5 911 766 442 -6 -1 
-1 307 11 593 -1 406 -1 372 

-2 -2 -2 -2 -2 -2 -2 -2 
-1 -1 -1 -1 -1 -1 -1 -1 

-3 -4 1062 -5 -3 1750 -3 -2 
662 -1 -1 -1 696 -1 768 -1 

-3 1728 2717 -5 -3 4757 -3 -2 
662 999 -1 -1 2161 1949 768 2424 

-2 2012 2580 -5 318 4757 -3 -2 
628 813 -1 -1 2161 2851 768 3028 

-2 2012 2580 -5 318 7852 -3 -2 
628 813 -1 -1 2161 4708 768 3028 

-2 2012 2580 -5 318 11209 -3 -2 
628 813 -1 -1 2161 5972 768 3028 

-2 2012 2580 2495 318 13949 -3 -2 
596 813 -1 -1 2161 13153 768 3028 

-2 2012 2580 2495 318 16584 -3 -2 
596 813 -1 -1 2161 14495 768 3028 

-2 2012 2580 2495 318 19504 -3 -2 
596 813 -1 -1 2161 15270 768 3028 

-2 2012 2580 2495 318 18528 -3 -2 
596 813 -1 -1 2161 14506 768 3028 

-2 2012 2580 2370 318 20516 -3 -2 
1566 813 -1 -1 2161 15595 768 3028 

-8 1670 1450 2364 169 9992 331 2789 
4356 461 696 -1 2729 8425 1873 3425 

-7 1670 1450 4508 152 10992 331 2649 
3734 461 696 1499 2729 8425 3590 3253 

-7 1670 1450 5330 152 10992 331 2649 
3734 461 696 1499 2729 8425 9910 3253 

-7 2298 1307 7021 3417 9308 283 3043 
6631 1800 2366 2785 2222 8003 7284 5163 

-7 2298 1307 7021 3417 9308 283 3043 
6631 1800 2366 2785 2222 8003 7284 5163 

-7 2298 1307 7021 3417 9308 283 2890 
6631 1800 2366 2645 2222 8003 7284 5163 

-14 1761 1307 5999 2618 8030 257 2224 
4630 1709 2926 2267 2005 6518 6573 4809 

-14 1761 6241 5999 2618 12122 257 2224 
5398 1709 2926 2267 2005 6518 7244 6068 

-3 -3 -4 -3 -4 -3 -4 1418 
-1 -1 0 771 -1 -1 -1 -1 

-3 -3 -4 -3 -4 -3 -4 1418 
-1 -1 0 771 -1 -1 -1 -1 

5147 3346 8032 9745 4421 3718 5039 3577 
6743 8469 7749 7372 3349 2832 5352 13160 

-2 -3 -2 -2 -3 -2 8 -2 
8 -1 -1 -1 -1 -1 -1 -1 

-2 -3 -2 -2 -3 -2 8 3748 
8 -1 -1 -1 -1 1499 -1 -1 

13530 7939 10751 7553 15394 10184 8582 9435 
6221 26042 15595 12172 23087 16157 8539 24445 

13530 7939 10751 7553 17540 10184 8582 9435 
6221 26042 15595 12172 23087 16157 8539 26722 

-3 -3 -2 -3 -3 -3 -3 -3 
-1 -1 -1 -1 -1 -1 -1 -1 

-3 -2 -2 -3 997 1184 -3 3389 
2255 1423 -1 948 -1 -1 -1 948 

-3 -2 947 2955 3065 2142 1247 3074 
2795 2169 -1 1547 -1 1758 901 2759 

-3 -2 899 2955 3065 2142 1247 3074 
2795 2169 -1 1547 -1 1758 901 2759 

-3 2270 2104 2955 3065 2142 1247 4348 
2795 2169 -1 1547 4499 6670 2855 2759 

-3 3829 4498 2807 2911 2142 1247 3923 
2522 2169 -1 1469 8274 7836 2576 2759 

126 483 25 321 -6 -2 -5 23 
-1 -1 202 408 331 -1 -1 544 

-2 -2 -2 -2 -2 -2 -2 0 
-1 -1 2 -1 -1 -1 -1 -1 

-3 -3 494 2642 -4 -3 -5 -4 
-1 -1 1167 -1 -1 -1 -1 856 

830 1091 494 2642 710 -3 1106 -4 
-1 999 1167 1999 999 999 -1 1813 

830 1211 494 3009 674 451 1407 -4 
948 1949 1167 1898 999 2708 -1 1722 

830 1211 494 6191 674 451 1407 -4 
948 1949 1167 1898 999 2708 -1 3635 

830 1211 494 10881 674 451 1407 -4 
948 1949 1167 1898 999 2708 -1 4453 

830 1211 494 14251 674 451 1407 -4 
948 5351 1167 1803 999 2708 -1 8230 

830 1211 494 17288 674 451 1407 -4 
948 5351 1167 1803 999 2708 -1 9318 

830 1211 494 20173 674 451 1407 -4 
948 5351 1167 1803 999 2708 -1 10352 

830 1211 494 19164 674 451 1407 -4 
948 5351 1167 1803 999 2708 -1 9834 

830 1211 494 21312 674 451 1407 -3 
948 5083 1167 4712 999 2572 -1 14342 

791 2614 808 12663 635 391 601 1084 
7165 3524 3665 2913 567 2283 538 7506 

791 2483 2576 12029 2947 370 1642 1029 
6806 3524 4495 2913 1461 2283 485 10630 

791 2483 3481 12029 2947 3684 1642 1029 
6806 3524 4495 2913 1461 2283 2460 16098 

1836 1919 3141 9307 2399 4392 2408 1658 
5776 2726 4705 5252 1189 1677 2336 14528 

1836 1919 3141 9307 2399 4392 2408 1658 
5776 2726 4705 5252 1189 1677 2336 14528 

1836 1822 3141 9307 2399 4392 2408 1658 
5776 2726 4705 5252 1129 1677 2336 14528 

1836 1644 3037 8841 2164 3963 2320 1421 
6162 2336 4469 4989 1968 1593 2219 13801 

5494 1644 3037 8398 2164 3963 2320 3849 
6162 3719 4469 6239 1968 1593 2107 13801 

-3 -2 -2 -3 -3 -3 -2 -3 
-1 -1 -1 -1 -1 -1 -1 -1 

-3 -2 -2 -3 -3 -3 -2 -3 
-1 -1 -1 -1 -1 -1 -1 -1 

-7 5035 1496 3595 11149 1825 -6 4670 
1713 5176 5895 4713 1352 3755 6927 3435 

-3 -2 -3 -4 -3 -3 -3 -2 
-1 -1 -1 -1 -1 -1 -1 -1 

-3 -2 3747 -4 -3 -3 -3 -2 
-1 -1 -1 -1 -1 -1 -1 1499 

7130 3076 11117 11908 4817 8216 9914 4075 
10317 10497 8728 14412 11087 10512 6036 18308 

7130 6525 11117 11908 4817 9789 12418 4075 
9801 9972 8728 15191 11087 11486 6036 20392 

-2 -2 -2 -3 -3 -2 -2 -2 
-1 -1 -1 -1 -1 -1 -1 -1 

-2 1422 2372 -3 -3 -2 -2 -2 
-1 -1 5849 -1 -1 -1 -1 -1 

1426 1099 2609 -3 -2 -2 -3 2393 
-1 -1 4525 1851 3090 -1 -1 772 

1426 1099 2609 -3 -2 -2 -3 2393 
-1 -1 4525 1851 3090 -1 -1 772 

1426 1043 2609 -3 -2 1605 -3 2393 
-1 8999 4525 1851 3090 -1 -1 733 

1426 941 2609 -3 -2 3746 -2 2393 
-1 12549 4298 1851 3090 -1 -1 696 

-3 0 1221 -6 -4 -5 -2 17 
-1 0 733 -1 0 -1 -1 20 

-2 -3 -2 -2 -2 -2 -2 -2 
-1 -1 -1 -1 -1 -1 -1 -1 

-4 -4 -4 550 -3 -4 -4 -5 
-1 -1 416 -1 -1 -1 -1 -1 

776 -4 464 1892 -3 -3 -4 -5 
-1 -1 1325 1499 1499 -1 1949 -1 

737 -3 695 1796 -4 -3 312 -5 
-1 -1 2145 1499 2285 -1 1758 -1 

3200 -3 695 1796 -4 -3 312 -5 
-1 -1 2145 1499 4170 -1 1758 -1 

5540 -3 695 1796 -4 -3 312 -5 
-1 -1 2145 1499 5461 -1 1758 -1 

7207 -3 695 1796 -4 -3 3421 6595 
-1 2999 5860 1499 8687 -1 1670 -1 

9346 -3 695 1796 -4 -3 3421 6595 
-1 2999 5860 1499 9252 -1 1670 -1 

12628 -3 695 1796 -4 -3 3421 6595 
-1 2999 5860 1499 10289 -1 1670 -1 

11996 -3 695 1796 -4 -3 3421 6595 
-1 2999 5860 1499 9774 -1 1670 -1 

13896 -2 695 1796 -4 -3 3421 6265 
-1 2848 5860 1499 12785 -1 1586 -1 

7890 -14 1194 1904 1338 147 2735 4597 
-1 9864 4826 2846 9397 1498 1772 -1 

9246 2486 2660 1718 1338 147 2598 4597 
-1 9864 6255 5318 9480 1498 3683 -1 

12117 2486 3561 1718 1338 147 2598 4597 
-1 9864 6255 11052 11006 1498 3683 -1 

10587 1825 2899 2078 5957 1619 2009 5592 
-1 8489 8070 9904 10338 1691 2571 -1 

10587 1825 2899 2078 5957 1619 2009 5592 
-1 8489 8070 9904 10338 1691 2571 -1 

10587 1825 2753 2078 5957 1619 2009 5592 
-1 8489 8070 9408 10338 1691 2571 -1 

-3 -3 -3 7 -2 -3 -3 -2 
-1 -1 -1 0 -1 -1 -1 -1 

70 48 -2 7 -2 -2 -3 -2 
999 -1 948 0 -1 -1 999 -1 

70 48 4873 7 -2 -2 -3 -2 
999 -1 1900 0 -1 -1 999 1499 

70 48 4873 7 -2 -2 -3 -2 
999 -1 1900 0 -1 -1 999 1499 

1782 43 6772 5759 2081 7715 -3 7639 
2808 7273 4091 9315 2924 -1 9093 1284 

-4 -3 -4 825 -3 -3 -3 707 
-1 -1 -1 -1 -1 -1 628 596 

-4 -3 -4 825 -3 3330 -3 707 
-1 -1 -1 -1 -1 -1 2596 596 

11741 8846 5715 8389 9081 14061 6150 6493 
4060 20544 13536 18310 13967 14184 19396 20873 

11741 8403 8429 8389 9081 14061 6150 9501 
4060 20544 13536 19374 15268 14184 19396 20873 

-2 -2 -2 -2 -2 -2 -2 -2 
-1 -1 -1 -1 -1 -1 -1 -1 

-2 2498 -2 -2 1677 888 -2 -2 
-1 -1 1499 -1 1423 3706 -1 -1 

-2 3091 -2 1643 2156 1663 4613 749 
-1 1949 2062 2449 2122 3920 998 1499 

-2 3091 -2 1643 2156 1663 4382 749 
-1 1949 2062 2449 2122 3920 948 1499 

-2 3091 -2 1643 2156 1663 5496 711 
-1 1949 2062 2449 2122 3920 8900 1499 

-2 3091 -2 1643 2156 1579 7335 675 
-1 1949 2062 2449 2015 3920 12782 1499 

-4 -4 174 -4 -6 -5 -5 -5 
-1 -1 593 -1 -1 -1 -1 -1 

-2 -2 -2 -2 -2 -2 -2 -2 
-1 -1 -1 -1 -1 -1 -1 -1 

993 -3 -4 -4 -4 -3 -4 -5 
-1 -1 -1 -1 -1 733 -1 -1 

993 -3 1155 -4 -4 -2 -4 -5 
-1 1499 -1 -1 999 733 -1 -1 

943 451 1473 -3 -4 247 -4 -5 
-1 2302 -1 999 948 733 -1 999 

943 2928 1473 -3 -4 247 -4 -5 
-1 2302 -1 999 948 733 -1 2949 

943 4448 1473 -3 -4 247 -4 -5 
-1 2302 -1 999 948 733 -1 3801 

943 6340 1473 -3 -4 2122 2496 -4 
-1 2077 -1 999 3400 696 1999 9110 

943 7064 1473 -3 2496 2122 2496 -4 
-1 2077 -1 999 3400 1661 1999 11154 

943 11710 1473 -3 2496 2122 2496 -4 
-1 2077 -1 999 3400 1661 1999 11596 

943 11124 1473 -3 2496 2122 2496 -4 
-1 2077 -1 999 3400 1661 1999 11016 

943 13567 1473 -3 5287 5477 2496 -3 
-1 1973 -1 999 3400 5077 3399 13465 

685 9104 2800 -14 4262 3815 2140 283 
998 2464 813 662 4609 4352 2272 16057 

685 8648 2800 -14 4048 5290 2140 1680 
948 2464 4772 628 4609 5352 2272 16057 

685 8648 2800 -14 4048 6073 2140 1680 
948 2464 11033 628 4609 5352 2272 16057 

1902 8058 3113 3435 5807 4239 1931 1366 
2196 2223 10413 3609 4380 4510 2050 12802 

1902 8058 3113 3435 5807 4239 5584 1366 
2196 2223 10413 4928 4380 4510 2050 12802 

1902 8058 3113 3435 5807 4239 5304 1366 
2196 2223 10413 4681 4380 4510 2050 12802 

1752 7002 2668 3099 5516 4026 5038 1337 
2196 2667 9892 4915 3952 5020 1947 13161 

1752 8318 2534 3099 7740 4026 5038 1337 
2931 2667 9892 4915 3952 5769 1947 13161 

-3 1124 -4 -3 -4 1167 804 -4 
-1 -1 -1 813 -1 900 -1 900 

-3 1124 -4 -3 -4 1167 804 -4 
-1 -1 -1 813 -1 900 -1 900 

7085 5100 5897 9292 6718 4039 4812 7085 
7513 8903 6293 3733 8288 12223 10323 5813 

0 -2 -2 -3 -3 -2 -2 -3 
-1 -1 -1 0 -1 -1 -1 -1 

0 -2 3748 -3 -3 -2 -2 -3 
-1 1499 -1 0 -1 -1 -1 -1 

62 -3 -2 -2 -2 -2 56 0 
-1 -1 -1 0 49 -1 -1 6 

62 -3 -2 -2 -2 2998 3386 0 
-1 2999 -1 0 49 -1 -1 2005 

5524 5117 5985 4828 9014 2716 8044 6811 
255 27148 16617 8558 7253 21225 14909 7526 

5247 5117 5685 3931 10438 4580 8641 7303 
229 28300 16617 8558 7253 20163 14732 8292 

4984 4167 5415 4159 10073 5985 7757 6130 
167 24050 13534 6970 6857 19139 9772 8219 

4984 4167 5144 4159 10073 5985 7757 6130 
167 24050 13534 6970 6857 19139 9283 8219 

4984 4167 6553 4159 10958 5985 7757 7073 
167 24050 13534 6970 6857 23182 16077 8219 

4984 4167 6225 4159 10958 5985 10146 6719 
158 27847 13534 6970 6514 23182 16077 8219 

1 -5 1667 -4 4 216 0 745 
-1 1373 -1 5 221 -1 -1 954 

-2 -3 180 -3 -2 -2 -3 -2 
-1 -1 -1 -1 -1 -1 -1 31 

-4 -4 93 -3 1240 -3 674 -4 
-1 -1 696 -1 -1 -1 -1 937 

-4 -4 1985 -3 1535 622 674 -4 
999 2449 1661 -1 -1 -1 -1 937 

-4 -4 1884 -3 1384 622 1024 -4 
948 2449 2498 -1 -1 -1 -1 845 

-4 -4 1884 -3 1384 3090 1024 -4 
948 3326 2498 -1 -1 -1 -1 845 

-4 -4 1884 -3 1384 6685 1024 -4 
948 4659 2498 -1 -1 -1 -1 845 

2912 -4 1884 -3 1384 8434 1024 -4 
948 10079 2373 -1 -1 -1 -1 845 

2912 -4 1884 -3 1384 11345 1024 -4 
948 11575 2373 -1 -1 -1 -1 845 

2912 -4 1884 -3 1384 13277 1024 -4 
948 11996 2373 -1 -1 -1 -1 845 

2912 -4 1884 -3 1384 12613 1024 -4 
948 11396 2373 -1 -1 -1 -1 845 

2766 -4 1884 -3 1314 14482 1024 2496 
948 13609 4754 -1 -1 -1 -1 845 

2492 1201 1449 350 1835 12412 1070 2369 
6344 13232 4290 856 -1 -1 -1 1724 

2367 1201 1376 315 7364 12412 1070 2250 
6026 14570 4290 772 -1 -1 1999 1637 

2367 1201 1376 315 8044 12412 1070 2250 
6026 14570 4290 772 -1 -1 8399 1637 

4183 1140 1436 2729 6651 13429 1368 3387 
4907 13877 4075 2603 1851 948 7200 2627 

4183 1140 1436 5092 6651 13429 1368 3387 
4907 13877 4871 2603 1851 948 7200 2627 

4183 1140 1436 4837 6651 13429 1368 3387 
4907 13877 4627 2603 1851 948 7200 2627 

417 -3 -3 -3 -3 26 -4 32 
-1 -1 -1 2 -1 -1 -1 264 

388 -2 -2 -2 -2 68 -3 32 
-1 -1 1758 1 -1 -1 -1 238 

388 -2 -2 -2 -2 1731 2497 32 
-1 -1 2536 1 -1 -1 999 238 

388 -2 -2 -2 -2 1731 2497 5030 
-1 -1 3409 1 -1 -1 999 238 

8930 8120 2944 4173 2126 2659 6348 15725 
7123 2302 10152 7911 -1 13151 1856 14141 

7 -2 -3 -2 -3 -3 -2 -2 
-1 5 -1 -1 -1 -1 -1 -1 

7 -2 -3 3123 -3 -3 -2 -2 
2499 5 -1 -1 -1 -1 -1 -1 

5808 4944 5305 6338 7303 9214 9533 4287 
6441 16590 4436 15246 14570 4334 13889 15874 

5808 4944 5305 9146 7303 10836 9533 4287 
10688 16590 4436 15246 14570 4334 13889 15874 

-2 -2 0 -2 -2 -2 -2 -2 
-1 -1 0 4 -1 -1 -1 -1 

-2 2498 0 -2 1783 -2 -2 831 
-1 -1 2500 3 2373 -1 -1 948 

1436 2140 0 2824 2057 -2 -2 3997 
-1 -1 3045 1807 3980 2281 -1 2413 

1364 2140 0 2824 2057 -2 -2 3997 
-1 -1 3045 1807 3980 2281 -1 2413 

3278 2140 0 2824 2057 -2 -2 5186 
2499 11499 3045 1807 3980 2281 -1 2413 

5926 2032 0 2682 2057 -2 -2 4680 
2142 15424 3045 1807 3980 2281 -1 2413 

-4 -1 -4 -4 381 -5 -5 -4 
855 -1 -1 -1 0 -1 -1 0 

-2 -3 0 -2 -2 -3 -3 -2 
-1 -1 -1 -1 -1 5 -1 -1 

-4 -4 826 -4 -3 564 -4 578 
-1 813 -1 -1 -1 600 -1 511 

-4 -4 2878 -4 -3 564 -4 2313 
-1 813 2899 1499 -1 2070 -1 511 

273 312 2733 -4 -3 534 2370 2197 
-1 733 2616 1499 999 2677 999 485 

273 312 2733 -4 -3 534 2370 4587 
-1 733 2616 1499 999 3543 999 485 

273 312 2733 -4 -3 534 2370 6024 
999 733 2616 1499 999 3543 999 485 

273 312 2733 -4 -3 534 2370 7722 
4949 733 2616 1499 999 3543 999 485 

273 312 2733 -4 -3 534 2370 10669 
6701 733 2616 1499 999 3543 999 485 

273 312 2733 -4 -3 534 2370 10135 
6365 733 2616 1499 999 3543 999 485 

273 312 2733 -4 -3 534 2370 9628 
6046 733 2616 1499 999 3543 999 485 

273 2796 5633 -4 3747 3450 2370 12003 
10756 733 2616 1352 3449 3543 999 3837 

1312 2080 3927 -13 1909 1160 1264 6264 
5057 321 2433 1298 1862 2232 597 7601 

1312 2080 3730 -13 1813 1046 1264 8938 
7043 321 2433 1298 2630 2232 597 7220 

1312 2080 3730 4201 1813 1046 1264 8938 
7043 321 2433 3733 7998 2232 597 7220 

1916 1607 2993 6100 1984 1280 1082 8490 
6832 289 2085 3200 5878 2014 2924 6830 

1916 1607 2993 10795 1984 1280 1082 8490 
6832 289 2085 3200 6584 2014 2924 6830 

1916 1607 2993 10795 1984 1280 1027 8490 
6832 289 2085 3200 6584 2014 2924 6488 

1445 1526 2843 8383 1824 1042 1047 7352 
6100 1150 2980 2820 7497 2767 2777 6163 

1445 3116 2843 8383 4232 1042 1047 7352 
6100 1150 2980 2820 7497 3628 2777 6854 

287 -2 -2 -3 -2 -3 -2 -2 
-1 -1 -1 -1 -1 -1 -1 155 

287 -2 -2 -3 -2 -3 -2 -2 
-1 -1 -1 -1 -1 -1 -1 155 

1758 6646 2963 4305 2859 2497 7053 569 
2577 3857 7783 8008 2998 5485 5859 3732 

-3 -4 -4 -4 -4 -3 -3 2 
-1 -1 -1 -1 -1 -1 -1 -1 

-3 -4 -4 3121 -4 -3 -3 2 
-1 2499 -1 -1 -1 -1 -1 -1 

9234 13526 4491 12608 10882 9454 13481 5884 
2891 30736 16700 10738 13751 9984 9524 32293 

12522 13526 4266 15727 10882 9454 15723 5884 
2891 30699 19365 10738 13751 10984 9524 30678 

1164 -2 -2 48 103 -2 -2 -2 
-1 566 -1 126 10 -1 147 -1 

1164 -2 3726 983 103 -2 -2 4873 
-1 566 -1 1538 1509 999 2833 1999 

6105 2185 3205 886 2587 -2 853 4561 
998 1435 -1 1318 2196 2850 2428 3449 

6105 2185 3205 886 2587 -2 853 4561 
998 1435 -1 1318 2196 2707 2428 3449 

6105 2185 3205 886 2587 1134 810 4561 
948 1435 -1 1318 2196 10071 2428 3449 

6105 2185 3044 886 2587 3855 769 4332 
900 1435 -1 1318 2086 14567 2428 3276 

-5 -5 -6 1036 -4 -5 -5 -5 
-1 855 -1 855 -1 -1 -1 -1 

-2 -2 -3 -2 2 -2 -2 -2 
-1 0 -1 -1 -1 -1 -1 -1 

-3 -4 -4 -4 1419 -4 -3 -3 
-1 0 597 -1 -1 -1 -1 -1 

274 -4 996 -4 1419 -3 -3 -3 
-1 0 597 948 -1 -1 -1 999 

209 -4 946 -4 3715 -4 -3 -3 
-1 999 597 812 -1 -1 -1 901 

209 -4 946 2496 3715 -4 -3 -3 
-1 999 597 812 999 -1 -1 901 

209 -4 946 6121 3715 -4 -3 -3 
-1 999 597 812 2449 -1 -1 901 

2698 -4 946 10399 6029 -4 -3 -3 
-1 3401 597 812 6326 -1 999 1855 

2698 -4 946 12379 6029 -4 -3 -3 
-1 3401 597 812 7509 -1 999 1855 

2698 -4 946 15510 6029 -4 -3 -3 
-1 3401 597 812 8633 -1 999 1855 

2698 -4 946 14734 6029 -4 -3 -3 
-1 3401 597 812 8201 -1 999 1855 

2698 -4 946 16497 5727 -4 -3 2497 
-1 4730 597 812 11290 -1 999 1762 

2309 1278 807 11825 3510 288 -8 1918 
-1 4137 1151 485 9975 5273 813 3194 

2309 1213 807 11233 5542 273 -8 1730 
-1 4137 4093 437 9975 5273 733 3034 

2309 1213 807 11233 6247 273 -8 1730 
-1 4137 9388 437 9975 5273 733 3034 

1978 890 2555 9470 6282 3858 992 2763 
1499 3546 9071 3830 7915 5423 3401 2470 

1978 890 2555 9470 9092 3858 992 2763 
1499 3546 11117 3830 7915 5423 3401 2470 

1978 890 2555 9470 8637 3858 992 2763 
1499 3546 10561 3830 7915 5423 3401 2470 

1837 803 2555 8229 7838 3389 807 2493 
1352 3942 11032 4638 7143 5844 3445 3179 

1837 803 2555 14801 7838 6552 807 2493 
1352 3942 11032 4638 7143 7051 6009 3179 

-3 -3 -3 2371 -3 -3 -3 -3 
-1 -1 -1 -1 -1 -1 948 -1 

-3 -3 -3 2371 -3 -3 -3 4997 
-1 -1 -1 -1 -1 -1 948 999 

828 997 1184 5097 1031 5326 6930 10795 
6724 3798 2373 3616 9332 5824 3343 11215 

-2 -2 -2 -2 -2 -2 -2 -2 
-1 -1 -1 -1 -1 -1 -1 -1 

3748 -2 -2 -2 -2 -2 -2 -2 
-1 -1 1499 -1 -1 -1 -1 -1 

9918 6757 9299 1179 1737 6390 8231 3587 
10907 16247 21102 3437 12324 4072 3188 7964 

9918 10169 9299 1179 4983 6390 8231 6740 
10907 16247 21102 5265 13707 4072 3188 9065 

-2 -3 -2 -2 -2 -2 -3 -3 
-1 -1 -1 -1 -1 -1 -1 -1 

-2 -3 -2 -2 831 1998 997 -2 
998 3999 -1 -1 999 -1 -1 -1 

-2 3043 -2 -3 1132 3048 899 1422 
696 3608 1803 999 2680 -1 -1 1806 

-2 3043 -2 -3 1132 3048 853 1422 
696 3608 1712 999 2680 -1 -1 1806 

-2 4765 1664 3330 1132 3048 2793 1422 
696 3608 13126 3949 2680 -1 1999 3715 

-2 4765 1580 3163 3853 3048 2653 1350 
5378 3608 13126 3949 2418 -1 1898 3715 

-3 -4 -5 62 -2 -5 426 -4 
696 184 -1 0 -1 0 -1 -1 

-2 -2 -2 -2 -2 -2 -2 -2 
-1 -1 -1 -1 -1 -1 -1 -1 

993 -3 -5 1425 -3 637 -4 1099 
597 -1 -1 597 851 -1 -1 567 

1206 -3 -5 1425 2059 637 -4 1099 
597 -1 -1 597 851 999 -1 2461 

1087 -3 523 1285 1961 1083 -4 1099 
597 948 -1 567 767 3258 -1 2220 

3532 -3 523 1285 1961 1083 -4 1099 
597 948 -1 567 767 4095 -1 2220 

6688 -3 523 1285 1961 1083 -4 1099 
597 948 -1 567 767 5890 -1 2220 

9988 -3 2971 1285 1862 1083 4996 1043 
538 948 -1 567 767 11583 1999 2108 

11488 -3 2971 1285 1862 1083 4996 1043 
538 948 -1 567 767 13003 1999 2108 

11488 -3 2971 3720 1862 1083 4996 1043 
538 948 -1 567 767 13003 1999 3502 

11488 -3 2971 3533 1862 1083 4996 1043 
538 948 -1 567 767 13003 1999 3326 

11488 -3 2971 5856 1680 5377 4746 1043 
538 948 -1 538 2728 13635 1898 5159 

8884 173 1676 5943 3507 3631 3557 549 
415 538 -1 1095 2907 9107 1394 13567 

8884 164 1592 5943 3507 4699 3557 521 
1258 538 -1 1040 2907 9107 1394 13567 

8884 164 1592 5943 3507 5446 3557 521 
6695 538 -1 1040 2907 9107 1394 13567 

7235 2351 4354 4148 3006 7365 3048 401 
6911 1485 901 2424 2623 7885 1257 11631 

7235 2351 4354 4148 3006 9496 3048 401 
6911 4910 901 2424 2623 7885 1257 11631 

7235 2351 4354 4148 3006 9021 3048 401 
6911 4664 901 2424 2623 7885 1257 11631 

6202 2233 3963 3596 2760 7802 3048 436 
7777 4664 3624 2077 3896 7116 1257 10874 

7558 2233 3963 3596 5122 7802 3048 436 
7777 4664 3624 2077 3896 7116 3084 10874 

-2 -3 34 -2 -2 -2 -2 -2 
-1 -1 -1 -1 16 -1 -1 -1 

-2 -3 34 -2 -2 -2 4998 -2 
-1 -1 -1 -1 16 -1 999 -1 

2543 -3 1928 1615 -2 1501 7816 1083 
3608 -1 2706 3256 6378 5223 11778 2999 

-3 -3 -3 -4 -3 -3 -4 -4 
-1 -1 -1 -1 -1 -1 -1 -1 

-3 -3 -3 -4 -3 -3 -4 2496 
1999 -1 -1 -1 -1 -1 -1 -1 

9720 4180 5518 2225 6273 14056 7128 8006 
14693 15342 4605 12354 13698 8069 12550 10256 

9720 4180 10242 2225 6273 14056 9896 10939 
16458 15342 4605 12354 14013 9665 12550 10256 

-3 -2 -2 -3 -2 -3 -3 -3 
-1 -1 -1 -1 -1 -1 -1 -1 

-3 -2 -2 -3 1873 -3 2253 -3 
-1 4827 -1 -1 -1 -1 -1 -1 

-3 2870 1468 5581 1604 3301 2962 -3 
-1 7942 2571 1713 3667 948 -1 999 

-3 2870 1468 5581 1523 3301 2962 -3 
-1 7942 2571 1713 3667 948 -1 999 

-3 2870 1468 5581 2446 3301 2813 -3 
6648 7942 2571 1713 3667 948 -1 999 

-3 2870 1468 5036 2323 3135 5172 -3 
6648 7167 2571 1627 3667 5130 -1 999 

26 -5 137 90 -5 5 -5 1 
-1 20 -1 -1 -1 4 -1 275 

-2 -2 -2 -2 1042 -2 -2 -3 
-1 321 -1 -1 -1 -1 -1 -1 

-3 -4 1046 -4 620 -2 -5 -4 
-1 865 -1 -1 -1 -1 -1 -1 

-3 -4 1046 -4 620 1248 -5 1708 
-1 865 -1 999 -1 -1 1499 999 

451 -4 1046 -4 620 1248 994 1708 
-1 865 999 1949 -1 -1 1499 999 

451 -4 3493 -4 620 1248 994 1708 
-1 865 1949 1949 -1 -1 1499 999 

451 -4 6443 -4 620 1248 994 1708 
-1 865 4351 1949 -1 -1 1499 999 

3345 -4 6443 1843 620 1248 994 1708 
-1 865 7633 1949 -1 3499 1499 999 

3345 -4 6443 5500 620 1248 994 1708 
-1 865 7633 1949 -1 4824 1499 999 

3345 -4 6443 8975 620 1248 994 1708 
-1 865 7633 1949 -1 6082 1499 999 

3345 -4 6443 8526 620 1248 994 1708 
-1 865 7633 1949 -1 5777 1499 999 

3177 -4 6443 10069 620 1248 994 1708 
-1 865 7251 1949 -1 8988 1499 999 

3722 785 6425 5426 304 1780 1724 1461 
-1 7214 4569 11437 -1 6327 993 1511 

3722 785 5798 5154 1461 4191 1637 3262 
-1 6853 4569 10865 3999 8010 2443 1435 

3722 785 5798 5154 4721 4191 1637 4252 
-1 6853 4569 10865 3999 9609 8320 1435 

2734 1509 4485 6170 3651 4823 2999 5680 
1101 9275 6096 10340 4765 7826 6437 1054 

2734 1509 6760 6170 3651 4823 2999 5680 
4545 9275 6096 10340 4765 7826 6437 1054 

2734 1509 6421 6170 3651 4823 2999 5680 
4317 9275 6096 10340 4765 7826 6437 1054 

2226 1328 5047 5068 3468 4823 2885 5680 
3895 9320 6096 9822 5358 7231 5518 2001 

2226 1328 5047 4814 6627 4823 4407 5680 
4700 9320 6096 9822 5358 6869 5518 3900 

-4 -3 -3 39 21 -3 17 -4 
-1 -1 17 46 28 -1 -1 -1 

-4 -3 -3 39 21 -3 17 -4 
-1 -1 17 46 28 -1 -1 -1 

1801 2253 3888 3234 1019 3372 5351 3686 
3205 12780 5908 5349 5937 -1 -1 8944 

-2 -2 -2 -2 -2 222 -2 -2 
-1 -1 -1 261 -1 -1 -1 -1 

-2 -2 -2 -2 -2 222 -2 3331 
-1 1999 -1 261 -1 -1 -1 -1 

5630 9383 4726 8056 11871 8099 5159 12820 
21342 16477 25350 8874 7644 15075 11623 9420 

5630 12038 11181 8056 11277 8099 5159 12820 
21342 17153 25350 10930 7644 15075 11623 10501 

-2 -3 -2 -2 -2 19 -3 -3 
20 -1 -1 -1 -1 -1 -1 -1 

-2 -3 -2 1725 -2 19 -3 -3 
20 -1 3999 -1 -1 -1 -1 -1 

-3 2140 -3 2532 801 16 1125 -3 
16 -1 4160 -1 -1 1423 -1 1629 

-3 2140 -3 2405 801 16 1125 -3 
16 -1 3951 -1 -1 1423 -1 1629 

-2 2140 -3 3575 801 16 1125 -3 
16 -1 11753 -1 -1 1423 -1 1629 

-2 2032 -3 3575 760 16 3568 -3 
14 3499 11165 -1 -1 1423 -1 1629 

599 -3 -4 -4 -5 0 1 -5 
-1 202 64 -1 0 2 -1 0 

-2 -2 -2 -2 -2 -2 -2 -2 
-1 -1 -1 -1 -1 -1 -1 -1 

-4 -4 -4 -4 -3 381 -4 -3 
-1 -1 486 -1 -1 -1 -1 -1 

450 -4 -4 -3 -3 719 -4 -3 
-1 -1 486 999 -1 -1 999 -1 

762 -4 -4 -3 -3 1099 -4 497 
-1 -1 486 2851 -1 -1 948 999 

762 -4 -4 -3 2497 1099 -4 497 
999 -1 486 2851 -1 -1 948 999 

762 -4 -4 -3 2497 1099 -4 2972 
999 -1 486 2851 -1 -1 948 1949 

762 -4 -4 -3 2497 1099 -4 4490 
999 -1 486 2851 -1 -1 948 5851 

762 -4 -4 -3 2497 1099 -4 6765 
999 -1 486 2851 -1 -1 948 7558 

762 -4 -4 -3 2497 1099 -4 10176 
999 -1 486 2851 -1 -1 948 8680 

762 -4 -4 -3 2497 1099 -4 9667 
999 -1 486 2851 -1 -1 948 8245 

3223 -4 -3 -2 2497 1099 -4 11693 
999 -1 461 2851 -1 -1 4655 9816 

2490 125 392 293 1142 1521 1150 4807 
538 486 5452 3446 -1 1159 2047 5428 

2365 125 392 293 1142 1521 1037 6709 
538 486 5452 3446 -1 4101 2047 5156 

2365 125 392 293 1142 1521 4318 7431 
538 486 5452 3446 1999 9395 2047 5156 

4375 2596 1393 264 2696 3152 4674 6648 
415 3242 6572 2665 3242 6905 2524 6928 

4375 2596 1393 264 2696 3152 6940 6648 
415 4579 6572 2665 3242 6905 2524 6928 

4375 2596 1393 264 2696 3152 6592 6648 
415 4349 6572 2665 3242 6905 2524 6928 

4191 2390 1256 263 2311 2607 5975 5414 
1992 3728 5634 2531 4682 6559 3397 5642 

4191 2390 1256 263 4695 2607 12767 5414 
1992 3728 6852 2531 6175 6559 3397 5642 

107 -3 -3 -3 -3 -3 -3 -4 
-1 -1 -1 87 -1 -1 -1 -1 

107 -3 -3 -3 -3 -3 -3 -4 
-1 -1 -1 87 -1 -1 -1 -1 

1349 3964 7282 -2 2258 1638 2220 -4 
948 7736 6374 8026 1423 2924 3428 6545 

-2 -3 -3 -3 -3 -2 -3 -3 
-1 -1 -1 -1 -1 -1 -1 -1 

-2 -3 -3 -3 -3 -2 3747 -3 
-1 -1 -1 -1 -1 -1 1499 -1 

5025 4231 5088 9327 5345 5554 8400 8963 
270 10329 13179 11673 11053 12572 7237 14682 

5025 4231 5088 9327 5345 5554 10792 8963 
270 10329 17020 11673 11053 12572 7237 14682 

-2 -2 -3 -2 -2 -2 -3 -3 
-1 0 -1 -1 -1 -1 -1 -1 

442 1222 1778 3723 -2 -2 1497 -3 
1352 2639 998 999 -1 1713 -1 901 

1631 2503 1604 2879 -2 499 1349 -2 
1958 2149 1586 948 1758 1394 -1 1599 

1631 2503 1604 2879 -2 499 1349 -2 
1958 2149 1586 948 1758 1394 -1 1518 

1631 2503 3398 2879 -2 2950 1349 998 
3360 2939 1586 948 1758 1394 -1 7442 

1549 2503 3228 2879 -2 2662 1349 3090 
3191 2652 1506 948 1758 1394 -1 10069 

-6 182 -4 -6 -6 2751 546 -4 
-1 993 -1 -1 -1 -1 896 357 

-2 -3 -3 -2 -2 0 -2 -3 
-1 17 -1 -1 -1 -1 -1 -1 

-5 -4 -4 -3 -4 771 -3 -5 
-1 9 416 -1 -1 -1 -1 -1 

328 551 -4 830 -4 771 -3 -5 
-1 1008 1395 -1 999 -1 -1 -1 

310 522 412 787 -4 771 -3 -5 
-1 957 1325 -1 948 -1 -1 999 

310 522 4141 787 -4 771 -3 -5 
-1 957 1325 1499 948 -1 -1 999 

310 522 7058 787 -4 771 -3 -5 
-1 957 1325 3924 948 -1 -1 999 

310 522 8750 787 -4 771 -3 -5 
-1 957 1325 8227 948 -1 -1 999 

310 522 11645 787 -4 771 -3 -5 
-1 957 1325 9815 948 -1 -1 999 

310 522 14812 787 -4 771 -3 -5 
-1 957 1325 10824 948 -1 -1 999 

310 522 14071 787 -4 771 -3 -5 
-1 957 1325 10282 948 -1 -1 999 

2794 495 16700 787 -3 771 -3 -5 
-1 957 1325 14179 948 -1 -1 999 

1422 211 5493 869 102 306 -22 -15 
-1 442 1671 4500 305 1486 4361 375 

3017 189 7718 3159 96 306 -22 -14 
1499 442 1587 6275 289 3648 4142 375 

4205 189 7718 3159 96 306 -22 -14 
1499 442 1587 13461 289 3648 4142 375 

3252 3216 6367 5895 80 956 -20 -12 
1781 1398 3144 11540 247 7793 4697 1675 

3252 3216 6367 5895 80 956 -20 -12 
1781 1398 3144 11540 247 7793 4697 1675 

3252 3216 6367 5895 80 908 -20 -12 
1781 1398 3144 11540 247 7403 4697 1675 

-3 -4 -4 -3 -3 -3 1353 -3 
812 -1 -1 -1 -1 -1 -1 -1 

-2 69 -3 -3 37 88 1225 21 
695 -1 -1 3573 948 -1 999 1758 

-2 69 4997 -3 37 3833 3663 21 
695 -1 1499 3573 1900 -1 2449 1758 

-2 69 4997 -3 37 3833 3663 21 
695 -1 1499 3573 1900 -1 2449 1758 

3640 62 4509 1497 1220 5242 4966 930 
2970 10627 6861 7243 1804 -1 3210 1758 

-2 -2 -2 -2 481 -2 -2 -2 
-1 375 -1 -1 -1 -1 -1 -1 

-2 -2 -2 -2 481 -2 2498 -2 
-1 375 -1 -1 -1 -1 -1 1999 

7001 5941 8471 9426 6216 5856 7312 6916 
11374 18511 8116 17902 16416 8155 13740 9222 

7001 5941 8471 9426 8405 5856 9446 6916 
11374 18511 8116 17902 17595 9747 13740 9222 

34 -3 -3 -2 -3 -3 -2 -2 
-1 -1 -1 -1 -1 49 -1 -1 

32 -2 2497 1248 -3 1663 -2 -2 
999 1898 -1 -1 2848 49 -1 -1 

1805 1069 2252 1185 3009 1353 1974 -2 
1591 4331 -1 -1 3153 49 1647 999 

1805 1069 2252 1185 3009 1285 1974 -2 
1591 4331 -1 -1 2995 49 1647 999 

1805 1069 2252 1185 3009 2220 1974 -2 
1591 4331 -1 -1 9845 46 1647 999 

1805 1069 2139 1185 3009 4378 1974 -2 
1591 4331 -1 -1 12953 43 1647 999 

106 -5 -2 -6 545 666 939 -4 
-1 275 -1 566 739 2 -1 628 

-2 -3 -3 -2 288 -3 -3 -3 
-1 172 -1 -1 -1 -1 -1 -1 

-3 -4 -4 1102 152 -5 -5 -4 
-1 78 -1 -1 -1 461 -1 -1 

934 -4 -3 1546 152 411 -5 -4 
2924 78 -1 -1 948 461 -1 -1 

886 620 -3 1468 143 411 -5 -4 
2638 74 998 -1 855 461 -1 -1 

886 620 3330 1468 143 411 -5 -4 
2638 74 2948 -1 855 461 -1 -1 

886 620 5663 1468 143 411 -5 -4 
2638 74 3800 -1 855 461 -1 -1 

6299 620 9129 3171 1802 3685 -5 3746 
3506 74 6829 1499 3271 1415 -1 3499 

6299 620 9129 6345 1802 3685 -5 3746 
3506 74 6829 1499 3271 1415 -1 5324 

6299 620 9129 8527 1802 3685 -5 3746 
3506 74 6829 1499 3271 1415 -1 7057 

6299 620 9129 8100 1802 3685 -5 3746 
3506 74 6829 1499 3271 1415 -1 6704 

6299 620 9129 10195 1802 5584 -5 3558 
3506 74 6829 1423 3271 3844 -1 9868 

6192 557 9186 10195 3209 5033 -5 3377 
3330 8141 6162 1284 5852 3651 -1 9374 

6192 528 9186 10195 5745 5033 -4 3377 
3330 10197 5853 1284 5559 3651 -1 9374 

6192 528 9186 10195 6979 5033 -4 3377 
3330 16687 5853 1284 5559 3651 -1 9374 

5073 1616 7874 8702 6988 5283 1904 3047 
2854 11490 6526 2331 5158 4628 697 8537 

5073 1616 7874 8702 6988 5283 1904 3047 
2854 11490 6526 2331 5158 4628 697 8537 

5073 1616 7874 8702 6988 5283 1904 2894 
2854 11490 6199 2331 5158 4628 697 8537 

183 -3 707 -4 -3 106 -4 -4 
-1 -1 -1 -1 661 298 -1 -1 

183 -3 707 2496 -3 106 -4 2496 
1499 -1 -1 -1 1627 298 -1 -1 

173 -3 546 77 -2 144 36 55 
-1 901 3523 -1 596 283 -1 -1 

173 -3 546 77 -2 144 36 55 
-1 901 3523 -1 596 283 -1 -1 

6770 -3 5551 4099 1061 2505 2427 4747 
3415 9193 7081 3423 6134 5894 3306 5048 

-2 -2 -2 765 -2 -2 -2 -2 
-1 -1 -1 223 -1 -1 -1 -1 

-2 -2 3331 765 -2 -2 -2 -2 
-1 -1 -1 223 -1 -1 -1 1999 

8064 5183 6260 10087 7661 5050 6939 8923 
11725 12672 17934 14263 3594 13401 21396 20141 

10785 5183 9697 10087 7661 8547 6939 11810 
12638 12672 19537 14263 3594 13401 21396 21577 

-3 -2 -2 -2 -2 -3 -2 -3 
-1 -1 -1 -1 -1 -1 -1 -1 

-3 1355 -2 4309 -2 -2 1664 -3 
-1 -1 999 -1 1898 3899 999 -1 

-3 994 749 6737 3837 -3 5141 -3 
-1 948 3087 1948 2139 2865 4326 -1 

-3 994 749 6737 3645 -3 5141 -3 
-1 900 3087 1948 2139 2865 4326 -1 

-3 944 749 6737 4462 -3 5141 -3 
-1 7855 3087 1948 2031 2865 4326 -1 

-3 896 749 6737 6401 -3 5141 -2 
-1 12462 3087 1948 1832 2865 4326 -1 

1571 -4 0 1268 -5 -5 11 -5 
-1 4 -1 2 28 -1 855 733 

-2 -2 -2 -3 -2 -2 -2 -2 
-1 -1 -1 -1 -1 -1 -1 -1 

-4 -4 1447 748 -5 -3 -3 -4 
-1 1295 -1 -1 -1 809 -1 -1 

290 -3 1447 748 -5 -3 622 -4 
-1 1295 -1 -1 948 1768 -1 -1 

274 -3 1447 673 -5 451 1153 -4 
-1 1295 -1 -1 812 2418 998 -1 

274 -3 4707 673 -5 451 1153 -4 
1999 1295 -1 -1 812 2418 998 -1 

274 -3 4471 673 -5 451 1153 -4 
1898 1295 -1 -1 812 2418 998 -1 

4726 -3 8528 673 -5 428 1153 3746 
6542 1295 -1 1499 3271 2418 948 1999 

4726 -3 11851 673 -5 428 1153 3746 
7714 1295 -1 1499 3271 2418 948 1999 

4726 -3 13758 673 -5 428 1153 3746 
9328 1295 -1 1499 3271 2418 948 1999 

4726 -2 13758 673 -5 428 1153 3746 
9328 1295 -1 1423 3271 2418 948 1999 

4726 2998 13758 673 1661 4802 1153 3558 
9328 4068 -1 4351 3271 2297 1900 1999 

4048 5232 11791 460 1368 4383 882 2846 
7217 4131 -1 10677 2804 1603 2276 5332 

3845 6206 11791 2312 1299 3954 882 2846 
6856 3924 2373 10143 3955 1603 2276 5332 

3845 7205 11791 2312 1299 6881 882 2846 
9013 3924 7754 10143 3955 1603 2276 5332 

4298 7534 10903 4198 1056 9375 795 2317 
8348 6104 5414 11053 4484 4914 2053 4811 

4298 7534 10903 4198 1056 11406 795 2317 
8348 6104 5414 12500 4484 4914 2053 4811 

4298 7534 10903 4198 1056 10835 795 2317 
8348 6104 5414 11874 4484 4914 2053 4811 

3488 7143 8481 4198 887 9333 801 2317 
7157 6104 4885 11082 4996 4434 1950 4775 

3488 7143 8481 8663 887 9333 801 2317 
8299 6104 4885 11082 4996 4434 1950 5536 

-2 -3 -3 0 -2 -2 -3 -2 
-1 0 -1 -1 -1 -1 -1 -1 

-2 -3 -3 5000 -2 -2 -3 -2 
-1 0 -1 -1 -1 999 -1 -1 

1502 889 5682 6437 3487 -2 1672 3734 
2707 2709 8995 8023 -1 1435 -1 10020 

-4 -3 -4 -3 -3 -4 -3 -3 
-1 -1 -1 -1 -1 -1 -1 -1 

-4 3747 -4 -3 -3 -4 -3 -3 
1499 -1 -1 -1 -1 -1 -1 -1 

5031 5112 6581 4869 8355 8493 5689 1915 
15884 7967 4512 18560 11789 4735 8609 7203 

5031 5112 6581 4869 8355 10514 5689 5152 
15884 7568 4512 18560 11789 6498 8609 9842 

-2 -3 -3 -3 -2 260 42 -3 
-1 261 -1 -1 7 -1 -1 -1 

3581 -3 -3 -3 -2 246 2539 1125 
-1 2610 1352 -1 6 1898 -1 999 

2630 -2 -3 -3 -2 221 3541 1548 
-1 1822 1045 -1 4 1712 -1 2708 

2498 -2 -3 -3 -2 221 3541 1548 
-1 1822 1045 -1 4 1626 -1 2708 

3857 -2 -2 -3 -2 221 3541 1548 
-1 1822 1045 -1 4 11044 -1 2708 

5562 -2 -2 -3 -2 221 3541 1470 
-1 1822 942 -1 4 14991 -1 2572 

-5 1724 906 193 -5 -5 -5 -5 
-1 813 -1 485 -1 -1 -1 818 

-2 -2 -2 -2 -2 -2 -2 -2 
-1 -1 -1 -1 -1 -1 -1 -1 

744 -3 -3 -4 -3 -4 -4 -5 
-1 538 -1 -1 -1 -1 -1 -1 

1040 -3 -3 -4 1959 -4 -4 -5 
-1 2435 -1 -1 1499 -1 -1 -1 

936 -3 -3 -4 1950 353 -4 289 
-1 2087 -1 948 3302 -1 -1 -1 

936 -3 -3 3746 1950 353 -4 289 
-1 2087 -1 948 3302 -1 1499 -1 

936 -3 -3 3558 1950 353 -4 289 
-1 2087 -1 948 3302 -1 1423 -1 

4886 -3 -3 3558 3852 2418 -4 289 
3899 2087 -1 3900 3302 -1 1423 2499 

4886 -3 -3 3558 3852 4797 -4 289 
3899 2087 -1 3900 3302 -1 1423 3874 

4886 -3 -3 3558 3852 7057 -4 289 
3899 2087 -1 3900 3302 -1 1423 5680 

4886 -3 -3 3558 3852 6704 -4 289 
3899 2087 -1 3900 3302 -1 1423 5395 

7742 -3 -3 3558 5659 8821 -3 289 
7418 2087 -1 3704 3302 -1 1423 8625 

3988 134 388 1473 3263 4835 -14 184 
4436 2671 772 3715 1528 597 2198 7128 

3988 134 368 1473 3099 5843 -13 165 
4214 2671 733 3529 3278 597 2198 6771 

3988 134 368 1473 3099 6855 -13 165 
4214 2671 733 3529 9114 597 2198 6771 

4790 114 2271 2098 2522 6186 1571 2337 
3745 4732 696 3451 7221 1886 2692 8060 

4790 114 2271 2098 2522 6186 1571 2337 
3745 4732 696 3451 7221 1886 2692 8060 

4790 114 2271 2098 2395 6186 1571 2337 
3745 4732 696 3451 7221 1886 2557 8060 

4183 195 1845 1893 2161 5082 1346 2176 
3379 4711 2210 4570 7093 1616 3094 7422 

5640 195 1845 1893 2161 7327 1346 2067 
3379 5975 2099 4570 7093 1616 3094 8050 

-2 -2 -3 -3 -2 -3 -3 -2 
-1 -1 -1 -1 -1 -1 -1 -1 

-2 4998 -3 -3 -2 -3 -3 -2 
-1 -1 -1 -1 -1 -1 999 -1 

-2 7828 5991 2372 4162 -3 2990 2817 
1220 3892 4807 1949 4872 2661 5108 4157 

-2 -3 145 -2 -2 -2 726 -2 
49 -1 -1 -1 -1 201 -1 -1 

3748 -3 145 -2 -2 -2 726 -2 
49 -1 1499 -1 -1 201 -1 -1 

11430 6648 9146 6550 9458 8603 15485 9012 
15399 25961 17069 8907 12767 23188 1555 25284 

11430 6648 9146 9347 15452 8603 15485 9012 
15399 25961 17069 8907 14128 24528 1555 25519 

-3 725 -3 400 -3 -4 215 694 
661 -1 223 -1 -1 -1 -1 395 

1481 653 2080 1310 -2 -3 203 626 
1627 -1 201 -1 -1 -1 -1 4969 

3520 2473 1693 2759 947 1936 1509 509 
2297 1423 2814 -1 1772 948 1933 4260 

3520 2473 1693 2759 947 1839 1509 509 
2297 1423 2814 -1 1772 948 1836 4260 

3520 2473 1608 2759 947 2606 1509 509 
2297 1351 2814 -1 1772 948 7244 4260 

3343 2349 1527 2759 947 4975 1509 509 
2297 1283 2814 -1 1683 900 10881 4260 

-5 -4 -5 -5 -5 639 -5 519 
-1 -1 -1 -1 -1 -1 -1 1591 

-2 -3 -3 -2 1 -2 -2 -2 
-1 -1 -1 0 -1 -1 -1 -1 

-3 -3 -4 446 -1 -4 -4 -5 
-1 -1 628 0 -1 -1 -1 -1 

1872 -3 -4 923 -1 -4 -4 1245 
-1 1499 628 0 -1 -1 1499 1499 

2001 -3 -4 789 -1 -4 246 1181 
-1 1220 596 0 999 -1 1423 2285 

2001 -3 -4 789 3749 -4 246 1181 
-1 1220 596 0 999 -1 2851 2285 

2001 -3 -4 789 8561 -4 246 1181 
-1 1220 596 0 999 -1 3708 2285 

2001 -3 -4 2795 12077 -4 246 3621 
4399 3159 596 0 999 -1 5022 2285 

2001 -3 -4 2795 12077 -4 246 5939 
4399 3159 596 0 2449 -1 5022 2285 

2001 -3 -4 2795 12077 -4 246 8142 
4399 3159 596 0 3826 -1 5022 2285 

2001 -3 -4 2795 12077 -4 246 7734 
4399 3159 596 0 3634 -1 5022 2285 

1900 5705 -4 2795 12077 4871 246 9847 
4399 3159 596 0 5870 2949 6770 2285 

1067 3430 45 1660 5043 1986 181 4363 
9666 3222 951 -1 3932 1397 3106 1346 

1013 4758 45 1576 4790 1986 171 4144 
9182 3222 951 -1 3370 1397 4450 1278 

1013 5472 45 4622 4790 1986 171 4144 
9182 3222 951 -1 3370 1397 8227 3714 

2460 5464 37 4655 6275 1187 138 5041 
7193 3714 774 998 5123 1026 7053 5678 

2460 7690 37 4655 6275 1187 138 5041 
7193 3714 774 998 5123 1026 8700 5678 

2460 7690 37 4655 6275 1187 138 4788 
7193 3714 774 998 5123 1026 8700 5394 

1807 5447 82 4200 4402 1127 168 3803 
5757 2729 3766 1715 5029 925 7458 4987 

1807 5447 3827 4200 4402 1070 2659 3803 
5757 4092 5077 1715 4777 925 7458 4987 

-3 -2 -3 -3 -3 -2 -3 -3 
-1 -1 -1 -1 -1 -1 -1 -1 

-3 -2 -3 -3 -3 -2 -3 -3 
-1 -1 -1 -1 -1 -1 -1 -1 

3109 2075 5527 4872 8474 6074 7354 7128 
3833 1159 4752 10054 15718 8745 5254 2448 

-3 259 -3 -3 -3 -3 -3 -3 
-1 -1 248 -1 -1 -1 -1 -1 

-3 259 -3 -3 3747 -3 -3 -3 
1499 -1 248 -1 -1 -1 -1 -1 

-2 -2 -2 12 -3 -2 -3 -2 
-1 -1 -1 14 -1 -1 -1 -1 

-2 2998 -2 12 -2 -2 -3 2498 
-1 -1 -1 14 2999 -1 1999 -1 

8151 7048 6540 7245 6193 9712 14484 4586 
9316 11966 6977 11272 15095 14871 12715 14317 

7355 10444 6540 6210 5588 10189 14484 5878 
11257 11966 6628 10566 13152 13420 12900 13601 

7276 10050 6540 5661 4790 8734 12206 7125 
9651 11367 5682 11558 9901 11832 11642 14078 

7276 10050 6540 5661 4550 8734 12206 7125 
9168 11367 5682 11558 9901 11832 11642 14078 

7276 9547 6540 5661 5822 8734 12206 7125 
17709 11367 5682 11558 9901 11832 11642 13374 

7276 9069 6540 5661 8030 7882 11595 7125 
20823 10798 5682 11558 9901 11240 11059 12705 

-4 1494 24 -5 1244 -1 19 33 
6 1095 -1 67 20 24 1158 998 

940 -2 -2 -2 -2 -2 -2 320 
-1 -1 -1 461 -1 164 -1 -1 

350 -4 -3 625 743 -3 -3 231 
-1 -1 -1 235 628 722 -1 -1 

350 -4 2730 625 743 1247 -3 231 
-1 -1 999 1223 628 1685 999 999 

314 -4 3048 625 743 1184 -3 218 
-1 -1 901 2103 628 1600 948 999 

314 -4 3048 4343 743 1184 -3 218 
-1 -1 901 2103 628 1600 948 2449 

314 -4 3048 4125 743 1184 -3 218 
-1 -1 901 2103 628 1600 948 2326 

3631 -4 3048 6097 743 1184 2080 2707 
-1 -1 855 2103 628 5344 3400 6209 

3631 -4 3048 8292 743 1184 2080 2707 
999 -1 855 2103 628 5344 3400 6209 

3631 -4 3048 10377 743 1184 2080 2707 
1949 -1 855 2103 628 5344 3400 6209 

3631 -4 3048 9858 743 1184 2080 2707 
1851 -1 855 2103 628 5344 3400 6209 

3631 -4 3048 11865 743 1124 4476 2707 
4758 -1 855 1997 628 5344 3400 7898 

2059 -7 1916 6285 1989 700 3470 2089 
5567 6656 538 1257 1019 2742 2373 8381 

2059 3326 2668 6285 1889 599 4129 2089 
7288 6656 485 1257 4151 2742 2254 7563 

2059 3326 2668 6285 1889 599 5118 2089 
7288 6656 485 1257 9443 2742 2254 7563 

3378 5468 4696 6622 2569 948 5429 1699 
5638 6323 1213 4229 7685 4424 1656 7224 

3378 5468 4696 6622 2569 948 5429 1699 
5638 6323 1213 4229 7685 4424 1656 7224 

3378 5468 4461 6622 2569 948 5429 1699 
5638 6006 1213 4229 7685 4424 1656 7224 

-2 -2 -3 0 -3 0 -2 -2 
-1 0 2 -1 -1 -1 -1 0 

-3 -3 -4 -3 -3 -4 -4 -3 
-1 -1 -1 -1 -1 -1 -1 -1 

1663 -3 2496 -2 -3 -4 -4 -3 
-1 -1 -1 -1 999 -1 -1 999 

-2 -5 26 0 -34 37 -5 41 
901 0 1 -1 948 -1 1507 0 

-2 -5 26 0 -34 37 -5 41 
901 0 1 -1 948 -1 1507 0 

1222 1787 485 2583 977 1820 4536 1223 
1772 2949 3000 8689 2915 -1 17492 0 

1222 1787 485 2583 977 5479 4536 1223 
3183 2949 3000 8689 2915 -1 17492 0 

4595 7025 7872 4049 7741 7638 9035 6315 
10880 14270 10026 20627 8056 7809 14257 12874 

7698 10007 7872 4049 7741 12256 9035 9749 
12719 14270 11524 20627 8056 7809 15044 12874 

-2 -2 -2 -2 -3 -2 -3 -2 
-1 -1 -1 -1 -1 -1 -1 -1 

-2 -2 1351 -2 2184 -2 1663 -2 
-1 3157 -1 -1 999 -1 -1 1499 

1185 525 3300 -3 1604 1379 2094 2372 
813 5946 901 -1 733 1423 856 2016 

1185 525 3300 -3 1523 1379 2094 2372 
813 5648 901 -1 733 1423 856 2016 

1185 525 3300 -3 2946 1379 2094 2253 
813 13647 901 -1 733 1423 856 2016 

1185 498 3300 -3 2658 1379 4801 2140 
5272 12964 855 -1 733 1351 813 2016 

1 77 -3 2382 373 -4 88 -4 
-1 1031 1 438 32 -1 -1 37 

-2 -2 -2 374 -2 -2 -2 -2 
-1 -1 -1 212 -1 -1 -1 -1 

-2 -4 -3 188 728 -2 -3 -4 
-1 -1 -1 113 -1 -1 -1 697 

831 -4 1028 188 728 498 1663 -4 
999 999 999 113 -1 -1 999 1662 

747 -5 1028 178 728 498 1663 308 
948 1856 999 107 -1 -1 999 1578 

747 3745 1028 178 728 498 1663 308 
948 1856 999 107 -1 -1 999 2999 

747 6057 1028 178 728 498 1663 308 
948 1856 999 107 -1 -1 999 3849 

747 7313 1028 1669 3031 498 4079 308 
2400 1856 2326 107 -1 -1 999 8798 

747 13024 1028 1669 3031 498 4079 308 
2400 1856 2326 107 999 -1 999 11358 

747 17372 1028 1669 3031 498 4079 308 
2400 1856 2326 107 999 -1 999 11790 

747 16503 1028 1669 3031 498 4079 308 
2400 1856 2326 107 999 -1 999 11200 

747 16503 3976 1585 3031 2473 4079 292 
2279 3763 2326 107 948 -1 999 13640 

556 11513 3767 3525 4146 2857 3148 144 
1435 3738 2399 70 2470 856 1519 14153 

556 10937 3767 3525 3741 2714 2990 2279 
1435 3551 2278 70 2470 772 4220 14153 

556 10937 3767 3525 6678 2714 2990 3355 
1435 3551 4664 70 2470 772 9009 14153 

451 10841 2914 3525 5165 4566 2720 2875 
1168 3946 4558 70 2470 2433 7113 13134 

451 10841 2914 3525 5165 4566 2720 5231 
1168 6248 4558 70 2470 2433 7113 13134 

451 10841 2914 3525 5165 4566 2720 4969 
1168 5935 4558 70 2470 2433 7113 13134 

451 9294 2707 3181 4661 4566 2367 4969 
1109 5935 4330 66 2117 2838 7369 13134 

451 10495 2707 5521 4661 4566 2367 4969 
1109 5935 4330 66 2117 2838 8000 13477 

13 -2 -2 -3 -2 -2 0 -2 
-1 -1 -1 6 -1 -1 -1 -1 

13 -2 -2 -3 -2 -2 0 -2 
-1 -1 -1 6 -1 -1 -1 -1 

573 -2 2233 3609 6136 3435 2255 2678 
5871 4131 3323 4598 7098 1744 5853 6427 

-4 -4 180 -1 989 -3 -3 -3 
-1 395 -1 -1 -1 147 -1 -1 

-4 -4 180 -1 4689 -3 -3 -3 
1499 395 -1 -1 -1 147 -1 -1 

-2 -3 -3 -2 -2 -2 -2 -2 
-1 -1 -1 -1 -1 -1 -1 -1 

3748 6913 3330 -2 3748 -2 -2 -2 
-1 -1 1499 -1 -1 5204 -1 1499 

4690 12622 9258 7096 6909 4299 7407 4150 
12037 14208 5965 5579 22872 10519 13279 16764 

5455 14380 8355 6403 6563 4829 6684 4986 
12576 14247 6966 5579 19609 10519 11384 17029 

4921 11007 6998 7212 4351 4405 7110 6215 
9243 13807 4620 5984 15564 9018 8174 15300 

4921 10456 6998 7212 4351 4405 7110 6215 
9243 13807 4620 5984 15564 9018 8174 14534 

4921 11451 6998 7212 4351 4184 7110 9654 
9243 13807 4620 5984 16285 8567 8174 22307 

4921 13378 6998 7212 4133 3974 7110 9171 
9243 13807 4620 5984 15470 8138 8174 24406 

-4 6 -5 -5 7 -5 -4 -5 
-1 31 -1 -1 1 -1 -1 13 

-2 -2 -2 -2 -2 -2 -2 -2 
-1 -1 -1 -1 -1 -1 -1 -1 

-3 -5 -2 564 592 -4 -2 -3 
-1 461 -1 -1 -1 597 -1 -1 

-3 -5 -2 564 592 1246 292 497 
999 461 -1 -1 -1 597 1499 999 

-4 -5 -2 1082 562 1481 262 403 
901 375 999 948 -1 597 1284 948 

-4 -5 -2 1082 562 1481 5248 403 
901 375 1949 948 -1 597 1284 948 

-4 -5 -2 1082 562 1481 7485 403 
901 375 2851 948 -1 597 1284 948 

-4 -5 -2 3059 562 1481 10401 403 
2855 375 4947 3400 -1 597 1284 948 

-4 -5 3748 3059 562 1481 10401 403 
2855 375 4947 4730 -1 597 1284 948 

-4 -5 8560 3059 562 1481 10401 403 
2855 375 4947 5493 -1 597 1284 948 

-4 -5 8131 3059 562 1481 10401 403 
2855 375 4947 5218 -1 597 1284 948 

-4 -5 10724 2905 533 3406 10401 403 
2855 375 4947 7559 -1 597 3219 948 

-4 -5 11120 2579 504 3620 9384 777 
2855 1338 4699 11550 -1 1567 4058 900 

-4 2573 11816 2210 504 3620 8914 777 
6712 1207 4699 10972 -1 1567 5162 812 

-4 3531 11816 5224 504 3620 8914 777 
11376 3646 4699 10972 -1 1567 5162 812 

2139 3026 10527 8839 1300 3678 10650 1910 
9909 7164 3635 8489 -1 3293 4425 2342 

2139 3026 10527 8839 1300 3678 10650 1910 
9909 7164 3635 8489 -1 3293 4425 2342 

2139 3026 10000 8839 1300 3678 10650 1910 
9909 7164 3635 8489 -1 3293 4425 2224 

1833 2730 10000 8396 1219 3153 10156 1871 
10348 6805 3116 8489 948 3128 4203 2006 

1833 2730 10000 10476 1219 7995 11314 1871 
10348 6805 3960 9064 948 3128 4992 2006 

-3 -2 -2 -3 -2 -2 -2 -3 
-1 -1 -1 -1 -1 -1 -1 -1 

-3 -2 -2 -3 -2 -2 -2 -3 
-1 -1 -1 -1 -1 -1 -1 -1 

1278 5433 5517 7980 6094 2149 2048 788 
2373 6726 6031 3044 6402 7382 6499 7477 

-2 -3 -2 -3 -2 -2 112 -2 
-1 224 -1 -1 -1 -1 -1 -1 

-2 -3 3748 -3 -2 -2 112 -2 
-1 224 -1 -1 -1 -1 1499 -1 

12201 8387 5689 8156 9605 7206 6634 7103 
13560 26682 12322 7629 23300 8637 7326 21229 

12201 8387 7904 8156 9124 9762 6634 10497 
13560 28847 12322 7629 23300 9705 7326 21159 

-3 -3 -4 -3 -4 -3 -3 -3 
-1 -1 -1 -1 -1 -1 -1 -1 

-3 -3 1496 -3 4865 3168 -2 -3 
-1 2899 1423 -1 1499 -1 -1 2302 

1246 -3 1217 -3 6382 4784 1501 -3 
1713 4002 1757 -1 2123 -1 948 2923 

1246 -3 1217 -3 6382 4544 1501 -3 
1713 4002 1757 -1 2016 -1 948 2923 

1246 -3 1217 -3 6382 5923 1425 -3 
1713 4002 1757 -1 10915 -1 948 2776 

1246 -3 1217 -3 6062 8483 1221 -3 
1713 3611 1757 -1 14369 -1 948 2637 

-5 236 -5 188 -5 -3 -5 -5 
-1 340 -1 0 6 -1 -1 -1 

-2 -2 -2 -2 -2 -2 -2 -2 
-1 -1 -1 -1 -1 -1 -1 -1 

604 -2 -4 -3 -5 -4 -3 -4 
-1 -1 -1 -1 -1 461 -1 -1 

604 998 -4 451 -5 -4 -3 933 
999 -1 1499 -1 999 461 -1 -1 

544 998 -4 427 -5 1460 -3 885 
948 -1 1352 948 2806 461 -1 -1 

544 998 -4 427 -5 1460 -3 4590 
2400 -1 1352 948 2806 461 -1 -1 

544 998 -4 427 -5 1460 -3 7693 
4280 -1 1352 948 2806 461 -1 -1 

544 998 -4 427 -5 1460 -3 9558 
8566 -1 1352 948 2806 461 -1 -1 

544 998 -4 427 -5 1460 -3 11580 
9137 -1 1352 948 2806 461 -1 -1 

544 998 -4 427 -5 1460 -3 16001 
9680 -1 1352 948 2806 461 -1 -1 

544 998 -4 427 -5 1460 -3 15200 
9195 -1 1352 948 2806 461 -1 -1 

544 998 -3 405 2495 1460 -3 19218 
13648 -1 1219 948 6165 461 -1 -1 

516 998 -3 405 4626 1460 -3 19125 
14408 -1 1219 948 5563 461 -1 999 

516 998 -3 405 4626 1460 3122 19473 
19687 -1 1219 948 7784 461 -1 999 

489 855 -3 1475 5479 2046 4126 12916 
13060 2616 942 1590 6495 415 -1 2894 

544 1056 -5 383 2614 1460 412 18684 
12317 -1 1157 7400 6856 1277 948 -1 

-4 -3 -4 -3 -3 -3 -3 -3 
-1 -1 -1 -1 -1 -1 -1 -1 

1931 -2 180 -3 146 -2 -3 -2 
-1 60 -1 -1 -1 -1 -1 857 

