0 0 0 10000 0 0 0 0 
2000 0 0 0 0 0 0 0 

0 0 0 3333 0 14500 0 0 
2000 0 0 0 0 0 3800 0 

0 0 0 12999 0 14500 0 0 
2000 0 0 0 0 0 5420 0 

0 0 0 11698 0 14500 0 0 
2000 0 0 0 0 0 4877 0 

0 0 0 11698 0 14500 7500 0 
2000 0 0 0 0 3000 4877 0 

0 7312 8999 14559 8643 16716 2210 4420 
8747 0 1619 15839 3887 18056 6999 15350 

0 13247 11788 14559 8643 22544 2210 11478 
13685 0 7011 15839 3887 18056 6298 15350 

0 0 109 10528 0 13049 83 0 
1619 0 0 0 0 1619 6389 0 

0 0 3838 11094 0 9572 74 0 
1311 0 0 2000 0 1619 7174 6500 

1617 -2 3108 13736 2212 5639 2759 0 
955 4699 2915 1311 1999 1061 5693 4702 

1617 -2 3108 13736 1990 5639 2759 0 
955 4699 2915 1311 1999 1061 5123 4702 

1617 -2 3108 15162 1990 5639 2759 0 
955 4699 2623 1311 1999 1061 5123 18231 

1617 -2 7797 16781 1990 5074 2759 0 
859 7405 2623 1311 9799 1061 4610 18231 

19594 19504 6969 4210 10573 12361 14874 5111 
18707 24192 14415 11194 11241 8291 8175 7835 

-2 -2 -2 -2 -2 -2 -2 -2 
-1 -1 -1 -1 -1 -1 -1 -1 

-4 -5 -4 -7 -4 -4 1040 -4 
-1 -1 -1 -1 -1 -1 368 -1 

2192 -4 -4 -7 -4 -4 1040 -4 
-1 -1 -1 -1 1999 -1 2331 -1 

-2 -2 -2 -2 -2 -2 -3 -2 
-1 -1 -1 -1 -1 -1 -1 -1 

-2 -2 -2 -2 7498 -2 -3 -2 
-1 -1 2999 -1 -1 -1 -1 -1 

-2 -2 -2 -2 7498 -2 -3 -2 
-1 -1 2999 -1 -1 -1 -1 -1 

-2 4373 -2 -2 6747 3569 -2 -2 
5668 -1 2999 4999 -1 -1 -1 -1 

-2 4373 -2 -2 6747 3569 -2 6664 
9101 -1 2999 4999 -1 -1 -1 -1 

-2 4373 -2 -2 6747 3569 -2 13497 
11190 -1 2999 4999 -1 -1 -1 -1 

-2 4373 -2 -2 6747 3569 -2 13497 
11190 -1 2999 4498 -1 -1 -1 -1 

-2 3935 4498 -2 15865 8212 -2 13497 
10070 -1 2999 11738 -1 -1 -1 7399 

2192 -4 -5 743 -4 -4 4269 -4 
-1 -1 -1 1999 1798 -1 2331 1999 

2192 -4 -5 668 3885 -4 3841 -3 
-1 -1 6999 1999 1618 -1 2331 1999 

4139 -4 -5 668 3885 -4 3841 -3 
-1 -1 6999 1999 1618 12999 2331 1999 

2714 1510 -4 3486 7830 6296 2796 2274 
-1 2389 7034 6755 4979 10528 1237 2519 

2714 1510 -4 3486 7830 6296 2796 7046 
-1 2389 7034 6755 4979 10528 3113 2519 

2714 1510 -4 3486 7830 5666 2796 7046 
-1 2389 7034 6755 4979 10528 2801 2519 

3729 -4 -5 1980 3885 -4 3841 -3 
-1 -1 6999 1999 1618 12999 2331 9799 

2491 -3 -4 1603 3885 -3 3110 132 
1999 -1 6298 1618 1618 12328 1698 9799 

7241 9997 4996 1603 3885 -3 3110 132 
3799 4699 6298 1618 1618 12328 1698 9799 

-2 -2 -3 -2 -2 -2 -3 -2 
-1 -1 -1 -1 -1 -1 -1 -1 

-2 -2 -2 -2 -2 -2 -3 -2 
-1 -1 -1 -1 -1 -1 -1 -1 

2555 3769 -27 2664 9288 4706 3760 83 
-1 7759 3256 -1 15396 6711 4591 9965 

2555 3769 -27 2664 9288 11735 3760 83 
-1 7759 3256 -1 15396 9039 4591 9965 

2555 10058 7475 2664 9288 11735 10050 83 
-1 10983 5930 3999 15396 9039 4591 9965 

2298 10706 4903 2664 9288 13594 10050 73 
-1 11884 4802 3999 13856 8134 7396 10137 

2942 7022 3215 8664 5590 9921 7364 5058 
3256 9773 3863 3223 8181 5929 4366 9706 

2942 7022 2893 8664 5590 9921 7364 5058 
3256 9773 3863 3223 8181 5929 3929 9706 

5724 7022 5761 8664 5590 9921 7364 7244 
16937 9773 3863 3223 8181 5929 15536 9706 

5151 7022 5184 8664 9406 9921 7364 5867 
16937 8795 3863 3223 7362 12336 13982 8735 

8342 2459 10129 7894 17253 12556 10601 10079 
7043 19534 27855 20313 13931 21880 8636 10887 

2116 918 4356 1620 6680 4860 3321 1861 
1609 6128 13321 7070 3539 6178 2193 1632 

2116 2254 4356 2611 9839 4860 3321 1861 
3448 6128 13321 10363 3539 6178 4973 3468 

1902 2254 4634 2348 9839 4373 3321 1674 
3448 4963 13988 10363 3184 6178 4973 3121 

1902 2254 4634 2348 9839 4373 9655 1674 
7103 4963 13988 10363 3184 6178 4973 3121 

1902 8695 4634 2348 9839 4373 9655 1674 
10392 4963 13988 10363 3184 6178 4973 3121 

6711 14492 4170 5446 13855 4373 9655 1674 
10392 8466 14930 10363 5865 6178 4973 6808 

6711 19709 4170 5446 13855 4373 9655 1674 
13352 8466 14930 10363 5865 6178 4973 6808 

6711 22738 4170 5446 13855 4373 9655 1674 
15016 8466 14930 10363 5865 6178 4973 6808 

6711 22738 4170 4901 13855 4373 9655 1674 
15016 8466 14930 10363 5278 6178 4973 6808 

6711 22738 4170 4901 17469 3935 9655 6755 
19514 8466 14930 10363 4750 5560 11475 6808 

3781 6415 1441 5810 9006 1226 2916 2608 
6802 1935 5782 8969 9881 2392 4938 3617 

3781 6415 1296 12706 9006 1103 2623 2608 
6802 1935 9254 8969 9881 2392 3999 3617 

3781 6415 1296 13435 9006 1103 2623 2608 
6802 1935 9254 8969 9881 2392 15599 3617 

6730 6091 2510 7923 11438 650 4825 8498 
5509 1566 8653 9238 8850 3953 9670 2929 

6730 6091 2510 7923 11438 650 4825 8498 
5509 1566 8653 9238 8850 3953 9670 2929 

6056 6091 2510 7923 11438 650 4825 8498 
5509 1566 8653 9238 8850 3557 9670 2929 

-2 -2 -2 -2 -2 -2 -2 -2 
-1 -1 -1 -1 -1 -1 -1 -1 

-2 -2 -2 9998 -2 -2 7998 -2 
-1 1999 -1 1999 -1 -1 -1 1999 

-2 -2 -2 -2 -2 -2 200 -2 
1798 -1 -1 -1 -1 -1 -1 1310 

-2 -2 -2 -2 -2 -2 200 -2 
1798 -1 -1 -1 -1 -1 -1 1310 

1497 1664 5374 6023 -2 6000 3302 -2 
1310 1798 6599 3238 3598 26586 1798 5560 

-2 -2 -3 -3 -2 -3 -2 -2 
-1 -1 -1 -1 -1 -1 -1 -1 

-2 -2 -3 -3 6664 -3 -2 -2 
-1 3999 -1 -1 -1 -1 -1 -1 

6248 -2 13497 -3 6664 -3 -2 -2 
-1 3999 2999 4999 -1 -1 3999 -1 

14712 13327 5525 10061 9710 16245 11325 11353 
30389 21435 19433 10008 13079 20718 15039 35020 

13240 11994 4972 10061 9812 16533 12755 12409 
32350 20485 15786 12007 12393 20718 10962 31517 

8685 14255 6123 13229 8264 9760 10330 10474 
13924 17363 14207 11276 9504 18523 7191 22167 

8685 14255 6123 13229 8264 9760 10330 9426 
13924 17363 14207 11276 9504 18523 6471 22167 

8685 14255 6123 13229 10368 8783 10330 13483 
13924 17363 14207 27148 9504 18523 7041 22167 

7034 14255 5510 13229 9331 8783 14297 13483 
21531 15626 14207 21989 9504 18523 7041 19950 

2232 4468 1724 7311 2629 2564 3629 4501 
6776 6913 3248 7665 2730 3430 3366 5766 

2232 4468 2980 6579 2629 2564 4203 4501 
6098 6913 7330 7665 2730 3430 3366 5766 

2232 4021 2681 7128 2629 2074 4203 4501 
5488 6913 6596 6898 2730 3430 3029 6470 

2232 10285 2681 7128 2629 2074 4203 4501 
5488 6913 9936 6898 2730 3430 3029 6470 

2232 16756 2681 7128 2629 2074 4203 4501 
5488 6913 11942 6898 2730 3430 3029 6470 

7008 21304 6412 7128 2629 2074 3782 4501 
5488 6913 14305 6898 6211 3086 10726 6470 

7008 24173 6412 7128 2629 2074 3782 4501 
6939 6913 14305 6898 6211 3086 10726 6470 

11307 24173 6412 7128 2629 2074 3782 4501 
6939 9221 14305 6898 6211 3086 10726 6470 

11307 21755 6412 7128 2629 2074 3782 4501 
6939 8298 14305 6898 6211 3086 10726 6470 

10176 21755 15693 7128 12754 1866 3782 4050 
6244 8298 14305 6208 11589 5499 17288 6470 

5131 14259 9255 8068 7018 1315 1637 2604 
2985 4527 8775 16623 12386 2990 7440 11294 

5131 12832 8329 8068 6315 1315 1637 2108 
2985 4074 8775 12117 11147 2990 7440 11294 

5131 12832 8329 8068 6315 3326 1637 2108 
2985 4074 8775 22905 11147 2990 7440 11294 

4154 7574 6745 5888 9250 8636 2487 1382 
3561 2835 10186 18697 9113 3222 3952 7409 

4154 7574 6745 5888 9250 8636 2487 1382 
3561 2835 10186 18697 9113 3222 3952 7409 

4154 7574 6745 5888 8324 8636 2487 1382 
3561 2835 10186 18697 9113 3222 3556 7409 

4154 7574 5606 5299 6067 7772 2315 1006 
6684 2551 9167 16827 7381 2609 3556 6000 

7071 7574 5606 9769 6067 16994 2315 1006 
6684 4295 9167 16827 8642 2609 5200 6000 

-2 -2 -2 -2 -2 -2 -2 -2 
-1 -1 -1 -1 -1 -1 -1 -1 

9998 -2 -2 -2 -2 -2 -2 -2 
-1 -1 -1 -1 1999 -1 -1 -1 

11411 5637 808 -17 3096 6648 2554 -2 
-1 3598 18862 13662 1310 3598 -1 6999 

11411 5637 808 -17 10286 6648 2554 -2 
-1 3598 18862 13662 4179 3598 -1 6999 

12054 15080 6552 16046 10490 10265 13080 12567 
4445 16390 15467 10303 36283 9044 20517 18611 

12054 20238 12563 21941 10490 16738 13080 12567 
4445 16390 17920 12272 36283 9044 20517 21674 

-2 -2 -2 -2 -2 -2 -2 -2 
-1 -1 -1 -1 -1 -1 -1 -1 

6798 -2 2427 5002 -2 7498 -2 -2 
-1 4699 1999 -1 -1 2698 5699 -1 

5504 3148 1768 9145 -2 7290 4424 -2 
-1 7405 5912 -1 4615 3592 3364 -1 

5504 3148 1591 9145 -2 7290 4424 -2 
-1 7405 5912 -1 4615 3592 3364 -1 

5504 3148 1591 9145 -2 7290 4424 2175 
-1 21664 5912 -1 4615 3232 3364 -1 

9458 3148 1591 9145 -2 7290 3583 2175 
-1 21664 5912 -1 11463 3232 3364 -1 

3292 983 1410 3538 -6 2283 1901 493 
-1 4954 1501 1854 4933 1250 1067 -1 

4629 983 1410 3538 -6 2963 5044 1554 
-1 6458 1501 1854 7795 1250 1067 1999 

4165 1653 1410 3683 1103 2399 4537 1554 
-1 5812 3015 1668 9015 3012 960 1798 

11248 1653 1410 3683 1103 2399 4537 1554 
-1 5812 3015 1668 9015 3012 3864 1798 

11248 1653 1410 3683 1103 2399 4537 8898 
2999 5812 3015 1668 9015 3012 3864 1798 

18610 1653 1410 3683 1103 2399 8174 8898 
9699 5812 7713 1668 8113 3012 8477 1798 

18610 1653 4602 3683 1103 2399 8174 8898 
9699 5812 7713 1668 8113 3012 8477 3618 

18610 1653 4602 3683 1103 7159 8174 8898 
9699 5812 9941 1668 8113 3012 8477 3618 

18610 1653 4602 3314 1103 7159 8174 8898 
9699 5812 9941 1668 8113 2710 8477 3618 

18610 1653 4141 8696 1103 7159 7356 13008 
9699 5230 9941 1668 8113 9394 8477 5256 

10087 774 1958 5283 596 4171 3896 5585 
4637 2250 8465 3378 5322 4042 4741 12104 

10982 626 6762 5283 5536 4171 3896 5026 
4173 2250 8465 8040 5322 6186 4741 13404 

10982 2706 6762 5283 5536 4171 10173 5026 
4173 2250 8465 8040 5322 17567 8266 13404 

8334 9741 6092 8464 7072 4193 8600 6718 
2216 6522 4497 6512 4447 10955 6609 14694 

8334 9741 6092 8464 7072 4193 8600 6718 
2216 6522 4497 6512 4447 10955 6609 14694 

8334 9741 6092 8464 7072 4193 7739 6718 
2216 6522 4497 6512 4002 10955 6609 14694 

-2 -2 -3 -3 -2 -2 -2 -2 
-1 -1 -1 -1 -1 -1 -1 -1 

77 48 25 104 73 26 131 266 
1456 2879 1179 4389 1618 2637 3419 1310 

5069 48 7522 104 73 23 131 266 
1310 2879 1179 4389 4456 2637 3419 4179 

5069 48 7522 104 73 23 131 10239 
1310 2879 1179 4389 4456 2637 5077 4179 

7308 1135 6826 10169 65 12 3670 18193 
1178 8268 1060 11037 4010 9575 21391 6984 

-2 -3 -2 -2 -2 -2 -2 -2 
-1 -1 -1 -1 -1 -1 -1 -1 

-2 7497 -2 -2 -2 -2 -2 -2 
2999 -1 -1 -1 -1 -1 -1 -1 

11769 22038 15259 4741 7065 9572 14449 3921 
15787 21971 7808 27117 8246 8495 18329 25350 

11769 22038 15259 4741 11358 9572 18004 3921 
15787 21971 7808 29405 11421 8495 18329 25350 

12532 16064 13732 4266 12722 11352 16203 5172 
14208 21396 6324 19987 13278 8495 20496 20533 

13900 11035 10008 4597 8581 6701 7627 3768 
12787 14601 7160 11801 9152 3655 12101 19631 

13900 11035 10008 4597 7722 6701 7627 3768 
12787 14601 7160 11801 9152 3289 12101 19631 

13900 12744 12007 4597 7722 6701 7627 3391 
12787 14601 18444 19620 9152 3289 10890 19631 

13900 12744 12007 4597 11317 6701 7627 2746 
12787 13140 18444 17657 17236 3289 9800 19631 

3921 4855 3047 1861 4867 3953 2127 692 
4457 3188 8820 7599 5641 607 2240 7205 

6318 4855 3047 2444 4867 3953 2127 692 
4457 3188 10944 7599 5641 607 2240 8484 

5115 4368 3047 2199 4867 4084 1910 559 
3609 3188 10944 7599 5076 607 3469 7635 

5115 4368 3047 2199 4867 4084 9219 559 
3609 3188 10944 7599 5076 607 3469 9871 

5115 4368 3047 2199 4867 11175 9219 559 
3609 5869 10944 7599 5076 607 3469 9871 

5115 8375 6908 2199 4867 11175 9219 559 
11248 5869 10944 7599 9568 607 3469 9871 

5115 8375 6908 2199 11880 11175 9219 559 
11248 5869 12849 7599 9568 607 3469 9871 

5115 8375 6908 2199 11880 11175 9219 502 
10123 5869 12849 7599 9568 607 3469 9871 

5115 8375 6908 2199 11880 11175 8296 502 
10123 5869 12849 7599 9568 607 3469 8883 

9603 8375 6217 2199 11880 10057 8296 502 
9110 5869 12849 13354 9568 607 3469 8883 

7009 5048 6447 1285 7083 2734 3955 588 
5537 4431 5529 12019 7749 3397 1842 3967 

7009 6338 5801 1156 6374 2734 3955 529 
7184 4431 5529 12019 6973 3397 1657 3212 

7009 6338 5801 3183 6374 2734 3955 529 
7184 4431 5529 12019 6973 3397 1657 14890 

3722 5703 11948 1878 4855 1450 10139 4217 
4241 2906 3626 17130 12559 1804 2977 9768 

3722 5703 11948 1878 14369 1450 10139 4217 
4241 2906 3626 17130 13303 1804 2977 9768 

3722 5703 11948 1878 12931 1450 10139 4217 
4241 2906 3626 17130 13303 1623 2977 9768 

-2 -2 -2 -2 -2 -2 -2 -2 
-1 -1 -1 -1 -1 -1 -1 -1 

85 -2 -2 80 59 81 61 -2 
3076 1456 -1 3799 -1 -1 1456 -1 

85 -2 3331 80 52 7572 61 -2 
5768 1456 1999 3799 -1 -1 1456 -1 

85 -2 3331 80 52 7572 61 -2 
5768 1456 1999 3799 -1 -1 1456 -1 

7968 2698 4664 7737 1291 7572 6611 3212 
8434 16923 22092 3799 1798 -1 4310 5541 

-2 -2 -2 -2 -2 -2 -2 -2 
-1 -1 -1 -1 -1 -1 -1 -1 

-2 6664 -2 -2 -2 -2 -2 -2 
-1 -1 -1 -1 -1 3999 -1 -1 

1512 3219 388 2178 2073 4369 1763 3579 
2728 2499 7374 4587 3034 6211 1672 10530 

6360 3219 388 2178 6865 10598 9086 3579 
4455 2499 7374 4587 3034 9589 4504 11477 

8724 6897 3014 1959 6503 11681 7358 2898 
7009 2023 9454 4587 2457 9589 5648 12896 

7180 3959 4750 934 5188 7798 5383 8380 
4597 5424 5482 3008 3989 10353 6783 6852 

7180 3562 4750 934 5188 7798 5383 8380 
4597 5424 4933 3008 3989 10353 6783 6852 

7180 3562 4750 934 5188 7798 5383 9287 
4597 5424 4933 2707 18590 10353 6783 6852 

7180 3562 4750 840 5188 6316 10299 9287 
4137 5424 3995 2707 28731 10353 6783 6852 

-4 -7 -5 -6 -4 1408 322 -4 
-1 -1 695 -1 954 -1 -1 -1 

-6 1154 -6 2146 -5 284 134 2651 
-1 -1 1055 506 895 -1 -1 -1 

708 1154 1994 2146 -5 284 134 2651 
-1 -1 1055 506 2805 -1 -1 1999 

635 1154 1994 1931 -5 284 477 2651 
-1 -1 949 506 2524 -1 1999 1999 

635 1154 1994 9237 -5 284 477 2651 
2999 -1 949 506 2524 -1 1999 1999 

635 1154 1994 9237 -5 6922 477 2651 
2999 -1 949 506 2524 -1 5799 1999 

8014 1154 1994 10304 -5 6922 477 2651 
2999 6999 853 5409 2524 -1 5799 5799 

8014 1154 7794 10304 -5 6922 477 2651 
8699 6999 853 5409 2524 -1 5799 5799 

8014 1154 7794 19273 -5 6922 477 2651 
8699 6999 853 5409 2524 1999 5799 5799 

8014 1154 7794 19273 -5 6922 477 2385 
8699 6999 853 5409 2271 1999 5799 5799 

8014 1154 7794 15610 4995 6922 477 2385 
7828 6999 853 5409 8139 1999 5799 5799 

1354 307 1653 3540 1384 2401 607 1043 
7685 1145 1494 477 1355 6551 2245 3989 

1354 307 1203 3540 1244 2401 607 938 
6916 1145 1494 477 1097 6551 2020 3589 

1354 307 1203 3540 1244 2401 3582 938 
6916 1145 1494 477 1097 22895 2020 3589 

579 6852 10311 2578 3903 3099 3753 1540 
4083 4916 6313 280 2105 21987 1191 4706 

579 6852 14279 2578 3903 3099 3753 1540 
4083 4916 6313 280 3894 21987 1191 4706 

579 6852 14279 2578 3512 3099 3753 1540 
4083 4424 6313 280 3894 21987 1191 4706 

-2 -2 -2 -2 -2 -2 -2 -2 
-1 -1 -1 -1 -1 -1 -1 -1 

151 45 110 134 67 157 112 200 
1999 2769 2769 -1 1798 1456 1618 6189 

5135 45 110 134 67 157 112 5180 
1999 5492 4492 -1 1798 1456 1618 6189 

5135 45 110 134 67 157 112 5180 
1999 5492 4492 -1 1798 1456 1618 6189 

9227 7771 3059 2358 6925 10791 22918 11249 
14208 15345 4946 1061 5451 7787 25781 8776 

9227 14493 3059 2358 6925 10791 22918 11249 
14208 15345 4946 3954 5451 7787 25781 8776 

12806 18615 3991 1066 9962 6606 16081 6627 
18079 13980 23357 20786 10280 9155 31594 23184 

12806 25703 3991 1066 9962 5945 16081 6627 
18079 13980 26021 21336 10280 9155 31594 23184 

-2 -2 -2 -3 -2 -2 -2 -2 
-1 -1 -1 -1 -1 -1 -1 -1 

-2 4498 -2 5509 -2 -2 1123 -2 
-1 -1 5999 -1 3799 -1 -1 4999 

1616 3642 -2 4461 1426 1819 2206 -2 
-1 1310 6658 3418 4292 -1 -1 3643 

1616 3642 -2 4461 1426 1819 2206 -2 
-1 1310 6658 3418 4292 -1 -1 3643 

1616 3642 -2 4461 1426 1819 4235 2690 
-1 1310 14992 17076 4292 -1 -1 3643 

1454 3277 -2 4461 5654 1636 4235 2690 
6298 1178 14992 17076 4292 -1 -1 3278 

-2 -2 -2 -2 -2 -2 -2 -2 
-1 -1 -1 -1 -1 -1 -1 -1 

-6 -3 611 -5 -5 935 -5 -4 
-1 -1 -1 410 -1 455 -1 -1 

-6 -3 549 -5 -5 3841 551 -4 
4799 -1 -1 410 -1 455 -1 -1 

-6 -3 549 -5 -5 2795 1001 -4 
3886 -1 -1 368 1999 455 -1 -1 

-6 -3 7160 -5 -5 2795 1001 -4 
3886 -1 3999 368 1999 455 -1 -1 

-6 -3 7160 -5 6662 2795 1001 -4 
7497 -1 3999 368 1999 455 -1 -1 

-5 -3 10534 4162 6662 9182 1001 -4 
11747 -1 3999 368 5799 409 8098 -1 

-5 -3 10534 4162 6662 13263 1001 -4 
11747 -1 3999 368 5799 409 8098 2999 

-5 -3 10534 8745 6662 13263 1001 -4 
11747 -1 5599 368 5799 409 8098 2999 

-4 -3 10534 8745 6662 13263 1001 -4 
11747 -1 5599 368 5799 409 8098 2698 

-4 5997 26495 12870 6662 13263 1001 -4 
14572 2999 8134 4331 5799 409 8098 6428 

205 4260 13875 6489 3524 4606 557 152 
5079 3160 3889 3346 2495 12267 11131 2813 

205 4260 18320 6489 2853 3730 557 152 
4570 2843 10500 2709 2495 12267 11131 2813 

3220 4260 18320 6489 2853 3730 557 152 
4570 2843 26450 2709 2495 12267 11131 2813 

3220 4260 18320 6489 2853 3730 557 5136 
4570 2843 26450 2709 4245 12267 11131 2813 

3220 4260 18320 6489 2853 3356 557 5136 
4570 2843 26450 2709 3820 12267 11131 2813 

8284 5493 8759 6202 4310 2716 293 10122 
2997 1864 21081 2623 5794 12636 6590 5670 

6038 4943 6532 6202 3490 2531 347 6008 
2697 1864 15367 4360 7843 11368 5930 4132 

6038 4943 10878 6202 3490 5611 347 5407 
2697 1864 15830 4360 7843 12231 5336 4132 

6038 4943 10878 6202 3490 5611 347 5407 
2697 1864 15830 4360 7843 12231 5336 4132 

8928 9887 11011 5581 2687 17638 2395 3383 
2427 18850 8751 13968 9575 9906 25010 9105 

-2 -3 1740 -3 -2 -2 267 -2 
-1 -1 409 -1 -1 -1 -1 954 

-2 -3 9066 -3 -2 -2 267 -2 
-1 -1 409 -1 -1 2999 -1 954 

6648 4494 5777 6440 4882 7496 9751 6004 
14445 18490 23503 25455 10454 2945 16341 14420 

6648 4494 5777 10796 4882 14246 18775 10863 
17000 18641 23503 25909 12067 2945 16341 14420 

7253 4494 6460 8743 4882 14246 21897 10863 
15299 15098 18933 31318 10860 6885 16341 14420 

7253 2976 7504 6541 3558 16348 14548 7124 
10833 10298 17039 22167 5770 5864 13798 13060 

7253 2976 7504 6541 3558 16348 13093 7124 
10833 10298 17039 22167 5770 5864 12418 13060 

7253 2976 6753 6541 3558 16744 13093 7124 
10833 10298 17039 32950 5770 5864 11176 13060 

10874 2976 6753 6541 2881 15069 13093 7124 
17774 10298 15334 32950 5192 5864 10058 13060 

3175 490 2612 2811 1237 3095 3322 2231 
5576 3988 2555 7536 1186 1838 1862 8114 

3175 490 4017 2811 1237 3095 2989 3161 
5576 3589 2555 7536 1186 1838 1862 12272 

2856 1210 4240 2274 1237 2505 2176 3161 
5018 3589 2299 7903 2960 1488 1507 12272 

2856 1210 4240 2274 1237 2505 8625 3161 
5018 3589 2299 11112 2960 1488 1507 12272 

2856 1210 4240 2274 4446 2505 8625 3161 
5018 5230 2299 11112 2960 1488 1507 12272 

2856 5589 4240 2274 9001 2505 8625 3161 
5018 12707 2299 11112 2960 10339 1507 12272 

2856 12530 4240 2274 9001 2505 8625 3161 
5018 12707 2299 11112 2960 12305 1507 12272 

2856 21277 4240 2274 9001 2505 8625 3161 
5018 12707 2299 11112 2960 13074 1507 12272 

2856 19149 4240 2274 9001 2505 8625 3161 
5018 12707 2068 11112 2960 13074 1507 12272 

8284 19149 3815 2274 9001 2254 8625 3161 
12516 11436 1861 11112 2960 13074 1507 12272 

4195 15503 2490 2075 6922 1822 6280 8549 
14917 6752 7898 6560 2157 8128 2446 9509 

5371 13952 2490 6911 10396 1822 5651 8549 
14917 6902 7108 5903 2157 15183 2446 9509 

7420 13952 2490 6911 10396 1822 5651 8549 
14917 6902 7108 5903 2157 28664 2446 9509 

8858 9152 4000 8410 7577 5827 4576 4086 
8971 5031 9611 4302 1414 25395 1980 8005 

8858 9152 4000 8410 7577 5827 10368 4086 
8971 5031 9611 4302 1414 27855 1980 8005 

7972 9152 4000 8410 7577 5827 10368 4086 
8971 5031 9611 4302 1414 27855 1781 8005 

-2 -2 -2 -2 -2 -2 -2 -2 
-1 -1 -1 -1 -1 -1 -1 -1 

-2 -2 -2 -48 -2 -2 138 83 
1798 -1 1456 -1 1999 -1 -1 -1 

9998 3331 -2 -48 4998 -2 138 83 
5256 -1 1456 -1 3799 -1 -1 -1 

9998 3331 -2 -48 4998 -2 138 83 
5256 -1 1456 -1 3799 -1 -1 -1 

12717 8503 2913 5960 9979 10312 1778 8468 
8311 13244 1178 6029 7576 21471 19025 3598 

-2 -2 -2 -2 -3 -2 -2 -2 
-1 -1 -1 -1 -1 -1 -1 -1 

-2 -2 -2 -2 -3 6248 -2 -2 
4999 -1 -1 -1 -1 -1 -1 -1 

12469 5819 9101 9810 12517 10829 10991 9591 
33523 25902 12773 7381 18127 8229 17860 20579 

16222 5819 9101 9810 17931 10829 10991 9591 
33523 28311 12773 7381 18127 11406 17860 20579 

13139 5819 7370 13669 17931 9745 13225 6990 
30170 25479 10345 6642 16314 13083 14466 24521 

9660 10296 8450 11715 7716 6527 9638 9584 
16032 16727 10375 6675 13213 9536 10545 11735 

9660 10296 7604 11715 7716 6527 9638 9584 
16032 16727 10375 6675 13213 9536 9490 11735 

9660 10296 7604 10543 7716 8195 9638 9584 
27428 16727 10375 6675 13213 9536 8540 11735 

13194 9266 7604 10543 6944 7375 9638 8625 
30316 16727 10375 6675 11891 8582 8540 10561 

-6 1285 -4 -5 14 -4 -3 -5 
-1 -1 772 -1 -1 -1 -1 12 

-7 358 -6 -5 0 -6 1041 -5 
-1 -1 368 -1 -1 506 -1 4 

9993 358 1423 -5 0 1244 2048 -5 
1999 -1 5898 -1 -1 506 -1 2003 

9993 288 1771 -5 0 1607 1843 -6 
1798 -1 7308 1456 -1 409 -1 1802 

16493 288 1771 -5 0 1607 1843 -6 
1798 -1 7308 1456 -1 409 -1 4621 

16493 288 1771 -5 0 1607 1843 6661 
1798 -1 7308 1456 3999 409 -1 4621 

16493 288 1771 4162 0 1607 5492 10994 
1798 -1 11577 1456 3999 5368 3999 4621 

16493 288 1771 4162 0 1607 8276 10994 
1798 3999 11577 1456 3999 5368 3999 4621 

16493 288 1771 13745 0 1607 8276 10994 
1798 3999 11577 1456 3999 5368 3999 6158 

16493 259 1771 13745 0 1607 8276 10994 
1798 3999 11577 1456 3598 5368 3999 6158 

24843 6483 1771 18966 0 6446 7448 16561 
1798 3999 14419 3310 8472 6831 7599 6158 

24843 5993 1771 18779 0 6446 7448 16561 
1798 3999 14419 15979 10624 6831 6838 6158 

24843 5393 6593 16900 0 6446 7448 16561 
1618 3999 14419 14380 9561 6147 6838 12542 

24858 12353 6593 16900 0 6446 7448 16561 
1618 3999 14419 29047 9561 6147 6838 12542 

15585 10005 7202 13516 3059 5801 4885 14777 
1178 5880 9459 22974 5080 8748 7185 12321 

15585 16504 7202 13516 3059 5801 4885 14777 
1178 8292 9459 22974 5080 8748 7185 12321 

15585 16504 7202 13516 3059 5801 4885 13299 
1178 8292 9459 22974 4571 8748 7185 12321 

-2 -2 -2 -3 -2 -2 -2 -2 
-1 -1 -1 -1 -1 -1 -1 -1 

73 -78 -2 140 -2 70 -2 65 
-1 -1 -1 -1 -1 -1 4877 1179 

73 3263 7498 140 -2 62 -2 65 
-1 -1 -1 2999 -1 -1 4877 3061 

73 12936 7498 140 -2 62 -2 65 
-1 -1 -1 4699 -1 -1 4877 3061 

9448 12096 19308 413 9291 20 3314 9607 
13363 10474 9539 18022 7097 -1 20094 5471 

-3 -2 -2 -3 -2 -2 -2 -2 
-1 -1 -1 -1 -1 -1 -1 -1 

-3 4998 -2 -3 -2 -2 -2 -2 
-1 -1 -1 -1 -1 -1 -1 4999 

12354 19768 12976 5899 16290 10945 4482 12885 
10195 14843 11746 21236 18321 25886 4048 17432 

16118 19768 12976 12809 29194 16517 4482 12885 
11175 14843 11746 21236 18321 27567 7643 19688 

13055 14409 12976 10373 26274 16517 10671 13436 
9051 16060 9513 21236 17539 25329 6190 19688 

9574 13503 9458 5511 13110 13377 13333 9445 
5895 10680 8934 13851 13355 15080 4511 16156 

9574 13503 9458 5511 13110 12039 13333 9445 
5305 10680 8934 13851 13355 15080 4511 16156 

10960 13503 9458 4959 13110 12039 13333 9445 
5305 10680 8934 13851 27019 15080 4059 16156 

15419 13503 8512 4959 11798 12039 11999 8500 
5305 19612 8040 12465 27019 13571 3652 16156 

-5 1266 -6 -5 -4 -5 400 148 
-1 954 -1 -1 -1 615 -1 455 

-5 284 -5 -6 566 -6 52 83 
-1 194 -1 -1 -1 263 955 102 

-5 284 904 994 566 -6 46 83 
-1 194 1999 -1 -1 3236 955 102 

-4 284 811 994 566 -6 39 630 
-1 194 1798 -1 -1 4912 859 91 

-4 284 811 994 566 -6 39 7233 
-1 4174 1798 -1 -1 4912 859 91 

-4 284 811 994 566 -6 39 11509 
-1 6756 1798 -1 -1 4912 859 91 

-4 4630 4063 994 566 -6 31 11509 
-1 6080 11756 -1 -1 4912 859 91 

-4 4630 4063 994 566 -6 31 22322 
-1 15472 11756 -1 1999 4912 859 91 

-4 4630 4063 994 566 -6 31 27589 
-1 15472 13580 -1 1999 4912 859 91 

-4 4166 4063 994 566 -6 31 27589 
-1 15472 13580 -1 1999 4912 859 91 

4996 8749 4063 994 566 3744 31 29162 
2999 18132 12221 -1 1999 8420 2773 91 

4996 7724 3789 801 925 3395 345 13931 
2428 20292 9898 -1 3199 6473 2495 1853 

5846 7724 3789 801 925 6638 310 13931 
2428 20292 8908 -1 3199 7825 2245 7800 

5846 7724 9660 801 925 7704 310 13931 
2428 20292 8908 -1 11879 7825 2245 12020 

5879 11281 4156 2832 9301 9515 8011 13931 
3392 14716 8540 3619 11729 5918 4765 10985 

5879 20152 4156 2832 9301 9515 8011 13931 
3392 14716 8540 3619 11729 5918 4765 11886 

5290 20152 4156 2832 9301 9515 8011 13931 
3392 14716 8540 3619 11729 5918 4765 10697 

-2 -3 -2 -2 -2 -2 -3 -2 
-1 -1 -1 -1 -1 -1 -1 -1 

-2 -2 -2 82 -2 -2 60 -2 
-1 1310 -1 -1 -1 -1 1618 -1 

-2 -2 -2 5073 3331 -2 60 -2 
-1 1310 -1 -1 -1 -1 3456 1999 

-2 -2 9998 5073 3331 -2 60 -2 
-1 1310 -1 -1 -1 1999 3456 1999 

7138 3123 9455 5438 13260 6691 6811 2477 
5486 4793 17507 9394 14513 14249 6273 2575 

-3 -2 -3 -2 -2 -2 -2 -2 
-1 -1 -1 -1 -1 -1 -1 -1 

-3 7498 -3 -2 -2 -2 -2 -2 
-1 -1 -1 -1 -1 -1 2999 -1 

10771 18958 11098 5272 7698 8351 5696 12061 
9437 15651 5968 18192 18804 20449 4229 28104 

10771 18958 13988 11411 7698 8351 5696 12061 
12493 15651 5968 18192 20923 20449 4229 28104 

10771 21797 13988 10118 7277 7515 5696 13626 
13119 14085 5970 16372 18747 20404 3805 30164 

5814 12311 9277 7013 8090 7478 3734 12884 
7745 10016 5144 13554 13782 8899 2245 20799 

5814 12311 9277 6311 8090 7478 3734 12884 
7745 10016 5144 13554 12403 8899 2245 20799 

5814 12311 9277 7811 8090 7478 3734 12884 
7745 10016 4629 13554 29162 8899 2245 20799 

5814 11079 9277 7811 8090 6730 3360 21602 
13970 10016 3749 12198 30245 8899 2245 20799 

1820 3858 3231 1981 1209 2581 944 4512 
5411 1854 1792 3099 8948 3446 159 5872 

6638 7358 3231 4171 1209 2581 944 5727 
5411 4668 3612 4789 8948 7491 2143 5872 

6638 6522 3231 3376 1086 2581 849 5727 
4869 5780 3612 4789 8948 6741 1928 5284 

6638 6522 10407 3376 1086 2581 849 5727 
7382 5780 3612 4789 8948 6741 1928 5284 

6638 6522 10407 3376 1086 7322 849 5727 
7382 5780 7250 4789 8948 6741 1928 5284 

6638 6522 15700 3038 1086 7322 849 9638 
7382 12202 6524 8310 10247 6741 1928 5284 

6638 6522 20380 3038 1086 7322 849 9638 
7382 12202 6524 8310 10247 6741 6735 5284 

6638 6522 20380 3038 8477 7322 849 9638 
7382 13981 6524 8310 10247 6741 6735 5284 

5974 6522 20380 3038 8477 7322 849 9638 
7382 13981 6524 7478 10247 6741 6735 5284 

10376 6522 20380 3038 8477 7322 763 9638 
7382 13981 6524 13730 10247 6741 6061 5284 

-2 -2 -2 -2 -2 -2 -2 -2 
-1 -1 -1 -1 -1 -1 -1 -1 

-2 -2 -2 2247 -2 -2 -2 -2 
-1 1999 -1 -1 -1 -1 -1 -1 

-2 6248 -2 3753 -2 -2 -2 -2 
-1 1999 8999 -1 -1 4999 -1 -1 

-3 3687 4497 5877 2320 661 6637 2022 
-1 2637 8359 -1 -1 5048 -1 4799 

-3 3687 4497 5877 2320 5594 6637 2022 
2999 2637 8359 -1 -1 5048 -1 4799 

-3 3687 4497 5877 2320 5594 6637 1819 
2999 2637 8359 -1 -1 5048 -1 4318 

3232 1190 3922 876 3100 2047 1095 3416 
6454 4864 2045 4786 4346 1711 1009 3357 

3232 963 2976 884 2789 2047 1066 3416 
6454 5739 2045 4786 5911 3185 907 2718 

6658 963 7678 884 2789 1842 1066 3416 
6454 5739 3456 4786 5911 3185 3816 2718 

6658 963 7678 884 2789 11657 1066 3416 
6454 5739 5110 4786 5911 3185 3816 2718 

11136 14752 9956 11408 7335 11702 9294 13763 
13270 15982 13250 3854 16447 8766 18641 8021 

-2 -3 -2 -2 -2 -2 -2 -3 
-1 -1 -1 -1 -1 -1 -1 -1 

-2 7497 -2 -2 -2 -2 -2 -3 
2999 -1 -1 -1 -1 -1 -1 -1 

6664 7497 -2 -2 -2 -2 6248 -3 
2999 4999 -1 3999 -1 -1 -1 -1 

11042 13619 9583 6670 13482 12002 5560 19216 
15093 19479 20208 21264 13081 20892 2807 19351 

11042 11030 8623 8027 12133 12002 6562 17294 
18525 17530 18187 19137 11772 18469 2273 19351 

11042 14594 4580 7273 14074 12873 7354 10969 
15075 16435 14731 14013 7259 11910 1086 16115 

11042 14594 4580 7273 14074 12873 6618 10969 
13567 16435 14731 14013 7259 11910 1086 16115 

11042 18134 4580 7273 14074 12873 9749 10969 
34210 17791 14731 14013 7259 11910 1086 16115 

13443 18134 4580 7273 12666 10426 9749 10969 
34210 24011 14731 14013 6532 10718 879 16115 

4381 9982 1591 2049 3970 2776 4191 2882 
16994 10257 4159 3204 2048 3025 1519 4549 

4381 9982 1591 2997 5239 2776 4191 4548 
18294 10257 6743 4883 2048 3025 1519 7094 

4609 6544 1591 3606 5239 2776 4191 4548 
18294 11231 6535 4883 2048 2722 1366 7094 

4609 6544 1591 3606 5239 2776 8771 4548 
18294 11231 6535 4883 2048 2722 1366 10384 

4609 6544 1591 3606 5239 2776 7893 4548 
18294 11231 6535 4883 2048 2722 1366 9345 

4609 6544 7431 3606 5239 2776 9881 4092 
20817 11231 6535 9394 2048 2722 1366 9345 

4609 12556 7431 3606 5239 2776 9881 4092 
20817 11231 6535 9394 5843 2722 1366 9345 

14148 12556 7431 3606 5239 2776 9881 4092 
20817 11231 6535 10454 5843 2722 1366 9345 

14148 12556 7431 3245 5239 2776 9881 4092 
20817 10107 6535 10454 5843 2722 1366 9345 

14148 11300 7431 8753 5239 2776 10253 3682 
18735 17486 6535 9408 5843 2722 1229 9345 

12659 5289 7405 4168 1808 1953 8693 2407 
11062 12746 9418 6619 3832 22606 1649 7978 

11392 5289 5997 3751 1808 1953 7823 6610 
11062 11471 7628 6619 3832 22606 1483 13661 

11392 5289 5997 3751 3357 1953 7823 12199 
11062 11471 7628 6619 3832 29345 1483 17294 

12036 8121 4369 1990 4246 4123 4617 9226 
7257 8361 6804 4883 5452 23012 1200 9818 

12036 8121 4369 1990 4246 4123 4617 9226 
7257 8361 6804 4883 5452 23012 1200 9818 

12036 8121 4369 1790 4246 4123 4617 9226 
7257 8361 6804 4883 5452 20710 1200 9818 

-2 -2 -3 -2 -2 -2 -2 -2 
-1 -1 -1 -1 -1 -1 -1 -1 

51 69 -4 -2 70 -2 -2 -2 
-1 -1 -1 -1 1999 1310 1798 -1 

5045 69 -4 -2 5063 9998 -2 -2 
2999 -1 1999 -1 1999 3179 1798 -1 

5045 69 9996 -2 5063 9998 -2 -2 
2999 -1 1999 -1 1999 4861 1798 -1 

9169 16309 8943 9833 3309 16463 8498 10032 
15096 18648 11269 12023 4551 12340 16837 12085 

-2 -2 -2 -2 -2 -2 -2 -2 
-1 -1 -1 -1 -1 -1 -1 -1 

7498 -2 -2 -2 -2 -2 -2 -2 
-1 -1 -1 2999 -1 -1 -1 -1 

17405 7591 11977 12323 3535 4508 13048 6713 
24352 21184 6014 13825 13144 14163 15165 26046 

17405 11831 10779 12323 3535 4508 18409 6713 
24352 21184 6014 13825 16829 14163 13648 27441 

15664 14933 11701 13032 7863 4508 16567 7104 
24352 19858 6014 12442 17146 18984 11054 21804 

13401 10420 12579 9714 9141 3284 8800 13935 
10481 18276 4862 10618 15431 11152 4757 17669 

13401 10420 12579 9714 9141 2955 8800 13935 
10481 16448 4862 10618 15431 11152 4757 17669 

13401 12711 12579 9714 12289 6230 8800 13935 
10481 16448 9375 10618 38099 11152 4757 17669 

17060 12711 12579 9714 11059 6230 7919 11286 
10481 16448 9375 9556 34288 11152 3852 22902 

3507 4919 3193 1614 4269 1579 2232 3537 
2958 3046 3267 3330 9341 4319 791 3091 

6489 4919 3193 1614 4269 2135 2232 4611 
4662 3046 4940 4997 9341 4319 791 3091 

5254 4607 2584 2056 3840 3395 1805 3732 
3398 3997 4001 7262 6809 4319 791 3091 

5254 4607 9825 2056 3840 3395 1805 3732 
6058 3997 4001 7262 6809 4319 791 3091 

5254 4607 18842 2056 3840 3395 1805 3732 
6058 3997 5600 7262 6809 4319 791 3091 

5254 4607 23624 2056 3840 3055 1805 7358 
5452 3997 15736 7262 6809 4319 791 3091 

5254 4607 23624 2056 13456 5749 1805 7358 
10906 3997 15736 7262 6809 4319 791 4781 

5254 4607 23624 2056 13456 5173 1805 7358 
9815 3997 15736 7262 6809 4319 791 4781 

5254 4607 23624 2056 13456 4655 1805 7358 
9815 3997 15736 7262 6127 4319 791 4781 

5254 10146 23624 2056 13456 4655 5961 12336 
8833 3997 20162 7262 13514 4319 791 8302 

3093 4993 17212 1370 7717 6379 2841 7269 
7015 2359 7809 7057 20529 3148 466 4893 

2504 10327 15490 1232 7717 5740 2841 7269 
7015 9123 7809 7057 20529 2549 377 4403 

2504 10327 15490 1232 7717 5740 2841 14280 
11313 9123 7809 7057 20529 12294 377 4403 

3914 6096 12481 725 9293 13214 5725 13087 
5409 8844 6410 6087 15581 11700 246 4403 

3914 6096 12481 725 9293 13214 5725 13087 
5409 8844 6410 6087 15581 11700 246 4403 

3914 6096 11232 725 9293 13214 5725 13087 
5409 8844 5768 6087 15581 11700 246 4403 

-2 -2 -2 -2 -2 -2 -2 -2 
-1 -1 -1 -1 -1 -1 -1 -1 

-2 -2 -2 -2 33 -2 168 -2 
-1 -1 1999 -1 -1 1798 -1 1999 

4998 -2 -2 -2 3363 -2 168 9998 
1999 1999 1999 -1 -1 1798 1999 1999 

4998 -2 -2 -2 3363 -2 168 9998 
1999 1999 1999 -1 -1 1798 1999 1999 

5072 287 -2 -2 6937 2248 134 7774 
8746 20547 1456 3419 -1 858 5056 3498 

-2 -2 -2 -2 -2 -2 -3 -2 
-1 -1 -1 -1 -1 -1 -1 -1 

-2 -2 -2 -2 -2 7498 -3 -2 
2999 -1 -1 -1 -1 -1 -1 -1 

14583 5780 7066 6621 8415 17790 7885 8873 
11610 13929 16484 22013 11039 20368 13591 10376 

23812 5780 13859 6621 8415 22261 7885 8873 
15693 13929 16484 24811 11039 20368 13591 10376 

21430 5931 15594 5958 10906 18030 6385 8873 
12710 13929 13351 20096 11935 25331 12808 9363 

16770 3889 11393 3910 6438 17868 6902 6587 
9796 8695 9732 16449 8700 14642 8992 13549 

16770 3889 10253 3910 6438 17868 6902 6587 
9796 8695 9732 14803 8700 14642 8992 13549 

16770 3889 10253 3910 6438 16812 6902 10928 
9796 8695 9732 15322 7829 14642 8992 25194 

16770 3499 10253 3910 10794 16812 6211 8851 
8816 7042 8758 15322 7829 14642 8992 31674 

7215 882 2106 2759 2739 4625 4936 2495 
3828 2726 3247 6594 2209 4133 2184 7244 

7215 882 2520 4301 2739 4625 6942 3495 
5445 6453 3247 6594 2209 4133 7569 7244 

6492 882 2515 4301 2739 4161 6942 3495 
5445 6453 3247 7934 1987 3719 6811 7244 

6492 882 2515 4301 2739 4161 16247 3495 
5445 6453 3247 7934 1987 5347 6811 7244 

6492 882 2515 4301 2739 3744 16247 3495 
5445 5807 3247 7934 1987 5347 6811 7244 

6492 882 6549 4301 2739 6246 20622 3495 
5445 10226 8922 7140 1987 5347 6811 12519 

6492 882 6549 17983 2739 6246 20622 3495 
5445 11203 8922 7140 1987 12812 6811 12519 

6492 882 6549 16184 2739 6246 20622 3495 
5445 11203 8922 7140 1987 11530 6811 12519 

6492 882 6549 14565 2739 6246 20622 3495 
5445 11203 8922 7140 1987 11530 6129 12519 

10842 793 6549 14565 2739 6246 20622 8145 
5445 11203 13029 7140 1788 11530 6129 17267 

10842 1016 9075 14565 2461 6246 19954 8145 
5445 10082 13029 20426 1788 11139 6129 28686 

13091 1016 8167 14565 6992 5621 19954 11996 
4410 9073 11725 20426 3609 11139 6129 30635 

13091 1016 8167 14565 12542 5621 19954 13177 
8969 9073 11725 20426 3609 11139 6129 37571 

7899 739 6614 11054 6233 4603 18541 10672 
4765 6661 6230 15020 2367 16622 4964 30809 

7899 739 6614 11054 6233 4603 18541 14604 
4765 6661 6230 15020 2367 16622 4964 32728 

7899 664 6614 11054 6233 4603 18541 14604 
4765 6661 6230 15020 2130 16622 4964 32728 

-2 -2 -2 -2 -2 -2 -2 -2 
-1 -1 -1 -1 -1 -1 -1 -1 

-2 -2 -2 -2 -2 -46 60 76 
1618 1618 -1 -1 -1 -1 -1 -1 

4998 -2 3331 -2 -2 -41 60 76 
1618 1618 -1 1999 -1 -1 1999 -1 

14498 -2 3331 -2 -2 -41 60 76 
1618 1618 1999 1999 -1 -1 1999 -1 

11936 2975 2697 3237 -2 2011 7599 5233 
5921 5693 26357 11238 -1 10528 1798 3238 

-2 -2 -2 -2 -2 -2 -2 -2 
-1 -1 -1 -1 -1 -1 -1 -1 

-2 -2 -2 -2 -2 -2 -2 7498 
-1 -1 2999 -1 -1 -1 -1 -1 

8381 1287 11157 10368 10304 9780 13753 3659 
5022 18291 11825 12246 11867 14524 750 8688 

12542 1158 11157 15331 10304 15468 13753 3659 
9519 18291 11825 12246 19012 14524 674 8688 

10157 1158 10041 15331 11045 13975 12377 4763 
7710 18291 9577 14021 19110 13071 606 11193 

7961 16053 2832 9280 13626 8249 7307 4339 
6552 10367 9205 10411 11501 11763 288 5352 

7961 16053 2832 9280 13626 8249 6576 4339 
6552 10367 8284 10411 11501 11763 288 5352 

7961 16053 2832 9280 13626 8249 8326 4339 
6552 10367 25455 10411 11501 11763 288 4816 

7961 16053 2832 9280 12263 7423 7493 8576 
6552 8396 25455 9369 11501 19586 259 4816 

2243 4075 836 2354 5275 1692 2607 2986 
2283 1919 10721 3265 3246 7586 46 721 

4518 4075 836 2354 5275 1692 3075 2986 
2283 1726 10721 3265 7329 7586 46 721 

4065 3300 836 2961 4746 1692 3075 2986 
2283 1553 9648 4444 8596 6144 41 721 

4065 3300 836 12664 4746 1692 3075 2986 
4054 1553 9648 4444 8596 6144 41 721 

4065 3300 7419 12664 4746 1692 3075 2986 
4054 1553 9648 4444 8596 9529 41 721 

9542 3300 7419 14969 10271 1692 3075 2986 
3648 1553 13683 8999 8596 9529 41 6648 

14837 3300 7419 14969 10271 1692 3075 2986 
3648 1553 13683 8999 8596 9529 5036 6648 

18353 3300 7419 14969 10271 1692 3075 2986 
3648 1553 13683 8999 8596 9529 7532 6648 

18353 3300 6676 14969 10271 1692 3075 2986 
3648 1553 13683 8999 7736 9529 7532 6648 

16517 3300 6676 14969 10271 1692 7767 2687 
3648 1553 13683 8999 7736 9529 13300 5983 

-2 7 -2 -2 -2 -2 -2 -2 
-1 -1 -1 -1 8 -1 -1 -1 

1798 7 -2 -2 4998 -2 -2 -2 
-1 1999 -1 -1 7 -1 -1 1999 

1798 6672 -2 -2 4998 -2 -2 2929 
-1 5799 -1 -1 17006 -1 -1 1999 

6426 6004 2246 7312 6699 2247 4497 2439 
-1 9420 2698 9856 11506 1618 -1 4619 

6426 6004 2246 10580 6699 2247 4497 2439 
-1 12478 2698 9856 11506 1618 -1 4619 

6426 6004 2246 10580 6699 2247 4047 2439 
-1 11230 2698 9856 11506 1618 -1 4619 

7214 823 2859 13519 4411 529 3440 1338 
1270 667 7390 4605 7169 4096 4172 1876 

6492 634 2315 9854 3286 529 2855 936 
749 600 5985 4144 5806 3686 3754 4787 

10842 634 2083 9854 3286 529 2855 8342 
749 600 8386 6729 5225 3686 3754 4787 

10842 634 2083 18868 3286 529 2855 8342 
749 600 8386 6729 5225 3686 5378 4787 

16765 9541 10425 11125 10112 4394 6179 17397 
545 2057 26592 22727 9747 15063 2857 13990 

-2 -2 -2 -2 -2 -2 -2 -2 
-1 -1 -1 -1 -1 -1 -1 -1 

-2 7498 -2 -2 -2 -2 -2 -2 
-1 -1 -1 -1 -1 2999 -1 -1 

12886 10668 1607 11297 6599 13179 12319 8121 
4006 16941 13354 20764 15396 17128 10526 14514 

12886 16267 6446 11297 6599 13179 18587 8121 
4006 18246 15018 20764 15396 17128 13473 14514 

11596 14640 5801 10166 6599 11560 18587 7794 
3605 24421 15018 16818 14223 17128 9821 13062 

6980 12597 12090 8700 6150 4475 17228 9800 
3373 20252 14550 11550 9983 12300 4230 11206 

6980 11337 12090 8700 6150 4475 17228 9800 
3373 20252 14550 11550 9983 11069 4230 11206 

6281 11337 12090 10430 6150 4475 17228 9800 
3373 20252 14550 21055 9983 11069 4230 11206 

6281 20912 10880 10430 6150 4475 17228 7937 
14832 18226 13094 21055 9983 11069 3806 11206 

-5 -5 842 445 -5 -5 -6 -4 
-1 -1 409 695 -1 -1 -1 -1 

-6 -6 455 187 -5 1501 -6 -7 
-1 -1 126 969 563 -1 455 -1 

838 -6 455 187 -5 3017 -6 -7 
-1 -1 126 969 563 -1 3409 1999 

754 -6 329 660 -4 2442 -6 -8 
1998 -1 126 635 506 -1 2484 1618 

754 -6 329 10594 -4 2442 -6 -8 
1998 -1 126 2571 506 -1 2484 1618 

754 -6 329 9534 -4 2442 -6 -8 
1998 -1 126 2313 506 -1 2484 1618 

754 -6 6266 9534 4996 4779 4994 -8 
1798 5999 8371 2313 506 -1 10111 1618 

754 -6 6266 9534 4996 4779 9494 -8 
1798 5999 9533 2313 506 -1 10111 1618 

754 -6 6266 9534 4996 4779 9494 -7 
1798 5999 9533 2081 506 -1 10111 1618 

754 -6 6266 9534 4996 4779 9494 -6 
1618 5999 9533 2081 506 -1 10111 1618 

754 -6 5639 9534 4996 4300 13544 6661 
5456 11399 9533 1872 506 -1 10111 1456 

606 -18 926 1270 534 2325 2314 1906 
389 1933 1040 878 141 7998 1664 927 

606 -16 833 1142 534 4883 2314 1714 
389 1933 6936 878 113 7998 1497 750 

606 -16 6999 1142 534 6561 2314 1542 
389 1933 19242 878 101 7998 6347 750 

2990 -12 9937 7333 3480 7984 3593 9844 
1769 4345 12889 790 6668 10983 8247 2675 

12691 -12 9937 7333 3480 7984 3593 9844 
1769 4345 12889 790 8001 10983 8247 2675 

12691 -12 8943 7333 3480 7984 3593 9844 
1769 4345 12889 790 8001 10983 7422 2675 

-2 -2 -2 -2 -2 -2 -2 -2 
-1 -1 -1 -1 -1 -1 -1 -1 

134 -2 -2 -2 -2 -2 -2 -2 
-1 -1 -1 -1 -1 -1 2491 -1 

134 -2 9665 -2 -2 -2 -2 -2 
-1 -1 3999 -1 1999 -1 2491 -1 

134 -2 9665 -2 9998 -2 -2 -2 
-1 -1 3999 -1 3799 -1 2491 -1 

55 -2 10390 -2 6541 13675 15343 -25 
5903 5848 7914 22312 12605 2998 5690 9799 

-2 -2 -2 -2 -2 -2 -2 -2 
-1 -1 -1 -1 -1 -1 -1 -1 

-2 -2 -2 -2 7498 -2 -2 -2 
-1 -1 2999 -1 -1 -1 -1 -1 

20665 3475 12498 8995 8995 9464 9722 8887 
10100 18907 12344 24387 12965 28212 13126 22183 

22765 3475 12498 8995 11785 16017 9722 8887 
14090 18907 12344 21948 12965 28390 15813 22183 

17849 5671 12498 8095 9544 14414 14706 9853 
12159 19814 9998 22935 12965 25550 12808 19964 

13759 5391 11408 8010 5634 13663 9286 7979 
8491 12999 9898 12187 9275 23803 8402 14409 

13759 5391 10267 8010 5634 13663 9286 7979 
8491 12999 9898 12187 9275 21422 8402 14409 

13759 14851 10267 8010 5634 13663 11460 7979 
25641 12999 9898 12187 9275 21422 9561 14409 

12382 14851 9240 8010 5634 13663 15814 7979 
25641 22699 9898 10968 9275 19279 9561 14409 

-4 -5 -5 -4 -5 -2 30 -6 
-1 17 -1 -1 -1 -1 -1 -1 

-5 -6 -5 -6 -6 937 789 -6 
455 5 -1 -1 -1 625 -1 -1 

-5 1994 -5 -6 661 937 1821 -6 
455 5 -1 3999 -1 2562 1999 -1 

-5 2114 -5 -7 349 1752 1638 -9 
331 4 -1 4914 1999 2562 1798 -1 

-5 8569 -5 -7 349 1752 1638 -9 
331 4003 -1 4914 1999 2562 1798 -1 

-5 12712 -5 -7 349 1752 1638 -9 
331 5602 -1 4914 1999 2562 1798 -1 

-4 11440 4281 -7 349 1752 7099 -9 
9297 5602 -1 4422 1999 2562 7618 -1 

-4 11440 4281 -7 349 1752 9722 -9 
10367 5602 -1 4422 1999 2562 7618 -1 

-4 11440 8852 -7 349 1752 9722 -9 
10367 5602 -1 4422 3799 2562 7618 -1 

-4 11440 8852 -7 349 1752 9722 -8 
9330 5602 -1 4422 3799 2562 7618 -1 

4996 11440 8852 -7 282 1576 9722 5618 
20057 5041 -1 4422 3418 2562 7618 -1 

4437 7960 4688 480 436 922 4632 4402 
8632 3674 -1 15152 1470 2541 4705 3456 

3992 6447 4688 480 2892 829 4632 4402 
8632 3306 -1 15152 1470 2541 4544 3456 

3592 12052 4688 480 4769 829 4632 4402 
8632 3306 -1 15152 1470 2541 18842 3456 

3592 18192 6074 313 9029 3962 5422 2821 
5096 4168 6049 10258 780 5124 19975 4125 

3592 18192 6074 313 9029 3962 5422 2821 
5096 4168 6049 10258 780 5124 19975 4125 

3592 18192 6074 313 9029 3962 5422 2538 
5096 4168 6049 10258 701 5124 19975 4125 

-2 -2 -2 -2 -2 -2 -2 -2 
-1 -1 -1 -1 -1 -1 -1 -1 

75 -2 -2 77 -2 90 -2 54 
1798 -1 -1 -1 1618 3076 -1 -1 

3400 -2 -2 77 4998 90 4998 54 
1798 1999 -1 -1 3456 3076 1999 -1 

3400 -2 -2 77 4998 10081 4998 54 
1798 1999 -1 1999 3456 3076 1999 -1 

17518 4177 -2 61 7732 10665 9325 5546 
5310 18105 6551 5631 8641 24358 2626 8017 

-2 -3 2654 -3 -2 -3 -2 -2 
-1 -1 -1 -1 1310 -1 -1 -1 

-2 -3 2654 -3 -2 -3 -2 7498 
-1 -1 -1 -1 1310 2999 -1 -1 

5665 7898 3431 7196 4244 5440 7951 5522 
11966 15886 7328 19806 5008 7375 11260 11676 

5665 10858 3431 7196 4244 8646 7951 5522 
11966 15886 7328 19806 5008 7375 14820 11676 

6558 10858 3086 5828 4244 8646 7155 8072 
10769 14297 7328 20918 6756 7375 13337 10508 

3133 8621 2777 2785 3436 7729 9230 7319 
6358 12295 5935 13723 5839 6322 12003 8511 

3133 8621 2777 2785 3436 7729 9230 6586 
6358 12295 5935 13723 5839 5689 12003 8511 

3133 8621 5624 2785 3436 7729 11223 8536 
6358 12295 5935 13723 10255 17120 17802 8511 

3133 6284 5061 8220 3436 7729 11223 8536 
6358 12295 5341 10003 10255 17120 17802 15659 

1276 2429 1424 1366 1414 2990 3164 2404 
1452 4285 1220 3137 2894 3980 8725 3580 

1276 2429 1424 1229 3074 3460 3164 2404 
3306 5856 1220 3137 2604 3980 9852 3580 

1276 2429 1148 11106 3074 3947 2845 2163 
3306 5856 2788 3137 2343 3980 8866 4899 

1276 2429 1148 11106 3074 3947 10060 2163 
3306 5856 5509 3137 2343 3980 8866 4899 

1276 2429 1148 11106 3074 3947 19054 2163 
3306 5856 6958 3137 2343 3980 8866 4899 

1276 2429 1148 11106 3074 3947 19054 6946 
3306 5856 17262 3137 2343 3980 8866 4899 

1276 2429 1148 11106 10266 3947 19054 6946 
3306 8270 17262 3137 2343 3980 8866 4899 

1276 2429 1148 9995 10266 3947 19054 6946 
3306 8270 17262 3137 2108 3980 8866 4899 

1276 2429 1148 9995 10266 3947 17148 6946 
3306 8270 17262 2823 2108 3980 8866 4899 

1276 2429 1148 8995 10266 3552 19808 6946 
3306 8270 17262 8586 2108 3581 8866 4899 

1673 1764 1364 6551 8102 3192 16035 6264 
2975 7442 16192 16776 1862 2610 6692 3570 

1673 1586 1227 6551 8102 2872 19340 5637 
6677 7442 13115 16776 3675 2348 6022 9191 

1673 1586 1227 8062 8102 2872 21915 5637 
22108 7442 13115 16776 3675 2348 6022 8271 

2004 2325 2170 9476 8014 3381 12938 6042 
14876 5424 7253 13163 3307 1539 4191 6851 

2004 2325 2170 9476 8014 3381 12938 6042 
14876 5424 7253 13163 3307 1539 4191 6851 

2004 2325 1952 9476 8014 3381 12938 6042 
14876 4881 7253 13163 3307 1539 4191 6851 

3278 -2 -2 -2 -2 -2 -2 -2 
-1 -1 -1 -1 1618 -1 -1 -1 

2552 -2 81 142 -2 83 -23 -2 
1798 3419 -1 -1 1060 -1 -1 3700 

2552 -2 81 3461 7498 83 -23 -2 
1798 3419 -1 -1 1060 -1 -1 7797 

2552 -2 81 3461 7498 83 -23 -2 
1798 3419 -1 -1 1060 -1 -1 7797 

8991 16568 10611 2802 8479 3010 2510 9253 
7980 11166 8098 5469 15503 2914 8098 8124 

-2 -2 -2 -2 -3 -2 -2 -2 
-1 -1 -1 -1 -1 -1 -1 -1 

-2 -2 -2 -2 7497 -2 -2 -2 
-1 2999 -1 -1 -1 -1 -1 -1 

9628 10393 11096 2827 8932 13685 9655 5356 
1111 18684 14354 5940 9911 14036 18618 10119 

18798 10393 11096 10044 13038 13685 9655 5356 
4999 20934 14354 8346 9911 14036 18618 10119 

18798 9353 9986 8134 11793 12316 11275 6137 
3643 20934 12918 5475 19665 14632 15080 9106 

10169 10289 13729 5334 5637 9974 8217 3259 
1935 15818 11626 3591 14335 5667 9893 11212 

10169 10289 13729 5334 5637 8976 8217 3259 
1935 15818 10463 3591 14335 5667 9893 11212 

10169 10289 13729 4800 5637 11967 8217 3259 
1935 15818 30416 3231 14335 5667 9893 11212 

8236 10289 16522 4800 5637 14193 6655 3259 
4267 14236 32374 2907 12901 5667 8903 11212 

-2 -2 -2 -2 -2 -2 -2 -2 
-1 -1 -1 -1 -1 -1 -1 -1 

518 2375 559 -4 -4 -4 -6 -4 
859 -1 1547 -1 -1 -1 -1 1400 

518 3248 2169 710 3329 -4 -6 -4 
859 -1 3392 1999 -1 3799 -1 1400 

518 3248 1754 710 3329 -4 -7 1244 
772 -1 3052 3799 -1 3799 -1 1259 

518 3248 1754 710 3329 -4 7493 1244 
772 -1 5746 3799 -1 3799 -1 1259 

518 3248 1754 710 3329 -4 13410 1244 
772 -1 9171 3799 -1 3799 -1 1259 

518 6256 1578 574 3329 -4 13410 5564 
8694 -1 6685 3799 -1 7419 -1 1259 

518 6256 1578 574 3329 -4 13410 10007 
8694 -1 6685 3799 3999 7419 -1 1259 

518 6256 1578 574 3329 -4 13410 16506 
8694 -1 6685 3799 6599 7419 -1 1259 

466 6256 1578 574 3329 -4 13410 16506 
8694 -1 6685 3418 6599 7419 -1 1259 

6044 6256 1578 516 3329 -3 12068 16506 
7824 -1 6016 3418 6599 6676 8999 1259 

6044 6256 1578 417 2995 1997 11060 18769 
9041 -1 5414 3076 11939 8008 8098 1019 

6044 6256 1578 7041 2695 4377 11060 18769 
8136 -1 5414 20891 11939 8008 8098 1019 

3964 5066 4274 4155 3502 3938 8959 12400 
8136 5589 4384 8991 10323 4727 5902 667 

3964 5066 4274 4155 13151 3938 8959 12400 
9322 5589 4384 8991 10323 4727 5902 667 

2872 2998 1608 719 1618 548 8029 6376 
8538 3618 3196 2183 5155 6486 3485 1913 

2584 2998 1608 719 1618 548 8029 6376 
8538 3618 3196 2183 4639 6486 3485 1913 

2584 2490 1302 762 1382 597 5926 5738 
8538 3618 6974 3211 5001 5253 5136 3349 

2584 12241 1302 5685 1382 3870 5926 5738 
8538 3618 6974 4889 5001 8054 5136 3349 

2584 12241 1302 5685 1382 3870 5926 5738 
8538 3618 6974 4889 5001 8054 5136 3349 

4225 14415 1054 4604 3156 5142 5866 7772 
6223 9369 19939 3563 4500 19423 12259 1976 

-2 -2 -2 -2 -2 -2 -2 -2 
-1 -1 -1 -1 -1 -1 -1 -1 

-2 7498 -2 -2 -2 -2 -2 -2 
-1 -1 2999 -1 -1 -1 -1 -1 

7301 6533 6750 10003 12457 9060 18558 3403 
926 24991 7315 7381 21469 15054 11945 22440 

13237 13379 6750 20102 12457 9060 18558 3403 
926 24991 7315 12578 21322 15054 13750 22440 

13421 12040 6750 20948 11210 8373 15031 5517 
926 22491 5924 14320 15543 10973 13837 23776 

8311 7107 6426 10867 9172 4941 8827 4250 
441 12612 3499 6163 14030 8998 13224 21113 

8311 7107 6426 10867 9172 4941 8827 3824 
441 12612 3499 5546 14030 8998 13224 21113 

8311 7107 6426 10867 9172 4941 9632 3824 
441 12612 3499 5546 28627 8098 13224 21113 

7479 7107 6426 10867 13254 4446 9632 3441 
396 11350 3499 5546 34764 8098 11901 21113 

2105 1458 1628 5193 4696 1124 5879 2056 
152 4817 1354 2147 14963 1665 2721 5008 

2776 1458 1628 6102 5893 1124 5879 2056 
152 4817 1354 2147 16466 1665 5448 6507 

2776 1948 1628 5490 5893 1010 5879 2056 
122 5901 1354 2147 16466 1665 5448 6507 

2776 1948 1628 5490 5893 1010 5879 9350 
122 5901 1354 2147 17819 1665 5448 6507 

2776 1948 1628 5490 11970 1010 5879 9350 
122 5901 1354 2147 20037 1665 5448 6507 

2776 5919 1628 5490 11970 1010 5879 9350 
122 15310 1354 2147 20037 1665 5448 6507 

2776 5919 1628 5490 11970 1010 5879 13415 
122 15310 1354 2147 20037 5498 5448 6507 

9998 5919 1628 5490 11970 1010 5879 13415 
122 15310 1354 4932 20037 5498 5448 6507 

8998 5919 1628 5490 11970 1010 5879 13415 
109 15310 1354 4932 20037 5498 5448 6507 

13098 5326 10818 4940 15695 1010 5879 13415 
4098 17779 6218 4932 21033 4948 5448 5270 

16231 4788 8501 3998 12710 1010 7412 13415 
17688 13464 5596 4438 18929 4453 4903 13743 

13146 10975 8501 3998 12710 1010 7289 19139 
17688 14505 7036 4438 15332 4453 4412 19531 

13146 12099 8501 3998 12710 1010 7289 19139 
17688 14505 7036 4438 15332 4453 15970 19531 

8166 10422 9596 2913 9263 908 7903 13950 
12894 12063 5128 7394 12418 3245 11641 12740 

8166 10422 9596 2913 9263 908 17112 13950 
12894 12063 5128 7394 12418 3245 11641 13466 

8166 10422 9596 2913 9263 908 15400 13950 
12894 12063 5128 6654 12418 3245 11641 13466 

-2 -2 -3 -3 -2 -2 -2 -2 
-1 -1 -1 -1 -1 -1 -1 -1 

56 9 53 128 25 -19 -2 181 
1999 3419 1798 1456 -1 3076 1798 -1 

56 6757 53 128 25 -19 3748 181 
1999 3419 1798 4310 -1 5191 1798 -1 

56 6757 53 128 10022 -19 3748 181 
3799 3419 1798 4310 -1 5191 1798 -1 

5941 6948 11025 17937 16218 4629 6709 2902 
10797 14528 16338 3470 13803 10600 1618 16968 

2949 -2 -3 -2 -2 -2 -3 -2 
-1 -1 -1 1179 -1 -1 -1 -1 

2949 5831 -3 -2 -2 -2 -3 -2 
-1 6999 -1 1179 -1 -1 -1 -1 

10193 15640 19993 3815 18940 9138 7404 16875 
23613 13253 6960 34160 7509 12334 9638 20698 

15423 15640 19993 3815 31008 9138 7404 21854 
23613 15927 6960 34160 14682 12334 9638 20628 

15423 14075 19943 3815 23379 9138 6662 15930 
21251 12900 6263 27669 14682 9990 9638 24487 

11242 10519 13082 8304 9257 7561 6119 11012 
13654 8463 6938 16337 12897 4777 5121 18361 

11242 10519 13082 8304 8331 7561 6119 11012 
13654 8463 6938 16337 11607 4777 5121 18361 

12876 10519 13082 8304 7497 7561 6119 12410 
13654 8463 6938 30703 15446 4299 5121 18361 

12876 10519 11773 8304 6747 7561 10018 11168 
19159 8463 6244 30703 13901 4299 4608 18361 

3632 1944 1957 4253 2112 1129 2286 4803 
6010 2149 1762 8367 3924 1347 406 7112 

3632 2749 1957 4253 2900 1682 2286 4803 
8668 2149 1762 8367 3924 3212 406 7112 

3268 2749 1957 4253 3324 1682 2055 3888 
7801 2149 1762 8367 4860 3212 406 6400 

3268 2749 1957 4253 3324 1682 2055 10999 
7801 2149 1762 10530 4860 3212 406 6400 

3268 2749 1957 4253 3324 1513 2055 10999 
7801 2149 1762 10530 4860 3212 365 6400 

3268 2473 7594 4253 7692 5111 7289 14899 
17921 2149 1762 14477 4373 3212 5328 5759 

3268 2473 7594 4253 7692 5111 7289 16742 
17921 3934 1762 14477 4373 3212 5328 5759 

3268 2473 7594 4253 7692 5111 7289 20067 
17921 5540 1762 14477 4373 3212 5328 5759 

2941 2473 7594 4253 7692 5111 7289 20067 
17921 4985 1762 14477 4373 3212 5328 5759 

2941 13169 11834 4253 13589 5111 7289 18059 
17921 4486 1762 18326 4373 6890 5328 9183 

2941 13169 11834 4253 14004 6028 7289 16250 
17921 4486 1585 18326 4373 6890 22215 9183 

2941 13169 11834 3443 16694 5424 5903 16250 
16128 4486 1585 18326 4373 6890 23484 7437 

2941 13169 12872 3443 16694 5424 5903 16250 
16128 4486 1585 28493 4373 6890 23484 7437 

2646 9497 14912 2030 16574 7823 7002 13697 
11756 8190 3955 22923 6607 3294 14841 7041 

2646 9497 14912 2030 16574 7823 7002 17327 
11756 8190 3955 22923 7946 3294 14841 7041 

2646 9497 14912 2030 16574 7823 6301 17327 
11756 7370 3955 22923 7946 3294 14841 7041 

-2 -2 -2 -2 -2 -2 -2 -3 
-1 -1 -1 -1 -1 -1 -1 -1 

-5 88 -2 -39 -2 -2 76 82 
-1 -1 -1 -1 2769 1618 -1 -1 

-5 88 -2 -39 -2 9998 8061 82 
-1 -1 -1 1999 2769 3456 1999 -1 

-5 88 -2 -39 -2 9998 8061 10073 
-1 1999 -1 1999 2769 3456 1999 -1 

6823 9871 8474 21034 3189 10527 6626 11695 
17873 9050 2833 15982 13632 19211 12557 14618 

-2 -2 -2 -2 -2 -2 -2 -2 
-1 -1 -1 -1 -1 -1 -1 -1 

-2 -2 -2 -2 4998 -2 -2 -2 
-1 -1 -1 -1 4999 -1 -1 -1 

11122 7420 14857 5361 5859 15359 9846 11771 
16198 20042 10673 16770 12485 14679 6138 20910 

15009 7420 20871 5361 5859 15359 16361 17260 
16198 20042 10673 20183 14236 14679 6138 21819 

15009 6677 18783 10904 5859 15815 13251 13979 
16198 15579 10673 17143 14236 14679 5524 22173 

12154 3940 15358 7948 4423 14027 9540 8933 
8607 15579 7471 13885 8876 9768 6215 17029 

12154 3940 15358 7948 4423 14027 8585 8933 
7746 15579 7471 13885 8876 9768 6215 17029 

12154 3940 15358 7948 4423 12624 11007 8933 
27971 15579 6723 13885 8876 9768 6215 17029 

14688 3545 17988 7153 4423 10225 9906 8933 
25173 12618 11050 12496 10988 9768 6215 15325 

3002 725 6267 1188 1382 3302 4433 5272 
7108 4162 2273 5130 2888 3783 753 7328 

3002 6087 6267 1188 1382 3302 4433 7284 
8397 4162 2273 7955 2888 5404 753 8595 

3002 6087 6267 1069 1951 3302 2903 7284 
6801 4162 2273 7159 2599 7377 753 7735 

3002 6087 6267 1069 9255 3302 2903 7284 
6801 4162 2273 9443 2599 7377 753 7735 

9368 6087 6267 1069 9255 3302 2903 7284 
10120 4162 2273 9443 2599 7377 753 7735 

9368 6087 10475 4945 11900 3302 9101 11555 
18697 4162 8045 9443 7105 8975 753 6264 

9368 6087 10475 4945 20710 5971 9101 11555 
22827 4162 8045 10498 7105 8975 753 6264 

9368 6087 10475 4945 20710 10373 9101 11555 
22827 4162 8045 13448 7105 8975 753 6264 

9368 6087 10475 4945 20710 10373 9101 10399 
22827 4162 8045 12103 7105 8975 753 6264 

9368 6087 10475 4945 18638 10373 13190 9358 
20544 4162 8045 12103 7105 8975 7677 5637 

5352 3825 5550 4002 12224 6118 11064 7578 
20003 2730 5864 6850 5754 5887 6656 2994 

4815 8442 5550 3601 11001 6118 9957 6820 
20003 2456 7277 6850 5754 4768 5390 2994 

6370 8442 5550 3601 11001 6118 9957 6820 
20003 13210 7277 6850 5754 4768 5390 2994 

5799 7681 3639 6745 11056 4458 4759 5918 
13779 10569 3866 4044 9178 4079 4850 2771 

5799 16912 3639 6745 11056 4458 4759 5918 
13779 10569 3866 4044 10260 4079 4850 2771 

5799 16912 3639 6745 11056 4458 4759 5326 
13779 10569 3866 4044 10260 4079 4850 2493 

-3 -2 -2 -2 -2 -2 -3 -3 
-1 -1 -1 -1 -1 -1 -1 -1 

-3 -2 4998 6664 9998 -2 -3 -3 
3999 2999 -1 -1 -1 -1 1999 -1 

4664 13681 2939 5409 7188 3220 3631 3116 
12400 8560 3131 4044 8057 2675 2576 3437 

4664 13681 2939 5409 16469 3220 3631 3116 
12400 8560 3131 4044 8057 4407 2576 3437 

5052 20115 19533 5285 17690 10211 6850 2523 
7321 10151 8374 12617 8171 10881 14811 11604 

-2 -2 -2 -3 -3 114 -2 -2 
-1 0 -1 34 -1 -1 -1 -1 

-2 -2 6664 -3 -3 114 -2 -2 
3999 0 -1 34 -1 -1 -1 -1 

9372 8972 7631 9060 5479 11169 9385 15832 
10521 26169 9739 12848 18372 14343 28596 14907 

13434 8972 21806 9060 5479 11169 9385 15832 
10521 26169 9739 13563 18372 14343 31662 14907 

15915 9516 21806 9060 5479 8140 8445 19248 
10521 21196 11488 12587 16534 14343 30495 17416 

10333 10454 15895 5942 3233 6351 11122 14030 
6211 18775 8994 7431 16880 9393 20007 15674 

9299 10454 15895 5942 3233 6351 11122 14030 
6211 18775 8994 7431 16880 9393 18006 15674 

9299 10454 15895 7484 3233 6351 11122 14030 
6211 18775 8994 7431 16880 9393 18006 29795 

9299 10454 15895 6061 7909 5715 10009 14030 
6211 16897 8994 6018 16880 16453 18006 26815 

3237 4680 2646 2022 2478 2456 4784 2359 
2405 7726 1664 1528 3473 6373 6453 4967 

4163 4680 2646 2022 2478 3877 4305 2359 
4164 7726 1664 1528 3473 6373 5807 7470 

3370 4211 1926 1819 3470 4258 3874 1716 
3372 5631 3347 1237 3473 7735 4703 5445 

3370 4211 1926 1819 3470 4258 8486 1716 
3372 5631 3347 1237 3473 8961 4703 5445 

3370 4211 1926 1819 3470 4258 15137 1716 
3372 5631 3347 1237 3473 11064 4703 5445 

3370 9504 11733 1819 6694 4258 15137 1544 
3372 11061 3347 1237 10812 11064 4703 5445 

13033 11280 11733 1819 6694 4258 15137 1544 
3372 11061 3347 7113 10812 11064 4703 6900 

13033 11280 11733 1819 6694 4258 18623 1544 
3372 11061 3347 8401 10812 11064 4703 6900 

13033 11280 11733 1819 6694 4258 18623 1389 
3372 11061 3347 7560 10812 11064 4703 6900 

13033 11280 10559 5922 6694 4258 23427 1389 
7034 11061 3012 7560 10812 11064 10232 6900 

-2 -2 -3 -2 -3 -2 -3 -2 
-1 -1 -1 -1 -1 -1 -1 -1 

2998 -2 -3 -2 4997 -2 -2 -2 
1999 -1 2698 -1 -1 -1 -1 -1 

2998 2035 -3 -2 4997 -2 -2 -2 
1999 -1 2698 -1 -1 10999 -1 -1 

1768 2606 3224 1685 1961 13547 1091 2498 
1179 1798 4732 3424 7522 7215 -1 1456 

1768 2606 7901 1685 1961 13547 1091 2498 
1179 1798 4732 3424 7522 7215 1999 1456 

1591 2606 7901 1685 1961 13547 1091 2498 
1060 1798 4732 3424 7522 7215 1999 1456 

6070 5179 4074 2043 1049 2253 15376 491 
3983 3819 14682 11409 4038 3856 3295 2969 

4481 4660 3299 1837 687 1891 10162 486 
4523 2783 14682 9240 4638 3122 4468 4204 

4481 7527 3299 1837 5618 1891 10162 486 
6070 2783 14682 10316 4638 3122 4468 4204 

4481 7527 3299 1837 5618 1891 10162 10437 
6070 2783 14682 10316 6174 3122 4468 4204 

11509 11096 12587 8155 12086 6611 8278 10655 
14150 7248 18056 14184 12804 10752 10546 6864 

-2 -2 -2 -2 -2 -2 -2 -2 
-1 -1 -1 -1 -1 -1 -1 -1 

7498 -2 -2 -2 -2 -2 -2 -2 
-1 -1 -1 -1 -1 -1 2999 -1 

18631 13505 8611 6060 4238 5408 13951 17184 
409 15763 25746 12225 33232 21522 8048 23663 

24267 13505 8611 6060 9647 5408 13951 15465 
409 15763 25746 12225 33232 20432 8048 28296 

22155 13438 11916 6060 8681 5370 9151 15465 
2368 15763 20853 14002 26025 18388 7243 22209 

16149 13815 9651 4907 9258 3913 4964 13918 
3173 10341 13720 11186 23422 14893 3848 19987 

16149 13815 9651 4907 9258 3913 4964 13918 
3173 10341 13720 11186 23422 14893 3848 19987 

16149 12433 9651 4907 9258 6321 4964 13918 
3173 10341 12347 11186 23422 14893 3848 31988 

16149 13927 9651 4907 7498 6321 4964 12526 
3173 13776 12347 11186 21079 14893 3463 28789 

3320 3535 3023 1705 1538 2013 1397 3378 
994 4802 3485 1864 8165 3913 575 10036 

5988 3535 3023 1705 1538 2013 1397 5271 
994 7689 3485 1864 8165 3913 3517 10036 

4846 3535 2446 6378 2494 2013 1397 4267 
894 5604 2822 1864 8165 5169 3517 10128 

4846 3535 2446 6378 2494 6811 1397 4267 
894 5604 2822 1864 9348 5169 3517 10128 

4846 3535 2446 6378 2494 6129 1397 4267 
894 5604 2822 1677 9348 5169 3517 10128 

9758 3535 2446 9906 2494 6129 1397 4267 
894 5604 2822 6509 15413 5169 3517 9115 

9758 3535 5534 9906 2494 6129 1397 4267 
894 5604 2822 6509 15413 8652 3517 9115 

9758 3535 5534 9906 2494 10516 1397 4267 
894 5604 2822 6509 15413 8652 6165 9115 

9758 3535 5534 9906 2494 9464 1397 4267 
894 5604 2822 6509 15413 8652 6165 8203 

9758 3181 5534 11880 2494 9464 1397 4267 
6123 5604 2822 6509 13871 8652 6165 8203 

6385 2572 2634 7549 3744 8353 1203 4497 
4959 15742 6351 4175 6633 23786 3275 7568 

5746 2082 2634 7549 6226 8353 1203 4046 
4016 15742 5715 4175 5969 23786 6947 7568 

5746 2082 2634 8839 6226 8353 1203 4046 
4016 15742 5715 4175 5969 30407 6947 7568 

5212 1227 7544 6045 5951 5512 1082 4749 
4819 11785 6165 2217 6742 19266 6252 13596 

5212 1227 7544 6045 15355 5512 1082 4749 
4819 11785 6165 2217 6742 19339 6252 13596 

5212 1227 7544 6045 13819 5512 1082 4749 
4819 11785 6165 1995 6742 19339 6252 13596 

-2 -2 -2 -3 -2 -2 -3 -2 
-1 -1 -1 -1 -1 -1 -1 -1 

56 -2 60 -2 -2 -2 -2 74 
-1 -1 -1 1618 -1 -1 2491 -1 

56 4998 7554 -2 -2 -2 -2 74 
-1 -1 -1 1618 -1 2999 2491 2698 

56 4998 7554 -2 -2 -2 9998 74 
-1 -1 -1 3456 -1 2999 2491 2698 

4230 2653 11718 4998 1455 6368 10628 2209 
2698 18999 1998 8052 10937 2185 6017 3985 

-2 -2 -2 -2 -3 -3 -2 -2 
-1 -1 -1 -1 -1 -1 -1 -1 

-2 -2 -2 -2 -3 7497 -2 -2 
-1 -1 2999 -1 -1 -1 -1 -1 

31479 9453 4222 6073 6782 14136 13609 13109 
14874 28994 11641 20506 22266 11951 10658 22538 

31479 12674 4222 6073 6782 20222 18914 13109 
16386 28994 11641 20506 24039 11951 14592 22538 

31479 12674 3418 6073 6782 18054 17022 12255 
14747 31584 9428 20506 21634 10755 14592 20055 

16804 10265 2490 6740 4448 12528 12407 7234 
6346 25257 6190 14948 14193 14890 10637 13157 

16804 10265 2490 6065 4448 12528 12407 7234 
6346 25257 5570 14948 14193 14890 10637 13157 

16804 10265 2490 7791 4003 12528 12407 7234 
5711 25257 19013 14948 14193 14890 10637 13157 

16804 12814 2016 7791 4003 12528 12407 6510 
5711 22731 19013 14948 17796 13400 9573 13157 

-4 -5 -5 -6 -5 3759 1175 -6 
954 -1 -1 -1 -1 1179 -1 1618 

348 -5 -6 -6 -7 691 620 -6 
127 -1 -1 563 -1 268 -1 455 

1813 1472 -6 1494 -7 691 620 -6 
127 1999 2999 563 -1 268 1999 2409 

1813 1324 -5 1494 -8 2218 620 -6 
114 1798 2999 455 1999 2241 1798 2409 

1813 1324 -5 6344 -8 2218 620 -6 
114 1798 2999 455 1999 4016 1798 2409 

1813 1324 -5 13209 -8 2218 620 -6 
114 1798 2999 455 1999 6614 1798 2409 

1813 4524 3566 13209 6659 6281 620 -5 
114 6856 10029 5409 1999 6614 1798 2409 

6631 4524 3566 13209 6659 6281 620 -5 
114 6856 10029 5409 1999 6614 5618 2409 

15967 4524 3566 13209 6659 6281 620 -5 
114 6856 10029 5409 1999 6614 7056 2409 

15967 4524 3209 13209 6659 6281 620 -5 
114 6856 9025 5409 1999 6614 7056 2409 

15967 4524 2887 16888 6659 10712 620 -5 
114 6856 13122 5409 1999 9681 7056 2409 

5671 1097 1231 2514 4610 2991 196 393 
903 2389 9853 1061 964 6957 5143 1471 

5103 1097 1231 5973 4610 2991 158 393 
903 2389 9853 859 964 6261 5143 7491 

5103 1097 1231 5973 4610 2991 158 8784 
903 2389 9853 859 964 6261 15365 7491 

5747 4363 896 4069 4148 2521 5232 6401 
731 5382 7275 506 2998 5634 10080 4762 

5747 4363 896 13662 4148 2521 5232 6401 
731 5382 7275 506 2998 5634 10080 6285 

5747 3926 896 13662 4148 2521 5232 6401 
731 5382 7275 506 2998 5070 10080 6285 

-2 -2 -2 -2 -2 -2 -2 -2 
-1 -1 -1 -1 -1 -1 -1 -1 

-2 -2 97 -2 -2 71 70 -2 
-1 -1 -1 1798 1798 -1 1618 -1 

-2 4998 7587 -2 -2 71 70 -2 
-1 -1 -1 4618 1798 -1 1618 2999 

-2 4998 16828 -2 -2 71 70 -2 
-1 -1 -1 6156 1798 -1 1618 2999 

801 8294 15541 7373 578 50 26 1136 
12383 5199 2428 3270 6731 1310 9388 7045 

-2 -2 -2 -2 -2 -2 1431 -2 
-1 -1 1179 -1 -1 -1 -1 -1 

-2 -2 -2 -2 -2 -2 1431 7498 
-1 -1 1179 -1 -1 -1 -1 2999 

5959 6360 10366 3853 3785 2814 4083 6341 
7367 15874 4451 15890 12507 10935 5560 13062 

9648 6360 10366 9717 3785 2814 4083 6341 
7367 20286 4451 15890 16256 10935 5560 13062 

10070 5150 8395 11197 3405 2814 4083 6341 
8610 24257 3604 15890 14630 11841 5003 10579 

10602 3753 6119 9068 3629 2008 2677 6659 
7083 15914 3822 9057 9574 7768 6502 10568 

10602 3753 6119 9068 3629 2008 2677 5992 
7083 14322 3822 9057 9574 7768 6502 10568 

10602 3753 9507 9068 7266 2008 2677 12103 
10374 23889 3822 9057 9574 7768 6502 16160 

10602 3753 9507 13161 6539 1807 2409 10892 
17402 23889 3822 9057 8616 7768 5266 16160 

3321 1174 1580 1968 3123 1290 929 2762 
3979 7495 1198 2070 4119 1164 2038 4203 

3758 1174 1580 1968 3123 1290 2002 2762 
3979 7495 1198 2070 5136 3047 2038 4203 

3758 1055 2255 2342 3123 2048 1801 2482 
3580 7495 970 3357 5136 4742 3834 3782 

3758 1055 2255 2342 3123 2048 1801 7233 
3580 7495 2873 3357 5136 4742 3834 3782 

3758 5949 2255 2342 3123 2048 1801 7233 
3580 7495 2873 3357 5136 4742 3834 6403 

3758 9445 2255 2342 3123 2048 1801 7233 
3580 7495 2873 3357 5136 4742 3834 14762 

3758 11000 2255 2342 12810 2048 1801 7233 
3580 7495 2873 3357 5136 6267 3834 16285 

3758 11000 2255 2342 12810 2048 6620 7233 
3580 7495 2873 5021 5136 6267 3834 16285 

3758 11000 2255 2107 12810 2048 6620 7233 
3580 7495 2873 4518 5136 6267 3834 16285 

3758 11000 2029 6896 19029 1843 6620 7233 
6222 7495 2873 4518 11622 6267 3450 14656 

1781 8011 8833 5450 10093 694 4308 2368 
4156 4916 11560 4285 6621 3329 5366 10488 

1781 10988 7153 7414 10093 624 5305 1917 
3740 4424 10403 10670 6621 4496 4829 12495 

1781 10988 7153 8945 10093 624 5305 1917 
3740 4424 10403 19603 6621 4496 4829 12495 

4143 7457 4330 6374 8174 366 4296 1396 
4453 3662 6824 13056 5362 2654 3167 9817 

4143 7457 4330 6374 8174 7829 4296 1396 
7007 3662 6824 13056 5362 2654 3167 9817 

4143 7457 4330 6374 8174 7829 4296 1256 
7007 3295 6824 13056 5362 2654 3167 9817 

-2 -2 -2 -2 -2 -2 -2 -2 
-1 -1 -1 -1 -1 -1 -1 -1 

9998 -2 -2 -2 3331 4998 -2 -2 
-1 1999 -1 -1 -1 -1 1999 1999 

36 26 -3 -57 -40 91 -4 62 
-1 1310 3619 -1 -1 -1 -1 1456 

36 26 9997 -57 -40 91 -4 62 
-1 1310 3619 -1 -1 -1 -1 3310 

7966 9116 13486 11884 1932 2649 3765 3081 
4994 20733 9456 1770 4569 13143 2428 11430 

-2 -2 -2 -3 -2 -2 -2 -2 
-1 -1 -1 -1 -1 -1 -1 -1 

-2 -2 -2 7497 -2 -2 -2 -2 
-1 -1 -1 -1 -1 -1 2999 -1 

6248 5998 4998 7497 -2 -2 -2 -2 
-1 -1 4999 5999 -1 -1 2999 1999 

8099 20956 13958 12999 6932 10380 6526 11178 
15105 27973 18698 7188 9966 9799 16414 17084 

7288 18902 13958 13228 5761 9341 5873 11178 
13594 28175 16828 6469 8072 11373 14772 15375 

5590 11273 11586 7809 6558 7565 3852 6978 
9909 22821 11040 5863 9202 5438 9649 11781 

5590 11273 11586 7809 6558 6808 3852 6978 
9909 22821 9935 5863 9202 5438 9649 11781 

5030 11273 11586 7809 6558 8885 3852 6978 
9909 22821 24941 5863 9202 5438 8683 11781 

5030 11273 11586 7027 10374 8885 3852 6280 
9909 20538 24941 5276 9202 5438 15133 11781 

-2 -2 -2 -2 -2 -2 -2 -2 
-1 -1 -1 -1 -1 -1 -1 -1 

-6 -4 -6 -4 -3 508 -4 -4 
-1 -1 -1 -1 -1 859 -1 -1 

-6 -4 -6 -4 -3 457 2243 -4 
-1 -1 -1 -1 3799 859 -1 -1 

-6 994 -6 -4 -4 410 1632 -4 
1999 -1 -1 -1 3418 625 -1 -1 

-6 994 -6 -4 -4 410 8135 -4 
1999 -1 -1 -1 7076 625 -1 -1 

-6 994 -6 4996 -4 410 8135 -4 
4799 -1 -1 -1 7076 625 -1 -1 

-6 994 4161 4996 -4 410 8135 -4 
4799 -1 -1 -1 16368 625 -1 -1 

-6 994 10411 4996 -4 410 8135 -4 
4799 -1 -1 -1 18731 625 -1 -1 

-6 994 10411 4996 -4 10369 8135 -4 
6319 -1 -1 -1 18731 625 -1 -1 

-6 994 9369 4996 -4 10369 8135 -4 
6319 -1 -1 -1 18731 625 -1 -1 

4494 994 9369 4996 -4 9331 8135 6663 
5686 -1 -1 5999 20857 625 -1 -1 

4494 894 9369 4996 -4 8397 7320 6663 
5686 -1 -1 4858 20857 625 -1 -1 

4494 894 9369 4996 -4 10057 7320 6663 
5686 -1 -1 4858 20857 625 -1 13999 

4494 4359 5786 2146 8806 13195 5334 4369 
2446 8351 4049 5734 13935 1867 -1 11338 

4494 4359 5786 2146 8806 13195 5334 4369 
2446 8351 4049 5734 13935 1867 -1 11338 

4494 4359 5786 2146 8806 13195 4800 4369 
2201 8351 4049 5734 13935 1867 -1 11338 

1873 501 6140 2639 2078 3997 7349 3392 
3020 -1 -1 6291 12587 409 859 -1 

1685 450 5525 1923 1683 3997 4393 2914 
2201 3799 -1 7661 10195 1725 2245 -1 

1685 7905 4972 1923 1683 3997 4393 7622 
7482 3418 -1 7661 10195 1725 2245 -1 

1685 7905 4972 1923 1683 3997 4393 7622 
7482 3418 -1 7661 10195 1725 2245 -1 

4064 6965 8655 2496 4465 6246 4942 10609 
6733 7849 1998 5584 17464 1256 9286 10999 

-3 -2 -2 -2 -2 -2 -2 -2 
-1 -1 -1 -1 -1 -1 -1 -1 

7497 -2 -2 -2 -2 -2 -2 -2 
-1 -1 -1 -1 -1 -1 2999 -1 

14475 7839 2992 7111 12084 14601 9067 17740 
1039 17944 8060 7675 8495 27466 24186 18910 

14475 7839 2992 11399 12084 14601 9067 21869 
3841 20149 8060 7675 8495 27466 24186 18910 

14475 9349 2691 9232 15108 12494 7343 17713 
3841 20149 5287 11534 8680 23262 21767 13784 

10551 6131 6661 5449 8025 9106 4803 16661 
1486 14688 3468 9342 5694 22557 17867 11473 

9495 6131 6661 5449 8025 9106 4803 16661 
1486 14688 3468 9342 5124 22557 17867 11473 

9495 6131 6661 5449 8025 8195 6908 16661 
1486 14688 18121 9342 4611 22557 17867 11473 

9495 6131 5994 9556 7222 7375 6908 16661 
1486 17187 18121 9342 4149 20301 17867 11473 

1949 1553 1687 2993 1831 3930 1749 5806 
709 9132 5685 2135 502 7852 4540 2360 

1949 1553 1687 2993 2362 5974 1749 5806 
2638 9132 5685 3921 502 7852 6086 2360 

1949 2111 1517 3602 1718 5974 1749 5806 
2374 9396 7116 3921 502 7066 6086 2123 

1949 2111 1517 3602 1718 15376 1749 5806 
2374 9396 8404 3921 502 7066 6086 2123 

1949 2111 1517 3241 1718 15376 1749 5806 
2374 9396 8404 3921 502 6359 6086 2123 

1949 1899 1517 3241 1718 24454 10083 9225 
2374 9396 12563 14376 2406 6359 6086 4910 

1949 1899 1517 5000 1718 32008 10083 9225 
2374 9396 12563 14376 2406 11650 6086 4910 

1949 1899 1517 5000 1718 32008 9074 9225 
2374 8456 12563 14376 2406 11650 6086 4910 

1949 1708 1517 5000 1718 32008 9074 9225 
2374 8456 12563 12938 2406 11650 6086 4910 

5754 11783 1517 4499 1718 32008 15666 8302 
2374 8456 11306 13179 2406 14485 14329 4910 

4653 8399 1361 8509 1243 28659 14096 5437 
1730 8304 11306 9606 2165 11732 9400 16719 

3768 10552 1361 7574 7006 25792 14096 7115 
1556 14473 10175 9606 1948 12556 11613 15187 

3768 10552 1361 7574 8805 25792 14096 7115 
1556 14473 23157 9606 1948 12556 11613 15187 

7713 7691 989 10391 8944 16919 12317 5762 
5133 11315 19581 7671 1577 9672 6170 12935 

7713 7691 10890 10391 8944 16919 12317 5762 
5133 11315 19581 7671 1577 10704 6170 12935 

7713 7691 10890 10391 8944 16919 11085 5762 
5133 10183 19581 7671 1577 10704 6170 12935 

-2 -2 -2 -2 -2 -2 -2 -2 
-1 -1 -1 -1 -1 -1 -1 -1 

-2 86 68 78 -2 70 98 -2 
1618 1798 -1 1798 -1 1798 -1 1798 

-2 77 68 78 3331 70 98 7498 
1618 1798 -1 1798 -1 1618 -1 6256 

-2 77 68 78 3331 70 98 7498 
1618 1798 -1 1798 -1 1618 -1 6256 

6252 69 853 5380 7073 24 3953 4393 
6073 1178 -1 22106 1618 11221 -1 7113 

-2 -2 -2 -2 -3 -2 -3 -2 
-1 -1 -1 -1 -1 -1 -1 -1 

-2 -2 -2 6664 -3 -2 -3 -2 
-1 -1 -1 -1 -1 -1 -1 3999 

16263 17907 5883 18637 6820 11973 9356 11521 
9226 23439 24085 22238 16007 13812 22220 25216 

20636 22366 10294 18637 6820 11973 9356 11521 
13303 23095 24085 22238 16007 13812 22220 28694 

19371 20129 7503 16825 8344 11947 9356 11521 
14375 16610 24676 20014 16007 12430 17818 27741 

13994 11593 6076 15877 5925 9482 12577 7171 
7638 12108 14570 14930 12965 11206 12988 19933 

13994 11593 6076 14289 5925 9482 12577 7171 
7638 12108 14570 14930 12965 10085 12988 19933 

12594 11593 6076 15618 5925 9482 12577 7171 
7638 12108 14570 14930 11668 25076 12988 19933 

12594 11593 11301 20056 5332 8533 12577 6453 
7638 12108 18101 14930 11668 22568 11689 23939 

7432 3018 4860 5093 1091 1947 3192 1635 
3286 3076 4599 3793 4067 5669 4527 4434 

7432 7040 6874 5093 1091 1947 3192 2471 
7461 3076 7525 3793 4067 7102 4527 4434 

7432 7586 6476 4123 981 1576 2324 2223 
6043 3076 7485 3071 3660 7752 4527 3591 

16688 7586 6476 4123 981 1576 2324 2223 
6043 3076 7485 3071 5294 7752 4527 3591 

20019 7586 6476 4123 981 1576 2324 2223 
6043 3076 7485 3071 7764 7752 4527 3591 

21350 7586 6476 4123 8631 1576 2324 2223 
6043 3076 10736 7763 6987 7752 9074 3591 

21350 7586 6476 11210 8631 1576 2324 2223 
6043 3076 12662 7763 6987 7752 9074 3591 

21350 7586 6476 17589 8631 1576 2324 2223 
6043 3076 14395 7763 6987 7752 9074 3591 

21350 6827 6476 17589 8631 1576 2324 2223 
6043 3076 14395 6986 6987 7752 9074 3591 

21350 12810 6476 17589 7767 1576 7091 2000 
6043 3076 18955 9258 6987 7752 9074 3231 

14313 11648 4236 11524 5511 2946 4995 1174 
12753 3127 12435 14748 5092 7201 6669 3516 

10432 13805 6430 11524 5511 7386 4995 1174 
10329 3127 13672 13273 13924 7201 8002 2847 

10432 19091 6430 13371 5511 7386 4995 1174 
10329 3127 13672 13273 26078 7201 8002 2847 

10658 15462 5331 12040 4016 6859 7392 2354 
8098 2050 8969 8673 18408 7084 6707 6348 

10658 15462 5331 12040 8614 6859 7392 2354 
8098 2050 8969 9805 18408 7084 6707 6348 

10658 15462 5331 10835 8614 6859 7392 2354 
8098 2050 8969 9805 18408 6375 6707 6348 

-2 -2 -2 -2 -2 -2 -2 -2 
-1 -1 -1 -1 -1 -1 -1 -1 

135 267 97 169 287 8 51 201 
4389 2519 4389 1310 4877 2491 5750 2637 

135 5240 7587 169 287 7 51 201 
4389 2519 4389 4179 4389 2491 5750 5373 

135 14716 7587 169 287 7 51 201 
4389 2519 4389 4179 4389 2491 7175 5373 

9209 12713 10186 3035 5598 4914 3454 2646 
13739 9515 12146 13059 13152 5091 4706 10085 

-3 -2 -2 -2 -2 -2 -3 -2 
-1 -1 -1 -1 -1 -1 -1 -1 

-3 7498 -2 -2 -2 -2 -3 -2 
-1 2999 -1 -1 -1 -1 -1 -1 

20598 15163 15524 9959 12031 14068 13519 7356 
6374 27820 26883 13244 24135 23946 1914 22728 

23538 15163 15524 9959 17077 14068 13519 7356 
10736 27820 26883 16919 24135 23946 1914 22728 

21183 16646 17428 7259 17077 14068 12166 6620 
10736 27820 21397 23104 20294 21551 1722 20455 

19097 6445 12812 8624 15830 8305 7980 4028 
5778 18426 15838 12849 10192 17697 1129 14507 

19097 5800 12812 8624 15830 8305 7980 4028 
5778 18426 15838 12849 10192 15927 1129 14507 

19097 7997 15141 11223 19247 8305 7980 4028 
18380 18426 15838 20564 10192 15927 1129 18056 

19097 7997 15141 10100 19247 11726 7181 4028 
16541 18426 15838 18507 10192 14334 11016 18056 

3866 3833 4746 3517 4365 5606 1637 916 
7719 5202 2137 4702 4386 3407 3839 4224 

3866 4699 4746 3517 4365 5606 1637 3090 
8947 5202 2137 6231 3947 3407 6455 4224 

3866 4699 4896 3517 3927 5606 1637 2499 
8947 5202 1923 6231 5552 2759 6455 4224 

10146 4699 4896 3517 3927 5606 1637 2499 
8947 5202 1923 6231 5552 2759 6455 7801 

10146 14229 4896 3517 3927 5606 1637 2499 
8947 6681 1923 6231 5552 2759 6455 7801 

9131 14229 4896 3517 3927 16736 6473 2499 
15052 6681 1923 10607 8996 4234 6455 7801 

9131 14229 4896 3517 11034 16736 6473 2499 
16546 6681 1923 10607 8996 4234 6455 7801 

9131 17806 4896 3517 11034 16736 6473 2499 
16546 6681 1923 10607 8996 7810 6455 7801 

9131 17806 4896 3165 11034 16736 6473 2499 
16546 6012 1923 10607 8996 7810 6455 7801 

13932 17806 4406 2848 9930 16736 6473 2499 
16546 6012 1923 8591 8096 7810 6455 15020 

13932 16858 4406 3163 12415 16736 6473 3018 
30891 6012 4730 8591 9286 7810 6455 15518 

12538 16858 4406 2561 12415 16736 6473 3018 
27801 6012 4730 8591 7521 7810 6455 15518 

13380 16858 4406 2561 12415 16736 6473 3018 
27801 6012 4730 20731 7521 7810 6455 15518 

8777 13309 5984 1866 10123 12198 5702 1780 
18239 5943 4902 12787 4933 5123 4234 14896 

8777 13309 5984 1866 10123 12198 5702 1780 
18239 5943 4902 12787 4933 5123 4234 14896 

7899 13309 5984 1866 10123 12198 5702 1780 
18239 5943 4902 12787 4439 5123 4234 14896 

-2 -2 -2 -2 -2 -2 -2 -2 
-1 -1 -1 -1 -1 -1 -1 -1 

-2 7498 -2 -2 4998 -2 -2 -2 
-1 -1 -1 2999 -1 -1 -1 2999 

80 -2 -15 -44 119 -2 -31 74 
1999 -1 1798 -1 1798 -1 -1 -1 

80 -2 -15 -44 119 -2 -31 74 
1999 -1 1798 -1 1798 -1 -1 -1 

133 2914 -13 4960 3118 7646 8087 369 
19024 3076 7250 -1 6110 6819 -1 5393 

-2 -2 -2 -2 -2 -2 -2 -2 
-1 -1 -1 -1 -1 -1 -1 -1 

-2 -2 4998 -2 -2 -2 -2 -2 
-1 3999 -1 -1 -1 -1 -1 -1 

-2 -2 11164 6664 -2 -2 -2 7498 
-1 3999 3999 6699 -1 -1 -1 -1 

14854 17450 13754 3539 7587 13890 9221 19270 
16090 9863 37282 23278 5975 9510 4816 12548 

13368 17450 13400 5116 5529 12500 9961 19270 
14480 11168 33553 18854 9339 9510 3900 11293 

8802 18885 7911 6788 5055 11190 11089 11618 
6232 11134 18422 13895 6126 8034 4071 11421 

8802 18885 7119 6788 5055 11190 11089 11618 
5608 11134 18422 13895 6126 8034 4071 11421 

8802 20567 7119 6788 8299 11190 13730 11618 
5608 11134 22579 27505 6126 8034 4071 16278 

8802 20567 6406 6788 12469 11190 13730 8468 
13047 11134 18288 27505 5513 7230 4071 16278 

2480 3082 3548 3691 3165 2554 3486 2386 
2983 3880 4647 4084 1399 2799 1575 3277 

2480 3082 4556 5821 4098 2554 3486 2386 
2983 3880 4647 4084 5833 2799 3417 3277 

2231 3082 3689 5907 2686 2298 2537 1931 
1956 3142 3048 3675 5249 2266 3075 4949 

2231 12773 3689 5907 2686 2298 2537 1931 
1956 3142 3048 3675 6724 2266 3075 4949 

2231 12773 8320 5907 2686 2298 2537 1931 
3760 3142 3048 3675 6724 2266 3075 4949 

14932 15662 8320 5907 2686 2067 6449 1931 
3760 3142 7743 7476 6724 2266 3075 11508 

14932 15662 9306 5907 2686 2067 15804 1931 
3760 3142 7743 8728 6724 2266 6767 11508 

14932 15662 9306 5907 2686 2067 15804 1737 
3383 3142 7743 8728 6724 2266 6767 11508 

14932 15662 9306 5316 2686 2067 15804 1737 
3383 2827 7743 8728 6724 2266 6767 11508 

18438 15662 18537 20350 2686 2067 15804 6563 
3383 9544 7743 14392 8051 2266 9090 13357 

11261 11403 8869 10327 2172 1858 8387 5307 
4227 5634 5644 9441 6520 10782 6346 8762 

9120 11403 8869 10327 2172 1504 8387 5307 
4227 5634 5644 9441 5867 10782 5711 7096 

9120 11403 8869 10327 2172 3450 8387 5307 
4227 5634 5644 9441 18280 10782 5711 7096 

7386 7575 7861 9864 1280 6186 10000 5236 
4959 5126 4113 6193 13521 11060 4834 6132 

7386 7575 7861 9864 1280 6186 10000 12212 
4959 5126 4113 6193 15168 11060 4834 6132 

7386 7575 7861 9864 1151 6186 10000 12212 
4959 4613 4113 6193 15168 11060 4834 6132 

-3 -2 -2 -2 -2 -2 -2 -2 
-1 -1 -1 -1 -1 -1 -1 -1 

-2 -2 90 -2 -2 74 73 125 
1798 -1 3076 -1 -1 -1 2491 -1 

-2 4998 90 4998 -2 74 73 125 
1798 2999 3076 -1 -1 -1 4241 -1 

-2 4998 90 14498 -2 74 73 125 
1798 4699 3076 -1 -1 -1 4241 -1 

11968 9224 2938 18605 6607 13660 2866 4608 
6606 13525 23303 10581 4372 1798 15201 15073 

-2 -2 -2 -2 -2 -2 -3 -2 
-1 -1 -1 -1 -1 -1 -1 -1 

-2 7498 -2 -2 -2 -2 -3 -2 
-1 -1 -1 2999 -1 -1 -1 -1 

-2 7498 -2 9998 2498 -2 -3 6248 
-1 1999 -1 2999 -1 -1 1999 4999 

10804 8549 13789 18405 11932 8742 10826 10766 
10002 20041 12117 21307 29764 21331 1361 29235 

12723 11424 12409 18507 13027 7080 9743 10766 
13001 20041 16414 17258 29764 17277 3808 25680 

10222 10077 7326 14989 11723 5733 6480 7085 
8089 14948 14395 8253 21147 13993 2497 22600 

10222 10077 7326 14989 11723 5159 6480 7085 
8089 13453 14395 8253 21147 13993 2497 22600 

10222 10077 10204 14989 11723 10028 6480 7085 
25252 13453 14395 8253 21147 18593 2497 22600 

9199 8161 14739 13489 11723 10028 6480 7085 
25252 13453 11659 8253 21147 18593 2247 27305 

2592 2556 3030 4229 7434 2288 2785 1307 
10869 4689 2398 1886 8191 7202 373 7636 

2592 2556 3030 4229 7762 2288 3131 3176 
10869 4689 2398 1886 8191 8481 3335 8872 

2592 2556 2453 3588 6984 2058 2535 2312 
10869 3417 3035 1374 8191 8481 3335 7984 

2592 2556 2453 3588 6984 2058 8948 2312 
10869 3417 3035 1374 8191 8481 3335 11185 

2592 2556 2453 3588 6984 2058 15553 2312 
10869 3417 3035 1374 8191 8481 3335 13066 

2332 2556 6582 6562 12952 2058 15553 7080 
10869 11760 3035 1374 16034 8481 3335 13066 

2332 2556 6582 6562 12952 2058 15553 13038 
10869 11760 3035 1374 16034 11632 3335 13066 

2332 2556 6582 6562 12952 2058 15553 19234 
10869 11760 3035 1374 16034 11632 6001 13066 

2332 2556 6582 6562 12952 2058 13997 19234 
10869 10583 3035 1374 16034 11632 6001 13066 

2098 2556 5923 6562 12952 2058 18311 19234 
9781 17524 3035 1374 16034 10468 6001 13066 

1101 2506 4234 3726 9140 1082 7869 8932 
7129 10895 3232 3681 16118 6082 3542 10372 

1101 2028 4234 3726 11226 5973 7869 7234 
9374 12805 3232 3681 14506 5473 3187 10372 

1101 2028 4234 3726 11226 7472 7869 7234 
21436 12805 3232 3681 14506 5473 3187 10372 

647 2306 3095 3160 6626 10637 10224 6509 
12656 10954 3164 5167 13250 5031 3548 7560 

647 2306 3095 3160 6626 10637 10224 6509 
12656 10954 3164 5167 13250 5031 3548 7560 

647 2306 3095 3160 5963 10637 10224 6509 
12656 9858 3164 5167 13250 5031 3548 7560 

-2 -2 -2 -2 -2 -2 -2 -2 
-1 -1 -1 -1 -1 -1 -1 -1 

61 -2 -2 -2 -2 -2 119 -2 
1999 -1 1618 -1 -1 -1 -1 -1 

61 -2 4998 7498 -2 -2 119 -2 
1999 2999 1618 2698 -1 -1 -1 -1 

61 -2 4998 7498 -2 -2 119 -2 
1999 2999 1618 2698 -1 -1 -1 -1 

4632 7535 7797 7056 6994 9354 4946 8969 
18322 6616 14924 9950 8344 7739 2698 1798 

-2 -2 -2 -2 -2 11 1934 -2 
-1 10 -1 -1 -1 -1 -1 409 

-2 -2 -2 -2 -2 11 1934 7498 
-1 10 -1 -1 -1 -1 -1 3368 

5756 1543 2585 11481 4716 5672 11646 10623 
5312 13863 27504 12535 16602 14082 13264 12054 

5756 8055 7326 11481 4716 5672 17981 17060 
5312 16476 27504 12535 18941 14082 13264 15463 

4661 9857 7326 15739 4243 4593 17981 18818 
5672 20845 23845 10152 17046 12673 13264 15463 

8015 6555 4324 13497 8436 4077 11795 13803 
4593 12307 16063 5431 14426 9238 13719 12588 

8015 6555 4324 13497 8436 3669 11795 13803 
4593 12307 14456 5431 14426 9238 13719 12588 

8015 6555 4324 12147 8436 5385 11795 13803 
4593 12307 20709 5431 14426 9238 13719 12588 

12213 6555 4324 12147 6149 5385 9553 13803 
4593 12307 20709 5431 18616 9238 12346 10195 

2789 1847 1093 4702 2893 1364 2423 3152 
1439 4289 5300 1378 4257 1710 3485 3553 

5009 1847 1093 4702 2603 1364 2423 3152 
1439 4289 6770 4240 4257 1710 3136 3553 

4507 2403 1093 4702 2967 1936 2180 2835 
1439 4289 6770 5434 7248 1384 3136 2877 

4507 2403 1093 4702 9336 1936 2180 2835 
1439 4289 6770 5434 7248 5245 3136 2877 

4507 2403 1093 4702 18402 1936 2180 2835 
1439 4289 6770 5434 7248 6720 3136 2877 

4507 7996 1093 8676 18402 1742 2180 2835 
1439 4289 6770 4890 7248 6720 9822 10589 

4507 7996 1093 8676 24061 1742 2180 2835 
1439 4289 9093 4890 7248 6720 9822 10589 

4507 7996 1093 8676 24061 1742 2180 10051 
1439 4289 9093 7401 7248 6720 9822 10589 

4507 7996 1093 8676 21654 1742 2180 10051 
1439 4289 9093 7401 7248 6720 9822 9529 

4507 12196 1093 7808 24488 1742 1961 15045 
7295 10874 7364 7401 7248 6720 9822 9529 

2829 5430 2122 4130 9687 659 427 4701 
2542 7778 3712 2321 4186 3311 6743 6938 

4761 5430 1909 4130 8718 659 2487 7307 
2542 9300 3340 1879 4186 4481 11761 6938 

4761 5430 3787 10383 8718 659 2487 7307 
6287 9300 3340 1879 4186 4481 22584 6938 

6620 4723 5342 5516 6353 2104 2988 6909 
3711 9347 2955 1108 2470 10127 10655 5486 

6620 4723 5342 5516 6353 2104 2988 6909 
3711 9347 2955 1108 2470 10127 10655 5486 

6620 4723 5342 5516 6353 2104 2988 6217 
3711 9347 2955 1108 2470 10127 9589 5486 

-2 -2 -2 -2 -2 -2 -2 -2 
-1 -1 -1 -1 -1 -1 -1 -1 

-2 138 -2 110 -2 114 51 -2 
1456 -1 1618 -1 1618 1618 1618 1456 

-2 124 7498 110 4998 114 51 -2 
1310 -1 1618 2999 1618 4456 1618 1456 

-2 124 7498 110 4998 114 51 -2 
1310 -1 1618 2999 1618 4456 1618 1456 

4172 3814 5833 3326 8628 2053 5933 6682 
7004 13030 16408 6581 7906 5623 15066 2085 

-2 -2 -2 -2 -2 -2 -3 -3 
-1 -1 -1 -1 -1 -1 -1 -1 

-2 -2 -2 -2 7498 -2 -3 -3 
-1 -1 2999 -1 -1 -1 -1 -1 

10292 7743 11178 9017 15647 20310 18448 11806 
22987 20188 9675 23292 17385 12586 9632 22638 

15512 7743 11178 9017 20082 20310 16603 11806 
22987 18169 14707 23292 17385 12586 13668 22638 

11306 6271 8147 8114 21407 19825 16603 12625 
20688 16351 11106 18866 15881 12586 13668 23792 

8861 6745 13378 5322 15604 12783 15447 7452 
18619 11919 8906 15219 12419 8256 16301 15185 

8861 6745 12040 5322 15604 12783 15447 7452 
18619 11919 8906 15219 12419 8256 16301 13666 

8861 6745 12040 5322 14043 14718 15447 7452 
18619 11919 8015 15219 12419 8256 32670 13666 

8861 6070 12040 5322 14043 13246 18902 7452 
16756 11919 7213 15219 12419 8256 36403 13666 

4377 2349 3055 2058 2885 2202 8131 901 
5358 3028 1648 2818 3506 2589 8326 5293 

4377 2349 3582 3518 4025 2919 8984 901 
5358 5725 1648 2818 6639 2589 10544 5293 

3544 1709 3222 3826 4025 2624 8083 901 
5358 4636 1648 2536 5974 3687 6917 6287 

3544 1709 3222 3826 4025 7361 8083 901 
5358 4636 1648 2536 5974 3687 6917 9658 

3544 1709 3222 3826 4025 7361 12274 901 
5358 7172 1648 2536 5974 3687 6917 9658 

3544 1537 3222 6776 7759 7361 16046 6810 
10822 12454 1648 2536 11376 7318 5602 9658 

8189 1537 3222 6776 7759 7361 16046 6810 
10822 12454 1648 4282 11376 7318 5602 9658 

14870 1537 3222 6776 7759 7361 16046 6810 
10822 12454 1648 6853 11376 7318 5602 9658 

14870 1537 3222 6098 7759 7361 16046 6810 
10822 12454 1648 6853 11376 7318 5041 9658 

14870 1383 3222 6098 6982 7361 19441 6810 
16739 12454 1648 6853 11376 7318 5041 7822 

10768 1738 2342 5502 4113 4938 8349 6962 
14857 7798 1850 7577 9765 8333 2410 5131 

9691 1738 1895 7456 4113 9444 7513 6962 
14857 7798 1664 7577 9765 14534 2410 3739 

9691 8230 1895 7456 4113 9444 7513 8334 
14857 11018 1664 7577 9765 14534 14169 3739 

5719 9134 4192 5986 6864 6282 8262 6749 
10830 11051 1212 6921 5188 8362 10328 7633 

5719 9134 4192 5986 6864 6282 8262 6749 
10830 11051 1212 6921 5188 8362 10328 7633 

5719 9134 4192 5387 6864 6282 8262 6749 
10830 11051 1090 6921 5188 8362 10328 7633 

-2 -2 -2 -2 -2 -2 -3 -2 
-1 -1 -1 -1 -1 -1 -1 -1 

-2 -55 97 -2 -2 -40 62 -2 
-1 1999 -1 -1 -1 -1 -1 1798 

9498 -55 97 -2 -2 -40 62 -2 
-1 1999 -1 1999 2999 -1 -1 1798 

9498 -55 97 -2 -2 -40 62 -2 
-1 1999 -1 1999 2999 -1 -1 1798 

6262 6946 2461 4272 3316 6018 2412 6610 
-1 4979 29498 5921 4242 5438 14626 5248 

-2 -2 -2 -2 -2 -2 -3 -2 
-1 -1 -1 -1 -1 -1 -1 -1 

-2 -2 -2 6664 -2 -2 -3 -2 
-1 -1 -1 -1 -1 -1 3999 -1 

7071 9579 14681 7214 5986 2946 10470 3688 
11211 12332 8554 12192 23272 15605 5720 19047 

7071 9579 20712 7214 5986 2946 16089 9985 
11211 12332 10698 12192 23272 18044 9148 19047 

5153 9579 18640 10492 7346 2385 14479 9985 
10089 8989 12265 14972 20944 18044 8468 17142 

5040 7970 8913 8208 10236 3762 13030 6549 
4824 8744 11469 10914 22849 14615 6858 11579 

5040 7970 8913 8208 10236 3762 11726 6549 
4824 8744 11469 10914 20563 14615 6858 11579 

5040 7970 8021 8208 10236 3762 13220 6549 
4824 8744 11469 10914 31055 14615 6858 11579 

5040 7172 8021 7387 9212 3762 13220 10894 
4824 8744 20322 9822 31055 11837 6858 11579 

1275 1817 3197 3529 2337 1795 1440 5205 
722 3165 5164 3080 18336 3341 2150 3268 

1275 6635 3197 3529 3257 1795 1440 5839 
2649 5263 6647 3080 18336 6006 2150 3268 

1275 6635 3407 3529 3454 1613 2419 5254 
2383 4262 8465 3080 16502 8664 2150 2941 

1275 6635 3407 3529 3454 6451 2419 5254 
2383 7835 8465 3080 16502 8664 2150 2941 

1275 6635 3407 6509 3454 6451 2419 5254 
2383 7835 9618 3080 16502 8664 2150 2941 

1275 11971 3407 6509 5797 6451 2419 9728 
2383 13051 9618 3080 16502 7797 5935 8646 

4897 11971 3407 6509 5797 6451 2419 9728 
2383 13051 9618 3080 16502 7797 8341 8646 

14407 11971 3407 6509 5797 6451 2419 9728 
2383 13051 9618 3080 16502 7797 9506 8646 

14407 11971 3407 6509 5797 6451 2419 8755 
2383 13051 9618 3080 16502 7797 8555 8646 

14407 10773 3066 6509 5797 6451 7177 8755 
2383 11745 9618 3080 16502 7017 15699 8646 

3641 3926 1195 1816 1457 3484 2229 2785 
5886 5616 9551 781 5984 1980 2177 3720 

3276 8533 1195 1816 1060 3484 7805 2785 
9267 5616 9551 2432 5385 1980 1959 6348 

3276 8533 1195 1816 1060 3484 9121 2785 
21340 5616 9551 2432 5385 1980 1959 6348 

1932 11411 633 6409 451 2821 11013 5471 
14000 6762 8265 3215 3178 5186 842 5141 

1932 11411 633 6409 451 2821 17411 5471 
14000 6762 8265 3215 3178 5186 3757 5141 

1738 11411 633 6409 451 2821 17411 5471 
14000 6762 7438 3215 3178 5186 3757 5141 

-2 -2 -2 -2 -3 292 -2 -2 
-1 -1 -1 -1 -1 -1 268 -1 

59 219 -18 -2 55 262 76 37 
-1 1618 -1 -1 3419 1618 216 4389 

59 3530 -18 -2 5049 262 76 33 
-1 1618 -1 1798 3419 3456 216 4389 

59 3530 -18 -2 5049 262 76 33 
-1 1618 -1 1798 3419 3456 216 4389 

11757 10906 7590 13203 3058 7695 4262 12758 
6049 16010 6756 19079 24999 12894 9371 12944 

-2 -2 -2 -2 -2 -2 -2 -2 
-1 -1 -1 -1 -1 -1 -1 -1 

-2 -2 -2 7498 -2 -2 -2 -2 
2999 -1 -1 -1 -1 -1 -1 -1 

7075 10338 12278 6502 11031 14438 11104 12459 
16571 17157 14824 22801 17861 30555 3299 20074 

12367 10338 17716 6502 11031 22994 11104 12459 
16913 17157 14824 22801 17861 33499 6969 20074 

13350 14304 14349 8866 12684 18623 8993 16213 
12329 15441 19286 23520 17861 32934 5079 18066 

10810 12873 8471 7978 9778 10444 8110 9571 
8088 11750 12652 12498 14467 21246 2998 16433 

10810 12873 8471 7978 8800 10444 8110 9571 
8088 10574 12652 12498 14467 21246 2998 16433 

10810 12873 8471 7978 11134 9399 8110 9571 
8088 27516 12652 12498 14467 21246 2698 16433 

9728 11585 7623 7978 15020 9399 7298 9571 
7279 27516 19386 11248 13020 21246 2428 16433 

-4 -4 1174 -6 -5 -5 -5 -3 
-1 1456 -1 -1 -1 -1 -1 -1 

-5 -6 263 -7 -6 1587 -5 -6 
-1 409 -1 -1 -1 -1 -1 368 

-5 4870 263 -7 -6 2142 -5 1105 
-1 2368 -1 1999 1999 2999 -1 368 

763 4870 234 -7 -6 2142 -5 994 
-1 2131 -1 1999 1798 4699 -1 297 

763 4870 234 -7 -6 2142 4995 994 
-1 2131 -1 1999 3618 4699 -1 297 

763 4870 234 7493 -6 2142 4995 994 
2999 2131 -1 1999 3618 4699 -1 297 

763 4870 5210 7493 -6 2142 4995 994 
2999 2131 -1 12799 3618 4699 -1 297 

763 4870 11355 7493 -6 2142 4995 994 
2999 2131 -1 15519 3618 4699 -1 297 

763 4870 11355 7493 -6 6927 4995 994 
2999 2131 -1 15519 3618 4699 1999 297 

763 4870 11355 7493 -5 6927 4995 994 
2999 2131 -1 13966 3618 4699 1999 297 

686 10633 16886 7493 -4 6927 9495 994 
2698 6917 -1 16569 3256 4699 7799 297 

249 4917 2263 4557 236 1739 4062 325 
1249 2089 -1 4210 1133 1637 5336 102 

223 10050 1648 4557 236 1739 4062 325 
1123 2089 -1 4210 1019 1637 12421 91 

223 10050 1648 6198 236 1739 4062 325 
1123 2089 -1 4210 1019 1637 12421 13081 

771 8945 2429 4517 136 1266 3655 9203 
736 5142 -1 3068 4931 1073 9054 14395 

771 8945 2429 4517 136 1266 3655 13282 
736 5142 -1 3068 4931 1073 10148 14395 

771 8945 2429 4517 136 1266 3655 11953 
662 5142 -1 3068 4931 1073 10148 14395 

-2 -2 -2 -2 -2 -2 -2 -2 
-1 -1 -1 -1 -1 -1 -1 -1 

-2 -2 -2 -2 77 -2 59 -2 
-1 -1 -1 -1 1618 -1 1798 -1 

4998 -2 -2 -2 3062 -2 59 -2 
-1 -1 1999 -1 1618 1999 1798 -1 

4998 -2 -2 -2 3062 9998 59 -2 
-1 1999 1999 -1 1618 1999 1798 -1 

7687 12026 1559 1769 12008 7268 3047 1820 
-1 5351 10537 4234 1178 23019 16797 6049 

-2 -2 -2 -2 -2 219 -2 -2 
-1 -1 -1 157 -1 -1 -1 -1 

-2 -2 -2 -2 -2 6447 -2 -2 
-1 4999 -1 157 -1 -1 -1 -1 

8841 4237 7140 3455 5358 11664 7538 4285 
13317 9462 9296 11161 2037 11761 20760 17357 

8841 4237 7140 3455 5358 19239 7538 4285 
13317 9462 9296 11161 6833 11761 23684 17357 

7159 5813 10282 3109 5358 20315 6783 5373 
11985 11515 9296 14186 6833 9526 17338 17357 

11446 4707 12828 10993 3903 13306 6744 3915 
9707 8919 9296 15201 9035 12325 14043 11387 

11446 4236 12828 10993 3903 13306 6744 3915 
8736 8919 9296 15201 9035 12325 14043 11387 

11446 6590 12828 10993 3903 13306 10035 3915 
8736 31027 9296 15201 9035 16092 14043 11387 

15926 6590 11545 10993 3903 13306 9031 3170 
8736 27924 9296 15201 9035 13034 19474 11387 

3273 1856 3618 5253 1356 4170 3142 1810 
3175 8761 4461 3862 1672 2681 5498 5445 

3273 1856 3618 4727 1356 4170 4995 1810 
4857 8761 4461 3862 1672 2681 4948 6900 

3273 1856 3408 4253 1217 4170 4494 1627 
4857 6386 4461 5128 1672 2681 5226 6209 

7945 1856 3408 4253 1217 4170 4494 1627 
4857 6386 4461 5128 3504 2681 5226 6209 

7945 1856 6400 4253 1217 4170 4494 1627 
4857 6386 4461 5128 3504 2681 5226 7588 

7945 1670 10760 4253 1217 7641 9044 6464 
4371 6386 4461 9953 3504 9412 5226 11829 

13817 1670 10760 4253 1217 7641 9044 6464 
4371 6386 4461 9953 3504 12470 5226 11829 

13817 1670 9683 4253 1217 7641 9044 6464 
4371 6386 4014 9953 3504 12470 5226 11829 

13817 1670 9683 4253 1217 6876 9044 6464 
4371 6386 4014 9953 3504 11222 5226 11829 

13817 1502 9683 4253 1217 6876 11825 6464 
10740 6386 4014 8957 3504 11222 5226 11829 

6146 3710 5872 1994 6260 4385 7231 3423 
7164 4244 3099 5875 3295 14963 2884 15264 

6146 3710 5872 5552 6260 3946 5270 5580 
7164 4244 4309 5875 2668 20466 2595 13737 

6146 3710 7684 5552 6260 3946 5270 5580 
7164 4244 4309 5875 2668 20466 14335 13737 

4977 6303 4080 8782 4561 3195 4742 4643 
4229 4893 7430 4282 3369 13427 11610 11633 

4977 15672 4080 8782 4561 3195 4742 4643 
4229 4893 7430 4282 3369 13427 12449 11633 

4977 15672 4080 8782 4561 3195 4267 4643 
4229 4403 7430 4282 3369 13427 12449 11633 

-2 -2 -2 -2 -2 -2 -2 -2 
-1 -1 -1 -1 -1 -1 -1 -1 

59 -2 47 -2 -2 -2 -2 116 
2018 -1 1998 -1 1061 1618 -1 -1 

59 -2 5042 -2 -2 -2 -2 3437 
2018 -1 1998 -1 1061 3456 1999 -1 

59 -2 5042 -2 -2 -2 -2 3437 
2018 -1 1998 -1 1061 3456 1999 -1 

9040 -26 10596 1155 10345 -2 2892 3585 
5438 6877 1178 9898 859 2798 10366 4799 

-2 4997 -2 -2 -2 -2 -2 -2 
-1 -1 -1 -1 -1 -1 1798 -1 

-2 4997 -2 -2 6248 -2 -2 -2 
-1 4999 -1 -1 -1 -1 1798 -1 

12592 12122 3661 9061 3814 7067 7708 8194 
12650 23641 18321 19492 15736 17121 20678 16182 

12592 12122 3661 14821 3432 12193 7708 8194 
12650 23641 23488 17542 15736 19408 20678 16182 

12592 8835 5794 12004 3432 12193 9855 8194 
10246 23641 21865 15787 15736 19408 16748 14563 

18227 8337 14523 10131 3326 9875 6939 11730 
6721 12925 17559 12787 11471 11933 9629 11313 

16404 8337 14523 10131 3326 9875 6939 11730 
6721 12925 17559 12787 11471 10739 9629 11313 

16951 8337 14912 13117 3326 9875 6939 11730 
6721 18632 17559 12787 11471 16665 24666 11313 

16951 7503 14912 13117 2993 12998 6939 11730 
6721 16768 17559 12787 20323 14998 22199 11313 

5314 2349 3405 7469 1155 2968 1035 3308 
1007 3450 5508 6794 3764 3429 8599 5338 

5314 3225 4314 7469 1155 2968 1035 2977 
906 3450 5508 6794 3764 3429 9739 6804 

4301 2113 3882 7120 1490 2968 931 2678 
815 4036 4957 6114 6387 3085 8764 5510 

4301 2113 3882 11408 1490 2968 931 2678 
815 4036 4957 7502 6387 3085 8764 5510 

4301 2113 3882 11408 8841 2968 931 2678 
815 6632 4957 7502 6387 3085 8764 5510 

4301 5790 3493 11408 11528 6903 931 2678 
815 6632 4957 11751 14473 3085 7887 4958 

4301 5790 8143 11408 11528 6903 931 2678 
3733 6632 4957 11751 14473 3085 7887 4958 

4301 5790 14828 11408 11528 6903 931 2678 
3733 8968 4957 11751 14473 3085 7887 4958 

4301 5790 14828 11408 11528 6903 931 2410 
3733 8968 4957 11751 14473 3085 7887 4462 

4301 5790 14828 10267 10375 6903 5837 7201 
3733 8968 4461 10575 18022 3085 7887 11015 

-2 -2 -2 -2 -2 -2 -2 -2 
-1 -1 -1 -1 -1 -1 -1 -1 

1798 -2 3748 -2 -2 -2 -2 -2 
-1 -1 -1 1798 -1 4048 -1 -1 

3582 -2 3748 -2 -2 -2 -2 -2 
-1 -1 -1 12618 -1 4048 -1 -1 

7478 840 6465 -3 1871 3330 2247 1010 
-1 1618 -1 12652 2698 11182 -1 5079 

7478 7006 6465 -3 1871 3330 2247 1010 
-1 1618 -1 12652 2698 15063 -1 5079 

6730 7006 6465 -3 1871 3330 2247 1010 
-1 1618 -1 12652 2698 15063 -1 4570 

1360 3251 4919 4893 3382 3387 2496 2239 
5702 8053 742 4460 5207 1326 3054 10477 

1101 2925 4426 4403 2739 2743 2338 2117 
7131 5282 742 6014 4686 1326 2473 8485 

1101 2925 4426 8962 2739 2743 2338 8464 
7131 5282 742 8412 4686 1326 2225 10636 

10990 2925 4426 8962 2739 2743 2338 8464 
7131 5282 742 8412 4686 1326 2225 11572 

9994 3882 9466 16690 15207 14725 3266 11123 
10476 7753 15050 16494 12085 1193 1621 24317 

-2 -2 -2 -2 0 -2 -3 -2 
-1 4 -1 -1 -1 -1 -1 -1 

-2 -2 -2 -2 0 -2 -3 7498 
2999 4 -1 -1 -1 -1 -1 -1 

4278 8863 1895 6305 5216 2263 12596 9253 
12927 12109 241 13724 13206 19492 16156 11291 

16590 8863 1895 6305 5216 2263 18003 9253 
12927 12109 241 13724 13206 20542 18540 15161 

14930 7976 4234 8856 7493 6332 18553 12077 
16170 12447 3216 12351 9626 22105 18540 12280 

14214 12284 2498 12530 2899 6995 17277 9697 
11787 12693 4030 9003 7016 14174 9851 12300 

14214 12284 2498 12530 2899 6995 17277 8727 
11787 12693 4030 9003 7016 14174 9851 11069 

16758 12284 2498 12530 5386 6995 17277 8727 
11787 12693 8627 9003 7016 14174 31865 11069 

16758 12224 8914 12530 4847 6995 15549 7854 
11787 11423 6987 8102 6314 18680 32678 11069 

4016 4256 1647 5255 2540 1971 6020 3038 
3622 3677 1971 3486 2007 8039 5448 4081 

4016 4256 1647 5255 2540 1971 8683 3567 
5259 5309 1971 3486 2007 8039 6903 4081 

3612 4715 1933 3826 2284 1971 8683 3209 
4732 4777 3396 3486 5425 6511 5591 4081 

3612 9243 1933 3826 2284 1971 8683 3209 
4732 4777 3396 3486 5425 7859 5591 4081 

3612 9243 1933 3826 2284 8440 8683 3209 
4732 4777 3396 3486 5425 11073 5591 4081 

3612 14152 1739 3826 5944 7595 8683 3209 
11258 3868 3396 3486 5425 11073 5591 10672 

3612 14152 1739 5716 5944 7595 8683 7888 
15132 3868 3396 3486 7882 11073 5591 10672 

3612 17736 1739 5716 5944 7595 8683 7888 
15132 3868 3396 3486 7882 12965 5591 10672 

3612 17736 1739 5716 5349 7595 8683 7888 
15132 3868 3396 3486 7093 12965 5591 10672 

3612 17736 1739 8477 9475 7595 8683 7888 
15132 3868 5056 3486 14383 11668 5591 10672 

3201 5545 657 4990 5098 4787 3702 4029 
6747 2976 8821 2057 8492 6084 2405 6166 

3201 4490 657 6991 4588 4787 3702 4029 
6747 2678 8821 2057 8492 6084 2164 6794 

3201 5771 7257 6991 4588 4787 3702 4029 
6747 2678 8821 10851 8492 6084 2164 10114 

7718 4205 7796 5748 3343 3487 4279 7017 
8609 4651 7786 7909 5680 4927 1277 9813 

7718 4205 7796 5748 3343 3487 4279 11315 
8609 4651 7786 7909 5680 4927 8149 9813 

7718 4205 7796 5748 3343 3487 4279 10183 
8609 4651 7007 7909 5680 4927 8149 9813 

-2 -3 -2 -2 -2 -2 -2 -3 
-1 -1 -1 -1 -1 -1 -1 -1 

135 -3 -2 -2 169 42 -2 62 
1798 1618 1618 -1 1618 -1 3076 -1 

135 -3 -2 -2 5152 42 3331 62 
1798 1618 3456 -1 1618 -1 4768 -1 

135 -3 9998 -2 5152 42 3331 62 
1798 1618 3456 -1 1618 -1 6291 -1 

5619 6879 16406 5930 10573 3033 5593 3526 
1178 8222 6519 8806 15581 13248 3713 13956 

-2 -2 -2 -2 -2 -2 -2 -2 
-1 -1 -1 -1 -1 -1 -1 -1 

-2 4998 -2 -2 -2 -2 -2 -2 
-1 -1 -1 -1 -1 3999 -1 -1 

-2 4498 -2 6664 7498 4998 -2 -2 
2999 -1 -1 -1 -1 9599 3598 -1 

9789 6306 23954 5721 4829 11548 10703 8097 
27386 24341 10379 13613 22050 22986 9947 18214 

8809 4135 23954 9767 7569 12728 10703 8097 
24647 21516 10206 12251 19844 18756 8952 22392 

8796 3348 22102 7284 6811 10243 8567 7286 
16170 16303 9059 8930 19844 9966 8302 23756 

8796 3348 22102 6555 6811 10243 8567 7286 
16170 16303 9059 8930 19844 9966 8302 21380 

8796 3348 22102 6555 8129 9218 8567 7286 
16170 16303 9059 8930 31859 9966 8302 19241 

7916 3348 22102 5309 12816 9218 7710 7286 
16170 14672 8152 19037 28672 9966 8302 17316 

2231 939 2682 1345 4464 1702 5310 1848 
3697 5683 2371 5375 7286 2050 3572 2886 

5017 939 2682 1345 4464 1702 5310 1663 
5327 5683 2133 5375 9557 2050 3572 2886 

5017 1142 3065 1209 4464 1702 5310 1494 
5327 5683 1919 4837 9557 3660 3572 3703 

5017 1142 3065 1209 9017 1702 5310 1494 
5327 5683 1919 4837 9557 3660 3572 5332 

5017 7277 3065 1209 9017 1702 5310 1494 
5327 5683 1919 4837 13601 3660 3572 5332 

12563 7277 7758 1209 12303 1702 5310 1494 
6794 5683 1919 9353 12240 7294 10214 5332 

12563 7277 7758 8588 12303 1702 5310 1494 
6794 5683 1919 11417 12240 7294 10214 5332 

12563 7277 7758 8588 12303 1702 12279 1494 
6794 5683 1919 11417 14016 7294 10214 5332 

12563 7277 7758 8588 11072 1702 12279 1494 
6794 5114 1919 11417 14016 7294 10214 5332 

12563 7277 7758 8588 17634 1702 11050 1344 
6114 11602 1919 15275 12614 7294 10214 5332 

12563 7104 8823 8588 17634 1702 11050 2614 
6114 11602 5354 15275 21917 7294 10214 6798 

11306 7104 8823 8588 17634 1531 9944 6638 
5502 16441 5354 15275 19725 6564 10214 6798 

16842 7104 8823 8588 17634 1531 9944 8281 
5502 26796 5354 15275 19725 9907 10214 6798 

10259 4659 13758 4843 13818 902 7184 6931 
5651 16878 2844 12021 21752 5721 9192 4013 

10259 4659 13758 4843 13818 5811 7184 6931 
5651 22190 2844 12021 21752 5721 9192 4013 

10259 4659 13758 4843 12436 5811 7184 6931 
5651 22190 2844 12021 21752 5721 8272 4013 

233 -2 -2 -2 -2 -2 -2 -2 
-1 -1 -1 58 -1 -1 -1 -1 

262 66 -2 -2 -2 90 -2 66 
-1 1798 -1 1210 1798 -1 1999 -1 

262 6726 -2 -2 -2 90 3331 66 
-1 1798 -1 1210 1798 -1 1999 5799 

262 6726 -2 -2 -2 90 3331 66 
-1 1798 -1 1210 1798 -1 1999 5799 

4215 8952 8277 -2 3331 6328 2697 66 
-1 15759 5079 1210 9882 -1 5687 24351 

-2 -2 -2 -3 -2 -2 -2 -2 
-1 -1 -1 -1 -1 -1 -1 -1 

-2 -2 -2 6663 -2 -2 -2 -2 
-1 -1 -1 -1 -1 -1 3999 -1 

10564 15383 10333 13429 12936 9783 7103 5516 
3028 25529 15725 15847 17463 17367 18837 18712 

10564 15383 10333 18752 12936 9783 12226 5516 
3028 25529 15725 15847 17463 19630 18837 23840 

10936 13843 10423 20188 12727 14062 13883 4467 
6684 20230 12736 14262 20580 17900 16971 21455 

8024 9081 8518 12727 6083 24951 10119 6794 
4872 16434 9090 6820 13385 16298 12371 16170 

8024 9081 8518 12727 5474 24951 10119 6794 
4872 16434 9090 6820 13385 16298 11133 16170 

8024 9081 8518 12727 7507 24951 10119 6114 
4872 16434 9090 6820 13385 16298 26019 14552 

8024 9081 8518 12727 11756 24951 8196 5502 
4872 16434 8180 6820 12046 14668 26019 21096 

3105 3349 2965 3229 2683 7042 2309 1913 
1181 3758 2565 4473 2754 5113 7347 6618 

3207 3349 2965 3229 2683 7042 2309 2971 
2756 5382 2565 4473 2754 5113 7347 6618 

3207 3349 2965 2905 5748 7171 2309 2671 
4480 5382 2565 5622 2478 5113 7347 6618 

3207 3349 7668 2905 5748 7171 2309 2671 
4480 5382 4308 5622 2478 5113 7347 6618 

3207 8014 7668 2905 5748 7171 2309 2671 
4480 5382 4308 7059 2478 5113 7347 6618 

3207 8014 7668 2905 5748 7736 7078 6329 
7032 5382 3877 11353 2478 8601 7347 5956 

3207 8014 7668 2905 5748 7736 11370 6329 
7032 5382 3877 14217 2478 8601 7347 5956 

3207 8014 7668 10114 5748 7736 11370 6329 
9328 5382 3877 14217 2478 8601 7347 5956 

3207 8014 7668 10114 5748 7736 10232 6329 
9328 5382 3877 14217 2478 7740 7347 5956 

2886 8014 7668 14935 5173 7736 10232 6329 
8395 5382 3877 14217 8306 7740 7347 5956 

2607 6485 6179 14691 6227 5631 7803 5122 
6799 3530 5140 11515 8054 8069 16645 5956 

2607 5836 4503 17899 6227 4560 9330 5122 
6799 7432 5140 8393 8054 11262 14980 5360 

2607 5836 4503 17899 7925 4560 9330 5122 
6799 19688 5140 8393 8054 11262 14980 5360 

1899 5153 12726 8488 6418 2690 7253 3358 
6260 14041 5248 7918 9671 5984 9827 3516 

1899 5153 12726 8488 10776 2690 7253 3358 
6260 14041 5248 7918 11703 5984 9827 3516 

1899 5153 12726 8488 10776 2420 7253 3358 
6260 14041 5248 7918 11703 5984 9827 3164 

-2 -2 -2 -3 -2 -2 -2 -2 
-1 -1 -1 -1 -1 -1 -1 -1 

-2 11998 -2 -3 -2 -2 -2 -2 
2999 2999 -1 -1 -1 -1 -1 -1 

55 30 202 -3 -14 147 -2 26 
1618 -1 -1 1798 1179 1310 4389 -1 

55 30 202 -3 -14 147 -2 26 
1618 -1 -1 1798 1179 1310 4389 -1 

7329 5099 15958 5996 3758 93 3390 5036 
6221 5381 -1 12015 12602 4660 12199 16522 

-2 -2 -2 -2 -2 -2 -2 -2 
-1 -1 -1 -1 -1 -1 -1 -1 

-2 7498 -2 -2 -2 -2 -2 -2 
-1 2999 -1 -1 -1 -1 -1 -1 

10532 6363 2555 14474 11147 13894 10971 11239 
16679 20736 27673 10915 24945 9792 23950 22245 

10532 6363 2555 25223 11147 17504 9873 11239 
15010 21662 27673 10915 29805 9792 23950 22245 

9478 6363 2555 22700 11728 11268 9873 11017 
15010 21662 20173 15823 21741 7931 19399 20718 

13601 6198 2068 7657 7692 8213 8828 8922 
10941 14211 15934 11529 14149 5781 14078 14629 

13601 5578 2068 7657 7692 8213 8828 8922 
10941 14211 15934 10375 14149 5781 14078 14629 

12240 5578 2068 7657 7692 8213 10445 10029 
9846 25310 15934 10375 14149 5781 14078 14629 

11015 5020 1861 7657 7692 11766 9400 10029 
8861 20500 15934 10375 14149 5781 14078 18149 

2262 3043 378 1570 3969 2687 4492 5294 
2501 7146 5554 2429 8830 1631 5452 2474 

12035 4405 1451 1570 3969 5643 4492 5294 
4250 7146 7998 2429 9947 3467 5452 4226 

10829 4405 1303 2524 3969 5643 4041 4763 
4250 6431 7998 2185 8952 3467 4906 5803 

10829 11464 1303 2524 3969 5643 4041 4763 
4250 6431 7998 2185 8952 3467 7415 5803 

10829 11464 1303 2524 9822 5643 4041 4763 
4250 6431 7998 2185 8952 3467 11673 5803 

13771 11464 1303 2524 9822 8578 4041 4763 
4250 6431 13198 2185 8952 3467 17505 5222 

13771 11464 1303 8938 9822 8578 4041 4763 
7825 6431 13198 2185 8952 3467 17505 5222 

13771 11464 1303 15544 9822 8578 4041 4763 
10042 6431 13198 2185 8952 3467 17505 5222 

13771 11464 1303 15544 9822 8578 3636 4763 
10042 5787 13198 2185 8952 3467 17505 5222 

13771 10317 1303 13989 9822 8578 8986 4763 
10042 13208 11878 2185 8952 3467 15754 5222 

-2 -2 -2 -3 -2 -2 -2 -3 
-1 -1 -1 -1 -1 -1 -1 -1 

-2 -2 4373 -3 -2 -2 -2 -3 
6298 -1 -1 -1 -1 -1 -1 -1 

-2 -2 4373 -3 2676 -2 -2 -3 
6298 -1 -1 -1 -1 -1 -1 14999 

2879 2393 4923 -4 3300 2090 -2 -3 
3666 4460 5599 1798 -1 1456 -1 11640 

2879 2393 4923 -4 3300 2090 -2 -3 
3666 4460 5599 1798 -1 1456 -1 11640 

2879 2393 4923 -4 3300 2090 -2 -3 
3666 4013 5599 1798 -1 1456 -1 11640 

10433 5468 682 6151 6760 7716 6540 3460 
7320 8665 9492 3989 6376 3022 8371 13151 

7680 4063 495 5535 4927 6249 3860 3113 
8588 7018 5604 3230 5738 2447 5628 10651 

7680 4063 495 11233 9434 6249 3860 3113 
8588 7018 10239 3230 5164 2447 5628 10651 

7680 4063 495 11233 9434 6249 3860 3113 
8588 7018 10239 3230 5164 2447 5628 10651 

9455 5650 3540 15077 8822 4099 2855 6999 
6955 10150 8475 4120 11909 4332 17021 12014 

-2 -3 -2 42 -2 -2 -2 -2 
24 -1 -1 -1 -1 -1 -1 -1 

4998 -3 -2 42 -2 -2 -2 -2 
24 -1 -1 -1 3999 -1 -1 -1 

12260 10721 17163 13370 11632 23147 14488 9763 
19858 17346 26390 38672 13051 18140 4021 15822 

12260 10721 17163 22871 11632 23147 13039 15453 
21872 17346 26390 39804 13051 16325 4021 15815 

11033 9648 13900 22871 12121 18748 14061 14301 
17715 17346 19237 35823 10570 17692 4021 18232 

6512 8682 11363 17558 8834 17600 11957 8052 
14348 12778 17313 20657 13012 12944 2135 11150 

6512 7813 11363 17558 8834 17600 11957 8052 
12913 12778 17313 20657 13012 12944 2135 11150 

8964 10781 11363 17558 8834 17600 17427 8052 
17621 12778 17313 36591 13012 15649 2135 11150 

8067 10781 10226 20802 8834 15839 17427 8052 
15858 19349 17313 32931 13012 15649 2135 11150 

-4 -6 -6 -4 -5 -6 1192 531 
-1 -1 -1 1798 -1 859 -1 1060 

-6 557 -6 -5 -6 -7 298 146 
-1 -1 -1 1758 -1 194 -1 409 

-6 1334 -6 7495 894 -7 1518 2131 
1999 -1 -1 1758 1999 1956 -1 6031 

-6 1788 -6 7495 804 -8 1363 2131 
1999 -1 -1 1582 1999 1956 -1 7427 

-6 1788 -6 7495 804 -8 7893 2131 
1999 -1 -1 5423 1999 1956 -1 7427 

-6 1788 -6 7495 5723 -8 7893 2131 
1999 -1 1999 5423 1999 1956 -1 7427 

4994 3447 -6 7495 9039 4992 7103 2131 
6799 2999 1999 5423 1999 7884 1999 7427 

4994 3447 -6 13412 9039 4992 7103 2131 
6799 2999 1999 5423 5799 7884 1999 7427 

4994 3447 -6 17070 9039 4992 7103 2131 
6799 6699 1999 5423 5799 7884 1999 7427 

4994 3447 -6 17070 9039 4992 6392 2131 
6799 6699 1999 5423 5799 7884 1798 7427 

4994 3447 -5 20363 9039 4992 9919 2131 
6799 16726 1999 5423 5799 7095 1798 7427 

5374 2852 -20 13356 4452 7645 6697 2510 
4460 9061 6448 6320 4266 6311 8903 2876 

5374 2852 -18 12020 9005 7645 6026 2510 
4460 8154 6448 6320 3455 6311 12611 2876 

5374 2852 -18 12020 11147 7645 6026 2510 
4460 8154 6448 6320 3455 6311 25349 2876 

3524 3323 -17 14931 9744 4258 6232 1197 
2925 5177 6024 7176 2518 5679 18478 5009 

3524 3323 -17 14931 9744 4258 6232 1197 
2925 5177 6024 7176 2518 5679 18478 5009 

3524 3323 -17 14931 9744 4258 6232 1077 
2925 4659 6024 7176 2518 5679 18478 5009 

-2 -2 -2 -2 -2 -2 -3 -2 
-1 -1 -1 -1 -1 -1 -1 -1 

-2 -19 73 63 -34 -47 186 -35 
3076 -1 -1 1456 -1 1999 -1 -1 

-2 -19 5065 5056 -34 -47 186 -35 
3076 2999 -1 3310 -1 1999 -1 -1 

-2 -19 5065 5056 -34 -47 186 -35 
3076 2999 -1 3310 -1 1999 -1 -1 

12376 9858 5984 14350 2154 12714 1139 9165 
13987 11328 10391 7489 19732 5111 6432 5849 

-2 -2 -2 395 -2 -2 -2 -3 
-1 92 -1 -1 -1 -1 -1 -1 

-2 -2 -2 7022 -2 -2 -2 -3 
-1 92 3999 -1 -1 -1 -1 -1 

14796 10441 9694 12266 7944 11852 9229 10339 
19225 33487 13695 21665 11401 20362 22227 32935 

19566 13146 9694 12266 7944 11852 15806 10339 
19225 33487 13695 22498 13260 23325 22227 32935 

20691 11831 8724 13267 10482 9599 11521 10339 
17302 27124 13092 23248 11933 23325 20004 28412 

20288 9582 6358 10480 13176 7774 10367 6313 
12184 19579 11829 18830 10498 18803 18003 25570 

20288 9582 6358 10480 13176 6996 10367 6313 
10965 19579 11829 18830 10498 18803 18003 25570 

21362 9582 6358 10480 18525 6996 10367 9431 
10965 19579 28646 22947 10498 20922 18003 25570 

21362 8623 5722 10480 21672 6996 9330 9431 
10965 17620 28646 22947 9448 18829 26202 25570 

6899 3335 1449 2955 6796 1971 1722 5554 
4246 2936 7279 8242 4065 5316 7398 7679 

6899 3335 3304 3909 7025 1971 1722 5554 
5821 2936 7279 9417 4065 5316 8658 7679 

5028 3001 2973 3164 5686 1773 1722 4998 
6243 2139 6550 8475 4065 4784 7012 6910 

5028 3001 2973 3164 5686 1773 1722 11164 
6243 2139 9895 8475 4065 4784 7012 6910 

5028 3001 2973 3164 5686 1773 1722 10047 
6243 2139 9895 8475 4065 4784 6310 6910 

5028 8263 2973 6736 14688 1595 1722 10047 
5618 11432 9895 8664 4065 4784 6310 13219 

5028 8263 2973 6736 20719 1595 1722 10047 
8056 11432 9895 8664 4065 4784 6310 13219 

5028 12436 2973 6736 20719 1595 1722 10047 
8056 11432 12905 8664 4065 4784 6310 13219 

4525 12436 2973 6736 20719 1595 1722 10047 
8056 10288 12905 8664 4065 4784 6310 13219 

7405 12436 8675 13956 20719 1595 1722 8137 
7250 10288 12905 7797 9658 4784 7679 16307 

4362 5494 4129 5147 6477 1431 1006 4209 
5978 4919 7359 4791 4141 3138 5037 11095 

3532 5494 6841 4631 5828 8787 905 4209 
5380 4919 7359 8380 3353 3138 4533 12985 

3532 5494 6841 6993 5828 8787 905 4209 
5380 4919 19623 8380 3353 3138 4533 12985 

4630 10657 5912 5000 4258 10264 5218 4110 
4826 2903 14304 8955 5401 5298 11516 8519 

4630 10657 5912 5000 4258 14237 5218 4110 
8343 2903 14304 8955 5401 5298 11516 8519 

4166 10657 5912 5000 4258 14237 5218 4110 
8343 2903 14304 8955 5401 5298 10364 8519 

-2 -2 -2 -3 -2 -2 -2 -2 
-1 -1 -1 -1 -1 -1 -1 -1 

174 118 96 -2 152 -2 -2 -2 
-1 1999 3419 -1 -1 -1 -1 4877 

174 9595 96 -2 152 -2 -2 -2 
-1 4799 3419 -1 -1 -1 -1 6389 

174 9595 96 -2 152 -2 9998 -2 
-1 4799 3419 -1 -1 -1 -1 7750 

4042 11486 7688 11255 3830 2495 12445 5081 
18629 4606 15552 11195 7198 16459 15924 17292 

-2 -2 -3 -3 138 -2 -2 -2 
-1 -1 -1 -1 -1 -1 -1 127 

-2 -2 -3 -3 138 7498 -2 -2 
-1 -1 -1 -1 -1 -1 -1 3114 

6758 13991 8716 10283 11641 15459 11198 4593 
11705 23082 9178 13528 45051 11605 7343 17124 

11082 20091 8716 10283 11641 17921 11198 4593 
11705 23082 10434 14175 45051 11605 7343 21411 

11082 23081 7844 8328 11320 16438 12078 3719 
11705 24996 9226 16281 40545 8459 6608 19269 

7268 23962 9767 5601 8251 15284 7129 2438 
7794 17675 9247 11868 36490 5549 4334 15846 

7268 23962 9767 5040 8251 15284 7129 2438 
7794 17675 9247 11868 36490 5549 4334 14261 

7268 31565 12199 8286 10072 13755 7129 2438 
7794 24907 9247 11868 52056 4993 4334 14834 

7268 31565 10978 7457 8157 13755 7129 7749 
7794 22416 9247 20681 46850 4493 3900 14834 

1841 8909 3440 1889 2299 5323 2480 2163 
3018 3026 2113 5839 22407 1705 890 7094 

1841 9446 3440 3200 3319 6790 2480 2163 
3018 4723 2113 10486 22407 1705 890 7094 

1655 7472 3440 3238 2984 6109 2231 1943 
2444 5442 2113 11437 18149 1534 720 7094 

1655 7472 3440 10414 2984 6109 2231 1943 
2444 5442 2113 11437 18149 1534 720 9384 

1655 7472 3440 9372 2984 6109 2231 1943 
2444 5442 2113 11437 18149 1534 720 8445 

4822 13391 3440 9372 6916 17948 2007 4748 
2199 5442 5901 11437 20270 6242 3648 8445 

4822 13391 3440 9372 11224 17948 2007 4748 
2199 5442 8310 11437 20270 6242 3648 8445 

4822 13391 3440 9372 15101 17948 2007 4748 
2199 5442 11479 11437 20270 6242 3648 8445 

4822 13391 3440 9372 15101 16153 2007 4748 
2199 4897 11479 11437 20270 6242 3648 8445 

4822 17051 8786 15934 18590 16153 2007 14261 
2199 4897 13331 11437 22243 11656 3648 13154 

-2 -2 -2 -2 -2 -2 -2 -2 
-1 -1 -1 -1 -1 -1 -1 -1 

-2 -2 -2 2498 -2 -2 -2 -2 
-1 -1 -1 -1 -1 -1 -1 3999 

-2 -2 2379 2498 6248 -2 -2 -2 
-1 9999 -1 4999 -1 -1 -1 3999 

908 3997 2653 6490 4097 1325 10149 -3 
-1 10772 4731 3848 2428 1456 955 4914 

908 3997 2653 6490 4097 1325 10149 -3 
-1 10772 4731 3848 2428 1456 955 4914 

908 3997 2653 6490 4097 1325 10149 -2 
-1 10772 4731 3848 2185 1456 955 4914 

699 2550 1611 3868 4290 1941 1174 3605 
2282 1483 2033 4323 3002 2723 3143 3334 

699 2016 1449 2819 3860 1494 898 3605 
2954 1200 3281 3501 3002 2723 2828 4500 

699 1814 6304 2819 3860 1494 4141 3605 
2954 1200 5952 3501 3002 2723 2828 5444 

10629 1814 6304 2819 3860 1494 4141 3605 
2954 1200 5952 5150 3002 2723 2828 5444 

7895 3439 5673 1663 6983 1494 6305 4586 
2658 6107 15620 13369 3969 4005 6918 4409 

-2 -2 -2 -2 -2 -2 -2 -2 
-1 -1 -1 -1 -1 -1 -1 -1 

-2 -2 -2 -2 -2 7498 -2 -2 
-1 -1 -1 2999 -1 -1 -1 -1 

9238 5432 16275 20876 12684 10644 15261 8395 
3186 34296 21503 16009 17462 24839 10996 25595 

9238 11555 16275 20876 12684 10644 15261 12799 
3186 34296 21503 20567 17462 22354 10996 25595 

9238 10399 17810 18909 11746 9578 13734 10366 
2867 30866 21503 16658 15715 19895 14065 22731 

6262 5712 14425 15315 8561 15760 11123 8824 
1692 21483 14883 10928 11818 16114 10252 16570 

5635 5712 14425 15315 8561 15760 11123 8824 
1692 21483 14883 9835 11818 16114 10252 16570 

6111 5712 14425 15315 8561 15760 11123 8824 
1692 21483 14883 19851 10636 16114 10252 16570 

6111 5712 14425 15315 12704 14183 11123 7147 
1692 21483 21394 17865 10636 14502 10252 14912 

2362 2455 6264 4801 5465 3238 2055 2102 
476 6242 8287 2679 4577 4549 2894 6417 

4475 2209 6264 4801 5465 3238 2055 2102 
476 5617 8287 2679 4577 7094 2894 7775 

4025 2209 6264 4443 4916 3439 2618 3701 
476 7055 7660 4411 5707 6384 2604 7775 

4025 2209 6264 4443 11924 3439 2618 3701 
476 7055 7660 4411 5707 8745 2604 7775 

4025 2209 6264 4443 20731 3439 2618 3701 
476 7055 7660 4411 5707 9870 2604 7775 

4025 5321 6264 4443 20731 3439 2618 3701 
476 7055 7660 4411 5707 16883 2604 7775 

4025 5321 6264 4443 20731 3439 2618 8330 
476 7055 7660 4411 5707 18194 2604 7775 

4025 5321 6264 4443 20731 3439 2618 12497 
476 7055 7660 4411 5707 19374 2604 7775 

4025 5321 5637 4443 20731 3439 2618 12497 
476 7055 7660 4411 5707 17436 2604 7775 

8622 5321 5073 3998 20731 3094 2618 12497 
476 6349 7660 4411 5136 17436 10343 6997 

-2 -2 -2 -2 -2 -2 -2 -2 
-1 -1 -1 -1 -1 -1 -1 -1 

-2 -2 -2 2998 -2 -2 -2 -2 
-1 -1 -1 2999 -1 -1 -1 -1 

-2 -2 -2 2998 -2 -2 2172 -2 
-1 -1 -1 2999 -1 9999 -1 -1 

2948 3663 1787 1965 3237 3330 1758 5030 
-1 7057 1179 5358 3238 7361 -1 1798 

2948 3663 1787 1965 3237 7997 1758 5030 
-1 7057 5061 5358 3238 7361 -1 1798 

2948 3663 1787 1965 3237 7997 1582 5030 
-1 6351 5061 5358 3238 7361 -1 1798 

2687 3687 2481 1106 6009 2028 1103 4184 
203 10515 3296 2854 1407 7603 3605 3570 

2518 3318 1808 1001 3111 2028 893 3049 
1964 11085 2966 3700 1139 6158 2627 6022 

2518 3318 9127 1001 7799 1825 893 3049 
1964 12976 2669 6330 1139 6158 2627 6022 

2518 3318 9127 1001 7799 1825 893 3049 
1964 12976 2669 6330 1139 6158 2627 6022 

8794 4934 12311 5556 13048 2882 4026 7121 
11001 20877 4792 3736 12938 7911 7854 14643 

-3 -3 -2 -2 -2 -2 -2 -2 
-1 -1 -1 -1 -1 -1 -1 -1 

-3 -3 -2 -2 7498 -2 -2 -2 
-1 -1 -1 -1 -1 -1 2999 -1 

19026 9238 16391 14023 13898 11629 21094 15723 
23984 25307 31804 16798 16503 16284 27039 28974 

19026 9238 16391 14023 13898 11629 24698 15723 
23984 25307 31804 16798 16503 16284 27039 34076 

18998 8313 16391 12620 10130 9418 22227 15235 
22426 20498 23184 16798 17867 16284 24334 30668 

13847 6238 14401 8762 8396 6864 20206 11104 
16348 15068 13632 11020 11294 13189 17422 23740 

13847 6238 14401 8762 8396 6864 20206 9993 
16348 15068 12268 11020 11294 13189 17422 23740 

13847 6238 14401 10885 8396 6864 20206 8993 
16348 31561 12268 11020 11294 13189 17422 21365 

12462 10614 14401 10885 7556 5559 20206 12468 
16348 28404 15041 11020 11294 13189 14111 23605 

-2 -2 -2 -2 -1 -2 -2 -2 
-1 -1 -1 -1 -1 -1 -1 -1 

1071 866 -5 -3 -5 -6 -4 1057 
-1 -1 859 2008 -1 -1 -1 -1 

1071 2207 -4 -3 -5 -6 829 1057 
-1 1999 859 2008 -1 -1 -1 1999 

3390 1984 -4 -3 -5 -6 745 855 
-1 1798 772 1807 -1 3419 -1 1999 

3390 1984 -4 7497 -5 -6 745 855 
-1 1798 772 4626 -1 3419 -1 1999 

3390 1984 -4 6747 -5 -6 745 855 
-1 1798 772 4626 -1 3419 -1 1999 

3390 5674 -4 6072 -5 -5 4241 5769 
-1 1798 5694 11163 -1 5769 -1 1798 

3390 10106 -4 6072 -5 -5 4241 5769 
-1 3618 5694 11163 -1 5769 -1 1798 

3390 10106 -4 6072 -5 -5 4241 10192 
-1 3618 5694 12046 -1 5769 -1 1798 

3390 10106 -4 6072 -4 -5 4241 10192 
-1 3618 5694 12046 -1 5769 -1 1618 

8051 10106 -4 5464 5059 4995 4241 10192 
-1 3618 6411 16841 -1 5769 -1 9410 

3150 3365 162 1520 2827 1654 1773 2418 
-1 2796 3318 4754 2060 8385 -1 3644 

2834 3365 162 1230 2827 1488 1773 8009 
-1 2516 3318 4754 2060 11782 -1 3644 

2834 3365 162 1230 2827 3730 1773 8009 
-1 2516 3318 4754 12854 11782 -1 3644 

4315 3082 105 5496 2542 3020 2275 5639 
-1 1484 1585 8350 10418 10603 -1 6926 

4315 3082 105 5496 2542 3020 2275 5639 
-1 1484 1585 8350 10418 10603 -1 6926 

4315 3082 105 5496 2542 3020 2047 5639 
-1 1484 1585 8350 10418 10603 -1 6233 

2830 2004 157 4451 2135 2681 1741 4567 
1456 5002 1283 6086 10418 8414 -1 7609 

2830 9623 157 4451 1921 2681 1741 4567 
1456 6501 1283 6086 10418 7572 1999 7609 

2830 9623 157 4451 1921 2681 1741 4567 
1456 6501 1283 6086 10418 7572 1999 7609 

6558 11431 17617 2917 9430 6671 11287 12751 
1060 13456 10955 19341 14486 13333 4456 18598 

-2 -2 -2 -2 -3 -3 -2 -2 
-1 -1 -1 -1 -1 -1 -1 -1 

-2 -2 7498 -2 -3 -3 -2 -2 
-1 -1 -1 -1 -1 2999 -1 -1 

4962 3610 5739 4457 7438 11213 9357 11648 
43333 11646 3984 12641 8891 13127 9613 13528 

18019 3610 11831 11511 7438 11213 9357 11648 
40999 11646 3984 12641 8891 13127 9613 18801 

18948 2923 10647 11511 7438 13663 12421 11648 
36808 14481 5226 12641 8001 11814 12764 18801 

13812 7681 7760 13271 7912 9958 16887 5569 
17314 13729 3809 10776 5832 9370 8994 14090 

-4 -4 -4 571 -6 8 19 -4 
448 8 -1 4 0 38 -1 -1 

-3 -4 -4 571 -6 8 19 -4 
448 8 -1 3 0 38 -1 -1 

-2 -4 -4 571 -6 8 3017 -4 
448 8 -1 3 0 38 16198 -1 

-2 -4 -4 462 -6 8 7506 -4 
403 7 -1 2 9000 38 16198 -1 

-5 -6 -5 2187 -5 -1 1120 952 
81 1 -1 0 2286 1190 3333 1044 

-5 -6 662 2187 -5 1665 1120 1856 
81 1 -1 2000 4057 1190 4999 1044 

-5 -7 1195 1770 687 1091 1120 2168 
72 0 -1 3419 6081 1070 4999 939 

-5 -7 1195 1770 687 8481 1120 2168 
72 0 -1 3419 8472 1070 4999 939 

-5 -7 1195 1770 687 8481 1120 6951 
72 0 -1 3419 9624 1070 4999 939 

4995 -6 1195 10933 687 7632 6008 6255 
2064 0 -1 6077 8661 10963 8049 939 

14495 -6 4075 10933 687 7632 6008 6255 
2064 6000 -1 6077 8661 10963 8049 2845 

14495 -6 13667 10933 687 7632 6008 6255 
2064 7400 -1 6077 8661 10963 8049 2845 

13045 -6 13667 10933 687 7632 6008 6255 
2064 7400 -1 6077 8661 9866 8049 2845 

11740 -6 13667 10933 687 6868 9782 6255 
1857 7400 -1 6077 14794 9866 8049 2560 

4529 218 5018 6743 396 7983 2974 3314 
581 10713 563 3986 9530 4187 2805 1954 

4529 218 4515 9318 356 7983 2407 3314 
470 8677 6506 3986 8576 4187 2805 1954 

4529 218 4515 10994 356 7983 2407 3314 
470 8677 17855 3986 8576 4187 2805 1954 

7164 968 10304 7207 287 9736 8603 5877 
2327 9978 16462 4153 6902 5446 2044 4573 

7164 968 10304 7207 5258 9736 8603 5877 
2327 9978 16462 8737 6902 5446 2044 4573 

7164 968 10304 6486 5258 9736 8603 5877 
2327 8980 16462 8737 6902 5446 2044 4573 

-2 -2 -2 -2 -2 -1 -2 -3 
-1 -1 -1 -1 -1 -1 -1 -1 

83 -2 -2 -44 -2 -1 70 -2 
1798 1618 -1 -1 -1 -1 -1 -1 

83 3331 -2 -44 -2 -1 5063 -2 
1798 1618 1999 1999 -1 -1 -1 -1 

490 -2 -2 -2 -1 -2 -2 -2 
-1 -1 331 -1 -1 -1 6 -1 

490 -2 -2 -2 -1 -2 -2 -2 
-1 -1 331 -1 -1 -1 6 -1 

4622 1880 8190 5730 8352 2685 5095 6364 
13148 2914 267 8428 14729 12496 8287 7874 

-4 -5 -4 -1 -4 -4 -4 -4 
-1 -1 -1 -1 -1 2 -1 6 

-4 7495 -4 -1 -4 -4 -4 -4 
-1 2999 -1 -1 -1 2 -1 6 

17422 18083 7125 12109 10078 17111 5138 4590 
17091 26729 29249 13771 16285 8205 13842 15852 

17422 16274 7125 18398 15736 17111 9624 4590 
19381 29056 29249 14154 16285 8205 13842 15852 

17422 14646 9269 17577 10323 17111 10045 4528 
19442 21181 25372 16738 16911 5980 13842 12839 

9257 15675 6877 10651 9128 13858 18854 8450 
12718 16493 19904 15838 11985 3530 11211 9359 

9257 15675 6877 10651 8215 13858 18854 8450 
12718 16493 19904 15838 11985 3176 11211 9359 

9257 15675 6877 10651 8215 13924 18854 8450 
11446 32843 19904 15838 11985 3176 11211 9359 

11997 15675 6877 9585 7393 13924 15271 8450 
11446 32843 19904 14254 18707 2572 11211 8422 

5255 6069 1142 6272 2083 3180 3661 1926 
6081 5052 7201 5829 2806 805 4824 1925 

-3 -2 -2 -2 -2 -2 -2 -2 
-1 -1 -1 -1 -1 -1 -1 -1 

1997 907 998 9998 -2 4498 -2 1998 
-1 4699 3799 -1 -1 -1 -1 6319 

1308 1377 1523 7285 -2 4498 -2 1618 
-1 3805 5077 -1 -1 1798 -1 6319 

1308 11239 1523 7285 -2 4498 -2 1618 
1999 3805 5077 -1 -1 1798 -1 6319 

1308 15115 1523 7285 -2 4498 -2 1618 
3799 3805 5077 -1 -1 1798 -1 6319 

1308 15115 1523 6556 -2 4498 -2 11810 
3799 10424 5077 -1 -1 1798 5999 6319 

1308 15115 1523 6556 -2 11548 -2 11810 
3799 10424 5077 -1 -1 4618 5999 6319 

1308 15115 1523 6556 -2 20393 -2 11810 
3799 10424 5077 -1 -1 6156 5999 6319 

1308 15115 1523 6556 -2 20393 -2 10628 
3799 10424 5077 -1 -1 6156 5398 6319 

1308 15115 1523 10900 -2 20393 -2 18008 
3799 10424 5077 -1 1999 6156 10858 9687 

1063 5842 2451 9196 -17 10823 217 14309 
1634 8851 3700 -1 2955 2648 8262 12072 

956 5257 2205 8276 -15 17240 8064 12877 
1470 9869 3329 5393 2955 2648 8262 15864 

956 5257 4158 8276 -15 21766 8064 12877 
1470 13882 12996 5393 2955 2648 8262 15864 

1756 3831 3030 5428 -9 20865 7865 11316 
963 11244 12893 4172 4984 1929 7887 13564 

1756 3831 3030 5428 -9 20865 7865 11316 
963 11244 12893 4172 4984 1929 7887 13564 

1756 3831 2726 5428 -9 20865 7865 11316 
963 10119 12893 4172 4984 1929 7887 13564 

-4 -3 -5 -4 -4 353 566 0 
-1 -1 4 954 1179 -1 -1 -1 

124 -2 -6 183 130 354 292 23 
2637 -1 2003 694 3119 5570 -1 1456 

124 -2 -6 3498 7617 354 292 20 
2637 -1 4802 2624 3119 5570 -1 1456 

-2 -2 -2 -2 3 -2 -2 -3 
-1 -1 -1 -1 -1 -1 -1 1 

-2 -2 -2 -2 3 -2 -2 -3 
-1 -1 -1 -1 -1 -1 -1 1 

14534 5589 3055 6154 7162 9923 -27 10025 
16101 2698 11162 3279 7101 4360 3418 18982 

14534 5589 3055 6154 7162 9923 7475 10025 
16101 2698 13045 3279 7101 4360 3418 18982 

1685 10891 6703 17681 7009 6409 21992 8357 
7336 19260 23253 13088 16839 9600 5511 25715 

8183 16051 13532 17681 7009 13268 21992 8357 
7336 19260 26334 13088 18155 12640 5511 25715 

10928 13000 14678 12888 8676 13268 21794 8357 
9541 19400 23130 13301 18155 11375 4463 23528 

9194 13976 5830 6847 13587 13265 14009 8675 
6688 18278 12291 10773 10093 9594 2634 19155 

9194 13976 5830 6847 13587 11938 14009 8675 
6688 18278 12291 10773 10093 9594 2634 17239 

11399 13976 5830 9495 13587 11938 14009 10989 
6688 18278 12291 10773 18675 22634 2634 17239 

11399 12578 5830 8545 12228 10744 17153 10989 
6019 23804 12291 10773 18675 18333 2634 17239 

-2 -2 -2 -2 -2 -2 -2 -2 
-1 -1 -1 -1 -1 -1 -1 -1 

778 -4 -8 -3 -5 -5 -4 -6 
368 -1 -1 -1 -1 -1 -1 -1 

2128 -4 -8 -3 -4 -5 663 -6 
2331 -1 1798 -1 -1 -1 -1 -1 

2128 -4 468 558 -4 -4 595 -6 
2331 -1 1798 -1 -1 -1 -1 3619 

2128 -4 7921 558 -4 -4 595 -6 
2331 -1 4618 -1 -1 -1 -1 3619 

2128 -4 13795 558 -4 -4 595 -6 
2331 -1 8156 -1 -1 -1 -1 3619 

2128 6246 13795 558 -4 6663 3856 -6 
2331 -1 8156 -1 5999 -1 -1 11238 

2128 6246 13795 558 -4 6663 3856 4994 
2331 -1 8156 -1 7399 -1 -1 11238 

2128 6246 13795 558 -4 6663 3856 14494 
2331 -1 8156 -1 8659 -1 -1 11238 

2128 5621 13795 558 -4 6663 3856 14494 
2331 -1 8156 -1 8659 -1 -1 11238 

6223 5058 13795 558 -4 6663 3856 14494 
2331 -1 7340 -1 8659 -1 -1 17114 

3772 2157 4792 586 673 2076 4143 3967 
3087 -1 9739 4732 5161 1179 3289 6649 

3772 4609 4792 527 605 2076 4143 6903 
3087 -1 9739 5632 5161 954 8960 6649 

-4 -4 5 -4 -4 0 -4 -4 
-1 0 11 1 -1 -1 -1 -1 

-4 -4 5 -4 2704 0 -4 -4 
-1 0 11 1 -1 -1 -1 12999 

1345 -5 1 1871 4202 0 7107 4568 
-1 4433 4 0 3111 1798 2698 12416 

