0 0 0 0 0 0 10000 0 
0 0 0 0 6000 0 0 0 

0 0 0 0 0 0 28000 0 
0 0 0 0 8800 0 0 0 

0 4264 1090 15333 10294 1968 16322 0 
0 4000 16399 3199 17268 10553 0 3999 

0 0 0 -5 1665 0 25918 -4 
0 4000 0 3999 7039 0 0 0 

-2 -2 -2 -2 -2 -2 -2 -2 
-1 -1 -1 -1 -1 -1 -1 -1 

-2 11941 6468 -2 -2 11665 -2 11998 
9999 11999 -1 -1 21999 -1 23599 -1 

-2 11941 6468 -2 -2 11665 -2 11998 
9999 11999 -1 -1 17598 -1 23599 -1 

4331 11941 6468 -2 -2 11665 -2 11998 
9999 11999 -1 -1 40078 -1 23599 -1 

7464 11941 6468 -2 -2 11665 -2 9597 
9999 9598 -1 -1 36062 -1 18878 -1 

4909 6112 3288 -60 -92 7464 -57 2767 
5118 7678 -1 -1 21023 -1 6184 3998 

-4 454 -5 -7 -5 -5 -8 2040 
-1 -1 -1 1636 -1 -1 -1 410 

-2 -2 -2 -2 -2 -2 -3 -2 
-1 -1 -1 -1 -1 -1 -1 -1 

-2 -2 -2 -2 -2 -2 -2 -2 
-1 -1 -1 -1 -1 -1 -1 -1 

15653 15740 18048 4065 10421 17235 12850 24911 
13587 16282 25855 12836 32720 16209 34161 16867 

10015 10071 18048 5920 8336 8717 12850 23941 
6955 10419 25855 10268 20940 13418 30930 13493 

10015 10071 18048 19736 8336 8717 12850 23941 
6955 10419 25855 10268 20940 13418 30744 13493 

10015 10071 18048 15788 8336 8717 12850 23941 
6955 10419 25855 10268 20940 13418 24594 13493 

10015 6444 18048 21380 8336 6973 12850 19152 
6955 10419 25855 10268 16751 8586 26939 13493 

10015 4123 18048 27104 8336 13078 12850 35321 
6955 10419 25855 10268 13400 8694 37640 13493 

81 15 943 38 -2 1656 122 29 
0 76 851 31 24 60 687 314 

81 15 943 38 -2 12991 122 29 
0 76 14680 31 24 60 687 314 

81 15 943 38 -2 10392 122 29 
0 76 11743 31 24 60 687 314 

-4 63 -4 -3 -3 54 2807 -4 
-1 642 1046 46 836 -1 -1 -1 

7996 39 10800 1596 7188 4020 2917 1997 
2046 2727 1979 4006 2901 8958 -1 9855 

7996 39 10800 1596 7188 4020 17333 1997 
7636 2727 1979 4006 2901 8958 -1 9855 

345 -6 1442 651 767 426 1819 511 
654 148 134 273 676 767 669 1320 

110 7018 7137 330 14153 215 8243 511 
6666 2071 2081 12527 5465 490 6273 7545 

128 127 5538 1310 2302 195 376 907 
2074 7793 5925 3798 3959 1582 2784 5037 

128 127 5538 21048 2302 195 376 907 
2074 7793 5925 3798 7167 1582 2784 5037 

128 2860 5538 20351 2302 195 376 907 
2074 7793 5925 3798 31733 1582 18227 5037 

12602 2860 11930 16280 2302 8489 376 907 
2074 19787 11791 3798 31733 1582 18227 5037 

12938 2860 16210 16774 2302 8791 376 907 
2074 19863 16746 3798 31733 1582 18227 5037 

-3 255 -5 -3 -4 -3 -4 -3 
-1 -1 -1 -1 70 118 -1 -1 

-3 255 -5 -3 -4 -3 -4 16264 
-1 -1 -1 -1 70 4094 5999 -1 

-3 255 -5 -3 -4 -3 -4 28011 
-1 -1 -1 -1 70 9275 5999 -1 

-3 255 -5 -3 -4 -3 -4 35742 
-1 -1 -1 -1 70 15420 5999 -1 

-3 1870 -4 -3 1062 -5 -4 18291 
-1 -1 3999 -1 70 13868 4798 -1 

-3 1870 9996 -3 1062 -5 -4 18291 
-1 -1 3999 -1 70 13868 4798 3999 

-3 -2 -2 -2 -2 -2 -3 -2 
-1 -1 -1 -1 -1 -1 -1 -1 

-2 -2 -3 -2 -2 -2 -2 -2 
-1 -1 -1 -1 -1 -1 -1 -1 

11514 6850 16486 3682 3410 3197 3292 -6 
2558 5998 20714 19403 -1 12798 16114 9276 

-2 -2 -2 -2 -2 -2 -2 -2 
-1 -1 -1 -1 -1 -1 -1 -1 

-3 -2 -2 -2 -2 -2 -2 -2 
-1 -1 -1 -1 -1 -1 -1 -1 

-2 -2 -2 -2 -2 -2 -2 -2 
-1 -1 -1 -1 -1 -1 -1 -1 

-7 -5 -6 -4 -5 -5 -3 -4 
-1 -1 -1 -1 -1 -1 -1 -1 

6661 -5 -6 -4 7054 -5 -3 5496 
-1 -1 23999 7999 -1 -1 -1 21999 

6661 -5 -6 -4 7054 -5 -3 4396 
-1 -1 23999 7999 -1 -1 -1 17598 

6661 -5 -6 -4 18143 -5 -3 7309 
-1 -1 29199 7999 -1 -1 -1 36078 

5327 -4 -6 -4 14512 -5 -3 10010 
-1 -1 23358 6398 -1 -1 -1 36862 

3568 -4 -4 -3 11609 -5 121 4098 
-1 -1 11614 6398 -1 -1 3999 12077 

-3 -2 -2 -2 -2 -2 -2 -2 
-1 -1 -1 -1 -1 -1 -1 -1 

3 6396 -4 183 172 -3 -3 -4 
-1 -1 -1 88 -1 3950 -1 55 

3 6396 -4 183 172 -2 -3 -4 
-1 -1 -1 88 -1 3159 -1 55 

8237 13466 21489 11314 1351 4502 31255 16957 
3893 32352 24815 9794 14801 15879 23246 24504 

6588 16117 17189 9049 11080 3601 20001 13565 
3893 25881 15880 9794 14801 8129 23344 24504 

6588 16117 17189 9049 23864 3601 20001 13565 
3893 25881 15880 9794 14801 8129 24675 24504 

6588 16117 17189 9049 19090 3601 20001 13565 
3893 25881 15880 9794 14801 8129 19739 24504 

6588 16117 13750 9049 24022 2880 16000 10851 
3893 20704 12703 9794 14801 5201 29791 24504 

6588 16117 17666 9049 29217 2303 12799 10851 
3893 20563 12703 9794 14801 3327 37832 24504 

7 1115 147 5156 4 40 332 -1 
37 66 13 0 1323 200 2 1110 

13338 1115 15117 19124 4 10032 332 -1 
6029 66 13 0 1323 4160 12401 1110 

24003 1115 15117 19124 4 10032 332 -1 
6029 66 13 0 1323 4160 17920 1110 

-3 -5 -3 -4 -4 -4 -6 -4 
-1 -1 -1 -1 -1 -1 -1 -1 

6664 -4 4263 1594 4262 -5 1595 2044 
-1 5637 -1 1046 -1 5309 1636 -1 

6664 -4 4263 1594 13409 -5 1595 2044 
5999 5637 -1 1046 -1 5309 1636 -1 

224 378 954 1519 915 -6 1606 50 
4012 385 -1 13 -1 399 55 -1 

1999 1585 5763 10971 466 -7 1889 16873 
1642 11329 -1 2051 3353 2722 43 -1 

911 313 1212 1460 -3 710 449 225 
2558 7205 1546 7418 1739 1830 2558 3449 

911 313 1212 1460 -3 567 449 225 
2558 7205 1546 7418 1390 1830 2558 3449 

911 313 9151 1460 -3 567 449 225 
2558 7205 19236 7418 1390 1830 2558 3449 

911 313 9151 5442 4591 7120 6359 225 
2558 9764 19236 7418 13751 9464 2558 6759 

911 313 9151 5442 25938 5695 6359 225 
2558 13811 19236 7418 13751 10856 2558 6759 

911 313 9151 5442 34083 5695 6359 225 
2558 13811 19236 7418 13751 16684 2558 6759 

911 313 9151 5442 37266 5695 6359 225 
2558 13811 19236 7418 13751 17347 2558 6759 

911 245 7318 4352 20144 5695 6359 4180 
2046 11070 19236 7418 12000 17347 2558 5406 

911 245 7318 4352 20144 5695 6359 4180 
2046 11070 19236 7418 12000 17347 2558 5406 

75 50 8810 186 61 318 14 40 
12341 1207 205 942 1983 194 173 2138 

-3 -2 -2 -2 -2 -2 -2 -2 
-1 -1 -1 -1 -1 0 -1 -1 

6228 6738 16880 9549 9360 12405 14632 29620 
22518 4504 4422 13054 8558 13127 15183 23718 

-3 -2 667 -2 -3 -3 -2 -3 
-1 1046 -1 -1 -1 -1 -1 -1 

-2 -2 -2 -2 -2 -2 -2 -2 
-1 -1 -1 -1 -1 -1 -1 -1 

-2 -2 -2 -2 -2 -2 5712 7141 
35599 -1 -1 -1 -1 -1 -1 -1 

-2 -2 -2 -2 -2 -2 5712 5712 
35599 -1 -1 -1 -1 -1 -1 -1 

-2 -2 -2 -2 -2 -2 5712 20417 
35599 -1 -1 7999 -1 -1 23999 -1 

-2 -2 -2 -2 -2 -2 5712 13064 
28478 -1 -1 6398 -1 -1 19198 -1 

89 53 -38 -2 -4 122 3819 5572 
17780 -1 2558 4667 1636 3198 15486 -1 

-11 -4 -4 -5 -3 -6 -7 -6 
-1 -1 -1 -1 -1 -1 -1 -1 

-2 -2 -2 -2 -2 -2 -2 -2 
-1 -1 -1 -1 -1 -1 -1 -1 

-2 -2 -2 -2 -2 -2 -2 -2 
-1 -1 -1 -1 -1 -1 -1 -1 

18229 13180 5460 7824 2900 7315 15232 11461 
11277 19454 10084 16857 8855 12547 19906 18605 

14331 11633 14368 7824 1854 13352 9746 11461 
9021 15562 10084 16788 5666 11229 19906 21205 

14331 11633 24827 7824 1854 13352 9746 11461 
9021 15562 10084 16788 5666 11229 19906 24964 

14331 11633 19861 7824 1854 13352 9746 11461 
9021 15562 10084 16788 5666 11229 19906 19970 

17171 11633 25888 7824 1482 10681 6236 11461 
7216 12449 10084 10743 12532 11229 19906 25580 

23736 11633 30710 7824 1185 10681 3990 11461 
7216 9958 10084 8594 22025 11229 19906 22770 

-1 37 356 8 75 3 372 0 
7 72 0 16 -1 1100 184 34 

-1 37 15284 8 75 3 13630 13333 
7 72 0 16 7999 1100 12917 34 

-1 37 15284 8 75 3 25904 13333 
7 72 0 16 12399 1100 12917 34 

-2 -2 -2 -2 -2 -2 -2 -2 
-1 -1 -1 -1 -1 -1 -1 -1 

8443 644 1776 16278 6978 13196 -3 4997 
-1 6846 7038 8509 2456 5999 -1 5246 

8443 644 1776 16278 6978 13196 9997 4997 
5999 6846 7038 8509 2456 5999 -1 5246 

-5 -5 -5 -4 1635 -4 -5 -4 
1308 -1 -1 -1 -1 -1 -1 -1 

-6 -3 1634 -3 1791 1703 6662 3996 
1046 3998 4524 4094 -1 -1 -1 2046 

574 48 32 2178 745 2104 864 531 
209 468 2247 465 703 410 -1 702 

574 48 32 2178 745 2104 864 531 
209 468 2247 465 703 410 -1 702 

2219 25 7416 1732 2262 4183 538 334 
133 10374 15437 465 31649 1771 -1 702 

8919 25 7416 1732 10142 4183 8430 334 
133 18299 15437 371 33319 1771 5999 702 

7707 25 7416 1732 9542 4183 8430 334 
133 18639 15437 4296 33319 1771 4798 702 

159 92 227 1758 1053 648 277 292 
925 2022 682 2909 1522 664 44 4922 

159 5391 227 1758 1053 15518 277 292 
925 2022 6545 2909 1217 4531 44 4922 

159 17646 227 1758 1053 15518 277 292 
925 2022 6545 2909 1217 11624 44 4922 

159 20783 227 1758 1053 15518 277 292 
925 2022 6545 2909 1217 13299 44 4922 

1767 20783 180 1758 1053 15518 277 180 
472 2022 6545 2326 1217 13299 44 7937 

1767 20783 180 1758 1053 15518 277 180 
472 2022 6545 2326 1217 13299 44 7937 

-2 -2 -3 -2 -2 -2 -2 -2 
-1 -1 -1 -1 -1 -1 -1 -1 

-3 -4 -4 6 -2 -5 -3 -3 
-1 4 -1 -1 0 -1 -1 -1 

16504 5344 13533 6638 19090 6001 -3 5362 
2145 13530 24341 5077 3668 17642 15717 17722 

-2 -2 -2 -2 -2 -2 -2 -2 
-1 -1 -1 -1 -1 -1 -1 -1 

-3 -3 -2 -2 -4 -3 -3 -3 
-1 -1 -1 -1 -1 -1 -1 -1 

-6 -5 -8 -5 -7 -5 -6 -6 
-1 -1 -1 -1 -1 -1 -1 -1 

-6 -5 -8 -5 -7 4834 -6 -5 
-1 29999 -1 -1 -1 -1 -1 -1 

-6 -5 -8 -5 -7 3866 -6 -5 
-1 23998 -1 -1 -1 -1 -1 -1 

-6 -5 -8 -5 -7 7378 -6 -5 
-1 43198 -1 -1 -1 -1 -1 -1 

-6 -4 -8 -5 -7 9520 -5 8329 
-1 40558 -1 -1 7998 -1 -1 -1 

321 170 258 -4 -5 6211 -3 4550 
-1 14927 -1 2558 8866 7199 3198 3999 

-2 -2 -2 -3 -2 -2 -3 -2 
-1 -1 -1 -1 -1 -1 -1 -1 

-4 -3 -3 3408 -2 -4 -3 -4 
-1 -1 -1 -1 -1 3198 -1 -1 

-4 -2 -3 3408 -2 -4 -3 -4 
-1 -1 -1 -1 -1 3198 -1 -1 

19189 3151 3623 10947 7836 1607 7749 3553 
5870 17441 18558 10544 43258 4265 4171 8667 

15350 6520 3623 9443 7836 5028 7625 2271 
4695 17441 18558 9237 32484 3411 3336 10997 

15350 6520 3623 22554 7836 5028 7625 2271 
4695 17441 18558 13389 32484 3411 3336 10997 

15350 6520 3623 18042 7836 5028 7625 2271 
4695 17441 18558 10710 32484 3411 3336 10997 

15350 6520 3623 25544 7836 3217 6099 1816 
3755 17441 18558 28568 25986 3411 2668 8797 

15350 6520 3623 31863 7836 12573 4878 1452 
3755 17441 18558 38854 24788 3411 2134 7037 

4998 -2 -5 0 91 -2 -4 27 
-1 3208 -1 -1 0 -1 -1 91 

4998 -2 -5 0 23224 -2 -4 27 
-1 3208 7999 9999 0 -1 -1 91 

4998 -2 -5 0 33579 -2 -4 27 
-1 3208 12399 9999 0 -1 -1 91 

-2 -2 -2 -2 -2 -2 -2 -2 
-1 -1 -1 -1 -1 -1 -1 -1 

-2 2130 2556 -4 5117 23273 10696 2042 
-1 7166 2046 9247 -1 3999 1636 2558 

-2 2130 2556 -4 5117 23273 10696 11633 
-1 7166 2046 9247 5999 3999 1636 2558 

-7 140 82 -6 1785 2495 462 505 
427 613 217 735 327 217 173 138 

-7 1399 64 4262 6290 1596 12695 6116 
217 7450 173 1463 166 12697 69 4906 

364 152 443 490 107 336 18 179 
-1 557 912 742 43 1964 -1 3994 

364 152 443 490 107 20268 18 179 
-1 557 4729 742 43 1964 -1 3994 

55 28 1403 6702 4089 2478 -14 9 
-1 4084 632 6241 2631 2048 -1 1634 

55 28 10122 6702 4089 11982 -14 9 
-1 4084 632 6241 20104 2048 -1 17307 

55 28 10319 6702 4089 11403 9324 9 
-1 4084 632 8992 20083 5638 -1 17845 

-3 3 -4 -4 269 -3 -4 276 
173 -1 2046 -1 -1 0 -1 -1 

-3 5334 14996 -4 269 -3 -4 276 
138 3999 2046 -1 -1 0 -1 5999 

-3 19267 14996 -4 269 -3 -4 276 
138 9199 2046 -1 -1 0 -1 5999 

-3 30413 14996 -4 269 -3 -4 276 
138 13359 2046 -1 -1 0 -1 5999 

-3 19463 11996 -7 2033 -2 -4 1352 
110 10686 1308 -1 5759 0 -1 3070 

-3 19463 11996 -7 2033 -2 -4 1352 
110 10686 1308 -1 5759 0 -1 3070 

-2 -2 -2 -2 -2 -2 -2 -2 
-1 -1 -1 -1 -1 -1 -1 -1 

8014 -4 1460 6580 5481 -31 7094 8833 
7998 4798 4012 2456 -1 22399 12266 10757 

-2 -2 -2 -2 -2 -2 -2 0 
-1 -1 -1 -1 -1 -1 -1 13 

-4 -5 -4 -9 -9 -4 -5 -4 
-1 -1 -1 -1 -1 -1 -1 -1 

-3 -3 -2 -2 -2 -3 -2 -2 
-1 -1 -1 -1 -1 -1 -1 -1 

-2 -3 -2 4998 -2 -3 -2 -2 
-1 -1 27999 -1 -1 -1 -1 -1 

-2 -3 -2 3998 -2 -3 -2 -2 
-1 -1 22398 -1 -1 -1 -1 -1 

-2 -3 -2 7484 -2 -3 -2 -2 
-1 -1 41918 -1 -1 -1 -1 -1 

-2 -3 -2 13987 -2 -2 -2 -2 
-1 -1 41534 -1 -1 -1 -1 -1 

-2 515 -2 7100 -33 -2 51 -2 
-1 2558 26581 7199 2558 -1 -1 -1 

-2 -2 -2 -2 90 -2 -2 -2 
-1 -1 -1 88 -1 -1 -1 -1 

-4 -3 -2 -4 -4 -4 690 1056 
-1 -1 9 1046 21 -1 -1 272 

-4 -3 -2 -4 -4 -4 690 844 
-1 -1 9 1046 21 -1 -1 272 

7871 9999 4504 18923 4202 5963 12485 2565 
3541 13326 20058 24887 19855 5293 17514 14504 

3220 7998 13603 15860 9075 4769 9987 2565 
1812 13326 16046 24887 23884 3386 17208 18882 

17576 7998 13603 15860 9075 4769 9987 2565 
1812 13326 16046 24887 23884 3386 19766 18882 

14060 7998 13603 15860 9075 4769 9987 2565 
1812 13326 16046 24887 23884 3386 15812 18882 

22359 7998 13603 12687 9075 3051 9987 2051 
1449 8527 12836 24887 23884 3386 32649 18882 

27887 7998 13603 12687 9075 2440 9987 1640 
1158 6821 12836 24887 23884 3386 42119 18882 

-3 -4 68 -3 -4 -4 -5 -4 
-1 142 -1 0 -1 -1 -1 -1 

-3 -4 54 13330 -4 9996 14996 -4 
-1 8090 -1 0 -1 -1 -1 15599 

-3 -4 54 13330 -4 22996 14996 -4 
-1 8090 -1 0 -1 -1 -1 18479 

2045 -3 32 5458 -4 8585 11940 4910 
-1 9408 -1 0 -1 2558 -1 6170 

2045 -3 32 5458 -4 8585 9551 4910 
-1 9408 -1 0 -1 2558 -1 6170 

84 1765 -4 728 -7 1389 329 520 
-1 515 -1 70 386 341 -1 1033 

6719 7242 -3 6371 1430 885 3155 2419 
-1 2099 3198 34 2659 7182 6046 337 

1582 138 213 193 154 43 347 19 
-1 2823 861 353 258 555 1127 1656 

1582 138 213 193 154 20034 347 19 
-1 6258 861 353 258 555 1127 1656 

7199 98 1198 151 78 6532 908 19 
-1 5006 550 5402 4164 28444 720 1059 

19940 98 957 151 10062 6532 726 19 
-1 16004 550 4321 13331 36755 720 846 

17128 98 765 151 12049 6532 726 19 
-1 16803 550 3456 13331 33404 720 846 

-2 -2 -2 -2 -2 -2 -2 -2 
-1 -1 -1 -1 -1 -1 -1 -1 

-2 -2 14998 -2 -2 9998 -2 -2 
-1 -1 5999 -1 -1 -1 -1 5999 

-2 -2 14998 -2 -2 22998 -2 -2 
-1 -1 5999 -1 -1 -1 -1 10799 

-2 -2 31998 -2 -2 25671 -2 -2 
-1 -1 8799 -1 -1 -1 -1 24639 

-2 1226 25597 2855 -2 20532 -2 -2 
-1 -1 7038 3999 -1 -1 3999 15768 

-2 1226 25597 22284 -2 20532 -2 -2 
-1 -1 7038 7199 -1 -1 3999 15768 

-2 -2 -2 -2 -3 -2 -2 -2 
-1 -1 -1 -1 -1 -1 -1 -1 

683 -3 -4 -3 -3 -2 -3 -4 
-1 -1 110 -1 -1 -1 -1 -1 

17739 5294 4890 6128 9524 2557 -3 3770 
4748 26129 8327 16120 10173 -1 6109 7781 

-2 -2 -2 -2 -2 -2 -2 -2 
-1 -1 -1 -1 -1 -1 -1 -1 

-5 -5 -4 -6 -4 -3 -12 -4 
-1 -1 -1 -1 -1 -1 -1 -1 

-2 -2 -3 -3 -3 -2 -2 -3 
-1 -1 -1 -1 -1 -1 -1 -1 

-2 -2 -3 5997 -3 -2 6665 -3 
-1 -1 -1 43999 -1 -1 -1 -1 

-2 -2 -3 5997 -3 -2 5331 -3 
-1 -1 -1 35198 -1 -1 -1 -1 

-2 -2 -3 5997 -3 -2 10336 -3 
-1 -1 -1 62158 -1 -1 -1 -1 

-2 -2 -3 4796 -3 -2 8266 -3 
-1 -1 -1 39780 -1 -1 -1 -1 

-2 -2 -2 3068 146 115 4362 -2 
-1 -1 -1 20366 -1 2046 5246 -1 

-2 -3 -2 -2 -3 -2 -2 -2 
-1 -1 -1 -1 -1 -1 -1 -1 

667 -2 -3 -4 -7 -5 -4 -3 
-1 -1 669 -1 -1 -1 -1 -1 

667 -2 -2 -4 -7 -5 -4 -3 
-1 -1 669 -1 -1 -1 -1 -1 

21089 8274 8622 14576 10981 13431 21296 8758 
31580 14734 31375 2142 12012 33774 543 27831 

16870 11923 6897 9327 10981 10744 10790 9604 
20008 9429 16063 7770 12012 24814 7133 22611 

16870 11923 6897 9327 10981 10744 21965 9604 
20008 9429 16063 7770 12012 24814 13706 22611 

16870 11923 6897 9327 10981 10744 17571 9604 
20008 9429 16063 7770 12012 24814 10964 22611 

16870 9538 6897 9327 10981 10744 15977 9604 
16006 9429 16063 7770 12012 19850 32771 18088 

16870 7630 6897 9327 10981 10744 14579 9604 
12804 9429 16063 7770 12012 15879 40216 14470 

2818 117 -2 3 -3 48 -2 -4 
-1 0 669 17 13 10 3 502 

14254 117 -2 3 -3 48 -2 -4 
-1 0 669 17 13 10 3 12401 

24736 117 -2 3 -3 48 -2 -4 
-1 0 669 17 13 10 3 17920 

5210 10046 8322 2855 -2 2412 8370 3068 
6475 10799 7374 4006 4 5763 -1 8430 

5210 10046 8322 22284 -2 2412 8370 3068 
6475 10799 7374 4006 4 5763 -1 10744 

440 545 340 972 3194 784 451 163 
1356 740 1544 449 262 771 -1 470 

141 9261 136 621 3091 12351 4472 163 
4693 3578 3120 5725 1378 492 4798 6079 

5565 413 543 1052 317 308 1289 1585 
2163 5364 5206 1575 3790 2810 41 3829 

5565 413 543 1052 317 308 1289 1585 
2163 5364 5206 1575 3790 2810 41 3829 

3993 255 326 3824 317 5401 1508 1254 
2163 31146 2664 5260 1551 11398 41 3062 

3993 255 11927 3824 317 5401 1205 8780 
15730 31146 2664 18208 1551 11398 32 3062 

3993 255 12874 3824 317 5401 2782 10357 
16584 31146 2664 18566 1551 11398 4025 3062 

-2 -2 -2 -2 -2 -2 -2 -2 
-1 -1 -1 -1 -1 -1 -1 -1 

14998 -2 -2 -2 -2 -2 -2 6665 
-1 9199 -1 -1 -1 -1 -1 -1 

14998 -2 -2 -2 -2 -2 -2 20332 
-1 13359 -1 -1 -1 -1 -1 -1 

14998 -2 -2 -2 -2 -2 -2 26265 
-1 16687 -1 -1 -1 -1 -1 -1 

14998 3331 -2 1450 -2 -4 -2 22440 
-1 13349 7199 -1 -1 -1 3999 -1 

14998 3331 -2 1450 9998 -4 -2 22440 
-1 14679 7199 -1 -1 -1 3999 -1 

-3 0 -2 -2 -2 -2 -2 -2 
-1 -1 0 -1 -1 -1 -1 -1 

-8 2852 -3 -4 -6 -4 -5 -5 
-1 3998 -1 -1 -1 -1 -1 -1 

11592 1824 -2 7557 2395 8426 -3 11410 
5999 6046 11999 23058 -1 5656 3998 -1 

-2 -2 -2 -2 -2 -2 -2 -2 
-1 -1 -1 -1 -1 -1 -1 -1 

-2 -4 -4 -3 -3 -5 -4 -2 
-1 -1 -1 -1 -1 -1 -1 -1 

-2 -3 -2 -2 -2 -3 -2 -3 
-1 -1 -1 -1 -1 -1 -1 -1 

-2 5382 -2 -2 -2 4497 -2 -3 
-1 -1 -1 -1 -1 40399 -1 -1 

-2 4305 -2 -2 -2 4497 -2 -3 
-1 -1 -1 -1 -1 32318 -1 -1 

-2 9213 -2 -2 -2 16930 -2 -3 
-1 -1 -1 -1 -1 52683 -1 -1 

-2 5895 -2 -2 11665 16930 -2 -2 
-1 -1 -1 -1 -1 26972 -1 11198 

-2 3130 -2 -2 9526 16930 129 -2 
-1 -1 -1 -1 -1 15655 -1 8292 

-2 -2 -2 -2 -2 21 -2 -2 
-1 -1 -1 -1 -1 -1 2 -1 

-3 -4 -3 -4 361 -4 -3 -4 
-1 1636 -1 -1 -1 -1 -1 -1 

-3 -4 -3 -4 361 -4 -3 -4 
-1 1636 -1 -1 -1 -1 -1 -1 

14691 1637 4389 7426 2138 6642 11384 741 
4925 1741 28729 3243 17034 4608 25663 10416 

9400 1308 10308 7426 10994 5313 13107 592 
2016 19514 27586 3243 13626 2948 20530 10416 

9400 1308 10308 7426 23795 5313 13107 592 
2016 21611 27586 3243 13626 2948 20530 10416 

9400 1308 10308 7426 19035 5313 13107 592 
2016 17288 27586 3243 13626 2948 20530 10416 

7519 1308 8246 7426 20182 4250 13107 592 
1612 27830 27586 3243 10900 2358 16423 10416 

16015 1308 6596 7426 26145 3399 13107 592 
1289 30264 27586 3243 8719 2358 25138 10416 

16015 1308 6596 7426 26145 3399 30721 592 
1289 38211 27586 3243 14975 2358 25138 10416 

16015 1308 6596 7426 26145 3399 37910 592 
1289 38211 27586 3243 19980 2358 25138 10416 

-3 5116 0 7 647 -4 -2 -2 
-1 754 4 4010 -1 -1 -1 71 

10901 3629 1825 0 2996 3330 2044 -3 
5118 307 4802 1641 4798 3198 2558 7083 

10901 3629 1825 0 2996 3330 11635 -3 
5118 307 4802 1641 7838 3198 2558 7083 

593 121 73 -3 2372 223 768 -5 
223 39 53 711 839 228 272 387 

5378 6518 27 1165 773 7005 2758 -3 
142 6667 7308 290 218 7274 1726 10621 

3107 2766 5563 1947 4083 8958 5572 3 
8593 13526 7476 3200 12259 7342 2047 10768 

3107 2766 5563 1947 4083 8958 5572 3 
8593 13526 7476 3200 12259 7342 2047 10768 

5 343 1777 388 1652 910 7206 675 
920 4436 308 4669 3617 204 1180 1286 

5 8274 1777 10247 1652 8728 7206 675 
920 4436 308 17735 15114 204 8944 1286 

5 9476 1777 29224 1652 8410 7206 675 
920 4436 308 18188 18872 204 11155 1286 

-2 -2 -2 -2 -2 -2 -2 -2 
-1 -1 -1 -1 -1 -1 -1 -1 

-2 -2 -2 -2 -2 9998 -2 9998 
-1 5999 -1 -1 -1 -1 3999 -1 

-2 -2 -2 -2 -2 21331 -2 9998 
-1 12799 -1 -1 -1 -1 3999 -1 

-2 -2 -2 -2 -2 32064 -2 9998 
-1 16239 -1 -1 -1 -1 3999 -1 

-2 -3 -2 -6 722 25647 797 5113 
-1 5319 2558 -1 -1 3198 2046 -1 

9998 -3 -2 -6 722 25647 797 5113 
3999 5319 2558 -1 -1 3198 2046 -1 

-2 -2 -2 -2 -2 -2 -2 -2 
-1 -1 -1 -1 -1 -1 -1 -1 

17 -4 -5 -4 -5 -4 -7 -5 
-1 -1 -1 -1 -1 -1 -1 88 

12582 8320 -3 3197 10244 3363 4566 -53 
11119 -1 -1 1636 13438 9999 23039 23893 

-2 -2 -2 -2 -2 -2 -2 -2 
-1 -1 -1 -1 -1 -1 -1 -1 

-4 -2 -4 -4 -3 -2 -2 -3 
-1 -1 -1 -1 -1 -1 -1 -1 

-4 -5 -9 -5 -3 -7 -4 -5 
-1 -1 -1 -1 -1 -1 -1 -1 

-4 -5 -9 -5 -3 4056 -4 -4 
-1 -1 -1 -1 -1 25999 -1 -1 

-4 -5 -9 -5 -3 4056 -3 -4 
-1 -1 -1 -1 -1 25999 -1 -1 

-4 -5 -9 -5 -3 4056 5170 -4 
-1 -1 -1 -1 -1 25999 -1 29999 

-4 -5 -7 -5 12740 4056 7879 -4 
-1 -1 -1 4798 -1 30799 -1 31999 

396 -90 -5 -38 3278 3244 5194 -84 
-1 -1 -1 3070 -1 14091 -1 18942 

-2 -2 -2 -2 -2 -2 -2 -2 
-1 -1 -1 -1 -1 -1 -1 -1 

71 -4 8042 -3 -4 -3 12 13 
24 51 21 -1 1308 -1 -1 217 

71 -4 8042 -3 -4 -2 12 13 
24 51 16 -1 1308 -1 -1 217 

7063 15412 5447 17325 14852 13676 13148 13144 
20294 26418 33612 25297 19720 17332 358 47208 

13150 13222 14357 13859 11880 9858 8413 13144 
18710 16906 31111 25297 19720 15892 228 37766 

13150 13222 26485 13859 11880 9858 8413 13144 
18710 16906 30888 25297 19720 15892 228 37766 

13150 13222 21187 13859 11880 9858 8413 13144 
18710 16906 24710 25297 19720 15892 228 37766 

13150 13222 28199 13859 9503 9858 8413 10514 
18710 16906 37768 25297 19720 15892 228 24169 

20520 13222 35059 13859 27602 7886 8413 21744 
18710 13524 40214 25297 19720 15892 10182 25868 

12 -3 107 2182 5000 22 23 384 
3199 3214 8 33 13 25 -1 92 

12 -3 107 2182 5000 11684 23 384 
3199 3214 8 33 13 25 -1 14073 

12 -3 107 2182 5000 16013 23 384 
3199 3214 8 33 13 25 -1 15258 

-2 -2 -2 -2 -2 -2 -2 -2 
-1 -1 -1 -1 -1 -1 -1 -1 

-3 -4 555 6662 8187 -3 -2 9263 
-1 2558 6047 2558 5118 -1 -1 5246 

-3 19996 555 6662 8187 -3 -2 9263 
-1 2558 6047 2558 5118 -1 3999 5246 

-6 557 687 4433 698 833 -5 500 
534 710 809 70 547 -1 568 702 

9996 2337 437 11268 224 5421 2044 11730 
272 9163 210 27 8648 5246 2745 4182 

5 309 202 293 569 1401 748 683 
135 2325 1620 3845 1014 749 427 1813 

5 309 202 293 569 1401 748 683 
135 2325 1620 3845 1014 749 427 1813 

-31 -1 1808 573 25 4862 8 901 
20 8814 1935 643 2390 4803 55 49 

9975 -1 25157 573 25 17222 8 901 
8016 13051 1935 12514 2390 17842 55 38 

9975 -1 25157 458 25 18777 1182 901 
8016 13051 5548 12514 1911 17842 4044 38 

14646 -1 25157 458 10020 15021 1182 901 
8016 13051 5548 12514 1911 14618 7235 38 

25050 -1 25157 458 10020 15021 1182 901 
8016 13051 5548 12514 1911 14618 13788 38 

26706 -1 25157 458 10020 15021 1182 901 
8016 18440 5548 12514 1911 14618 13788 38 

21360 -1 25157 458 8410 15021 944 720 
8016 14751 5548 12008 1911 14618 11030 30 

21360 -1 25157 458 8410 24516 944 720 
8016 14751 5548 12008 11528 14618 11030 30 

-2 -2 -2 -3 -2 -2 -2 -2 
-1 -1 -1 -1 -1 -1 -1 -1 

-7 -4 16 -3 -7 -5 -4 -4 
-1 -1 -1 -1 21 2 -1 -1 

8801 14900 16 526 2554 14728 4464 6791 
34046 7998 18559 11262 12296 18000 3998 13884 

-2 -2 -2 -2 -2 -2 -2 -2 
-1 -1 -1 -1 -1 -1 -1 -1 

-2 -2 4093 5 -3 -2 -3 -2 
-1 3210 -1 -1 -1 -1 -1 -1 

-4 -7 -2 -10 -5 -7 -5 -10 
-1 -1 -1 -1 -1 -1 -1 -1 

-4 -7 -2 -8 -5 -7 4638 -10 
-1 -1 -1 -1 -1 -1 -1 25999 

-4 -7 -2 -8 -5 -7 3710 -10 
-1 -1 -1 -1 -1 -1 -1 20798 

-4 -7 14998 4993 -5 -7 3710 -10 
-1 -1 31599 -1 -1 -1 -1 20798 

-4 -6 17598 8528 -5 -6 2967 -10 
-1 -1 28658 -1 -1 -1 -1 20798 

140 88 5873 5994 -3 -2 1027 -6 
2558 669 16985 2046 -1 7199 -1 10647 

-2 -2 -2 -2 -2 -2 -2 -2 
-1 -1 -1 -1 -1 -1 -1 -1 

-2 -2 -2 -2 -2 -2 -2 -2 
-1 -1 -1 -1 -1 -1 -1 -1 

-2 -2 -2 -2 -2 -2 -2 -2 
-1 -1 -1 -1 -1 -1 -1 -1 

10783 7749 24402 6566 10678 9778 10519 10082 
14455 23968 15743 11738 12830 24030 10142 19557 

8624 3964 23615 6566 12833 12922 8414 10451 
12200 24939 12594 8569 12830 19223 6490 19645 

8624 3964 23615 6566 12833 22837 8414 10451 
12200 24939 12594 8569 20264 19223 6490 19645 

8624 3964 23615 6566 12833 18269 8414 10451 
12200 24939 12594 8569 16210 19223 6490 19645 

8624 2536 18891 6566 12833 24615 6730 10451 
12200 19950 10074 6854 28968 19223 6490 15715 

8624 1622 18891 6566 12833 29692 18717 10451 
12200 19950 8058 5482 41174 19223 6490 20572 

57 2 787 4 -2 8 2555 49 
837 10 1359 175 18 6 150 2057 

57 12501 20629 4 9998 8 2555 49 
837 10 1359 10140 18 6 150 12516 

57 23334 20629 4 9998 8 2555 49 
837 10 1359 16112 18 6 150 12516 

270 -4 9995 2 -4 -4 -4 644 
3998 341 5 625 -1 0 -1 -1 

41 13010 10996 -3 14197 3995 7557 12778 
7664 9848 2620 254 -1 7071 11884 8799 

41 13010 10996 -3 14197 3995 7557 30222 
10131 9848 2620 254 -1 7071 11884 8799 

-4 568 597 -5 2106 423 513 2070 
718 344 437 15 -1 605 814 1179 

-5 8289 5632 -3 2688 170 204 11323 
366 175 4311 4101 -1 3397 415 3379 

718 10124 3630 4179 8025 2109 -3 791 
71 13282 8007 9294 11046 3263 5246 1673 

718 10124 3630 4179 8025 2109 -3 791 
71 13282 8007 9294 11046 3263 5246 1673 

566 4140 2433 3338 2850 4071 -14 385 
27 4350 5326 9806 11046 11717 4196 1070 

10452 4140 2433 3338 8490 4071 7988 385 
21 4350 5326 9806 18836 11717 11356 10856 

10361 4140 2433 3338 9649 4071 10390 385 
4016 4350 5326 9806 18836 11717 13084 16684 

10361 3311 2433 3338 9649 18256 14978 385 
7369 4350 8260 9806 18836 11717 13084 16684 

10361 3311 2433 3338 9649 18256 26982 385 
7369 4350 12608 9806 18836 11717 13084 16684 

10361 3311 2433 3338 9649 18256 31585 385 
7369 4350 20086 9806 18836 11717 13084 16684 

10361 2648 2433 3338 9649 14604 27268 385 
4715 4350 20068 9806 18836 11717 13084 16684 

10361 2648 2433 3338 9649 14604 36814 385 
4715 4350 20068 9806 21068 11717 13084 16684 

-2 -2 -2 -2 -2 -2 -2 -3 
-1 -1 -1 -1 -1 -1 -1 -1 

-3 -4 -4 229 -3 -4 -3 -5 
-1 13 -1 -1 -1 -1 -1 -1 

7775 9997 5997 182 4797 6126 3997 2282 
24878 12408 -1 3838 5758 -1 -1 -1 

-2 -2 -2 -2 -2 -2 -2 -2 
-1 -1 -1 -1 -1 -1 -1 -1 

-2 -2 -2 -2 -2 -2 -3 -2 
-1 -1 -1 -1 -1 -1 -1 -1 

-5 -4 -4 -7 -4 -5 -8 -9 
-1 -1 -1 -1 -1 -1 -1 -1 

-5 -4 -4 -7 -4 -4 4681 -9 
-1 -1 29999 -1 -1 -1 -1 -1 

-5 -3 -4 -7 -4 -4 4681 -9 
-1 -1 29999 -1 -1 -1 -1 -1 

-5 3197 -4 -7 -4 13330 4681 -9 
-1 -1 29999 -1 -1 15999 -1 7999 

-5 2557 -4 5328 -3 13330 4681 -7 
-1 -1 29999 -1 9598 15999 -1 6398 

77 1046 695 2268 126 3069 3120 192 
7807 -1 12860 2046 14674 13850 1636 3314 

-2 -2 -2 -3 147 -2 -2 -3 
-1 -1 -1 -1 -1 -1 -1 110 

42 -2 -4 -3 -5 4262 2 -2 
-1 0 -1 1 -1 0 -1 2053 

42 -2 -4 -3 -5 4262 2 -2 
-1 0 -1 1 -1 0 -1 2053 

15269 17420 14284 14640 24295 6683 14829 29132 
3095 20098 16251 17536 21090 39681 16737 18569 

15816 13717 11424 11711 24295 5346 12689 23977 
3095 16062 16251 14028 22872 20315 13688 13346 

15816 13717 11424 11711 24295 5346 12689 29181 
3095 16062 16251 14028 22872 20315 20950 13346 

15816 13717 9138 11711 24295 5346 12689 29181 
3095 16062 16251 14028 22872 20315 20950 10676 

15816 13717 18560 11711 19435 5346 12689 23344 
2475 16062 16251 14028 22872 20315 16759 26540 

22652 20973 24848 11711 23048 5346 12689 28675 
7980 16062 16251 14028 22872 20315 20900 29232 

-4 200 245 3 10 73 512 -1 
-1 46 117 1644 32 1310 0 11 

-4 200 36092 3 10 73 512 12499 
11199 46 10093 1644 32 1310 0 10008 

-4 200 36092 3 10 73 512 19999 
11199 46 14074 1644 32 1310 0 10008 

-2 -2 -2 -2 -2 -2 -2 -2 
-1 -1 -1 -1 -1 -1 -1 -1 

-6 3752 3997 -2 -3 3056 -3 6664 
-1 9245 -1 -1 2619 3998 2046 -1 

14995 3752 3997 -2 -3 3056 -3 6664 
-1 9245 -1 5999 2619 3998 2046 -1 

654 18 1279 -7 509 919 -5 859 
-1 506 1256 691 1020 473 534 -1 

2330 4008 265 -5 509 1876 5329 4515 
-1 2770 7681 352 652 2713 173 3198 

144 9 576 85 732 34 848 40 
534 4043 1318 675 1922 97 836 2222 

144 9 576 85 732 20027 848 40 
534 4043 1318 675 5537 97 836 2222 

81 4315 2372 85 455 5225 2532 1785 
4174 9335 1054 3631 15394 17118 427 1421 

81 4315 2372 10068 8697 5225 9620 1785 
11339 9335 1054 3631 12314 23694 10341 1421 

81 4315 2372 10068 8957 5225 13490 1785 
15071 9335 1054 3631 13851 24955 10341 1421 

81 10118 2372 18054 27165 5225 13490 1785 
15071 11468 4843 3631 13851 23964 10341 1421 

81 21427 2372 18054 27165 5225 13490 1785 
15071 11468 11874 3631 13851 23964 10341 1421 

81 29641 2372 18054 27165 5225 13490 1785 
15071 11468 19499 3631 13851 23964 10341 1421 

81 23709 1896 14440 21730 5430 10791 1785 
15071 9174 15598 3631 13851 15468 8272 1421 

81 23709 21516 14440 21730 5430 10791 1785 
15071 11339 15598 3631 13851 15468 8272 1421 

-3 -4 453 -3 870 520 -5 -4 
-1 -1 -1 -1 341 669 -1 427 

-2 -3 -2 -2 -3 -2 -2 -3 
-1 -1 -1 -1 -1 -1 -1 -1 

6141 7607 16763 15979 3526 3705 17071 3286 
-1 2046 10277 32993 2046 17242 17176 11839 

-2 -2 -2 -2 -2 -2 -2 -2 
-1 -1 -1 -1 -1 -1 -1 -1 

-2 -2 -3 -3 -3 -3 -2 -2 
-1 -1 -1 -1 -1 -1 -1 -1 

-6 -4 -4 -4 -9 -7 -4 -6 
-1 -1 -1 -1 -1 -1 -1 -1 

-6 -4 -4 7269 -9 -7 7496 4810 
25999 -1 -1 15999 -1 -1 5999 -1 

-6 -4 -4 7269 -9 -7 7496 3847 
20798 -1 -1 15999 -1 -1 5999 -1 

-6 -4 -4 19148 -9 -7 7496 6277 
32638 -1 -1 20799 -1 -1 5999 -1 

-6 -4 -4 15317 -9 -7 5996 10021 
30110 -1 -1 16638 -1 -1 4798 -1 

107 -3 244 12253 -9 -5 3200 4103 
22470 2558 -1 16638 -1 -1 6270 1309 

-2 -2 -2 -2 -2 -2 -2 -2 
-1 -1 -1 -1 -1 -1 -1 -1 

-2 -2 -2 -2 -2 -2 -2 -2 
-1 -1 -1 -1 -1 -1 -1 -1 

-2 -2 -2 -2 -2 -2 -2 -2 
-1 -1 -1 -1 -1 -1 -1 -1 

20636 12603 4201 8749 1543 5157 19774 1881 
12107 15470 3153 14630 4758 23707 3767 4884 

24352 6450 4650 8749 1234 4125 8097 4403 
9685 12345 3153 10599 3806 18965 2410 7299 

34481 6450 4650 8749 1234 4125 8097 4403 
9685 15876 3153 10599 3806 18965 2410 7299 

27584 6450 4650 8749 1234 4125 8097 4403 
9685 12700 3153 10599 3806 18965 2410 7299 

25653 6450 4650 8749 1234 4125 8097 3522 
9685 30160 3153 6782 3806 18965 2410 7299 

24417 6450 4650 8749 1234 4125 8097 3522 
9685 38128 3153 5425 3806 18965 2410 7299 

42 26 -1 -2 -2 7 216 179 
-1 12 274 36 -1 -1 -1 755 

42 26 -1 -2 11248 7 216 179 
-1 12 274 36 -1 -1 -1 18604 

42 26 -1 -2 18998 7 216 179 
-1 12 274 36 -1 -1 -1 22883 

-4 -4 -3 -5 3196 -4 20 -4 
-1 55 -1 1046 -1 -1 -1 -1 

1113 9353 7198 -4 3711 -6 6028 10555 
3999 3210 -1 1856 3724 6147 -1 5917 

1113 22482 7198 -4 3711 -6 6028 10555 
3999 3210 -1 1856 3724 10917 -1 5917 

23 431 960 555 393 -5 817 595 
217 273 -1 309 698 2537 -1 83 

4102 5139 390 5261 312 4152 331 8303 
87 7824 3504 3325 4181 3858 -1 32 

56 120 138 113 23 770 109 208 
-1 3011 150 949 72 2256 -1 1425 

56 120 138 113 23 20616 109 208 
-1 3011 150 949 72 2256 3999 1425 

6122 120 138 54 9 13184 1001 208 
3999 25926 150 606 4036 1443 3999 1425 

16897 120 110 54 9 18880 1001 10166 
3999 20740 150 12484 4036 11154 3999 7140 

16897 120 2310 54 9 17104 1001 8132 
3999 20592 150 12484 4036 14923 3999 5711 

23517 6762 1847 54 9 17104 1001 8132 
3999 20592 150 12484 7228 14923 3999 6854 

23517 20409 1847 54 9 17104 1001 8132 
3999 20592 150 12484 7228 14923 3999 11483 

23517 29660 1847 54 9 17104 1001 8132 
3999 20592 8120 12484 7228 14923 3999 11483 

18810 23724 3016 40 9 15016 1001 8132 
3198 20592 11357 12484 7228 11938 3999 11483 

18810 23724 12412 40 9 15016 1001 8132 
3198 20592 11357 12484 7228 11938 9199 11483 

-3 -5 -4 -4 -6 -3 -3 229 
-1 -1 -1 836 327 -1 -1 -1 

-2 -2 -2 -2 -2 -2 -2 -3 
-1 -1 -1 -1 -1 -1 -1 -1 

9067 35248 18123 3424 8643 11651 1998 16013 
-1 17342 10205 21164 4456 13420 12849 21904 

-3 271 -2 -3 -3 -3 117 6397 
55 88 2558 -1 -1 -1 -1 -1 

-2 -2 -2 -2 -2 -2 -3 -2 
-1 -1 -1 -1 -1 -1 -1 -1 

-5 -4 -7 -5 -4 -7 -3 -9 
-1 -1 -1 -1 -1 -1 -1 -1 

-2 -2 -2 -2 -2 -2 -2 -2 
-1 -1 -1 -1 -1 -1 -1 -1 

-2 -2 5553 -2 7498 -2 8233 4284 
19999 -1 32799 -1 -1 -1 -1 5999 

-2 -2 5553 -2 7498 -2 8233 3426 
19999 -1 32799 -1 -1 -1 -1 4798 

-2 -2 5553 -2 7498 13331 8233 5940 
19999 -1 32799 -1 -1 -1 -1 23870 

-2 -2 5553 -2 4797 8530 8233 13640 
19999 -1 26238 -1 -1 -1 -1 28076 

138 305 4002 120 2371 3062 4214 4501 
15998 6245 12283 -1 3685 1636 6245 9274 

-2 -2 -2 -2 -2 -2 -3 -3 
-1 -1 -1 -1 -1 -1 -1 -1 

-5 -3 29 146 -3 33 -5 -4 
-1 -1 27 -1 166 71 -1 -1 

-5 -3 22 146 -3 33 -5 -4 
-1 -1 27 -1 166 71 -1 -1 

9022 14537 8581 12331 15719 19502 18959 7328 
16729 17880 14019 4693 15597 8730 27914 22436 

4615 9302 8581 15698 12574 12479 18533 7328 
16729 17880 14019 11362 9981 6983 14290 20758 

4615 9302 8581 15698 12574 12479 29826 7328 
16729 17880 14019 11362 9981 6983 14290 22606 

4615 9302 8581 15698 12574 12479 23860 7328 
16729 17880 14019 11362 9981 6983 14290 18084 

4615 5952 8581 12558 10058 12479 29088 7328 
16729 17880 14019 7270 7984 5586 14290 30467 

4615 4761 8581 12558 18046 21649 29088 19195 
16729 17880 15215 11052 7984 18468 14290 30467 

0 1 10 -3 485 0 1374 145 
-1 148 57 810 22 68 2 31 

0 10000 10 -3 485 13333 14432 145 
3999 148 57 8648 22 68 8001 31 

0 10000 10 -3 485 13333 11545 145 
3999 148 57 8648 22 54 8001 31 

-4 -5 -4 -3 -3 115 -4 -5 
-1 -1 12 1 -1 -1 -1 2 

-4 2555 11045 1254 8997 6444 849 -5 
-1 4677 4099 -1 3070 4258 2046 6048 

-4 22044 11045 1254 8997 6444 849 -5 
3999 4677 4099 -1 3070 4258 2046 6048 

-6 615 242 100 1881 352 85 474 
448 203 142 427 209 363 138 647 

8902 490 94 62 1202 5734 16018 96 
3217 5223 2631 3374 2115 59 87 13614 

1242 1207 1035 3568 927 698 554 1654 
2308 3359 3724 2827 8281 4247 1159 13864 

1242 1207 1035 3568 927 698 20443 1654 
5846 3359 3724 2827 8281 4247 1159 13864 

986 4191 819 1806 583 2177 9532 733 
23472 2686 1524 1156 13299 2173 473 10582 

986 13352 819 1154 6021 2177 17625 733 
23472 11718 1524 4924 13299 2173 378 18465 

986 13352 819 7138 6959 2177 17433 733 
23472 15374 1524 7939 13299 2173 4302 20772 

986 13352 8155 7138 6959 11741 13946 733 
23472 15374 1524 12351 14639 2173 4302 16617 

986 13352 16524 7138 6959 11741 13946 733 
23472 15374 1524 17880 14639 2173 4302 16617 

986 13352 19219 7138 6959 29392 13946 733 
23472 15374 1524 26304 15711 2173 4302 16617 

986 13352 19219 7138 6959 29392 13946 733 
23472 15374 1524 26304 15711 2173 4302 16617 

2217 13352 6976 4566 4450 23510 7136 582 
18777 15374 974 16026 12568 5112 2752 8506 

4559 5466 6258 10920 3212 16450 9988 4797 
9612 25838 11790 5250 6677 33336 6797 15483 

-2 -2 -3 -3 -4 -2 -2 -2 
-1 -1 -1 -1 -1 -1 -1 -1 

-2 -3 -2 -2 -2 -2 -2 -2 
-1 -1 -1 -1 -1 -1 -1 -1 

-2 -2 -2 -2 -2 -2 -2 -2 
-1 -1 -1 -1 -1 -1 -1 -1 

-8 -4 -8 -6 -5 -5 -3 -7 
-1 -1 -1 -1 -1 -1 -1 -1 

-6 -4 -8 -6 -5 5765 -3 -7 
-1 29999 -1 -1 -1 -1 -1 -1 

-6 -4 -8 -6 -5 4611 -3 -7 
-1 29999 -1 -1 -1 -1 -1 -1 

-6 -4 -8 -6 -5 8906 -3 -7 
-1 29999 -1 -1 -1 -1 -1 23999 

-6 -4 -6 -6 -4 15031 -3 -7 
-1 29999 -1 -1 -1 -1 -1 21246 

-4 424 263 -5 42 3688 -2 -5 
-1 14846 2558 6147 -1 3198 7199 6878 

-2 -2 -2 -2 -2 -2 -2 -2 
-1 -1 -1 -1 -1 -1 -1 -1 

-3 -3 -4 576 87 0 -3 -3 
-1 -1 272 10 5 142 -1 -1 

-3 -3 -4 460 87 0 -3 -3 
-1 -1 272 10 5 142 -1 -1 

8006 23516 16515 12536 14884 8060 7682 9609 
17908 12612 16099 18606 9560 15111 16663 12988 

6403 18811 8453 15028 11906 8060 18014 9609 
14326 10089 16099 18606 6117 17670 14664 19511 

6403 18811 8453 15028 11906 8060 29411 9609 
14326 10089 16099 18606 6117 20136 14664 19511 

6403 18811 8453 15028 11906 8060 23528 9609 
14326 10089 16099 18606 6117 16108 14664 19511 

6403 18811 5409 15028 11906 8060 18445 9609 
11460 10089 16099 18606 4893 26886 11730 15608 

6403 18811 3461 15028 11906 8060 19804 9609 
9167 10089 16099 18606 3914 35508 9383 15608 

3 4 0 3 -3 0 2045 0 
-1 5 2 6 2051 3 -1 6 

3 4 0 13335 -3 10000 14969 0 
-1 5 2 6 2051 3 17919 6 

3 4 0 13335 -3 10000 31975 0 
-1 5 2 6 2051 3 18335 6 

-1 1363 6665 6003 4996 7617 15761 -3 
-1 4272 5247 4801 1311 6001 6006 2 

-1 1363 6665 6003 4996 7617 15761 -3 
-1 4272 4197 4801 1311 6001 6006 2 

-6 428 708 204 2043 208 435 -4 
-1 456 658 328 55 328 328 -1 

2390 2915 4646 3280 834 13819 220 5391 
-1 7059 6214 7306 4044 4229 2563 3999 

1153 463 2241 1461 528 1037 50 2962 
-1 6338 6343 1642 1382 7247 4765 11599 

1153 20370 2241 1461 528 1037 50 2962 
-1 6338 6343 1642 1382 9797 4765 11599 

1486 1070 162 362 4292 72 480 885 
-1 4343 112 3550 5670 3236 1927 1944 

1486 8356 162 362 23080 72 480 707 
-1 11474 89 8840 5670 3236 1927 7555 

1486 13351 162 362 19892 72 480 3422 
-1 13179 4071 11072 5670 3236 1927 7555 

-2 -3 -3 -2 -2 -3 -3 -2 
-1 -1 -1 -1 -1 -1 -1 -1 

-2 19997 -3 -2 9998 -3 9997 -2 
-1 -1 3999 -1 -1 3999 5999 -1 

-2 19997 -3 -2 22998 -3 9997 -2 
-1 -1 3999 -1 -1 3999 10799 -1 

-2 19997 -3 -2 28398 -3 27997 -2 
-1 -1 3999 -1 -1 7199 24639 -1 

-2 15995 -3 -2 22714 -3 22394 950 
-1 -1 3198 -1 -1 8607 19710 -1 

-2 15995 -3 -2 22714 -3 22394 950 
-1 -1 3198 -1 -1 8607 19710 -1 

4 -3 -4 -3 -5 -6 -4 -3 
-1 84 -1 -1 -1 -1 -1 -1 

-2 -2 -2 -2 -2 -2 -2 -2 
-1 -1 -1 -1 -1 -1 -1 -1 

2136 5553 5460 -25 8511 -30 6088 569 
25662 30281 -1 2046 9598 5916 12798 -1 

-2 -2 -2 -2 -3 -2 -2 -2 
-1 -1 -1 -1 -1 -1 -1 -1 

-3 -2 -3 -2 112 -2 -3 -2 
-1 -1 -1 -1 -1 -1 -1 110 

-4 -8 -5 -5 -5 -4 -6 -4 
-1 -1 -1 -1 -1 -1 -1 -1 

-2 -2 -2 -2 -2 -2 -2 -2 
-1 -1 -1 -1 -1 -1 -1 -1 

6665 -2 -2 -2 -2 -2 -2 -2 
-1 -1 -1 -1 35999 -1 -1 -1 

5331 -2 -2 -2 -2 -2 -2 -2 
-1 -1 -1 -1 28798 -1 -1 -1 

9482 -2 -2 -2 -2 -2 -2 -2 
-1 -1 -1 -1 47038 -1 -1 -1 

7585 -2 -2 -2 -2 -2 3837 8887 
-1 -1 -1 12798 47038 3070 -1 -1 

4990 -2 -2 -2 -2 -2 1675 5571 
-1 -1 -1 5240 24082 3363 2046 -1 

2 -2 -2 -2 -2 -2 -2 -2 
-1 -1 -1 -1 7 -1 -1 -1 

7995 -3 -3 -5 5116 -6 -4 -5 
-1 -1 -1 3998 -1 3198 -1 -1 

7995 -3 -3 -5 5116 -5 -4 -5 
-1 -1 -1 3998 -1 3198 -1 -1 

17679 9029 4502 11044 8508 10766 16469 827 
17338 28246 21022 14866 20256 26452 15737 21925 

17679 7222 10375 11044 11855 5508 16469 5661 
13870 24077 16653 16570 20256 21161 12589 20031 

17679 7222 23300 11044 11855 5508 16469 5661 
13870 24077 16653 19256 20256 21161 12589 20031 

17679 7222 18639 11044 11855 5508 16469 5661 
13870 24077 16653 15404 20256 21161 12589 20031 

17679 19110 15942 11044 11855 5508 16469 4528 
13870 21808 13322 21058 20256 21161 12589 20031 

17679 28621 24561 11044 11855 4406 16469 13622 
13870 28357 16525 21476 20256 21161 12589 20031 

1 280 1362 -1 0 21 17 -3 
238 75 10 11 -1 0 1637 143 

10000 15224 16089 12499 0 21 17 -3 
8952 75 10 10008 -1 0 7309 143 

7999 15224 16089 12499 0 21 17 -3 
8952 75 10 10008 -1 0 7309 143 

-4 2617 240 -3 -4 -4 1114 -4 
-1 4196 -1 -1 -1 534 -1 -1 

-5 10348 95 3410 4995 4262 13065 4093 
1636 9348 7199 4197 3198 217 -1 2558 

-5 10348 95 3410 4995 3409 13065 4093 
1636 9348 5758 4197 3198 217 -1 2558 

336 884 0 709 1305 318 567 1585 
88 166 200 145 1046 1354 492 341 

1473 450 4092 7314 5834 252 288 6663 
88 3728 4851 1347 534 1082 4120 138 

12 866 18 3489 18 -1 295 445 
16 1343 2157 7544 2948 4012 17 -1 

12 866 18 3489 18 -1 295 445 
16 1343 2157 7544 2948 4012 17 -1 

-24 127 2405 353 -12 421 65 0 
-1 277 2379 8246 798 839 1 -1 

-24 127 10257 353 -12 421 65 0 
19999 277 2379 8246 798 839 1 -1 

-24 6101 10257 3615 -12 421 65 4636 
19999 11377 2379 8246 798 6671 4000 -1 

25317 6101 10257 3615 -12 421 10052 4636 
19999 11377 2379 10596 798 6671 4000 3999 

40253 6101 10257 3615 -12 421 10052 4636 
19999 11377 2379 12476 798 6671 4000 3999 

44702 6101 10257 3615 -12 421 10052 4636 
19999 11377 2379 19980 798 6671 4000 3999 

22883 6101 8200 2308 -12 1752 8040 4636 
12798 9101 2379 12786 4510 6671 3199 2558 

22883 14880 8200 2308 -12 1752 8040 4636 
20238 9101 2379 12786 4510 6671 3199 2558 

-2 -2 -2 -3 -2 -2 -3 -2 
-1 -1 -1 -1 -1 -1 -1 -1 

11236 11247 6219 6341 12398 7196 3019 7832 
16799 13919 20159 13376 1309 24799 8638 4094 

-2 -2 -2 -2 -2 -2 -2 -2 
-1 -1 -1 -1 -1 -1 -1 -1 

-2 -2 -2 -2 -2 -2 -2 -2 
-1 -1 -1 -1 -1 -1 -1 -1 

-2 -2 -3 -3 -3 -2 -3 -3 
-1 -1 -1 -1 -1 -1 -1 -1 

-2 -2 -3 -3 6664 -2 -3 -2 
-1 -1 -1 -1 35999 -1 -1 -1 

-2 -2 -3 -3 5330 -2 -3 -2 
-1 -1 -1 -1 28798 -1 -1 -1 

-2 -2 -3 -3 10070 -2 -3 -2 
-1 -1 -1 -1 59038 -1 -1 -1 

-2 -2 -3 -3 15556 -2 -3 -3 
-1 -1 -1 -1 53230 -1 -1 -1 

-8 -6 -3 -7 -4 -4 -4 -4 
-1 -1 -1 -1 -1 -1 -1 -1 

118 -2 -2 -3 6386 56 -3 51 
-1 -1 -1 2046 29813 -1 5759 -1 

-2 -2 -2 -2 -2 -2 -2 -2 
-1 -1 -1 -1 -1 -1 -1 -1 

-2 -2 -2 -2 -2 -2 -2 -2 
-1 -1 -1 -1 -1 -1 -1 -1 

7059 1974 15050 4615 10799 15384 16705 15496 
279 24595 44630 36512 14339 12488 1785 18184 

7612 4849 15373 4615 8638 7875 18364 15496 
113 25676 26849 36512 14339 12488 11793 14546 

7612 18879 15373 4615 8638 7875 18364 15496 
113 25676 26849 36512 14339 12488 15434 14546 

7612 15102 15373 4615 8638 7875 18364 15496 
113 25676 26849 36512 14339 12488 12346 14546 

6089 18664 15373 4615 8638 6299 14690 15496 
90 20540 21478 36512 14339 12488 27876 11636 

4870 31944 15373 4615 8638 12030 21752 15496 
10072 20432 13745 36512 14339 12488 32300 17308 

0 7 0 15 11 33 707 -2 
-1 7 537 -1 53 46 -1 102 

0 7 12500 13345 11 15026 707 25998 
-1 7 537 -1 17627 4036 5999 102 

0 7 23333 13345 11 15026 707 25998 
-1 7 537 -1 22101 4036 5999 102 

-3 -3 0 -3 -3 204 35 -3 
-1 -1 73 -1 0 -1 8 -1 

-5 3086 -4 -5 7997 2909 5179 -2 
-1 2046 17 -1 0 10346 3277 -1 

9996 3086 -4 -5 7997 2909 5179 -2 
-1 2046 17 5999 0 10346 3277 -1 

110 407 -5 531 542 408 549 743 
1636 173 -1 513 837 362 113 669 

9845 8397 9996 1658 3019 206 111 2288 
5035 87 -1 2754 217 4236 5177 7382 

1146 765 17 283 710 -3 1296 266 
174 998 2695 509 953 8196 677 32 

1146 765 17 283 710 -3 1296 20212 
174 998 2695 509 953 8196 677 4025 

357 8369 358 63 71 -23 475 2165 
4177 4867 680 66 10100 878 111 967 

357 8369 11714 49 20056 7124 475 2165 
26673 3893 680 66 10100 878 111 4773 

357 8369 13371 3789 16034 9032 475 2165 
24270 9114 680 66 10100 878 111 3818 

68 1393 -4 -5 -3 -4 -7 -6 
-1 1636 272 -1 -1 -1 -1 -1 

54 7781 -4 9996 -3 -4 -7 -6 
-1 1636 3373 3999 -1 -1 -1 -1 

54 26224 -4 9996 -3 -4 -7 -6 
-1 1636 3373 7199 -1 -1 -1 -1 

54 30979 -4 9996 -3 -4 -7 -6 
-1 1636 3373 9759 -1 -1 -1 -1 

1471 17286 -4 6387 -2 -4 -5 -6 
-1 1308 8926 4995 -1 -1 -1 -1 

1471 17286 -4 6387 -2 7996 -5 -6 
-1 1308 8926 11996 -1 -1 -1 -1 

-2 -2 -2 -2 -2 -2 -2 -2 
-1 -1 -1 -1 -1 -1 -1 -1 

10931 15965 12086 9053 15748 11197 8353 7616 
28095 8436 15998 10955 11884 23154 8958 12860 

-2 -2 -2 0 -2 -2 -3 -3 
-1 -1 -1 -1 -1 -1 -1 -1 

-3 -3 -3 -2 -3 -3 -2 -3 
-1 -1 -1 -1 -1 -1 -1 -1 

-5 -7 -4 -4 -7 -4 -4 -3 
-1 -1 -1 -1 -1 -1 -1 -1 

-2 -2 -2 -2 -2 -2 -2 -2 
-1 -1 -1 -1 -1 -1 -1 -1 

-2 13331 7998 -2 -2 -2 4998 -2 
-1 -1 -1 -1 30399 -1 7999 -1 

-2 13331 7998 -2 -2 -2 3998 -2 
-1 -1 -1 -1 24318 -1 7999 -1 

-2 23164 6398 -2 -2 -2 7531 -2 
-1 -1 -1 -1 46363 -1 6398 -1 

-2 18530 6398 -2 -2 4264 6024 -2 
-1 -1 -1 7678 46363 -1 6398 -1 

-2 7669 4094 -2 -2 1979 5006 128 
-1 -1 5759 10952 37090 -1 6398 -1 

-2 -2 -2 -2 -2 -2 -2 -3 
-1 -1 -1 -1 -1 -1 -1 -1 

-2 -2 -2 -2 -2 -2 -2 -3 
-1 -1 -1 -1 -1 -1 -1 -1 

5627 5870 2022 8068 6850 12480 19450 9592 
14425 9604 24723 7752 16515 19804 21723 22128 

4501 6843 1292 9130 9716 15984 20560 11852 
11539 7682 19022 7968 15369 21583 17378 17702 

4501 6843 1292 9130 9716 27787 20560 11852 
11539 7682 19022 7968 18295 21583 17378 17702 

4501 6843 1292 9130 9716 22229 20560 11852 
11539 7682 19022 7968 14635 21583 17378 17702 

4501 4378 1292 7303 7772 29033 20560 11852 
9230 7682 15217 6374 29708 17266 17378 17702 

4501 4378 1292 7303 7772 27723 20560 9481 
7383 7682 15217 6374 29708 13812 29902 17702 

0 13 370 -3 2 -3 672 458 
669 20 -1 538 0 4 427 16 

13333 13 370 -3 2 -3 672 7866 
8535 20 -1 6430 0 4 427 16 

10666 13 370 -3 2 -3 672 7866 
6827 20 -1 6430 0 4 427 16 

25 -3 -6 2186 221 -4 -4 -3 
2046 -1 88 -1 -1 264 -1 -1 

6 7996 15995 3640 10789 1633 812 6395 
217 3198 3409 3998 7923 3925 -1 -1 

6 6396 15995 3640 10789 1633 812 6395 
217 3198 3409 3998 6338 3925 -1 -1 

-6 279 698 303 625 40 1222 853 
4 173 827 200 1215 335 -1 -1 

2904 6614 1760 2653 4519 22976 6394 218 
0 6335 269 7264 3233 4010 3198 10911 

121 109 867 803 261 198 51 238 
410 1042 1547 1356 85 13 4 1228 

121 109 867 803 261 198 51 20190 
410 1042 1547 5084 85 13 4 1228 

23445 700 391 241 27 2334 0 4464 
4174 3572 257 11043 26 4000 1 320 

23445 10560 9312 241 27 2334 0 4464 
4174 3572 257 37867 26 4000 1 320 

23445 10694 9116 2010 27 2334 0 3570 
7339 3572 257 26427 26 4000 1 4256 

3196 -6 -4 6663 -4 3410 1116 -6 
-1 1636 1636 3198 -1 -1 -1 3198 

2556 -6 14996 15330 -4 3410 1116 -6 
-1 1636 1636 6846 -1 -1 5999 3198 

2556 -6 14996 32264 -4 3410 1116 -6 
-1 1636 1636 9476 -1 -1 5999 3198 

2556 -6 14996 32477 -4 3410 1116 -6 
-1 1636 1636 11580 -1 -1 5999 3198 

3867 -6 7673 17784 1425 3410 892 -8 
-1 1308 1636 5983 -1 -1 4798 5636 

3867 19995 7673 17784 1425 3410 892 -8 
-1 1308 1636 5983 -1 -1 4798 8508 

-2 -2 -2 -2 -2 -2 -3 -2 
-1 -1 -1 -1 -1 -1 -1 -1 

3998 10118 11381 11497 5330 3196 3532 22671 
8190 15599 -1 22175 19549 6398 21963 19039 

-2 -2 -2 -2 -2 -2 -2 -2 
-1 -1 -1 -1 -1 -1 -1 -1 

-2 -2 -2 71 -4 -3 -3 9996 
2901 -1 -1 -1 -1 -1 -1 -1 

-4 -10 -4 -3 -5 -8 -5 -8 
-1 -1 -1 -1 -1 -1 -1 -1 

-4 -10 8232 -2 6311 -8 -5 -8 
-1 23999 -1 27999 -1 -1 -1 -1 

-4 -10 8232 -2 6311 -8 -4 -8 
-1 23999 -1 27999 -1 -1 -1 -1 

-4 -10 8232 -2 6311 12494 4330 -8 
-1 29199 20798 27999 -1 -1 -1 -1 

-4 -10 8232 -2 6311 7994 7464 -8 
-1 23358 16510 27999 -1 -1 -1 -1 

192 -6 8232 -2 5048 5115 6090 -5 
-1 4896 11012 27999 -1 -1 3999 -1 

-2 -2 -2 -2 -2 -2 -2 -2 
-1 -1 -1 -1 -1 -1 -1 -1 

-2 -2 -2 -2 -2 -2 -2 -2 
-1 -1 -1 -1 -1 -1 -1 -1 

-2 -2 -2 -2 -2 -2 -2 -2 
-1 -1 -1 -1 -1 -1 -1 -1 

9479 9411 11830 12346 4858 3499 6139 3047 
353 20968 6557 15807 12807 23877 10823 30033 

9479 6021 9463 19901 9330 3499 3927 4891 
353 13418 14442 10115 12807 23877 8658 27220 

9479 6021 9463 19901 22464 3499 3927 4891 
353 13418 17553 10115 12807 23877 8658 27220 

9479 6021 9463 19901 17970 3499 3927 4891 
353 13418 14042 10115 12807 23877 8658 27220 

9479 4816 7570 12735 34500 3499 3927 3912 
353 13418 24789 8091 12807 23877 6926 17420 

9479 4816 6055 20188 42080 3499 3927 15129 
353 13418 27891 6472 12807 23877 6926 25936 

21 116 -2 3240 5 -3 0 2 
0 421 7 71 24 3 2048 89 

21 116 -2 3240 5 9997 8333 15001 
8000 6336 7 71 10019 3 2048 89 

21 116 -2 3240 5 17997 8333 15001 
10400 6336 7 71 10019 3 2048 89 

69 -4 6685 -3 -3 25 -3 380 
-1 -1 2103 -1 855 -1 669 -1 

6125 -3 2188 -4 4864 11 1306 2463 
1046 -1 4545 -1 2270 -1 272 11425 

14900 -3 2188 -4 4864 11 1306 2463 
1046 -1 4545 -1 5816 -1 272 11425 

1447 -5 32 -4 1014 -7 263 641 
138 -1 951 535 192 -1 34 626 

2014 5115 17343 -3 646 -7 14513 7826 
4550 9198 3588 217 3133 -1 7267 7295 

446 119 70 130 70 441 51 39 
0 1233 594 857 223 991 38 2007 

446 119 70 130 20056 441 51 39 
0 1233 594 857 4178 991 38 2007 

176 4041 -16 -5 3704 187 -17 1414 
1317 2306 154 279 559 9416 1259 6133 

11390 4041 -16 -5 2369 8721 -17 1414 
1317 2306 122 279 559 9416 1259 26659 

10416 4041 -16 -5 4015 8721 -17 1414 
1317 2306 4097 279 559 9416 1259 21861 

14999 4041 -16 -5 4015 6976 -17 14464 
1317 2306 4097 279 4447 9416 1006 25488 

25332 4041 -16 -5 4015 6976 -17 14464 
1317 2306 4097 8223 4447 9416 1006 25488 

35265 4041 -16 -5 4015 6976 -17 14464 
1317 2306 4097 12578 4447 9416 1006 25488 

28206 2581 -16 -4 2567 5577 855 11570 
842 1844 4097 8049 7557 9416 514 20390 

28206 2581 -16 -4 2567 5577 855 11570 
842 1844 4097 8049 7557 9416 514 20390 

-2 -2 -2 -2 -2 -2 -3 -2 
-1 -1 -1 -1 -1 -1 -1 -1 

-4 -4 -5 -3 -3 -4 -4 -3 
-1 -1 -1 -1 -1 -1 -1 -1 

28552 2529 11201 9939 4372 13987 2676 2995 
16319 19072 -1 6270 7699 13054 -1 13704 

-3 -2 -2 -2 1115 -2 -2 -2 
-1 -1 -1 -1 -1 1046 -1 -1 

-2 -2 -3 -2 -2 -3 -3 -2 
-1 -1 -1 -1 -1 -1 -1 -1 

-4 -7 -4 -7 -5 -6 -6 -7 
-1 -1 -1 -1 -1 -1 -1 -1 

-2 -2 -2 -2 -2 -2 -2 -2 
-1 -1 -1 -1 -1 -1 -1 -1 

7239 -2 -2 -2 4998 -2 -2 -2 
4798 -1 41999 -1 -1 -1 -1 -1 

7239 -2 -2 -2 4998 -2 -2 -2 
4798 -1 41999 -1 -1 -1 -1 -1 

7239 12498 -2 -2 3998 -2 4331 -2 
4798 9999 33598 25999 -1 -1 -1 -1 

5790 22665 -2 6397 3198 -2 7909 -2 
7838 13599 26878 18430 -1 -1 -1 -1 

3704 14426 -2 3431 1636 -2 5187 -2 
6270 8702 17201 7676 3999 -1 -1 -1 

-2 -2 -3 -2 -2 -2 -2 -2 
-1 -1 -1 -1 -1 -1 -1 -1 

-3 -3 -5 -3 -4 -6 20 -3 
-1 10 -1 -1 -1 -1 -1 -1 

-2 -3 -5 -3 -4 -6 20 -3 
-1 7 -1 -1 -1 -1 -1 -1 

15139 36028 10293 15653 16661 8132 22385 14786 
21323 27354 17524 3936 25059 28475 21181 18962 

12188 24675 22920 10017 10662 6504 15300 9462 
10916 15043 14091 3936 25059 17835 16944 20135 

12188 24675 22920 10017 10662 6504 27240 9462 
10916 15043 14091 3936 25059 20268 16944 20135 

12188 24675 22920 10017 10662 6504 21791 9462 
10916 15043 14091 3936 25059 16214 16944 20135 

9750 19739 14668 10017 10662 6504 28543 9462 
10916 15043 11272 3936 25059 21100 16944 16107 

9750 15790 11734 10017 10662 6504 31584 9462 
10916 15043 9017 3936 25059 24703 16944 16107 

-1 15 -1 54 393 17 0 87 
0 3 0 437 -1 119 0 337 

13499 15 -1 54 393 17 0 87 
6000 3 0 437 -1 119 6000 337 

30799 15 -1 54 393 17 0 87 
8800 3 0 437 -1 119 6000 337 

12613 2001 1633 1158 248 9 2438 8091 
4465 3199 8095 141 2558 47 4524 4269 

12613 2001 1633 1158 248 6 2438 8091 
4465 3199 8095 141 2558 47 3618 4269 

3736 753 64 522 9 -4 507 175 
1526 1528 867 10 173 2 319 118 

1525 304 10030 265 1 -4 3458 1149 
623 399 554 4015 138 0 4962 37 

262 647 104 231 306 368 88 20 
-1 485 2140 1118 1304 782 1336 1494 

262 647 104 231 306 368 88 20016 
-1 485 2140 1118 1304 782 1336 5195 

369 770 1 2416 276 461 20 6536 
3655 100 4559 232 4533 51 1780 2126 

369 10616 10666 2416 276 10368 10016 5228 
10924 100 4559 11348 15626 51 9424 1700 

369 10616 8603 2416 276 10112 10016 5720 
10924 100 4559 10462 15626 51 11539 5360 

-5 -6 424 -3 -5 -4 -4 -5 
-1 534 -1 -1 -1 -1 -1 -1 

-5 7995 7005 -3 -5 -4 -4 -5 
-1 534 -1 5999 -1 3999 -1 -1 

-5 7995 20604 -3 -5 -4 -4 -5 
-1 534 5999 5999 -1 3999 -1 -1 

-5 7995 26483 -3 -5 -4 -4 -5 
-1 534 12799 5999 -1 3999 -1 -1 

-5 9116 20403 -4 -5 -6 -6 -7 
-1 534 11390 3838 3999 3198 3999 -1 

-5 9116 20403 -4 -5 -6 -6 -7 
-1 534 11390 3838 3999 3198 3999 -1 

-2 -2 -2 -2 -2 -2 -2 -2 
-1 -1 -1 -1 -1 -1 -1 -1 

7423 10544 2325 4550 4997 7987 10730 -138 
8190 1964 -1 16511 22236 3198 11679 8856 

-2 -2 -2 -3 -2 -2 -2 -2 
-1 -1 -1 -1 -1 -1 -1 -1 

-2 -2 -2 -2 -2 -2 -2 -2 
-1 -1 -1 -1 -1 -1 -1 -1 

-2 -2 -3 -2 -2 -3 -2 4 
-1 -1 0 -1 -1 -1 -1 -1 

-2 -2 -3 -2 -2 7775 -2 4 
-1 -1 0 -1 -1 -1 -1 41999 

-2 -2 -3 -2 -2 6219 -2 4 
-1 -1 0 -1 -1 -1 -1 33598 

-2 -2 13330 -2 -2 10136 -2 4 
-1 7999 0 -1 -1 -1 -1 58878 

-2 5712 8530 -2 -2 13108 -2 2 
-1 10494 0 -1 -1 -1 -1 57102 

-2 3654 5660 125 -2 13108 89 0 
-1 10494 7200 -1 -1 -1 3198 23387 

-3 -3 -4 -4 -3 -10 -5 -8 
-1 -1 -1 -1 -1 -1 -1 -1 

-2 -2 -2 -2 -2 -2 -2 -2 
-1 -1 -1 -1 -1 -1 -1 -1 

-2 -2 -2 -2 -2 -2 -2 -2 
-1 -1 -1 -1 -1 -1 -1 -1 

4030 3240 342 5010 7067 4467 5405 1375 
1784 13593 8499 243 4913 10325 15520 3687 

7721 8073 217 5010 14542 12592 4323 1099 
8826 16874 8499 4194 3143 6607 14548 2949 

7721 8073 217 5010 14542 25073 4323 1099 
13060 16874 8499 4194 3143 6607 14548 2949 

7721 8073 217 5010 14542 20058 4323 1099 
10447 16874 8499 4194 3143 6607 14548 2949 

7721 6458 217 5010 11633 24796 3458 1099 
22357 13498 8499 4194 2514 6607 11638 2949 

7721 5166 217 5010 15973 31265 2766 1099 
33885 10798 8499 4194 2010 6607 13310 2949 

-3 3 305 2 15 1 32 59 
1 144 33 62 1330 -1 5 1 

13330 3 305 2 15 1 12025 59 
12000 144 33 8049 1330 -1 5 1 

23997 3 305 2 15 1 12025 59 
12000 144 33 14439 1330 -1 5 1 

-3 -4 -2 202 -4 2180 -3 -3 
-1 358 -1 -1 -1 -1 -1 44 

-3 5116 -3 5434 -3 7509 -5 7196 
6398 3382 -1 5118 4094 1309 3998 16 

-3 5116 -3 5434 -3 7509 14996 7196 
11118 3382 -1 5118 4094 1309 3998 16 

-5 1270 -7 575 423 797 652 490 
884 1127 -1 1557 223 272 44 1 

-4 6329 1305 5367 107 4629 13533 247 
565 576 6846 3996 1695 2698 4021 4799 

3079 2428 -1 38 5594 0 0 3238 
0 7199 3292 8310 4 4042 3736 7686 

3079 2428 -1 38 5594 0 0 3238 
0 7199 3292 8310 4 4042 3736 7686 

2441 983 -23 3836 500 2116 246 524 
2046 6819 6568 890 0 7049 1222 8628 

2441 785 7981 3836 16034 16692 246 524 
2046 15455 11254 890 10000 12511 1222 8628 

2441 2850 9241 3836 14261 20020 246 524 
2046 16364 13003 890 12000 15207 1222 8628 

-3 -6 -5 0 -6 -3 -5 -4 
-1 -1 -1 -1 27 -1 -1 -1 

-3 -6 -5 6666 27996 -3 -5 -4 
-1 -1 -1 3999 7217 -1 -1 -1 

-3 -6 -5 20332 27996 -3 -5 -4 
-1 -1 -1 9199 7217 -1 -1 -1 

-3 -6 -5 21720 41472 -3 -5 -4 
-1 -1 -1 19359 15018 -1 -1 -1 

-6 2217 -5 17373 28078 -6 -5 -5 
-1 -1 -1 15589 9610 3999 -1 -1 

-6 2217 -5 33898 28078 -6 -5 -5 
-1 -1 3999 15589 9610 3999 -1 -1 

-2 -2 -2 -2 -2 -2 -3 -2 
-1 -1 -1 -1 -1 -1 -1 -1 

5829 4797 -2 10727 8622 -2 8753 -2 
3998 15599 -1 14398 12373 -1 24574 5118 

-2 -2 -2 -2 -2 -2 -2 -2 
-1 -1 -1 -1 -1 -1 -1 -1 

-3 -2 -3 -3 -3 0 -3 117 
-1 1 -1 272 -1 -1 -1 -1 

-3 -6 -5 -7 -4 -7 -10 -5 
-1 -1 -1 -1 -1 -1 -1 -1 

-2 -2 -2 -2 -2 -2 -2 -2 
-1 -1 -1 -1 -1 -1 -1 -1 

-2 -2 -2 -2 5515 -2 -2 -2 
-1 -1 31999 -1 -1 -1 -1 -1 

-2 -2 -2 -2 4411 -2 -2 -2 
-1 -1 25598 -1 -1 -1 -1 -1 

-2 -2 -2 -2 7759 -2 -2 13331 
-1 -1 42478 7999 -1 -1 -1 -1 

-2 -2 9331 -2 7759 -2 -2 8530 
-1 13999 33982 6398 -1 -1 -1 -1 

143 -2 6119 -2 7759 -2 206 5458 
-1 15199 31185 5118 -1 -1 3999 -1 

-2 -2 -2 -2 -2 -2 -2 -2 
-1 -1 -1 -1 -1 -1 -1 -1 

-4 -3 339 -5 -5 -4 -4 -2 
138 -1 -1 -1 -1 -1 -1 -1 

-4 -3 339 -5 -5 -4 -3 -2 
138 -1 -1 -1 -1 -1 -1 -1 

10255 19866 16714 9252 6371 10614 18171 1181 
19540 13855 14062 6393 13697 26636 22170 22202 

6561 19866 13369 9252 12434 13433 14535 3682 
17844 8866 11249 5114 10957 21637 14188 25761 

6561 19866 13369 9252 24947 13433 14535 3682 
20275 8866 11249 5114 10957 21637 14188 25761 

6561 19866 13369 9252 19957 13433 14535 3682 
16219 8866 11249 5114 10957 21637 14188 25761 

6561 19866 13369 9252 20772 10746 14535 2945 
30975 8866 11249 5114 10957 13846 14188 20608 

6561 19866 13369 9252 21293 8596 14535 2945 
38780 8866 11249 5114 10957 11076 14188 16486 

4 41 49 -1 98 2560 532 1430 
-1 3876 111 0 46 686 219 96 

20669 41 49 -1 98 2560 15425 16144 
-1 9100 111 0 6036 4548 8175 96 

29868 41 49 -1 98 2560 15425 16144 
-1 9100 111 0 6036 4548 14540 96 

5914 2145 28 -2 5363 2823 9870 10445 
6398 3726 111 0 2284 6910 6401 8979 

19731 2145 28 -2 5363 2823 9870 10445 
6398 3726 111 6000 2284 6910 6401 8979 

863 1960 -4 359 287 91 1318 891 
781 318 10 513 155 591 223 667 

8551 4000 5329 3292 21165 3946 1583 2746 
6799 8608 6562 3737 62 4302 874 4426 

614 1403 4456 405 1150 1095 1483 336 
981 8897 445 6046 2921 5940 3833 7938 

614 1403 4456 405 1150 1095 1483 336 
981 8897 445 6046 2921 5940 3833 7938 

614 2660 7338 405 720 1095 2297 336 
784 14955 40356 6046 2921 5940 3833 7938 

614 2660 14695 405 720 9447 2297 336 
784 14955 46284 6046 14336 5940 3066 7938 

614 2660 13328 405 720 12046 2297 336 
4627 14955 41027 6046 17468 5940 6452 7938 

-5 -5 -4 -5 -3 -3 -6 -4 
-1 -1 -1 -1 -1 -1 -1 -1 

6662 -5 -4 -5 -3 -3 14995 -3 
-1 -1 3198 5999 -1 -1 -1 -1 

20329 -5 -4 -5 -3 -3 14995 -3 
-1 -1 8558 5999 -1 -1 -1 -1 

22929 -5 -4 -5 -3 -3 14995 -3 
-1 -1 10846 5999 -1 -1 -1 -1 

22929 -6 -4 -5 1426 -3 9592 -3 
-1 -1 8676 7839 -1 -1 -1 -1 

22929 -6 -4 -5 1426 -3 9592 19997 
-1 3999 8676 7839 -1 -1 -1 -1 

-3 -2 -2 -2 -2 -2 -2 -2 
-1 -1 -1 -1 -1 -1 -1 -1 

15157 2082 -2 15795 7976 3169 6247 9833 
-1 18431 12094 14078 7964 11314 16696 19117 

-2 -2 -2 -3 -2 -2 -2 -2 
-1 -1 -1 -1 -1 -1 -1 -1 

-3 -2 -2 -2 -3 -4 -2 -2 
-1 -1 -1 -1 -1 -1 -1 0 

-2 -2 -2 -2 -2 -2 -2 -2 
-1 -1 -1 -1 -1 -1 -1 -1 

-3 -7 -4 -5 432 -7 -8 -6 
-1 -1 669 -1 -1 -1 -1 -1 

-3 -7 -4 4238 432 -5 -8 -6 
-1 27999 669 -1 -1 -1 -1 -1 

-3 -7 -4 3390 432 -5 -8 -6 
-1 22398 669 -1 -1 -1 -1 -1 

-3 -7 -4 6942 432 13329 -8 -6 
-1 39918 669 7999 -1 -1 -1 -1 

-3 -7 -4 10553 432 14244 -7 -5 
-1 33547 669 13118 -1 -1 -1 -1 

134 -4 141 5521 345 9469 84 -4 
-1 22935 427 7420 3198 2046 3999 -1 

-2 -2 -2 -2 -2 -2 -2 -2 
-1 -1 -1 -1 -1 -1 -1 -1 

-4 -3 -2 355 -5 -4 -4 -5 
-1 -1 -1 -1 -1 -1 -1 427 

-4 -3 -2 355 -5 -4 -4 -4 
-1 -1 -1 -1 -1 -1 -1 427 

6846 16622 1813 7356 19893 13616 12406 8804 
23015 22383 10094 21083 25236 17726 11801 27364 

8623 20797 7826 10421 18064 10890 9924 7042 
22729 17906 8074 21083 20150 16115 6041 29891 

18565 20797 7826 10421 18064 10890 9924 7042 
22729 17906 8074 21083 20150 16115 6041 37912 

14851 20797 7826 10421 18064 10890 9924 7042 
22729 17906 8074 21083 20150 16115 6041 30329 

18504 20797 6260 6668 18064 10890 9924 7042 
18182 17906 6458 21083 20150 16115 3865 42263 

19842 20797 5007 5334 18064 10890 9924 7042 
14545 17906 5166 21083 20150 16115 3091 47810 

345 48 282 -2 -2 0 -2 37 
-1 371 462 -1 1 8 -1 17 

345 13363 282 -2 -2 34466 -2 37 
-1 8296 462 10799 1 8 -1 14013 

345 13363 282 -2 -2 27572 -2 37 
-1 8296 462 10799 1 8 -1 11210 

110 7072 10179 2557 4606 7079 -2 2567 
-1 9604 2236 4422 0 1639 -1 9944 

110 7072 10179 2557 4606 7079 9998 2567 
-1 9604 2236 4422 4000 1639 -1 9944 

6 185 1087 167 98 482 216 269 
-1 420 969 473 88 44 -1 544 

0 3292 7484 13368 77 243 136 3913 
2095 2774 4202 153 6485 27 3198 8030 

24 955 213 4074 58 319 297 1165 
10 4001 1637 1305 8262 287 236 2433 

24 955 213 4074 20046 319 297 1165 
10 4001 1637 1305 8262 4229 236 2433 

5 955 160 7172 16033 2655 232 928 
7 3200 25309 834 28609 3382 12150 2433 

5 955 160 15737 16033 2655 232 22141 
12005 2559 26247 10667 28609 3382 12150 2433 

5 4097 160 13922 17826 2655 232 25449 
13604 11070 26997 12533 28609 3382 12150 2433 

-4 -5 40 -4 -4 -5 -4 -5 
-1 55 -1 -1 -1 -1 -1 -1 

19996 7496 40 -4 9996 -5 -4 -5 
7199 55 -1 -1 -1 -1 -1 5999 

19996 20996 40 -4 9996 -5 -4 -5 
7199 55 -1 -1 -1 -1 -1 10799 

19996 26796 40 -4 9996 -5 -4 -5 
7199 55 -1 -1 -1 -1 -1 14639 

15995 21431 31 -3 5914 -5 -4 -5 
4606 43 3198 -1 -1 -1 -1 9368 

15995 21431 31 -3 5914 -5 9996 -5 
4606 43 3198 -1 -1 -1 3999 9368 

-2 -2 -2 -2 -2 -2 -2 -1 
-1 -1 -1 -1 -1 -1 -1 -1 

7463 8232 9332 -31 1687 17820 4151 4998 
22667 3198 13310 5164 -1 10033 21919 10399 

-2 -2 -2 -2 -2 -2 -2 -2 
-1 -1 -1 -1 -1 -1 -1 -1 

-4 -3 -3 27 -2 -3 -3 -3 
-1 -1 -1 10 -1 -1 -1 -1 

-11 -4 -4 -6 -6 1996 -7 -6 
-1 -1 3198 -1 -1 -1 -1 -1 

-2 -2 -2 -2 -2 -2 -2 -2 
-1 -1 -1 -1 -1 -1 -1 -1 

6560 -2 -2 -2 -2 -2 -2 -2 
-1 -1 -1 -1 -1 -1 41999 -1 

5247 -2 -2 -2 -2 -2 -2 -2 
-1 -1 -1 -1 -1 -1 33598 -1 

8271 -2 -2 -2 -2 -2 -2 -2 
-1 -1 -1 -1 -1 -1 48878 -1 

6614 -2 -2 -2 9998 -2 -2 -2 
-1 -1 -1 -1 -1 -1 39102 3999 

3506 -2 -2 140 6398 -2 -2 -2 
2558 -1 -1 -1 -1 -1 28224 3198 

-2 -2 -2 -2 -2 -2 -2 -2 
-1 -1 -1 -1 -1 -1 -1 -1 

2618 -3 -4 -2 181 20 13 -2 
-1 1308 2 -1 13 88 -1 23 

2618 -3 -4 -2 181 20 13 -2 
-1 1308 2 -1 13 88 -1 23 

15493 10122 11368 10768 16178 3870 11346 17408 
22819 17534 22761 21059 13932 3449 21035 20866 

12394 9981 14129 10809 8281 3870 9075 17408 
11682 15459 22761 21059 11145 8606 13461 16692 

12394 9981 14129 10809 16624 3870 9075 17408 
11682 15459 22761 21059 18916 8606 13461 16692 

12394 9981 14129 10809 13298 3870 9075 17408 
11682 15459 22761 21059 15132 8606 13461 16692 

12394 9981 11302 10809 19388 3870 7259 13926 
9345 15459 22761 21059 26105 8606 10768 13353 

12394 9981 9041 10809 25510 3870 15807 11140 
7475 15459 22761 21059 34884 8606 8614 14682 

5451 11 23 177 15 436 21 -3 
0 241 1574 4070 -1 19 1 160 

16860 11 23 8141 15 436 21 -3 
10000 241 1574 4070 7999 19 1 160 

26821 11 23 8141 15 436 21 -3 
16000 241 1574 4070 7999 19 1 160 

16786 2560 6312 2533 10006 8237 6855 3328 
14239 9710 3611 11758 9180 0 -1 3752 

16786 2560 15049 2533 10006 8237 6855 3328 
14239 9710 3611 11758 9180 8000 -1 3752 

2247 267 1609 211 681 367 295 607 
2387 2676 755 133 983 624 -1 82 

585 135 19106 2262 219 5118 295 3246 
5798 1094 603 42 7681 398 5758 1654 

468 180 885 484 5 111 -1 273 
3153 4330 44 34 1753 89 3240 409 

468 180 885 484 5 111 19999 273 
6522 4330 44 34 1753 89 3240 409 

290 110 1555 175 -23 777 9924 627 
5286 2215 5346 21 896 70 4718 208 

10232 10088 16244 139 -23 8496 16939 627 
5286 9417 5346 6013 18716 8056 9774 208 

11518 14737 16244 139 1520 8614 16939 627 
8228 9417 8276 6013 18716 10444 11819 208 

-6 -5 -5 -2 -6 -3 90 -5 
-1 -1 -1 16 -1 -1 -1 -1 

-6 -4 -5 -2 -6 6664 90 14996 
-1 -1 -1 16 -1 5999 3198 -1 

-6 -4 -5 -2 -6 20331 90 14996 
-1 -1 -1 16 -1 5999 8558 -1 

-6 19996 5450 -2 -6 20331 90 14996 
-1 -1 3999 16 -1 5999 18846 -1 

-5 15992 2781 -2 -6 16263 1645 9596 
-1 3999 3198 7 -1 2456 12060 -1 

-5 32793 2781 -2 -6 16263 1645 9596 
-1 3999 3198 4005 -1 2456 12060 -1 

-2 -4 -2 -2 -2 -2 -2 -2 
-1 -1 -1 -1 -1 -1 -1 -1 

5627 5088 1368 9597 19445 7738 7810 12564 
7678 6654 29588 -1 22076 19198 7862 18814 

-3 -2 -3 -2 -2 -2 -2 -2 
-1 -1 -1 -1 -1 -1 -1 -1 

-2 -2 -2 -2 -2 -2 -2 -2 
-1 -1 -1 -1 -1 -1 -1 -1 

-3 -2 -2 -3 -3 -3 -2 -3 
-1 -1 -1 -1 -1 -1 -1 -1 

-13 -3 -3 -4 -5 -4 -6 -4 
-1 -1 -1 -1 -1 -1 -1 -1 

-13 -3 -3 5934 -5 -3 -6 -4 
-1 37999 -1 -1 -1 -1 -1 -1 

-13 -3 -3 4746 -5 -3 -6 -4 
-1 30398 -1 -1 -1 -1 -1 -1 

-13 -3 -3 7642 -5 13330 -6 -4 
-1 44318 7999 -1 -1 -1 -1 -1 

-13 -3 8747 18113 -3 8530 -6 -4 
8958 35454 7999 11999 -1 -1 -1 -1 

-13 -2 4597 9272 -2 5694 145 -94 
5716 32363 7999 6142 -1 -1 -1 3198 

-2 -2 -2 -2 -2 -2 -2 -2 
-1 -1 -1 -1 -1 -1 -1 -1 

-4 -3 -4 137 2044 -3 363 260 
-1 70 -1 2132 -1 669 -1 -1 

-4 -3 -4 137 2044 -2 363 260 
-1 70 -1 2132 -1 669 -1 -1 

14019 6143 3448 6759 14086 1929 16254 7367 
6668 18936 15638 13229 7194 10520 22485 10332 

14019 7496 3448 6759 14086 1929 10398 11656 
5334 12118 12510 13266 11755 10520 17911 14265 

14019 19330 3448 6759 14086 1929 10398 11656 
5334 12118 12510 13266 11755 10520 22328 14265 

14019 15463 3448 6759 14086 1929 10398 11656 
5334 12118 12510 13266 11755 10520 17862 14265 

14019 15463 2758 15407 11268 1929 8318 9324 
4266 12118 10007 13266 25404 8415 17862 11411 

14019 15463 2206 20897 22347 1929 8318 9324 
3412 12118 10007 13266 32323 8415 17862 17128 

24 30 131 5 12 219 41 0 
-1 262 16 176 6 47 5 44 

24 30 12604 20004 10009 219 41 0 
-1 262 10012 176 4004 47 5 8035 

24 30 25083 20004 10009 219 41 0 
-1 262 14009 176 4004 47 5 8035 

18 2849 13015 15186 8739 69 4015 -2 
-1 14054 11206 2119 2049 2629 838 7313 

18 12279 13015 15186 8739 69 4015 -2 
-1 14054 11206 2119 2049 2629 4670 7313 

-4 3041 889 828 239 -3 266 -4 
-1 770 1878 114 88 72 305 255 

1361 12565 2762 2954 2381 -3 1108 4794 
5758 5292 6960 28 7478 35 305 2689 

203 69 283 226 484 140 71 142 
81 717 942 360 697 1057 314 2542 

203 20055 283 226 484 140 71 142 
81 717 4753 360 697 1057 314 2542 

1259 2216 530 2868 144 -24 234 -5 
9 94 3466 875 10 275 25 8041 

1259 2216 530 18692 12615 5698 234 -5 
6 94 12772 12700 10 6220 10020 8041 

1259 4772 2731 18692 15092 5698 4472 -5 
6 94 12772 16160 4008 14780 10020 8041 

-4 -3 -4 217 -6 -4 2042 -3 
-1 -1 -1 -1 272 -1 -1 836 

-4 -2 -4 217 9995 -4 2042 14997 
5999 5999 -1 -1 272 -1 -1 836 

-4 -2 -4 217 17996 -4 2042 14997 
5999 8799 -1 -1 272 -1 -1 836 

-4 -2 -4 217 21063 -4 2042 14997 
5999 15039 -1 -1 272 -1 -1 836 

-4 -4 -4 5136 14319 -4 2042 11995 
7839 16031 -1 -1 217 -1 -1 836 

-4 9996 -4 5136 14319 -4 2042 11995 
7839 16031 -1 -1 217 -1 -1 4668 

-2 -2 -3 -2 -2 -2 -2 -2 
-1 -1 -1 -1 -1 -1 -1 -1 

9736 6586 11442 -23 11834 7152 5351 8881 
9173 9349 6398 13822 4144 24879 30879 17998 

-2 -2 -2 -2 -2 -2 28 -2 
-1 110 -1 -1 -1 -1 -1 -1 

-2 -2 -2 -2 -2 -2 -2 -2 
-1 -1 -1 -1 -1 -1 -1 -1 

-2 -2 -2 -3 1 -3 -3 -3 
-1 -1 -1 -1 -1 2 -1 -1 

-5 -2 -5 -8 -4 -7 -11 -5 
-1 -1 -1 -1 -1 -1 -1 -1 

-5 -2 -5 5593 -4 -7 -11 -5 
-1 -1 -1 -1 27999 -1 -1 -1 

-5 -2 -5 4474 -4 -7 -11 -5 
-1 -1 -1 -1 22398 -1 -1 -1 

-5 3498 -5 4474 -4 -7 13324 -5 
-1 -1 -1 -1 31918 -1 -1 7999 

-4 9941 9996 2862 -4 -7 10657 -5 
5999 -1 -1 -1 28427 -1 -1 6398 

-3 6520 8226 1464 -4 -5 4457 -4 
5630 -1 -1 -1 13690 -1 -1 9118 

-2 -2 -2 -2 -3 -2 -2 -2 
-1 -1 -1 -1 -1 -1 -1 -1 

598 11 -5 8 -3 -4 1673 -5 
-1 -1 34 669 34 -1 -1 1320 

598 11 -5 8 -3 -4 1673 -5 
-1 -1 34 669 34 -1 -1 1320 

19681 17838 7299 25213 18771 14828 16264 10142 
25313 29924 10740 18800 17393 22135 20752 29713 

19078 17838 11735 20169 12011 14828 16326 18871 
24250 31151 6872 19040 13914 19332 13280 29713 

19078 17838 11735 20169 12011 14828 16326 30096 
24250 30920 6872 19040 13914 19332 13280 29713 

19078 17838 11735 20169 12011 14828 16326 24076 
24250 24735 6872 19040 13914 19332 13280 29713 

19078 17838 7509 20169 9608 14828 13060 27832 
24250 25430 5497 19040 13914 15465 10623 29713 

19078 17838 20377 20169 17686 14828 15024 34765 
24250 30275 3517 19040 13914 20297 16498 29713 

0 4 -2 462 1645 269 65 -3 
9 841 537 88 0 156 -1 17 

0 4 -2 7869 1645 10171 15052 -3 
9 6672 537 88 14000 124 -1 17 

0 4 -2 7869 1645 8136 15052 -3 
9 6672 537 88 11199 124 -1 17 

-1 9998 -2 25294 6120 8164 4930 -4 
5 5931 7311 4044 6868 31 1046 8328 

-1 17998 -2 25294 6120 8164 4930 -4 
5 5931 11848 4044 6868 31 1046 8328 

451 1230 453 2707 261 554 211 -4 
-1 1465 107 89 470 0 173 730 

4211 627 2334 2164 4966 3614 133 -4 
-1 4137 3035 56 3439 0 69 4078 

646 274 274 3607 737 510 242 264 
3684 5252 3211 2967 1698 297 5271 3548 

646 274 274 3607 737 510 242 20211 
3684 8201 3211 2967 1698 297 5271 3548 

843 -22 149 109 96 -23 48 628 
144 662 356 601 4036 11 764 122 

673 -22 149 109 15061 -23 48 10502 
144 662 10284 10480 13228 11 610 122 

673 3982 149 109 12048 -23 1705 10502 
144 4529 10284 10480 14582 11 487 122 

-5 -3 -4 345 -4 3 -4 -3 
-1 -1 -1 -1 -1 -1 -1 1046 

-5 9997 -4 345 6663 3 -4 -3 
3999 -1 3999 -1 -1 -1 -1 1046 

-5 9997 -4 345 15330 3 -4 -3 
3999 -1 7199 -1 -1 -1 -1 1046 

-5 9997 -4 345 22264 3 -4 -3 
3999 -1 13759 -1 -1 -1 -1 1046 

3329 7399 -4 345 19477 1 2219 -3 
6559 -1 16005 -1 -1 -1 -1 4836 

22663 7399 -4 345 19477 1 2219 -3 
6559 -1 16804 -1 -1 -1 -1 4836 

-2 -2 -2 -2 -2 -2 -2 -2 
-1 -1 -1 -1 -1 -1 -1 -1 

5502 -2 1776 -2 -2 -2 1673 3198 
3773 -1 -1 -1 -1 30398 10879 7678 

-2 -3 -2 -2 -2 -2 -3 -2 
-1 -1 -1 -1 -1 -1 -1 -1 

-2 -2 -2 -2 -2 -2 -2 -2 
-1 -1 -1 -1 -1 -1 -1 -1 

-2 -2 -2 -3 -2 -3 -4 -3 
-1 -1 -1 -1 -1 -1 -1 -1 

-4 -3 -6 -3 -4 -4 -4 -10 
-1 -1 -1 -1 -1 -1 -1 -1 

-4 4664 -6 -3 -4 -3 -4 -10 
-1 -1 27999 -1 -1 -1 -1 -1 

-4 4664 -6 -3 -4 -3 -3 -10 
-1 -1 27999 -1 -1 -1 -1 -1 

-4 4664 -6 -3 -4 -3 4543 -10 
19999 -1 27999 -1 -1 -1 -1 -1 

-3 4664 -4 -3 9996 -2 6967 -10 
12798 -1 27999 -1 -1 -1 11999 -1 

-29 2560 -40 -80 6332 -2 3655 -11 
8664 -1 14334 -1 -1 -1 6142 -1 

-2 -2 -2 -2 -3 -2 -2 -2 
-1 -1 -1 -1 -1 -1 -1 -1 

-2 -2 -2 -2 -3 -2 -2 -2 
-1 -1 -1 -1 -1 -1 -1 -1 

14435 2393 12855 5795 9327 9635 11084 9906 
33537 15384 22361 14182 14895 11217 6598 17645 

11546 2393 12855 2965 9961 11993 8865 24557 
26829 17045 22361 24676 11915 11978 5278 14115 

11546 2393 12855 2965 9961 11993 8865 34645 
26829 17045 22361 25740 11915 11978 5278 14115 

11546 2393 12855 2965 9961 11993 8865 27715 
26829 17045 22361 20591 11915 11978 5278 14115 

11546 2393 12855 2371 9961 11993 7091 20589 
21462 13635 22361 24377 11915 11978 5278 11291 

11546 2393 12855 1896 9961 11993 17339 18540 
31169 10907 22361 23600 11915 11978 5278 9032 

94 92 71 -3 0 2 24 88 
60 118 0 176 113 36 32 55 

94 8406 71 -3 13333 2 24 15070 
60 6094 0 176 8090 36 10025 55 

94 8406 71 -3 25666 2 24 15070 
60 6094 0 176 12472 36 10025 55 

-3 271 -3 -4 -2 -3 -3 -3 
-1 -1 -1 -1 -1 217 -1 -1 

-6 3309 9996 -8 4752 15117 12364 7996 
-1 2046 5246 9835 5964 7270 2558 -1 

-6 3309 9996 -8 23801 15117 12364 7996 
-1 2046 5246 9835 5964 7270 6046 -1 

1672 701 681 -6 267 2928 429 2617 
-1 55 358 88 3200 622 1583 757 

854 2894 1286 1823 5173 4398 429 5070 
-1 4034 3382 7843 837 202 647 3586 

46 1487 482 644 176 2 298 589 
173 2007 -1 1684 1311 5548 428 430 

46 21189 482 644 176 2 298 589 
173 2007 3999 1684 1311 5548 428 430 

1734 23907 107 6483 4067 413 106 1065 
87 2869 23489 9120 428 1452 110 21347 

1734 23907 6068 6483 3252 29697 5400 1065 
4055 2869 19032 9120 342 16529 110 21077 

1734 23907 4854 6483 4268 25186 8320 1065 
9795 2869 19032 9120 342 13778 110 21077 

1734 19125 4854 15186 4268 25186 8320 15852 
9795 8295 19032 9120 342 11022 6088 21077 

1734 19125 4854 22148 4268 25186 8320 15852 
9795 8295 19032 9120 342 11022 8870 21077 

1734 19125 4854 22718 4268 25186 8320 32681 
9795 10636 19032 9120 342 11022 13096 21077 

1734 14057 4854 14536 3412 25186 7832 22452 
9795 8508 15225 11296 7418 7053 10476 21077 

1734 14057 4854 14536 22729 25186 7832 22452 
11836 8508 15225 11296 7418 7053 10476 21077 

-5 -6 282 -5 -4 -4 -3 -4 
-1 -1 -1 -1 -1 341 -1 -1 

-2 -2 -2 -2 -2 -2 -2 -2 
-1 -1 -1 -1 -1 -1 -1 -1 

13173 12861 7988 3998 9704 7503 -3 22022 
7998 15599 14129 10687 3838 3275 17922 22219 

-2 -2 -2 -2 -2 -2 -2 -2 
-1 -1 -1 -1 -1 -1 -1 -1 

-2 -2 -2 -3 -3 -2 -3 -2 
-1 -1 -1 -1 -1 -1 -1 -1 

-4 -5 -2 -3 -5 -4 -13 -4 
-1 -1 -1 -1 -1 -1 -1 -1 

-2 -2 -2 -2 -2 -2 -2 -2 
-1 -1 -1 -1 -1 -1 -1 -1 

-2 7998 5236 -2 7220 -2 -2 -2 
-1 21999 7999 25999 -1 -1 -1 -1 

-2 7998 4188 -2 7220 -2 -2 -2 
-1 17598 7999 25999 -1 -1 -1 -1 

-2 7998 7350 -2 19109 -2 -2 -2 
-1 30078 7999 28799 -1 -1 -1 -1 

-2 13117 12703 -2 19782 -2 15998 -2 
9598 19249 16399 23038 3998 3999 11999 -1 

-2 6714 8351 -2 10058 -2 10361 -2 
13342 12318 8395 14743 1308 3198 9598 -1 

-2 -2 -3 -2 -2 -2 -2 -2 
-1 -1 -1 -1 -1 -1 -1 -1 

-3 7 -3 711 -6 -4 -3 -3 
-1 -1 -1 -1 -1 3212 -1 -1 

-3 7 -2 711 -6 -4 -3 -3 
-1 -1 -1 -1 -1 3212 -1 -1 

8492 14800 15612 11871 24290 21370 10819 18601 
10113 26097 23730 14326 10647 32832 22644 18985 

14293 14800 10658 7595 19430 19675 10819 15903 
16090 24877 18983 9167 16413 21011 22644 16950 

14293 14800 10658 7595 19430 30740 10819 15903 
16090 24877 18983 9167 19130 21011 22644 16950 

14293 14800 10658 7595 19430 24591 10819 15903 
16090 24877 18983 9167 15303 21011 22644 16950 

11434 14800 8526 7595 19430 23737 10819 12722 
12871 24877 15186 7333 32242 21011 22644 13559 

9146 14800 8526 7595 19430 23191 10819 25177 
16296 24877 15186 5866 39793 21011 22644 10846 

9 115 14 -3 0 -1 2556 0 
0 6 13 3 16 16 -1 1640 

12507 115 14 -3 8571 -1 2556 0 
12000 6 13 3 16 10012 -1 1640 

20005 115 14 -3 8571 -1 2556 0 
12000 6 13 3 16 14009 -1 1640 

10300 10711 12008 5226 4994 -2 9112 979 
5569 10974 4 6911 5 6231 5164 13839 

10300 10711 19606 5226 4994 -2 9112 979 
5569 10974 4003 6911 5 6231 5164 13839 

560 1141 2350 695 531 452 313 2710 
586 306 218 378 0 1673 864 2323 

2740 464 10767 353 10171 1651 99 5280 
190 124 3339 241 7199 1070 2001 4150 

213 986 593 1891 671 690 1000 580 
1345 4098 5457 7062 6789 2329 535 2818 

213 986 593 1891 20536 690 1000 580 
1345 7278 5457 7062 6789 2329 535 2818 

97 52 72 605 953 17 19966 2814 
351 13673 6467 1617 1422 937 1431 589 

10077 52 72 18387 6209 17 30972 2814 
351 14938 5173 7293 9137 21799 1431 589 

10077 52 2279 17209 6209 17 24777 2814 
6280 15950 5173 7293 9137 17438 1431 589 

1069 -7 13 361 -3 -3 -4 -3 
-1 -1 427 -1 341 -1 -1 70 

1069 9994 13 288 -3 -3 -4 14997 
-1 -1 341 -1 341 -1 5999 6056 

1069 17995 13 288 -3 -3 -4 14997 
-1 -1 341 -1 341 -1 5999 8844 

1069 27729 13 288 -3 -3 -4 14997 
-1 -1 341 -1 341 -1 5999 15075 

854 22178 -2 182 -3 1815 -9 23674 
-1 -1 3373 -1 341 -1 7839 7717 

854 22178 -2 182 -3 16452 -9 23674 
-1 -1 3373 5999 341 -1 7839 7717 

-2 -2 -2 -3 -2 -2 -3 -2 
-1 -1 -1 -1 -1 -1 -1 -1 

13371 2046 -2 4917 5331 15498 16158 3206 
-1 7678 3838 13566 7998 28887 23679 1571 

-2 -2 -3 -2 -2 -3 -2 -2 
-1 -1 -1 -1 -1 -1 -1 -1 

-2 -3 -2 -4 -3 -3 -3 7997 
-1 -1 -1 3198 -1 -1 -1 -1 

-4 -3 -6 -5 -5 -6 -4 -3 
-1 -1 -1 -1 -1 -1 -1 -1 

-2 -2 -2 -2 -2 -2 -2 -2 
-1 -1 -1 -1 -1 -1 -1 -1 

7239 -2 -2 5452 -2 -2 -2 -2 
41999 -1 -1 -1 -1 11999 -1 -1 

5790 -2 -2 5452 -2 -2 -2 -2 
33598 -1 -1 -1 -1 11999 -1 -1 

9632 -2 -2 5452 -2 -2 -2 -2 
54878 -1 -1 -1 -1 11999 -1 -1 

7704 -2 -2 4360 -2 -2 -2 -2 
54878 -1 -1 -1 -1 9598 -1 -1 

2920 159 -2 1784 245 604 178 -45 
54878 9445 -1 4995 -1 9390 5759 7199 

-2 -3 -2 -2 -2 -2 -2 -2 
-1 -1 -1 -1 -1 -1 -1 -1 

-2 -3 -2 -2 -2 -2 -2 -2 
-1 -1 -1 -1 -1 -1 -1 -1 

2752 3712 5461 5459 4529 10286 10043 5320 
3873 14764 28575 15877 9697 6770 24447 7189 

1759 3712 6923 10367 3622 6581 9093 4254 
3098 12648 22859 18701 4963 6770 19557 9400 

1759 3712 6923 23293 3622 6581 9093 4254 
3098 12648 22859 20960 4963 6770 19557 9400 

1759 3712 6923 18634 3622 6581 9093 4254 
3098 12648 22859 16767 4963 6770 19557 9400 

1406 3712 5538 26157 3622 6581 7274 4254 
3098 10118 22859 31413 4963 6770 19557 6015 

1124 3712 14430 29497 3622 6581 5818 4254 
3098 8094 22859 37130 4963 6770 19557 7049 

10 1 289 18 4 4 0 0 
0 7 13 38 -1 105 0 677 

10 12000 15231 18 4 4 10000 0 
0 12005 6010 38 -1 6084 0 677 

10 19600 15231 18 4 4 10000 0 
0 15604 6010 38 -1 6084 0 677 

-4 -4 -3 -5 -5 -4 -4 -3 
-1 -1 -1 -1 2 -1 -1 -1 

9997 11961 9997 1993 1633 2129 -4 -3 
-1 7807 -1 3198 4505 4606 -1 -1 

9997 11961 9997 21594 1633 2129 -4 -3 
-1 10245 -1 3198 4505 4606 -1 -1 

1334 1021 689 2891 213 68 -5 -6 
-1 878 110 217 385 314 -1 -1 

433 521 11396 8516 6226 6757 519 -5 
-1 8564 55 8585 2685 159 -1 5999 

517 109 82 15 45 280 40 24 
-1 2439 2203 435 215 188 3504 288 

20413 109 82 15 45 280 40 24 
-1 2439 2203 435 215 4150 3504 288 

12490 2229 830 1324 1883 170 266 410 
-1 12048 14976 112 5335 26604 5533 146 

12490 10116 830 1324 1883 170 266 410 
-1 12048 14976 112 5335 41283 5533 146 

16658 9521 830 1324 4363 170 266 410 
3999 12048 14976 112 5335 33621 5533 146 

33326 9521 830 11059 4363 6802 266 410 
7199 12048 14976 4089 5335 33621 5533 4116 

33326 9521 830 11059 4363 18774 266 410 
7199 12048 14976 4089 5335 33621 5533 11292 

33326 9521 830 11059 4363 25019 266 410 
7199 12048 14976 4089 5335 33621 5533 17033 

28327 7616 830 11059 4242 20014 164 1866 
7199 10168 15980 7271 4267 26896 5533 13626 

28327 7616 830 11059 4242 20014 164 1866 
7199 10168 15980 7271 4267 26896 5533 13626 

136 -7 -3 -4 -4 914 346 -4 
-1 88 -1 -1 111 -1 -1 217 

-2 -2 -2 -2 -3 -3 -2 -2 
-1 -1 -1 -1 -1 -1 -1 -1 

4284 5324 9597 4283 -2 2397 4131 9758 
20958 5118 3198 19198 6398 -1 6398 8559 

-2 -2 -2 -2 -2 -2 -2 -2 
-1 -1 -1 -1 -1 -1 -1 -1 

-3 -3 -3 -3 -3 -3 -3 89 
-1 -1 -1 70 -1 -1 -1 -1 

-4 -5 -6 -4 -4 -7 -3 -2 
-1 -1 -1 -1 -1 -1 -1 -1 

-2 -2 -2 -2 -2 -2 -2 -2 
-1 -1 -1 -1 -1 -1 -1 -1 

-2 4998 5236 -2 -2 -2 -2 -2 
21999 -1 -1 -1 -1 -1 11999 -1 

-2 4998 5236 -2 -2 -2 -2 -2 
21999 -1 -1 -1 -1 -1 11999 -1 

-2 4998 5236 -2 13331 -2 -2 4613 
21999 -1 -1 23999 -1 -1 11999 7999 

-2 4998 5236 -2 19236 -3 -2 11468 
14078 -1 -1 26558 -1 -1 11999 18399 

175 4998 3350 -2 15555 170 -2 3833 
5327 -1 -1 19357 -1 4606 9598 18719 

-2 -2 -2 -2 -2 -2 -2 -2 
-1 -1 -1 -1 -1 -1 -1 -1 

-2 -2 -2 -2 -2 -2 -2 -2 
-1 -1 -1 -1 -1 -1 -1 -1 

8937 14665 11137 8875 17264 5256 19759 7836 
17577 13933 12556 31041 21939 16075 17592 16469 

10482 7506 5700 13100 23811 7667 19759 6267 
13798 13933 20188 19092 21939 12859 11258 13174 

10482 7506 5700 13100 23811 21133 19759 6267 
13798 13933 22150 19092 21939 12859 11258 13174 

10482 7506 5700 13100 23811 16906 19759 6267 
13798 13933 17719 19092 21939 12859 11258 13174 

10482 7506 3647 13100 19048 19962 19759 6267 
13798 13933 24139 15273 21939 10286 9006 13174 

10482 7506 12333 13100 25238 34875 19759 6267 
13798 13933 29048 22218 21939 8228 17204 13174 

2 3 708 142 -3 -1 588 4 
44 93 -1 644 12 24 -1 1334 

2 3 708 142 -3 -1 588 24002 
44 93 7999 8411 12 24 -1 1334 

2 3 708 142 -3 -1 588 19201 
44 93 6398 8411 12 24 -1 1334 

-4 -4 -4 55 -6 -3 -4 -4 
-1 -1 -1 -1 -1 -1 -1 16 

12191 7996 4263 4623 2851 15356 -5 4263 
-1 11167 3198 1964 -1 9118 3198 10433 

12191 7996 4263 4623 2851 15356 -4 4263 
-1 11167 2558 1964 -1 9118 3198 10433 

1304 1068 43 310 189 1312 -7 1291 
-1 1871 754 53 -1 162 669 1118 

665 4275 20 16157 4037 1365 -12 657 
-1 1196 245 33 4504 2099 341 4894 

312 453 422 166 608 640 2186 30 
-1 10554 69 1719 4206 1599 3998 4309 

312 453 422 166 608 640 2186 30 
-1 10554 69 1719 4206 1599 3998 4309 

2834 593 93 66 137 653 1476 -16 
9173 8602 7 4562 1721 3367 836 2205 

2834 8252 93 7195 86 10522 1476 -16 
9173 6881 7 13649 1721 8693 14668 1763 

2834 8030 93 9756 9834 11274 1476 -16 
9173 9504 4005 14919 1721 10954 15734 5410 

-3 -4 25 -2 -3 -4 -9 101 
-1 -1 -1 27 133 0 -1 10 

9997 -4 25 -2 14997 -4 -9 80 
-1 5999 -1 6021 133 0 -1 10 

27997 -4 25 -2 14997 -4 -9 80 
-1 5999 -1 8816 133 0 -1 10 

37397 -4 25 -2 14997 -4 -9 80 
-1 5999 -1 13052 133 0 -1 10 

20960 -4 25 -2 9596 -4 -9 60 
-1 4798 -1 8352 106 0 3999 10 

20960 -4 25 -2 9596 19996 -9 60 
-1 4798 -1 8352 106 0 7199 10 

-2 -2 -2 -2 -2 -2 -2 -2 
-1 -1 -1 -1 -1 -1 -1 -1 

20241 7787 2557 15184 3331 5758 2557 3390 
16510 15397 -1 5118 19518 10853 -1 18174 

-2 -2 -2 -2 -2 -2 -2 -2 
-1 -1 -1 -1 -1 -1 -1 -1 

-2 -2 -2 -2 -2 -2 -2 -2 
-1 -1 -1 -1 -1 -1 -1 -1 

-6 -9 -5 -9 -3 -4 -6 -5 
-1 -1 -1 -1 -1 -1 -1 -1 

-2 -3 -2 2181 -2 -3 -4 -4 
-1 2046 -1 -1 -1 -1 -1 -1 

7057 -3 5712 2181 -2 -3 4996 6663 
-1 2046 7999 15999 -1 43199 -1 -1 

7057 -3 5712 1744 -2 -3 4996 6663 
-1 2046 6398 15999 -1 43199 -1 -1 

7057 -3 5712 7395 -2 -3 17330 6663 
-1 2046 29118 15999 7999 43199 -1 -1 

7057 -3 5712 12732 -2 -3 8870 5330 
-1 2046 41294 15999 6398 43199 -1 -1 

7057 -3 5712 8306 -2 -3 4773 3410 
-1 1636 37035 15999 9118 43199 2558 -1 

-2 -2 -2 0 -2 -2 -2 -2 
-1 0 -1 -1 -1 -1 -1 -1 

-3 -3 20 2093 -4 -3 -3 835 
-1 -1 140 -1 272 836 -1 -1 

-3 -2 20 2093 -4 -3 -3 835 
-1 -1 140 -1 272 668 -1 -1 

11170 14129 4137 21611 3567 23579 12856 3631 
5459 17382 22353 9996 18290 17695 27518 11949 

16276 9039 11642 12892 2281 15089 8225 2904 
3493 17219 17882 11517 18290 14155 14342 9558 

26354 9039 11642 12892 2281 15089 8225 2904 
3493 21775 17882 11517 18290 14155 14342 9558 

26354 9039 11642 10313 2281 15089 8225 2904 
3493 21775 17882 11517 18290 14155 14342 7646 

26354 9039 9313 14599 2281 15089 8225 2322 
3493 13935 17882 9213 18290 14155 14342 24116 

26354 9039 17450 31474 24459 15089 6579 15190 
3493 18118 17882 15370 16505 21324 11473 29292 

69 2728 5 38 2726 79 -4 87 
-1 85 78 3 2576 2050 1 44 

12555 2728 19603 38 2726 79 -4 87 
-1 12068 10062 3 2576 2050 1 4035 

12555 2728 25682 38 2726 79 -4 87 
-1 15654 10062 3 2576 2050 1 4035 

6164 1743 7431 29 890 8139 3329 3865 
-1 11086 8049 0 5054 342 0 6260 

6164 1743 7431 15023 890 8139 3329 3865 
-1 11086 8049 6000 5054 342 0 6260 

416 181 474 1284 19 352 223 643 
-1 450 689 133 2068 21 -1 218 

6142 72 5241 12067 2297 86 140 327 
-1 183 10440 67 4846 5770 3998 7519 

398 2 215 513 125 284 549 4 
5955 160 4017 300 1332 1598 1309 302 

398 2 215 513 125 284 549 4 
5955 160 4017 300 1332 1598 1309 302 

21 -14 10079 109 59 2049 426 258 
797 40 617 152 347 5382 138 12939 

21 6390 10079 109 59 14972 426 258 
797 8032 493 152 16277 5382 138 12939 

21 7156 10079 2944 26037 15977 4340 258 
797 10425 4394 152 17617 8305 138 15480 

-3 -7 -3 -5 -4 -7 -2 -6 
-1 -1 -1 -1 -1 -1 -1 -1 

-2 -7 14997 -5 -4 6661 -2 -6 
-1 -1 3999 -1 -1 -1 -1 5999 

-2 -7 14997 -5 -4 25328 -2 -6 
-1 -1 7199 -1 -1 -1 -1 5999 

-2 -7 14997 -5 -4 30262 -2 -6 
-1 -1 13759 -1 -1 -1 -1 5999 

-2 -11 14997 -5 -5 25748 -2 -8 
-1 -1 13759 -1 -1 -1 -1 7839 

-2 -11 21997 -5 -5 25748 -2 -8 
3999 -1 13759 -1 -1 -1 -1 7839 

-3 -2 -2 -2 -2 -2 -2 -2 
-1 -1 -1 -1 -1 -1 -1 -1 

2308 10264 -2 -2 6611 5483 14503 5452 
14399 -1 -1 22639 19158 9598 3198 5733 

-2 -2 -2 -2 -2 -2 -2 -2 
-1 -1 -1 -1 -1 -1 -1 -1 

-2 -2 -2 -2 -2 -2 -2 -2 
-1 -1 -1 -1 -1 -1 -1 -1 

-5 -4 -4 -2 -4 -6 -2 -4 
-1 -1 -1 -1 -1 -1 -1 -1 

2618 -2 -2 -2 -2 -2 -3 -2 
534 -1 -1 -1 -1 -1 -1 -1 

2618 -2 -2 -2 7498 -2 7497 7141 
30427 11999 11999 -1 -1 -1 -1 -1 

2618 -2 -2 -2 7498 -2 7497 5712 
24341 11999 11999 -1 -1 -1 -1 -1 

2618 -2 -2 -2 10191 -2 7497 5712 
24341 11999 35599 -1 -1 -1 -1 -1 

2093 -2 -2 -2 8151 -2 5997 5712 
24341 9598 28478 -1 -1 -1 -1 -1 

1511 -2 344 104 2284 130 2287 4843 
18777 10542 17140 2046 2558 7199 -1 3685 

-2 -2 -2 -2 -2 -2 -2 -2 
-1 -1 -1 -1 -1 -1 -1 -1 

4404 -4 -4 -4 425 -5 -4 -4 
-1 669 272 669 -1 -1 -1 -1 

4404 -4 -4 -4 425 -5 -4 -3 
-1 669 217 669 -1 -1 -1 -1 

18918 12310 20605 13568 13483 10586 13401 19574 
12843 37164 27441 11407 32035 15161 27666 19094 

12105 7877 20484 13682 19675 18468 8574 12525 
10274 35731 21561 11300 25627 6208 22132 31275 

12105 7877 20484 13682 30740 18468 8574 12525 
10274 35731 21561 11300 25627 6208 22132 31020 

12105 7877 20484 13682 24591 18468 8574 12525 
10274 35731 21561 11300 25627 6208 22132 24815 

12105 7877 20484 10945 30783 18468 6858 10019 
8218 35731 21561 9039 25627 4966 22132 39852 

12105 7877 20484 28756 37126 18468 13486 17078 
14574 35731 21561 15231 25627 7972 17705 41881 

9683 7877 20484 28756 43034 18468 13486 31596 
23727 35731 21561 15231 20501 7972 20164 41881 

9683 7877 20484 28756 43034 18468 13486 45276 
22981 35731 21561 15231 20501 7972 20164 41881 

0 -1 163 -3 3309 -2 0 0 
-1 610 -1 4 0 0 -1 4 

8711 6665 3444 6397 13670 1019 -2 3198 
-1 7512 3198 4096 8047 7199 2558 3201 

8711 6665 12755 6397 13670 1019 -2 3198 
7999 7512 3198 4096 8047 7199 2558 3201 

593 360 351 852 1168 81 1068 2104 
202 1006 173 685 440 3474 110 427 

6336 2164 223 8276 8015 39 4528 4060 
40 11607 4887 7342 142 5422 55 2698 

144 -3 158 47 482 118 284 114 
-1 763 862 220 789 982 836 1673 

144 -3 158 47 482 118 284 20091 
3999 763 862 220 789 982 836 1673 

754 305 147 837 939 653 62 3807 
4273 2207 1520 349 2750 3200 2501 90 

8380 305 10093 837 939 653 18039 3807 
4273 2207 17372 349 12959 6560 2501 90 

8380 243 10190 837 4751 653 18039 3807 
4273 2207 17372 6279 12959 9248 6000 71 

552 681 -3 -3 56 -6 -3 -4 
-1 -1 -1 427 42 -1 -1 413 

15441 681 -3 -3 10044 -6 -2 -4 
-1 -1 -1 427 42 5999 5999 413 

15441 681 -3 -3 21368 -6 -2 -4 
-1 -1 -1 427 42 12799 5999 413 

15441 681 -3 -3 27094 -6 -2 -4 
-1 -1 -1 427 42 16239 5999 413 

15441 430 1928 -3 27094 -9 -5 -3 
-1 -1 3999 4174 26 12990 4798 330 

15441 430 1928 -3 27094 -9 -5 -3 
-1 -1 3999 4174 26 12990 4798 330 

-2 -2 -2 -2 -3 -2 -2 -2 
-1 -1 -1 -1 -1 -1 -1 -1 

5648 14930 16949 12960 18036 7433 5699 7997 
3060 10718 6437 13624 9214 31033 21759 17318 

-3 -2 -3 -2 -2 217 -2 -2 
-1 -1 -1 -1 -1 -1 341 -1 

-3 -3 -3 -3 -2 -2 -2 -3 
-1 -1 -1 -1 -1 -1 -1 -1 

-5 -6 -4 -5 -5 -11 -4 -4 
-1 -1 -1 -1 -1 -1 -1 -1 

-2 -2 -2 -2 -2 -2 -2 -2 
-1 -1 -1 -1 -1 -1 -1 -1 

-2 15816 9776 -2 -2 -2 13898 -2 
3999 -1 7999 15999 -1 13999 25999 -1 

-2 15816 7820 -2 -2 -2 13898 -2 
3999 -1 7999 15999 -1 13999 20798 -1 

-2 25986 10393 -2 -2 -2 13898 -2 
3999 -1 7999 20799 -1 13999 40638 -1 

-2 25986 8313 -2 -2 -2 11116 -2 
3999 -1 7999 13310 -1 11198 40638 -1 

-2 20788 3403 -2 -2 -2 7483 -2 
3999 -1 6654 6813 -1 8958 26007 3999 

-2 -2 -2 -2 -2 -2 -2 -3 
-1 -1 -1 -1 -1 -1 -1 -1 

-2 -2 -2 -2 -2 -2 -2 -3 
-1 -1 -1 -1 -1 -1 -1 -1 

12093 14025 12542 5021 12632 19823 20716 25531 
17307 25171 24689 14851 8399 24198 12918 25620 

12093 11218 18366 3212 4136 18284 20716 25531 
11075 25171 19750 9503 16719 26686 8266 20495 

12093 11218 24692 3212 4136 18284 20716 25531 
11075 25171 19750 9503 21375 26686 8266 20495 

12093 11218 19753 3212 4136 18284 20716 25531 
11075 25171 19750 9503 17099 26686 8266 20495 

12093 11218 25802 3212 2116 14626 20716 25531 
11075 25171 15799 9503 27679 17078 6612 20495 

12093 11218 33141 3212 16549 11700 20716 25531 
11075 25171 16639 9503 32143 10929 19289 20495 

41 15 -3 -2 0 1398 12 2811 
-1 47 703 1 0 1309 0 20 

41 13345 -3 -2 15000 1398 12509 2811 
-1 47 703 1 0 17237 6000 20 

41 20676 -3 -2 15000 1398 12509 2811 
-1 47 703 1 0 17789 6000 20 

339 1284 1963 -3 -4 -3 1894 -3 
1004 669 -1 -1 534 -1 1308 387 

67 333 10071 7676 10853 5635 9211 1276 
2693 5466 4668 3070 217 7199 668 4957 

67 333 10071 7676 10853 5635 7368 1276 
2154 5466 4668 3070 217 7199 668 4957 

0 590 279 522 925 153 982 131 
229 728 624 133 7 393 45 3171 

7326 1404 56 132 472 46 2102 8891 
92 371 10461 2627 1572 200 2573 6097 

3107 16 61 32 313 189 69 36 
603 449 1392 146 685 563 13 1511 

3107 16 61 32 313 189 69 36 
603 449 1392 146 685 563 13 1511 

317 503 -10 547 18 -1 624 19998 
99 116 5583 6 71 4595 2563 101 

317 503 -10 10349 18 7998 8832 19998 
10079 116 4466 6 71 8940 2563 10080 

317 2902 -10 10349 5014 7998 8832 18725 
10079 116 4466 4004 71 8940 6050 14064 

317 2902 -10 29623 5014 7998 8832 18725 
10079 116 4466 4004 71 8940 10840 17251 

317 2902 -10 43698 5014 7998 8832 18725 
10079 116 4466 4004 71 8940 12672 17251 

317 2902 -10 48291 5014 7998 8832 18725 
10079 116 4466 4004 71 8940 18137 17251 

153 1851 -9 40299 5014 7998 8832 14979 
8062 116 6857 2561 71 7151 18137 8831 

153 1851 -9 40299 5014 7998 8832 26983 
8062 116 6857 2561 71 11720 18137 8831 

-4 -5 15 -3 -3 -4 -3 -2 
-1 -1 -1 -1 -1 341 -1 -1 

-2 -2 -2 -2 -2 -2 -2 -2 
-1 -1 -1 -1 -1 -1 -1 -1 

1998 7793 -2 11129 16132 14532 26840 2406 
-1 6398 33035 6735 18055 -1 -1 15998 

-2 26 -2 -2 -2 -2 -2 -2 
-1 1 -1 -1 -1 -1 -1 -1 

-2 -3 -2 -3 184 -2 -2 -3 
-1 -1 534 -1 -1 -1 -1 -1 

-4 -4 -6 -9 -6 -7 -5 -4 
-1 -1 -1 -1 -1 -1 -1 -1 

-2 -2 -2 -2 -2 -2 -2 -2 
-1 -1 -1 -1 -1 -1 -1 -1 

-2 -2 -2 -2 6205 -2 -2 -2 
35999 -1 -1 -1 -1 -1 -1 -1 

-2 -2 -2 -2 4963 -2 -2 -2 
28798 -1 -1 -1 -1 -1 -1 -1 

-2 -2 -2 -2 8163 -2 -2 -2 
49038 -1 -1 -1 -1 -1 -1 -1 

-2 -2 -2 -2 10578 9998 -3 -2 
37783 7999 -1 -1 -1 -1 -1 -1 

-2 -2 -2 147 6769 6564 129 -2 
21904 6398 5759 -1 -1 -1 -1 -1 

-2 -2 -2 -2 -2 -2 -2 -2 
-1 -1 -1 -1 -1 -1 -1 -1 

-2 -2 -2 -2 -2 -2 -2 -2 
-1 -1 -1 -1 -1 -1 -1 -1 

6191 9277 13091 14596 9081 6129 12395 5483 
488 11828 16936 14927 33922 27121 2749 13479 

10360 12421 10471 16451 5810 4902 9915 8386 
390 11828 14670 14927 33922 28644 1758 10782 

23288 12421 10471 16451 5810 4902 9915 8386 
390 11828 14670 14927 33922 28915 1758 10782 

18630 12421 10471 16451 5810 4902 9915 8386 
390 11828 14670 14927 33922 23131 1758 10782 

19922 12421 10471 13160 5810 3921 7931 8386 
390 11828 9388 14927 33922 29203 1406 10782 

27366 12421 10471 10527 5810 3921 6344 8386 
390 11828 7510 14927 33922 31489 1406 10782 

-1 -2 -1 15 1 0 4105 0 
0 0 -1 669 -1 18 -1 18 

23999 -2 -1 10009 1 0 4105 0 
7200 10000 -1 669 -1 18 -1 18 

23999 -2 -1 23007 1 0 4105 0 
7200 14000 -1 669 -1 18 -1 18 

31 -6 -3 -3 -5 -3 -4 -4 
-1 -1 261 -1 -1 -1 -1 -1 

2149 -4 11729 7525 11996 1703 -3 6663 
2558 3524 3924 -1 3998 6046 7839 -1 

2149 -4 11729 21020 11996 1703 -3 6663 
8046 3524 3924 -1 3998 6046 7839 -1 

141 1111 405 732 3926 350 2092 288 
440 1310 524 -1 492 517 671 -1 

17 20888 2179 467 35547 7664 5070 1371 
7825 7608 4936 3998 8378 210 342 6559 

198 621 1165 1169 698 762 1933 332 
1275 3325 89 3272 5161 4858 1309 4199 

198 621 1165 1169 20558 762 1933 332 
1275 3325 89 3272 8128 4858 1309 4199 

222 238 1080 285 10567 60 434 800 
1051 444 5333 1070 3800 3108 4139 1541 

222 8151 1080 227 20895 8038 434 800 
840 12355 14266 1070 11945 11588 4139 1541 

222 9854 1080 227 19573 11144 434 800 
840 15884 15412 1070 11945 16616 4139 1541 

222 17883 1080 10181 19573 11144 434 800 
840 15884 15412 1070 11945 17292 9311 1541 

222 27639 1080 10181 19573 11144 434 800 
840 15884 15412 1070 11945 17292 15448 1541 

222 37111 1080 10181 19573 11144 434 800 
840 15884 15412 1070 11945 17292 18358 1541 

174 37111 1975 10181 19573 11144 434 403 
671 15884 15412 1070 11945 11066 14686 5232 

174 37111 1975 10181 19573 11144 434 403 
671 15884 15412 1070 11945 11066 14686 5232 

-3 -5 4995 -4 6396 1274 -7 -3 
-1 2046 -1 -1 -1 3998 2046 -1 

-2 -2 -2 -2 -2 -2 -2 -3 
-1 -1 -1 -1 -1 -1 -1 -1 

12507 11836 12229 7998 4264 13095 6397 5239 
-1 40065 1636 6376 9009 19518 16639 15998 

-2 -2 -3 -2 -2 -2 -3 -2 
-1 -1 -1 -1 -1 -1 -1 -1 

-4 -4 -3 -2 -2 -3 -2 -3 
-1 -1 -1 -1 -1 -1 -1 -1 

-2 -2 -2 -2 -2 -2 -2 -2 
-1 -1 -1 -1 -1 -1 -1 -1 

-8 -7 -4 -3 -6 -5 -7 -6 
-1 -1 -1 -1 -1 -1 -1 -1 

-8 -7 -4 -2 -6 5996 7091 -6 
43999 -1 -1 -1 -1 5999 -1 -1 

-8 -7 -4 -2 -6 5996 7091 -6 
43999 -1 -1 -1 -1 5999 -1 -1 

-8 -7 -4 4191 -6 5996 7091 -6 
43999 -1 -1 25999 -1 5999 -1 -1 

-7 -7 -4 12456 -6 5996 7091 -5 
43999 -1 -1 27838 3999 4798 -1 -1 

113 -5 -2 2805 126 3836 4711 285 
28287 -1 1636 16009 3996 3209 2046 3999 

-2 -2 -2 -2 -2 -2 -2 -2 
-1 -1 -1 -1 -1 -1 -1 -1 

-2 -2 -2 -2 -2 -2 -2 -2 
-1 -1 -1 -1 -1 -1 -1 -1 

6619 8270 14178 15753 18041 25347 8726 623 
17591 11236 9608 35705 9636 13179 106 13706 

9235 11006 9072 22602 18041 25347 4463 397 
17657 11236 9608 30850 7708 13179 2090 7016 

9235 11006 9072 22602 18041 25347 4463 15317 
17657 11236 9608 30680 7708 13179 2090 7016 

9235 11006 9072 22602 18041 25347 4463 12253 
17657 11236 9608 24543 7708 13179 2090 7016 

5909 11006 9072 18081 14432 25347 11070 15841 
11299 11236 6148 35634 12166 13179 2090 5612 

4726 11006 9072 14464 11545 25347 17189 24672 
7230 11236 6148 40507 19732 13179 2090 4489 

319 13 -2 -4 45 146 2204 0 
-1 124 -1 1 111 15 341 2585 

319 15010 13331 -4 10036 146 2204 0 
-1 8099 -1 6000 111 15 8272 2585 

319 15010 30664 -4 10036 146 2204 0 
-1 10479 -1 6000 111 15 8272 2585 

-3 -4 -4 -2 -4 -3 43 -5 
-1 0 -1 -1 -1 -1 44 -1 

6122 9702 3330 3532 3409 2556 4854 1417 
5118 7999 3198 10557 -1 5998 5770 3733 

6122 9702 3330 17825 3409 2556 4854 1417 
5118 7999 3198 10557 -1 5998 10616 3733 

520 1297 438 1236 91 104 262 91 
279 178 330 1131 -1 642 727 781 

3807 827 4130 5965 1642 40 105 8045 
113 142 2694 3923 -1 2727 4464 5126 

323 521 201 0 208 27 514 463 
110 2717 280 5903 2621 700 190 1333 

323 521 201 0 208 27 514 463 
110 2717 280 5903 2621 700 190 1333 

192 3119 1674 -6 65 -4 3767 173 
55 710 280 15040 1676 4285 6521 544 

192 3119 1674 -5 65 -4 21188 173 
16044 710 280 15040 1340 4285 6521 14435 

192 3119 1674 -4 65 -4 18893 173 
18835 710 280 15040 1071 4285 6521 15548 

18122 3119 21339 -4 65 -4 18893 173 
21068 710 280 15040 1071 4285 11373 15548 

27830 3119 21339 -4 65 -4 18893 173 
24854 710 280 15040 1071 4285 11373 15548 

32264 3119 21339 -4 65 -4 18893 173 
23883 710 280 15040 1071 4285 11373 15548 

25806 4853 17069 -6 1015 1242 13042 106 
19106 567 9874 12825 684 3802 9098 12438 

25806 4853 17069 -6 1015 1242 13042 106 
19106 567 9874 12825 684 3802 9098 12438 

-2 -2 -2 -2 -2 -2 -2 -2 
-1 -1 -1 -1 -1 -1 -1 -1 

-7 -4 -3 -3 711 -6 -4 -4 
-1 -1 -1 -1 1004 -1 -1 -1 

1750 4651 -2 -25 361 20350 16464 682 
-1 5999 9598 12696 27326 4913 21038 3999 

-2 -2 -2 -2 -2 -2 -2 -2 
-1 -1 -1 -1 -1 -1 -1 -1 

-2 -3 -3 -3 -4 -3 -2 -2 
-1 -1 -1 -1 -1 -1 -1 -1 

-5 -5 -9 -9 -8 -3 -5 -5 
-1 -1 -1 -1 -1 -1 -1 -1 

-2 -2 -2 -2 -2 -2 -2 -2 
-1 -1 -1 -1 -1 -1 -1 -1 

-2 -2 -2 6998 -2 -2 7998 10803 
-1 7999 20399 -1 27999 -1 -1 -1 

-2 -2 -2 6998 -2 -2 7998 8642 
-1 7999 20399 -1 22398 -1 -1 -1 

-2 -2 -2 6998 -2 -2 7998 22174 
-1 7999 24319 -1 41918 -1 -1 -1 

-2 -2 -2 5598 -2 -2 6397 23523 
-1 6398 15563 -1 38027 -1 -1 -1 

87 183 -2 2006 9 63 1741 4812 
-1 4625 6373 837 15574 5445 6245 -1 

-2 -2 -2 -2 -3 -2 -2 -2 
-1 -1 -1 -1 -1 -1 -1 -1 

-2 -2 -2 -2 -3 -2 -2 -2 
-1 -1 -1 -1 -1 -1 -1 -1 

14697 5967 10715 7063 6539 10788 9065 9540 
27747 21067 14216 9028 4133 12946 36620 23934 

11523 5967 10856 3614 5230 10788 7251 11436 
11363 21067 11372 15377 9306 12946 23436 19317 

11523 5967 10856 3614 5230 10788 7251 24148 
11363 21067 11372 18301 9306 12946 23436 19317 

11523 5967 10856 3614 5230 10788 7251 19318 
11363 21067 11372 14640 9306 12946 23436 19317 

11523 5967 8684 2312 4183 10788 7251 25223 
7271 21067 19097 21712 7444 12946 18748 15453 

11523 5967 19447 11849 4183 10788 7251 38594 
11816 21067 25277 29369 15955 12946 18998 15453 

97 -3 -4 764 -2 99 -3 448 
-1 1318 -1 95 103 -1 -1 72 

10077 -3 14996 610 -2 7579 -3 448 
-1 1318 -1 8076 103 -1 -1 10846 

18061 -3 14996 610 -2 7579 -3 448 
-1 1318 -1 12460 103 -1 -1 10846 

0 -4 -6 -4 -5 -3 -3 20 
-1 -1 -1 -1 4 -1 -1 -1 

2221 -4 3652 3066 2945 -4 3273 15 
1636 3070 -1 1636 4000 -1 -1 7371 

2221 -4 3652 17452 2945 -4 3273 15 
7308 3070 -1 1636 4000 -1 -1 7371 

234 -5 74 607 961 -6 51 -6 
172 327 -1 34 669 -1 -1 987 

145 -6 58 13738 2769 -5 5553 5045 
87 3366 -1 2463 8341 5758 6371 630 

153 85 154 59 0 424 108 385 
3199 8 70 419 12 1412 559 197 

153 85 154 59 0 424 108 385 
3199 8 70 419 12 1412 559 197 

213 1367 36 194 1146 4856 0 1 
341 273 7 7 4670 656 7573 4536 

169 11093 6791 194 1146 4856 8000 0 
22272 273 7 5 4670 8419 6058 15628 

2635 11093 7307 194 1146 4856 13066 0 
23817 273 7 5 4670 14188 6058 15628 

2635 11093 7307 10155 1146 13884 30452 0 
23817 6218 7 5 10188 14188 6058 15628 

2635 11093 7307 18124 1146 13884 30452 0 
23817 12974 7 5 10188 14188 6058 15628 

2635 11093 7307 17832 1146 21107 30452 0 
23817 18379 7 5 12150 14188 6058 15628 

1345 5678 6213 8233 1395 7131 21266 -5 
9754 14962 1638 2 11382 5810 3876 12502 

1345 5678 6213 8233 1395 7131 21266 -5 
9754 14962 1638 2 11382 5810 3876 12502 

-2 -2 -2 -2 -2 -3 -2 -2 
-1 -1 -1 -1 -1 -1 -1 -1 

-4 -5 -3 -5 -5 -4 -3 73 
-1 -1 -1 -1 9 -1 -1 -1 

10244 17997 4476 7888 4885 3997 3997 6268 
28335 26463 15656 -1 6658 -1 8958 -1 

-2 -2 -2 -2 -3 -2 -2 -2 
-1 -1 -1 -1 -1 -1 -1 -1 

11 34 -3 -2 -2 -3 -3 -2 
0 -1 -1 0 -1 -1 -1 10 

-8 -5 -7 -4 -5 -9 -6 -4 
-1 -1 -1 -1 -1 -1 -1 -1 

-2 -2 -2 -2 -2 -2 -2 -2 
-1 -1 -1 -1 -1 -1 -1 -1 

-2 -2 4208 -2 -2 6248 -2 -2 
-1 -1 15998 -1 -1 -1 19999 -1 

-2 -2 3366 -2 -2 6248 -2 -2 
-1 -1 12798 -1 -1 -1 19999 -1 

-2 -2 18797 -2 -2 6248 -2 -2 
-1 -1 35390 -1 -1 -1 19999 -1 

-2 -2 25037 -2 5997 6248 -2 -2 
-1 -1 21958 -1 -1 -1 19999 7998 

-53 169 10495 138 2401 4054 152 -2 
3999 -1 8992 2558 3198 2046 15998 8523 

-2 -2 -2 -2 -2 -2 -2 -2 
-1 -1 -1 -1 -1 -1 -1 -1 

-2 -2 -2 -2 -2 -2 -2 -2 
-1 -1 -1 -1 -1 -1 -1 -1 

2737 12270 947 8571 5935 24355 38675 3320 
18774 18511 24007 20375 7605 16188 8170 13442 

1750 13566 4090 8571 8498 12467 24750 12656 
19019 16646 19205 22911 3892 12950 8170 13442 

1750 13566 4090 8571 8498 12467 24750 23458 
19019 16646 19205 26328 3892 12950 8170 13442 

1750 13566 4090 8571 8498 12467 24750 18766 
19019 16646 19205 21062 3892 12950 8170 13442 

1399 10852 4090 8571 8498 9973 24750 25012 
19019 16646 15363 29479 3113 12950 8170 13442 

11119 22014 4090 8571 8498 17048 24750 32009 
19019 16646 20290 36466 8391 12950 8170 13442 

50 -4 -4 -3 -3 339 -4 -3 
-1 -1 116 138 -1 -1 -1 -1 

128 1 1 11 -2 61 1 273 
173 434 -1 279 73 18 0 0 

13373 -4 14996 -3 -3 339 13330 -3 
-1 7999 6092 8110 -1 -1 -1 -1 

13373 -4 14996 -3 -3 339 17330 -3 
-1 7999 8873 8110 -1 -1 -1 -1 

12995 -4 9886 13425 1392 5794 9945 7676 
9839 9035 8131 7162 9101 1309 3838 3999 

12995 -4 9886 13425 1392 5794 27956 7676 
9839 9035 10504 7162 9101 1309 3838 3999 

1738 -4 721 1147 69 441 1915 1604 
1318 128 2539 199 661 110 410 1885 

567 -3 2769 4067 2905 6577 6898 5819 
538 102 9694 6501 215 4856 208 964 

858 4106 -2 924 1153 90 658 14 
427 3845 2780 35 3030 1829 3199 1479 

858 4106 -2 924 1153 90 658 14 
427 3845 2780 35 3030 1829 3199 1479 

2866 324 -30 68 2596 110 35 -28 
21 5314 3417 7759 113 78 1373 196 

10070 6925 12476 68 2596 15069 12028 -28 
14016 5314 3417 18207 113 8062 11098 6125 

10056 6925 12476 68 2596 18721 9622 -28 
19212 5314 3417 14565 113 8062 11098 8900 

10056 6925 19980 68 2596 24976 9622 -28 
19212 5314 6733 14565 113 8062 11098 13120 

10056 6925 25984 68 2596 24976 9622 -28 
19212 5314 6733 14565 113 8062 11098 18496 

10056 6925 34120 68 2596 24976 9622 -28 
19212 5314 6733 14565 113 8062 11098 22796 

10056 6925 18797 50 2596 19980 9622 -24 
19369 5314 4308 14565 90 8062 11098 14588 

10056 20540 18797 50 2596 19980 9622 -24 
21495 5314 4308 14565 90 8062 11098 14588 

-3 -6 -4 40 -4 -4 55 -3 
-1 -1 -1 27 -1 -1 -1 272 

-3 -2 -2 -2 -2 -2 -2 -2 
-1 -1 -1 -1 -1 -1 -1 -1 

17553 16945 12798 -2 5614 18279 1884 13360 
7801 21999 -1 10879 12095 15467 14456 16911 

-2 74 -2 -2 -2 -2 -2 -2 
-1 -1 34 -1 -1 -1 -1 -1 

-2 -2 -3 -4 -2 -3 -2 -3 
-1 -1 -1 -1 -1 -1 -1 -1 

-2 -2 -2 -2 -2 -2 -2 -2 
-1 -1 -1 -1 -1 -1 -1 -1 

-5 -8 -5 -7 -4 -3 -2 -4 
-1 -1 -1 -1 -1 -1 -1 -1 

-5 -8 -5 -5 6425 -3 -2 -4 
35999 -1 -1 -1 -1 -1 -1 -1 

-5 -8 -5 -5 6425 -2 -2 -4 
35999 -1 -1 -1 -1 -1 -1 -1 

-5 -8 -5 -5 6425 -2 13331 4134 
35999 7999 23999 -1 -1 -1 -1 -1 

-5 -8 -5 -5 6425 -2 13331 7450 
46799 6398 23999 -1 -1 -1 -1 -1 

-4 -5 323 -4 5139 -2 6954 4767 
37438 5118 11877 -1 -1 -1 3198 -1 

-2 -2 -2 -2 -2 -2 -2 -2 
-1 -1 -1 -1 -1 -1 -1 -1 

-2 -2 -2 -2 -2 -2 -2 -2 
-1 -1 -1 -1 -1 -1 -1 -1 

14872 11409 10125 8102 13453 12927 23283 17002 
20140 48381 13123 18080 19802 9658 8041 21172 

14872 15212 10478 8147 13453 10340 14900 20744 
16111 43763 13123 15570 10137 7726 6432 25550 

14872 15212 10478 8147 13453 10340 14900 31595 
16111 43763 13123 15570 10137 7726 6432 26440 

14872 15212 10478 8147 13453 10340 14900 25275 
16111 43763 13123 15570 10137 7726 6432 21151 

14872 9734 8382 6517 13453 10340 14900 31220 
16111 28007 13123 15570 6486 7726 6432 38920 

14872 26896 26705 15213 13453 8271 14900 37476 
16111 28324 13123 15570 15351 7726 5145 41136 

10295 -4 -3 -4 1632 -3 3 -4 
-1 1636 0 88 4273 1 -1 -1 

19902 -4 -3 -4 1632 -3 3 -4 
-1 1636 14000 88 4273 1 -1 -1 

30921 -4 -3 -4 1632 -3 3 -4 
-1 1636 17200 88 4273 1 -1 -1 

-3 -5 0 -3 -5 11 -3 -5 
-1 1 -1 70 -1 0 -1 -1 

-3 3195 1997 -3 -5 4000 1020 3583 
-1 -1 -1 1327 6398 7999 3198 4509 

-3 12556 1997 -3 -5 4000 1020 3583 
-1 3999 -1 1327 6398 7999 3198 4509 

-6 1071 63 -5 -8 106 38 763 
-1 217 -1 140 223 1114 836 196 

2579 1280 1768 -3 -5 2540 5352 1988 
-1 5870 3198 3244 71 4295 5547 2507 

670 1720 1884 548 470 1947 1001 137 
6312 6503 4095 8617 914 786 51 3964 

670 1720 1884 548 470 1947 1001 137 
6312 6503 4095 8617 914 786 51 3964 

200 3111 458 8 288 78 3594 794 
540 2410 8910 1429 30 2667 5 2639 

159 3111 458 8339 8563 10062 3594 794 
18276 2410 8910 1429 10024 2667 5 2639 

3127 3111 458 8099 10850 10062 3594 794 
20496 2410 8910 1429 12019 2667 5 2639 

-3 -4 -4 -5 -4 -6 -5 -4 
-1 -1 -1 -1 -1 -1 -1 -1 

-2 -4 -4 6662 -4 -6 -5 9996 
-1 -1 7199 -1 -1 -1 -1 -1 

-2 -4 -4 15329 -4 -6 -5 9996 
-1 -1 9759 -1 -1 -1 -1 -1 

-2 -4 -4 25596 -4 -6 -5 9996 
-1 -1 15807 -1 -1 -1 -1 -1 

-5 -5 -4 22294 1535 -5 -5 6390 
-1 -1 13316 -1 -1 -1 3999 -1 

-5 -5 -4 22294 1535 -5 -5 15112 
-1 -1 13316 -1 3999 -1 3999 -1 

-2 -2 -2 -2 -2 44 -2 -2 
-1 -1 -1 -1 2 -1 -1 -1 

15883 5331 6162 26477 8525 9851 4998 10211 
7207 10489 3838 33826 7146 20265 19824 3999 

-2 -2 -2 -1 -2 -2 -2 -2 
-1 -1 -1 -1 -1 -1 -1 -1 

4 -3 -2 -4 -3 -3 -3 -3 
-1 -1 -1 16 -1 -1 -1 -1 

-4 -6 -6 -3 -10 -7 -7 -5 
-1 -1 -1 -1 -1 -1 -1 -1 

-4 6358 -6 6247 -10 -7 -7 6662 
-1 -1 34399 -1 -1 9999 -1 -1 

-4 5086 -6 6247 -10 -7 -7 6662 
-1 -1 27518 -1 -1 9999 -1 -1 

-4 8868 -6 6247 -10 -7 -7 6662 
-1 -1 46014 -1 -1 9999 -1 -1 

-4 12532 -6 7996 -10 -7 -6 5328 
-1 -1 31238 -1 -1 9598 -1 -1 

-3 8161 -6 5116 -7 -7 66 5328 
-1 -1 17402 -1 -1 9598 -1 -1 

-3 -2 -2 -2 -2 -2 -2 -2 
-1 -1 -1 -1 -1 -1 -1 -1 

-2 -2 -2 -2 -2 -2 -2 -2 
-1 -1 -1 -1 -1 -1 -1 -1 

-2 -2 -2 -2 -2 -2 -2 -2 
-1 -1 -1 -1 -1 -1 -1 -1 

6428 16854 14990 17318 5056 10349 10050 8225 
11589 9887 7798 20421 17690 7295 26437 12847 

6428 12894 14849 11082 5056 8278 6430 20764 
9270 11909 12990 19469 14151 5835 21149 13021 

17642 12894 14849 11082 5056 8278 6430 20764 
9270 19527 12990 19469 14151 5835 21149 13021 

14113 12894 14849 11082 5056 8278 6430 20764 
9270 15621 12990 19469 14151 5835 21149 13021 

18031 10314 14849 11082 4044 8278 6430 16610 
9270 30496 12990 19469 9055 5835 16918 10416 

24424 8250 14849 11082 4044 8278 6430 13287 
9270 40396 12990 19469 7243 5835 16918 8332 

-2 1646 12 2 -3 -3 -1 159 
1636 0 4 9 -1 4 57 79 

14998 1646 13342 2 19997 13330 -1 13460 
1636 0 14962 9 7999 4 8045 79 

14998 1646 13342 2 19997 13330 -1 17434 
1636 0 14962 9 7999 4 10436 79 

-5 -3 -3 -4 -4 -3 -3 6395 
-1 -1 -1 -1 -1 -1 -1 3198 

2556 16140 4195 9996 3195 1276 -3 10200 
2046 9199 4606 7199 1636 3357 2046 1308 

2556 12911 4195 9996 3195 1276 -3 10200 
2046 9199 3684 7199 1636 3357 2046 1308 

742 357 1607 344 211 81 -6 555 
110 1167 314 492 21 702 482 44 

238 6811 656 11520 734 3240 -5 9760 
4287 3796 101 3514 2 7784 4308 3221 

1160 -2 1446 2821 2019 338 174 4493 
-1 6527 5246 1053 8785 2698 163 5209 

1160 -2 1446 22256 2019 338 174 4493 
-1 9221 5246 1053 8785 2698 163 5209 

401 1408 668 2633 728 235 169 1044 
7130 4684 182 219 1182 564 1580 2018 

401 12567 668 2633 8360 235 169 1044 
7130 4684 14145 219 14945 564 1263 2018 

401 13566 3391 7106 9354 235 169 4168 
7130 7747 19562 219 15956 564 7010 2018 

401 13566 12712 12351 9354 187 169 4168 
7130 7747 19649 174 15956 564 7010 5614 

401 20852 12712 12351 9354 187 169 4168 
9704 7747 19649 174 15956 564 7010 5614 

401 26681 12712 12351 9354 187 169 4168 
13763 7747 19649 174 15956 564 7010 5614 

316 19474 12712 11237 9354 1631 131 4352 
8807 7747 21375 2648 15956 4288 7010 3592 

20252 19474 12712 11237 9354 1631 131 4352 
8807 7747 21375 2648 16764 4288 7010 3592 

-3 -2 -2 -2 -2 -2 -3 -2 
-1 -1 -1 -1 -1 -1 -1 -1 

-4 -4 -3 -6 -3 -3 -5 -5 
0 -1 -1 -1 -1 -1 -1 -1 

2539 -3 -4 -4 2615 16226 16027 9996 
5341 6270 1636 3998 -1 -1 27503 14677 

-2 -2 -2 -2 -2 -2 -2 -2 
-1 -1 -1 -1 -1 -1 -1 -1 

-5 -4 -4 -9 -9 -5 -10 -7 
-1 -1 -1 -1 -1 -1 -1 -1 

892 -2 -3 -2 -2 -3 -2 -3 
-1 -1 -1 -1 -1 1046 -1 -1 

892 -2 9997 -2 -2 -3 -2 3497 
27999 -1 -1 3999 -1 1046 -1 -1 

892 -2 9997 -2 -2 -3 -2 2797 
22398 -1 -1 3999 -1 1046 -1 -1 

892 -2 9997 -2 -2 -3 -2 17892 
35918 -1 -1 3999 -1 1046 -1 7999 

892 -2 6396 -2 20498 -3 -2 17892 
28734 9999 -1 3198 7999 668 -1 7999 

713 -2 4283 -2 13255 -2 137 14313 
22986 7998 -1 6558 10399 2320 -1 7999 

-2 -2 -2 -2 -2 -2 -2 -2 
-1 -1 -1 -1 -1 -1 -1 -1 

-3 -3 -3 -4 -3 -4 -3 -4 
-1 7 -1 -1 -1 -1 -1 -1 

-3 -3 -3 -4 -2 -4 -3 -4 
-1 7 -1 -1 -1 -1 -1 -1 

14864 11393 17968 9548 4414 12839 8458 2233 
38675 12428 22755 11684 22004 26321 3907 26140 

17511 7289 11497 4887 2823 25778 6764 2233 
30939 7953 24050 11684 17602 16675 2499 22226 

26508 7289 11497 4887 2823 25778 6764 2233 
30939 7953 29240 11684 17602 16675 2499 22226 

21206 7289 11497 4887 2823 25778 6764 2233 
30939 7953 23391 11684 17602 16675 2499 22226 

27964 7289 9197 4887 2258 16497 5410 2233 
30939 7953 32569 11684 17602 13339 2499 11378 

32371 7289 9197 4887 2258 16497 4327 2233 
30939 7953 40055 11684 17602 13339 2499 9102 

315 -3 22 -2 0 4436 134 5 
57 2718 13 1 30 1810 22 21 

315 13330 22 9998 9999 4436 134 5 
45 2718 13 10000 30 9448 10017 21 

315 13330 22 9998 22999 4436 134 5 
45 2718 13 14000 30 9448 10017 21 

919 13969 12 6395 8074 3521 64 3 
1321 3517 7 14000 3218 3868 2624 2570 

919 13969 12 6395 21459 3521 64 3 
7056 3517 7 14000 3218 3868 2624 2570 

93 606 1065 1671 380 1210 -1 -6 
755 300 342 1304 219 134 350 890 

3377 156 542 1068 4241 4295 2182 -5 
2294 5913 2699 425 111 53 142 454 

655 1811 100 141 243 153 1107 1775 
0 3922 372 2329 3913 354 2610 619 

655 1811 100 141 243 153 1107 1775 
0 3922 372 2329 3913 354 2610 619 

158 1202 37 4204 103 113 1348 2802 
-1 5207 1759 1489 4383 114 2087 20956 

158 8461 37 4204 19785 10090 1348 12241 
-1 17732 1759 1489 19605 6091 2087 16764 

158 8991 37 4204 16340 10090 1348 14792 
-1 18185 1759 1489 21747 8872 2087 17411 

-2 -2 -2 -2 -2 -2 -2 -2 
-1 -1 -1 -1 -1 -1 -1 -1 

-2 -2 -2 -2 -2 -2 9998 6665 
-1 -1 3999 -1 -1 3999 -1 -1 

-2 -2 -2 -2 -2 -2 9998 15332 
-1 -1 3999 -1 -1 7199 -1 -1 

-2 -2 -2 -2 -2 -2 9998 22265 
-1 -1 3999 -1 -1 11759 -1 -1 

1426 -2 -5 2855 1330 -3 6395 11394 
-1 -1 6559 -1 -1 7525 3999 3999 

1426 -2 -5 2855 1330 -3 6395 21615 
-1 -1 6559 9999 -1 7525 3999 3999 

-3 -2 -3 -2 -2 -2 -3 -2 
-1 -1 -1 -1 -1 -1 -1 -1 

-5 -4 -3 -4 -5 -4 -5 -3 
-1 -1 -1 -1 -1 -1 -1 -1 

1773 5997 -2 -3 6758 14024 3701 11598 
16882 22879 -1 21182 -1 8958 -1 9598 

-2 -2 -2 -2 -2 -2 -2 -2 
-1 -1 -1 -1 -1 -1 -1 -1 

-7 -5 -5 -7 -4 -10 -4 -3 
-1 -1 -1 -1 -1 -1 -1 -1 

-3 -3 -3 -3 -2 0 -3 -3 
-1 -1 -1 -1 -1 -1 -1 -1 

7928 -3 -3 5553 -2 0 -3 -3 
-1 45999 -1 -1 -1 -1 9999 -1 

6342 -3 -3 5553 -2 0 -3 -3 
-1 36798 -1 -1 -1 -1 9999 -1 

9002 -3 -3 5553 -2 0 -3 -3 
-1 51438 -1 -1 -1 -1 9999 -1 

11201 -2 -3 4442 -2 0 -3 -3 
-1 45150 -1 -1 -1 -1 6398 -1 

5733 -2 257 2774 -2 0 144 -2 
-1 36119 7199 -1 -1 -1 5118 -1 

-2 -2 -2 -2 -2 -3 -2 -2 
-1 -1 -1 -1 -1 -1 -1 -1 

-2 -2 -2 -2 -2 -3 -2 -2 
-1 -1 -1 -1 -1 -1 -1 -1 

12253 6581 12174 13448 5134 12375 12312 8223 
18718 14904 26275 20067 22535 26769 20990 19909 

12253 5264 7789 18004 11607 7916 12312 5260 
18718 20296 26275 14113 18027 17131 16791 19909 

12253 5264 21231 18004 11607 7916 12312 5260 
18718 20296 26275 14113 18027 19704 16791 19909 

12253 5264 16984 18004 11607 7916 12312 5260 
18718 20296 26275 14113 18027 15762 16791 19909 

9802 17544 16009 18004 11607 7916 9849 4207 
14974 19389 26275 11290 18027 22887 16791 15926 

9802 19227 22807 18004 11607 7916 9849 13365 
11978 25511 26275 15032 18027 26309 16791 15926 

37 -4 815 1 8 -2 -2 -3 
8 0 -1 3 4 669 -1 174 

37 12496 815 1 8 25665 -2 -3 
10006 0 5999 3 4 8535 -1 174 

37 23330 815 1 8 25665 -2 -3 
16004 0 5999 3 4 8535 -1 174 

-2 -2 -2 -2 -2 -2 -2 -2 
-1 -1 -1 -1 -1 -1 -1 -1 

-2 -2 1276 6135 3997 1485 -2 5115 
3998 3999 5309 4094 5118 -1 -1 -1 

-2 -2 1276 6135 3997 1485 -2 14092 
3998 3999 10247 4094 5118 -1 -1 -1 

-5 -6 976 264 168 1957 -6 958 
264 1046 228 779 142 427 -1 -1 

-4 7832 8498 4093 2828 5508 -6 3317 
168 14897 7388 9634 113 87 -1 5758 

1569 1351 586 3804 209 5566 128 3302 
1636 4714 6477 7357 7327 4673 -1 6790 

1569 1351 586 3804 209 5566 128 22641 
1636 4714 6477 7357 7327 4673 3999 6790 

-2 -1 -6 -3 7996 -5 -4 1 
-1 2558 -1 9 -1 -1 -1 -1 

7776 -1 -6 -2 7996 6396 -4 28000 
21199 6046 -1 6 7999 -1 -1 -1 

8363 -1 -6 -2 7996 10116 -3 28000 
22367 6046 -1 6 6398 -1 -1 -1 

1356 3165 133 2538 301 362 -13 4410 
4110 322 554 3589 7413 2795 9933 7537 

1084 3165 15106 2538 10240 362 -13 4410 
4110 322 6443 3589 7413 8236 9933 6029 

1084 3165 15106 2538 18192 362 -13 4410 
4110 322 6443 3589 7413 10588 9933 6029 

1084 3165 15106 2538 29553 362 -13 4410 
4110 322 6443 3589 7413 14470 9933 6029 

864 2529 12081 2538 16197 362 -13 4820 
4110 322 5154 2870 5930 15576 10356 3857 

864 2529 12081 2538 16197 362 9989 4820 
4110 322 5154 2870 5930 15576 22284 3857 

-2 -2 -2 -2 -2 -2 -3 -2 
-1 -1 -1 -1 -1 -1 -1 -1 

1741 89 -4 -5 -4 -7 -4 -6 
-1 838 -1 -1 -1 -1 -1 -1 

5678 7295 15083 5329 6609 -4 10397 12270 
-1 838 6398 -1 9598 25151 6879 27134 

-2 -2 -3 -2 -2 -2 -3 -2 
-1 -1 -1 -1 -1 -1 -1 -1 

-3 -6 -4 -4 -2 -5 -11 -4 
-1 -1 -1 -1 -1 -1 -1 -1 

-3 -2 -3 -3 -2 -4 -2 -2 
-1 -1 -1 -1 -1 -1 -1 -1 

12236 -2 -3 -3 -2 -4 -2 -2 
-1 -1 -1 -1 -1 -1 44799 -1 

9788 -2 -3 -3 -2 -4 -2 -2 
-1 -1 -1 -1 -1 -1 35838 -1 

9788 -2 -3 -3 -2 -4 4998 -2 
-1 -1 -1 -1 27999 -1 35838 -1 

13010 -2 -3 -3 -2 -3 6890 -2 
-1 -1 -1 -1 27518 -1 26135 -1 

6803 -2 -2 -2 -2 -2 3627 -2 
-1 -1 -1 -1 20811 -1 19926 -1 

-2 -2 -2 -2 -2 -2 -2 -2 
-1 -1 -1 -1 -1 -1 -1 -1 

-2 -2 -2 -2 -2 -2 -2 -2 
-1 -1 -1 -1 -1 -1 -1 -1 

11095 15125 21279 16605 12859 5746 17620 8275 
7944 23347 10118 22168 25169 9789 39746 21339 

8875 17179 17021 10624 12859 8477 11603 15356 
7944 23347 4143 11349 34508 11064 25436 24456 

8875 17179 17021 10624 12859 16781 11603 15356 
7944 23347 4143 11349 34508 16851 25436 24456 

8875 17179 17021 10624 12859 13424 11603 15356 
7944 23347 4143 11349 34508 13480 25436 24456 

8875 13742 25045 21832 12859 10738 7425 15356 
25884 18677 3314 9078 27606 13480 25436 24456 

8875 10993 32536 27465 12859 10738 7425 15356 
29252 18677 3314 9078 27606 13480 25436 24456 

0 51 2 129 15 -1 14 5370 
26 76 -1 386 7 18 0 3203 

0 15040 2 129 15 13332 14 16296 
26 76 -1 18647 7 6014 0 3203 

0 15040 2 129 15 23165 14 16296 
26 76 -1 24917 7 6014 0 3203 

7995 -5 545 544 33 -3 -4 42 
-1 15 -1 1310 -1 -1 -1 5111 

18060 -4 221 275 1712 19996 -3 6687 
-1 1642 -1 669 3198 4837 1309 6616 

18060 -4 221 275 16369 19996 -3 6687 
-1 1642 -1 669 8558 4837 1309 6616 

788 -7 652 20 1251 2140 -6 1397 
1050 110 -1 138 374 134 70 708 

162 -5 329 1609 2373 8966 7888 3769 
6103 5864 -1 55 3193 2602 846 452 

1996 1434 1066 363 1465 831 498 1059 
2326 2560 4273 7839 10421 1719 4457 2511 

1996 1434 20852 363 1465 831 498 1059 
2326 2560 4273 7839 12336 1719 4457 2511 

339 74 3176 1837 110 93 -2 688 
2391 8139 2026 6183 1361 58 194 2730 

339 12059 3176 1837 110 73 16220 688 
2391 16408 2026 6183 5088 58 194 14184 

339 12059 3176 1837 110 58 16643 688 
2391 15300 2026 6183 8070 58 194 14184 

339 12059 3176 1837 15403 58 16643 688 
2391 15300 5620 6183 10456 58 194 14184 

339 12059 3176 1837 22322 58 16643 688 
2391 15300 8496 6183 10456 58 194 14184 

339 12059 3176 1837 27857 58 16643 688 
2391 15300 14796 6183 10456 58 194 14184 

339 19647 1620 4787 12258 45 16643 688 
5223 15300 19335 4946 6691 46 194 9077 

339 19647 1620 4787 19806 45 16643 688 
5223 15300 19335 4946 6691 46 14155 9077 

-2 -2 -2 -3 -2 -2 -2 -2 
-1 -1 -1 -1 -1 -1 -1 -1 

894 -3 -4 9995 -3 -6 -5 -5 
-1 -1 -1 -1 -1 4803 -1 -1 

4800 1917 -20 4791 3952 3977 18176 11072 
6910 2558 13924 3198 -1 6057 17483 16659 

-2 -2 -2 -2 -2 -2 -2 -2 
-1 -1 -1 -1 -1 -1 -1 -1 

-9 -6 -4 -6 -6 -7 -11 -4 
-1 -1 -1 -1 -1 -1 -1 -1 

-3 -2 -3 -3 -2 -4 -3 -3 
-1 -1 -1 -1 -1 -1 -1 -1 

5158 -2 -3 -3 -2 -4 -3 -2 
-1 -1 -1 -1 -1 -1 -1 31999 

5158 -2 -3 -3 -2 -4 -3 -2 
-1 -1 -1 -1 -1 -1 -1 31999 

5158 -2 -3 -3 4641 -4 -3 -2 
-1 -1 -1 25999 -1 -1 -1 31999 

4125 -2 -3 -3 3711 -4 -3 6855 
-1 7678 -1 20798 -1 -1 -1 31999 

2412 -2 -2 -2 2374 -4 -3 3628 
-1 4960 -1 16638 -1 -1 3198 25598 

-2 -2 -2 -2 -2 -2 -2 -2 
-1 -1 -1 -1 -1 -1 -1 -1 

-2 -2 -2 -2 -2 -2 -2 -2 
-1 -1 -1 -1 -1 -1 -1 -1 

16188 17998 26308 10865 16973 12684 19631 15695 
16883 21758 21911 28857 16650 40388 78 58926 

12949 17998 21044 5560 28862 12493 12561 19801 
13506 21406 17217 29085 13319 16541 49 48112 

12949 17998 21044 5560 28862 12493 12561 29174 
13506 21406 17217 29085 13319 16541 49 46489 

12949 17998 21044 5560 28862 12493 12561 23338 
13506 21406 17217 29085 13319 16541 49 37190 

10358 17998 16834 5560 26471 12493 12561 23338 
13506 33124 17217 29085 10654 16541 30 37190 

8286 17998 16834 5560 34874 12493 12561 23338 
13506 38499 17217 29085 18523 16541 23 37190 

11 -1 69 -2 4 37 270 0 
3 89 -1 13 -1 909 -1 93 

11 13332 12555 -2 4 37 15172 0 
10002 70 -1 6010 7999 909 -1 93 

11 13332 20044 -2 4 37 15172 0 
12001 70 -1 6010 7999 909 -1 93 

-4 106 -4 -6 -4 -5 85 -3 
-1 362 -1 -1 -1 -1 -1 -1 

2130 65 12397 6472 -6 2554 10927 -4 
-1 6995 6620 3998 5924 -1 6429 3275 

2130 65 12397 6472 -6 17043 10927 -4 
-1 6995 6620 3998 5924 -1 6429 8620 

67 145 1756 1081 336 3569 1168 -5 
1308 244 566 272 507 -1 280 1058 

4938 3501 1403 6449 83 10283 6996 3196 
427 155 2641 7110 5326 3198 71 7872 

1538 1027 110 885 429 652 98 1019 
2279 5454 2774 332 1004 6285 3917 2407 

1538 1027 110 885 429 652 98 1019 
2279 5454 2774 332 1004 6285 3917 2407 

777 192 2502 394 333 2523 31 315 
15268 20791 2546 892 513 3216 523 1539 

13925 192 2000 394 333 15351 31 8585 
15268 24632 10036 6713 513 2572 10418 1539 

12678 192 1599 394 333 14780 31 8585 
16214 24632 10036 6713 4410 2572 10418 1230 

-2 -2 -2 -2 -2 -2 -2 -2 
-1 -1 -1 -1 -1 -1 -1 -1 

27998 -2 -2 -2 -2 6665 -2 -2 
-1 10399 -1 -1 -1 -1 -1 3999 

27998 -2 -2 -2 -2 15332 -2 -2 
-1 10399 -1 -1 -1 -1 -1 7199 

27998 -2 -2 -2 -2 25598 -2 -2 
-1 10399 -1 -1 -1 -1 -1 13759 

15443 -2 -5 -2 -2 11812 -2 950 
3999 6654 3198 3999 -1 -1 -1 11006 

15443 -2 -5 -2 -2 11812 -2 10760 
3999 6654 3198 3999 -1 -1 5999 11006 

-2 -2 -2 -2 -2 -2 -2 -2 
-1 -1 -1 -1 -1 -1 -1 -1 

-4 -5 -3 -5 -4 -3 -6 -3 
-1 -1 -1 -1 -1 -1 -1 -1 

10971 18545 21189 8781 13937 6549 2907 15301 
-1 18045 31486 11211 6746 6475 7724 8067 

-2 -2 -2 -2 -2 -2 -2 -2 
-1 -1 -1 -1 -1 -1 -1 -1 

-3 -3 -2 -3 -2 -3 -3 -2 
-1 -1 -1 -1 -1 -1 -1 -1 

-6 -6 -3 -5 -7 -8 -7 -5 
-1 -1 -1 -1 -1 -1 -1 -1 

-6 -6 -3 -5 -7 4993 -7 3196 
-1 -1 -1 -1 23999 -1 -1 5999 

-6 -6 -2 -5 -7 4993 -7 3196 
-1 -1 -1 -1 23999 -1 -1 4798 

-6 -6 4998 -5 -7 17327 -7 3196 
-1 -1 -1 -1 23999 -1 -1 31870 

-6 -5 10198 -5 -6 13860 -7 2043 
-1 -1 -1 -1 19198 -1 -1 25276 

-5 139 4393 106 127 9001 130 1095 
-1 -1 4606 -1 15588 -1 4606 14528 

-2 -2 -2 28 -2 -2 -3 -2 
-1 44 -1 -1 -1 -1 -1 -1 

-4 -3 -3 57 -3 112 3409 -3 
-1 -1 -1 3198 -1 -1 -1 464 

-4 -3 -3 57 -3 112 3409 -2 
-1 -1 -1 3198 -1 -1 -1 464 

11348 16926 5180 6224 4745 20134 17086 12271 
13734 24366 15398 36310 25822 25642 29608 21336 

16578 8663 9981 6224 3795 12883 11413 15352 
10986 15593 8866 29047 20657 25642 26948 21723 

16578 8663 22984 6224 3795 12883 11413 15352 
10986 15593 8866 29047 20657 25642 27558 21723 

16578 8663 22984 6224 3795 12883 11413 12281 
10986 15593 7092 29047 20657 25642 27558 21723 

16578 8663 18386 6224 3795 12883 7303 14716 
7030 15593 17673 23237 20657 25642 22046 21723 

16578 8663 18386 6224 3795 12883 12673 20084 
14098 15593 22138 18589 20657 25642 22046 21723 

-1 200 -1 12 -1 -3 -3 32 
568 138 1 4 -1 0 -1 327 

-1 200 -1 12 -1 34465 -3 32 
454 138 6000 4 -1 0 -1 17409 

12499 200 -1 12 -1 34465 -3 32 
454 10110 6000 4 -1 0 -1 17409 

-2 -2 -2 -2 -2 -2 -2 -2 
-1 -1 -1 -1 -1 -1 -1 -1 

-5 -5 3330 4797 11686 13197 1135 6059 
7275 3198 -1 2558 2456 4247 8799 4876 

-5 -5 3330 4797 11686 13197 1135 19847 
7275 8558 -1 2558 2456 4247 8799 4876 

-4 -6 279 360 510 454 807 1085 
498 331 -1 21 513 184 1179 676 

-5 3995 112 13300 103 116 9849 5693 
202 3334 -1 2570 208 4868 4854 345 

57 1246 357 155 -4 680 494 432 
341 2777 3980 4201 915 4463 0 451 

57 1246 357 155 -4 680 494 432 
341 2777 3980 4201 915 4463 0 451 

1623 882 391 -20 408 1928 47 809 
1332 2911 942 4969 8439 1168 -1 2012 

1623 882 312 -16 408 1928 8037 18517 
1332 2911 16321 4969 8439 13547 -1 2012 

1623 882 249 -16 408 1928 8247 14813 
1332 2911 13056 4969 8439 11869 -1 2012 

1623 882 249 9987 20326 1928 16597 14813 
1332 2911 13056 4969 14200 13495 -1 2012 

1623 882 249 9987 20326 1928 28277 14813 
1332 2911 13056 4969 17360 13495 -1 2012 

1623 882 249 9987 20326 1928 35954 14813 
1332 2911 13056 4969 21888 13495 -1 2012 

3298 701 249 7988 17927 1928 28758 14813 
1332 2911 13056 4969 18008 12636 -1 2012 

3298 701 249 7988 17927 1928 28758 14813 
1332 2911 13056 4969 18008 12636 -1 2012 

-3 -2 -2 -2 -2 -2 -2 -2 
-1 -1 -1 -1 -1 -1 -1 -1 

-4 1672 -4 869 84 -4 -5 -4 
-1 2046 -1 209 13 -1 -1 -1 

5489 14486 13049 11961 17717 3569 2410 11381 
7358 16973 15435 19300 4991 8446 10667 22114 

-2 -2 -2 -2 -2 -2 -2 -2 
-1 -1 -1 -1 -1 -1 -1 -1 

-2 -3 -3 -3 -3 -2 -2 -3 
-1 -1 -1 -1 -1 -1 -1 -1 

-7 -6 -6 -5 -5 -8 -7 -5 
-1 -1 -1 -1 -1 -1 -1 -1 

-7 -6 11322 -5 7496 -8 -7 3996 
22399 -1 -1 21999 5999 -1 -1 -1 

-7 -6 9057 -5 7496 -8 -7 3996 
22399 -1 -1 17598 5999 -1 -1 -1 

-7 -6 12959 -5 18496 -8 -7 3996 
27919 -1 -1 38078 5999 -1 -1 -1 

-6 -6 15293 -5 14795 -5 -7 3196 
11434 -1 -1 44462 4798 -1 -1 -1 

-6 210 9786 -3 9401 190 160 2556 
9146 3685 -1 44462 5015 -1 -1 -1 

-2 -2 -2 -2 -2 -2 -2 -2 
-1 -1 -1 -1 -1 -1 -1 -1 

-2 -2 -2 -2 -2 -2 -2 -2 
-1 -1 -1 -1 -1 -1 -1 -1 

-2 -2 -2 -2 -2 -2 -2 -2 
-1 -1 -1 -1 -1 -1 -1 -1 

10395 13072 4850 4972 622 3437 9562 2282 
15400 12439 51130 20861 13321 7354 844 18136 

10395 10456 3879 3977 622 2198 12031 9460 
15400 9950 43922 16688 5455 8884 4675 18136 

10395 10456 3879 3977 622 2198 12031 17568 
15400 9950 43137 16688 5455 8884 4675 18136 

10395 10456 3879 3977 622 2198 12031 14054 
15400 9950 34509 16688 5455 8884 4675 18136 

10395 10456 3879 3977 622 1406 11753 21243 
15400 9950 34885 21350 2791 7106 4675 18136 

10395 10456 3879 3977 622 1406 12416 28661 
15400 9950 41908 31080 1785 7106 4675 18136 

10857 -3 933 596 -2 -2 646 -4 
-1 -1 1 -1 837 2409 1308 3201 

18685 -3 933 596 -2 -2 10516 14996 
-1 -1 1 -1 12935 2409 9046 3201 

24948 -3 933 596 -2 -2 10516 14996 
-1 -1 1 -1 14348 2409 9046 3201 

-4 -2 0 -4 -3 -4 -4 -2 
-1 -1 -1 -1 7 -1 -1 1 

3835 4284 3197 -4 2335 8711 -3 5329 
-1 9119 6846 3070 -1 3999 8837 0 

3835 4284 12557 -4 2335 8711 -3 5329 
-1 15295 6846 3070 -1 3999 8837 0 

64 179 1696 -7 385 742 269 360 
-1 1312 374 642 427 173 738 -1 

5439 56 864 3195 6333 3441 6752 8678 
-1 9787 2534 8305 341 4110 376 3998 

1075 1767 1816 10971 3807 1087 126 8134 
-1 5260 5462 5530 10948 1512 2083 12600 

1075 1767 1816 10971 3807 1087 126 8134 
-1 5260 5462 5530 10948 1512 2083 12600 

10261 998 499 5597 2107 2281 224 6505 
13924 16881 6795 2263 1710 1090 2225 8250 

13233 998 398 9803 2107 11824 224 6505 
25139 16881 5435 1447 1710 10872 2225 14600 

11586 998 398 12873 2107 11824 224 6505 
26111 16881 8348 5157 1710 10872 2225 14600 

19268 998 15318 10298 2107 11824 224 6505 
20888 16881 12678 5157 1710 10872 2225 17680 

28747 998 15318 10298 2107 11824 224 6505 
20888 16881 18142 5157 1710 10872 2225 17680 

37997 998 15318 10298 2107 11824 224 6505 
20888 16881 20513 5157 1710 10872 2225 17680 

30392 998 11941 6590 1341 9458 177 5202 
13367 13504 13127 3299 1710 8697 5780 14514 

30392 998 11941 6590 1341 9458 177 5202 
13367 13504 13127 3299 1710 8697 5780 14514 

-2 -2 -2 -2 -2 -2 -2 -2 
-1 -1 -1 -1 -1 -1 -1 -1 

-5 -3 -3 -3 -6 -3 -3 -4 
-1 -1 -1 -1 -1 -1 -1 -1 

1879 15944 3747 11427 11737 14265 5183 19241 
29219 28073 3998 5118 13351 12735 12286 13339 

-2 -2 -2 -2 -2 -2 -2 -2 
-1 -1 -1 -1 -1 -1 -1 -1 

-2 -2 -3 -2 4997 -3 -4 -2 
3998 -1 -1 -1 -1 -1 -1 -1 

-10 -5 -10 -3 -4 -5 -4 -5 
-1 -1 -1 -1 -1 -1 -1 -1 

-2 -2 -2 -2 -2 -2 -2 -2 
-1 -1 -1 -1 -1 -1 -1 -1 

-2 -2 -2 3998 -2 -2 -2 -2 
-1 -1 -1 -1 -1 27999 -1 -1 

-2 -2 -2 3198 -2 -2 -2 -2 
-1 -1 -1 -1 -1 22398 -1 -1 

-2 -2 -2 8210 -2 -2 -2 -2 
-1 -1 -1 -1 -1 43918 -1 -1 

-2 -2 -2 13568 -2 -2 -2 -2 
-1 -1 -1 -1 -1 39307 -1 -1 

198 -2 -8 7191 83 66 -2 132 
5759 -1 4197 -1 -1 13661 3198 3998 

-2 -2 -2 -2 -2 -2 -2 -2 
-1 -1 -1 -1 -1 -1 -1 -1 

-2 -2 -2 -2 -2 -2 -2 -2 
-1 -1 -1 -1 -1 -1 -1 -1 

10527 22725 17302 10028 24508 15972 19265 18955 
15949 16276 21698 35182 16605 31701 31985 24017 

8589 22725 13840 8021 26685 17777 13195 19037 
8164 13020 21698 35182 16605 24070 24909 18695 

20204 22725 13840 8021 26685 17777 13195 19037 
8164 18416 21698 35182 16605 24070 24909 18695 

16162 22725 13840 8021 26685 17777 13195 19037 
8164 14732 21698 35182 16605 24070 24909 18695 

22929 22725 13840 8021 26685 14221 10555 19037 
8164 25785 17358 35182 13283 24070 24909 18695 

28343 22725 13840 8021 26685 14221 8443 19037 
8164 34628 13886 35182 13283 24070 24909 18695 

18 -4 607 -3 10 -2 87 -1 
0 1384 146 0 18 118 -1 0 

18 -4 607 -3 10 11665 87 -1 
0 1384 146 0 18 118 -1 14000 

18 -4 607 -3 10 9331 87 -1 
0 1384 146 0 18 118 -1 11199 

65 -3 -3 -4 -4 7 33 54 
-1 101 -1 34 -1 3 -1 16 

1161 -4 -2 -4 -4 7040 6386 8 
3999 7065 3998 12 -1 0 2046 4101 

1161 -4 -2 -4 -4 7040 15108 8 
11199 7065 3998 12 -1 0 2046 4101 

254 -6 -6 -6 1068 2249 1290 -5 
767 246 878 0 534 -1 427 291 

6207 -4 -3 -5 6242 1798 1030 5328 
490 79 8561 3198 217 -1 217 10034 

730 2356 927 511 4179 707 571 45 
387 6308 6767 7241 2670 680 385 7646 

730 2356 927 511 4179 707 571 45 
387 6308 6767 7241 2670 680 385 7646 

656 268 227 1662 1308 2800 865 1304 
24 4625 1934 1157 6333 17685 1415 1024 

8302 268 227 1662 9617 2239 865 1304 
12019 4625 1934 1157 6333 28148 1131 1024 

9141 268 2681 1662 9511 2239 865 1304 
12019 4625 1934 1157 9066 28148 4904 4819 

-3 174 568 -2 -4 -4 -5 -4 
669 -1 427 -1 -1 -1 -1 138 

-3 174 568 -2 -4 9996 -5 9996 
669 -1 427 -1 -1 5999 3999 138 

-3 174 568 -2 -4 9996 -5 21330 
669 -1 427 -1 -1 12799 3999 138 

-3 174 568 -2 -4 9996 -5 27064 
669 -1 427 -1 -1 16239 3999 138 

-3 138 568 -2 -7 8457 -5 17313 
669 -1 427 -1 -1 14392 6559 138 

-3 138 568 -2 -7 8457 -5 23850 
669 7999 427 -1 -1 14392 6559 138 

-3 -2 -2 -2 -2 -2 -2 -2 
-1 -1 -1 -1 -1 -1 -1 -1 

5553 18756 1596 9951 10951 27969 -4 13166 
5732 38751 3838 10597 32895 7166 3070 20117 

-3 -2 -2 -2 -2 -2 -2 -3 
-1 -1 -1 -1 -1 -1 -1 -1 

-2 -2 -3 15 -2 -2 -2 -4 
-1 -1 -1 -1 -1 -1 -1 7 

-3 -7 -4 -5 -5 -4 -4 -8 
-1 -1 -1 -1 -1 -1 -1 -1 

-2 -2 -2 -2 -2 -2 -2 -2 
-1 -1 -1 -1 -1 -1 -1 -1 

-2 11644 -2 -2 -2 -2 -2 -2 
17999 -1 -1 -1 -1 -1 -1 29999 

-2 11644 -2 -2 -2 -2 -2 -2 
14398 -1 -1 -1 -1 -1 -1 29999 

-2 11644 12498 -2 -2 -2 -2 4760 
35214 -1 -1 -1 -1 -1 -1 29999 

-2 11644 7996 -2 -2 -2 -2 7045 
25736 -1 -1 -1 -1 -1 -1 29999 

-51 3109 5463 -2 -51 -2 116 3730 
12118 -1 -1 3685 -1 3999 -1 9828 

-3 -3 -4 -4 -3 -2 -3 3406 
-1 -1 -1 836 88 -1 -1 -1 

-3 -3 -4 -3 -3 -2 -3 3406 
-1 -1 -1 836 70 -1 -1 -1 

13296 9615 4907 24028 5998 11153 9146 7434 
25850 15554 14726 20280 8234 8209 27819 14894 

13308 17328 3923 15376 5998 13922 7316 4755 
13659 15554 17424 16223 14055 10567 22254 11914 

13308 28862 3923 15376 5998 13922 7316 4755 
13659 15554 19939 16223 14055 10567 22254 11914 

13308 23089 3923 15376 5998 13922 7316 4755 
13659 15554 15950 16223 14055 10567 22254 11914 

10646 23665 3138 12300 5998 13922 7316 4755 
10926 15554 32760 16223 8994 10567 17802 11914 

18516 33312 14510 9839 5998 13922 7316 4755 
14740 15554 34208 16223 8955 10567 26241 11914 

-4 -1 -4 -4 835 -2 -1 -3 
-1 -1 0 1309 3 -1 -1 8 

-4 -1 13330 11996 835 -2 -1 -3 
7999 11999 0 1309 3 -1 -1 6 

-4 -1 13330 9596 835 -2 -1 -3 
7999 9598 0 1309 3 -1 -1 6 

-2 -3 -2 -2 -2 -2 -2 -2 
-1 -1 -1 -1 -1 -1 -1 -1 

1997 -3 -2 -4 12556 5118 2662 3236 
-1 -1 -1 4835 -1 -1 -1 9887 

1997 -3 -2 -4 20044 5118 2662 3236 
7999 -1 -1 4835 -1 -1 -1 9887 

328 -6 -7 -4 1095 392 140 428 
349 -1 -1 210 -1 427 -1 1059 

6503 -4 4833 5330 4286 5203 13056 6572 
141 5528 3070 4553 3198 138 6270 7386 

528 269 1263 175 83 1356 21 693 
1098 4678 862 603 2016 647 16 1464 

528 269 21010 175 83 1356 21 693 
1098 4678 862 603 2016 647 16 5171 

85 430 2765 608 5427 256 -18 1947 
3382 2038 2211 385 2988 168 0 14839 

67 430 15579 10486 5427 256 -18 1947 
3382 2038 11768 385 2390 168 14000 21871 

53 430 15370 10486 5427 256 -18 1947 
3382 2038 15414 385 1911 168 14000 23496 

53 430 15370 18388 5427 256 -18 11557 
8705 2038 15414 385 1911 168 15200 23496 

53 430 15370 18388 5427 256 -18 24245 
12964 2038 15414 385 1911 168 15200 23496 

53 430 15370 18388 5427 256 -18 29396 
16371 2038 15414 385 1911 168 15200 23496 

30 273 15370 11764 3468 161 -12 35046 
13096 1630 10312 245 1222 168 6224 18796 

30 273 15370 11764 3468 161 -12 35046 
13096 1630 10312 245 1222 168 6224 18796 

-4 -5 -5 -6 19 -3 -5 -4 
-1 17 -1 -1 -1 -1 -1 -1 

-2 -2 -2 -2 -2 -2 -2 -2 
-1 -1 -1 -1 -1 -1 -1 -1 

929 9834 -19 16447 13513 14211 7358 10562 
4591 12741 13951 6846 14116 2046 9078 13052 

-2 -2 -2 -2 -2 -2 -2 -2 
-1 -1 -1 -1 -1 -1 -1 -1 

-2 -3 -3 -3 -2 -3 -3 -2 
-1 -1 -1 -1 -1 -1 -1 -1 

-8 -4 -3 -4 -5 -4 -7 -9 
-1 -1 -1 -1 -1 -1 -1 -1 

-2 -2 -2 -2 -2 -2 -2 -2 
-1 -1 -1 -1 -1 -1 -1 -1 

3435 -2 -2 -2 -2 -2 -2 -2 
-1 -1 -1 -1 -1 21999 -1 -1 

2747 -2 -2 -2 -2 -2 -2 -2 
-1 -1 -1 -1 -1 17598 -1 -1 

6545 -2 -2 -2 -2 -2 -2 -2 
-1 -1 -1 -1 -1 34078 -1 -1 

6545 -2 -2 -2 5998 -2 -2 -2 
4798 -1 -1 -1 -1 34078 -1 -1 

3480 125 106 -2 3196 76 110 2656 
2560 3996 4606 -1 3198 13957 2558 6245 

-2 -2 -2 -2 -2 -2 -2 -2 
-1 -1 -1 -1 -1 -1 -1 -1 

-4 -4 -5 -4 -2 -3 -2 2 
-1 -1 -1 -1 -1 -1 -1 0 

-4 -4 -5 -4 -2 -3 -2 1 
-1 -1 -1 -1 -1 -1 -1 0 

6019 5249 2500 6760 12195 3128 7827 12815 
44 23277 4346 24698 9849 5788 7207 13407 

14953 5249 2500 5407 7803 2502 4005 18960 
34 19696 8781 19006 5041 16403 5765 13407 

26962 5249 2500 5407 7803 2502 4005 18960 
34 19696 8781 19006 5041 19122 5765 13407 

21569 5249 2500 5407 7803 2502 4005 18960 
34 19696 8781 19006 5041 15297 5765 13407 

16731 5249 2500 5407 7803 2502 4005 15167 
34 15756 8781 15204 5041 22589 5765 13407 

14965 5249 2500 5407 7803 2502 4005 12133 
34 12604 8781 12162 5041 27256 5765 13407 

-3 -3 -3 -3 -2 28 -4 467 
-1 16 0 21 9 0 -1 8 

-3 -3 -3 13330 13331 28 13330 467 
-1 16 8000 8016 9 0 7999 8 

-3 -3 -3 30664 13331 28 13330 467 
-1 16 8000 8016 9 0 10399 8 

816 3197 -6 15696 10792 10250 7591 149 
-1 3209 3642 6412 3203 2558 4772 2563 

816 3197 -6 22556 10792 10250 7591 149 
5999 3209 3642 6412 3203 2558 4772 2563 

24 1317 -8 785 1520 1712 4659 1 
1004 1322 389 858 342 517 620 70 

9004 535 3194 2879 775 10799 11922 3198 
1004 6540 4126 2328 3211 6245 252 7246 

76 101 388 35 361 14 39 880 
-1 8 1258 672 3819 2186 884 122 

76 101 20310 35 361 14 39 880 
-1 4006 1258 672 3819 2186 884 122 

603 -6 4665 2477 1326 1649 -3 356 
-1 2420 2257 44 1993 10873 230 3214 

603 -6 10398 2477 1326 1649 -3 356 
15999 2420 2257 44 1993 10873 230 3214 

1351 4995 13254 2477 1326 1649 -3 356 
20831 2420 2257 44 1993 10873 230 6571 

-5 1018 -6 -4 -4 -4 -4 -3 
-1 -1 -1 -1 -1 3198 -1 -1 

-5 7481 -6 -4 7997 -4 -4 -3 
-1 -1 4798 -1 -1 6558 -1 -1 

-5 20984 -6 -4 7997 -4 -4 -3 
-1 -1 4798 -1 -1 11246 -1 -1 

-5 26787 -6 -4 7997 -4 -4 -3 
-1 -1 4798 -1 -1 12996 -1 -1 

-5 12245 -4 -4 6449 -4 -8 -2 
-1 -1 7070 -1 -1 10396 -1 3998 

-5 12245 -4 -4 6449 9996 -8 -2 
-1 -1 7070 -1 -1 10396 -1 11198 

-2 -3 -2 -2 -2 -2 -2 -2 
-1 -1 -1 -1 -1 -1 -1 -1 

4665 5363 5098 4492 1093 4093 17185 6373 
4716 5998 13699 3290 16638 16318 3838 5964 

-2 -2 -3 -2 -2 -1 -2 -2 
-1 -1 -1 -1 -1 -1 -1 -1 

-3 -4 -3 -2 -4 -3 5330 3197 
-1 -1 -1 -1 -1 -1 3198 2558 

-2 -2 -2 -2 -2 -2 -2 -2 
-1 -1 -1 -1 -1 -1 -1 -1 

-9 -3 -5 -5 -9 -6 -6 -3 
-1 -1 -1 -1 -1 -1 -1 -1 

-7 -3 -5 -5 14992 -6 -6 6069 
-1 -1 -1 -1 33999 5999 -1 -1 

-7 -3 -5 -5 14992 -6 -6 4854 
-1 -1 -1 -1 27198 5999 -1 -1 

12494 -3 -5 -5 14992 -6 -6 8168 
9999 -1 -1 -1 39758 5999 -1 -1 

9993 -3 -4 -5 11993 -6 -6 18201 
6398 -1 -1 -1 45806 4798 -1 -1 

6394 197 93 174 9781 93 247 9501 
4094 3685 -1 -1 29212 6270 2558 5759 

-2 1745 -2 -2 -2 -2 -2 -2 
-1 1636 -1 -1 -1 -1 -1 -1 

28 -3 -3 -4 -4 436 -4 -4 
-1 -1 -1 -1 -1 -1 110 883 

28 -3 -2 -4 -4 436 -4 -4 
-1 -1 -1 -1 -1 -1 110 883 

8151 2181 -2 -4 9996 221 -4 -4 
-1 7999 7678 5999 -1 -1 87 2336 

8151 2181 -2 -4 9996 15176 -4 -4 
-1 7999 12142 5999 -1 -1 87 2336 

8151 2181 -2 -4 9996 15176 -4 -3 
-1 7999 12142 5999 -1 -1 87 2336 

8151 2181 -2 -3 9996 22140 -3 -3 
-1 6398 25713 5999 -1 -1 87 1494 

8151 2181 -2 -3 24397 22140 -3 -3 
11999 10494 25713 5999 -1 -1 87 1494 

20 -5 62 -3 207 894 0 152 
28 114 2113 4 -1 -1 -1 32 

20 -5 22039 -3 207 13215 0 152 
14017 114 9690 4 -1 -1 -1 32 

20 -5 22039 -3 207 10571 0 152 
11213 114 9690 4 -1 -1 -1 32 

3096 17268 10728 10733 15354 4304 13550 19309 
65 20076 41269 26768 19211 22920 5135 21684 

6917 13813 6343 6866 19653 13033 3548 17674 
25 17649 16722 9063 21628 14668 3420 11417 

6917 13813 6343 6866 19653 20426 3548 17674 
25 17649 16722 11250 21628 14668 3420 11417 

373 600 343 1807 1342 3009 924 964 
0 2430 2464 771 949 2459 186 619 

3349 304 138 3441 684 17940 7682 8159 
-1 7003 5260 393 606 514 8668 2761 

306 301 206 43 2181 157 835 268 
1321 924 1348 2526 162 199 750 1328 

306 301 206 43 2181 157 835 268 
1321 924 1348 2526 162 199 750 1328 

1648 5414 791 85 1183 -26 5 8 
219 6696 142 215 1818 631 124 1814 

1317 5414 20172 85 1183 9979 5 8 
14175 9356 142 215 17454 504 124 1814 

2818 5414 22804 85 1183 9521 5 8 
14175 11484 142 215 17963 6403 124 1814 

2818 5414 22804 20068 1183 17616 10004 8 
14175 11484 6113 215 18370 6403 4099 1814 

2818 5414 22804 20068 1183 17616 23003 8 
14175 11484 10890 215 18370 6403 4099 1814 

2818 5414 22804 20068 1183 17616 28402 8 
14175 11484 16712 215 18370 6403 4099 1814 

1440 4573 18242 10270 754 14090 10552 2 
11257 7349 5474 171 12604 6403 2097 1160 

1440 4573 18242 10270 754 14090 10552 2 
11257 7349 5474 171 12604 6403 2097 1160 

-4 -2 347 -5 -3 -3 2 -2 
-1 -1 -1 -1 55 -1 -1 1 

-2 -2 -2 -2 -3 -2 -2 -2 
-1 -1 -1 -1 -1 -1 -1 -1 

9187 -2 16308 9044 -2 5037 6263 6547 
19877 15717 3198 12798 23599 14309 7839 -1 

-2 -2 -2 -2 -2 -2 -2 -2 
-1 -1 -1 -1 -1 -1 -1 -1 

-2 -2 -2 -2 -2 -2 -2 -2 
-1 -1 -1 -1 -1 -1 -1 -1 

-2 -3 57 -2 455 -3 -2 -3 
-1 222 -1 -1 -1 -1 -1 -1 

-2 -3 45 -2 455 -3 14998 6069 
-1 222 33999 -1 -1 5999 -1 -1 

-2 -3 45 -2 455 -3 14998 4854 
-1 222 27198 -1 -1 5999 -1 -1 

-2 -3 12536 -2 455 -3 14998 8645 
-1 222 41758 -1 -1 5999 -1 9999 

-2 -3 10027 -2 455 -3 11998 15487 
-1 222 29059 -1 -1 3838 -1 7998 

66 -2 4365 135 363 -2 7913 12560 
3198 177 17437 -1 5759 4524 2558 3274 

-8 -7 -5 -8 -4 -4 -5 -8 
-1 -1 -1 -1 -1 -1 -1 -1 

-2 -2 -2 -2 -2 -2 -2 -2 
-1 -1 -1 -1 -1 -1 -1 -1 

-2 -2 -2 -2 -2 -2 -2 -2 
-1 -1 -1 -1 -1 -1 -1 -1 

17717 851 6668 9968 7761 7539 13254 5722 
11485 14470 10594 30410 3152 36130 1129 9540 

17506 344 15334 6377 4965 12031 10601 4576 
7349 11575 14779 19409 2521 32904 721 7631 

17506 344 15334 6377 4965 24624 10601 4576 
7349 11575 14779 19409 2521 32323 721 7631 

17506 344 15334 6377 4965 19698 10601 4576 
7349 11575 14779 19409 2521 25858 721 7631 

14004 344 15334 6377 3971 17284 10601 4576 
7349 9259 9457 19409 2521 30948 721 7631 

21203 344 15334 6377 3176 19061 10601 4576 
7349 7406 11565 19409 2521 31006 721 7631 

64 21 11 51 -4 146 223 219 
200 543 233 -1 53 32 -1 237 

64 21 11 13374 14996 146 223 7675 
200 543 233 -1 53 32 12399 6189 

64 21 11 20699 14996 146 223 7675 
200 543 233 -1 53 32 13919 6189 

-1 -5 -4 18 -4 -3 -3 3068 
-1 11 2455 -1 -1 -1 -1 -1 

4999 -8 2555 9 5628 3409 -3 5068 
-1 3204 1004 2558 -1 2046 2619 8095 

4999 -8 2555 9 5628 3409 -3 24054 
-1 3204 1004 2558 3999 2046 2619 8095 

422 -5 85 -5 1176 754 -6 785 
-1 342 295 217 1111 341 212 1084 

2827 7676 4019 -3 6656 192 1750 8501 
-1 5618 5567 69 3966 138 169 11963 

549 452 2325 218 1168 -3 32 523 
2987 5958 1054 2173 3795 669 2046 5823 

549 452 2325 218 1168 -3 32 523 
2987 5958 1054 2173 3795 669 2046 5823 

2978 1628 2332 399 163 1751 -5 116 
3185 11630 274 289 4943 247 12957 4944 

2382 1628 9643 399 10130 1751 7138 92 
12548 9303 14219 289 3954 247 16365 4944 

3780 4635 9643 399 8103 1751 7138 92 
14038 9303 14219 6231 3954 247 16365 3954 

3780 4635 9643 10319 8103 1751 12377 73 
14038 7442 14219 8984 3954 247 17092 3954 

3780 4635 9643 10319 21482 1751 12377 73 
14038 11953 14219 8984 3954 247 17092 3954 

3780 4635 9643 10319 32185 1751 12377 73 
14038 15562 14219 8984 3954 247 17092 3954 

3780 4635 9643 10319 25744 3976 12377 73 
14038 12449 14219 8984 3162 247 17673 3954 

3780 4635 9643 18255 25744 3976 12377 73 
14038 19959 14219 8984 3162 247 17673 3954 

-2 -2 -2 -2 -2 -2 -2 -2 
-1 -1 -1 -1 -1 -1 -1 -1 

-7 -4 7 -3 -5 6 -4 -2 
-1 138 -1 -1 -1 -1 -1 106 

3327 6748 15631 10802 7677 2107 12797 21630 
-1 4088 6142 10518 44044 23551 18533 21500 

-2 -2 -2 -2 -2 -1 -1 -2 
-1 -1 -1 0 -1 0 -1 -1 

-2 -2 -2 -2 -2 -2 -2 -3 
-1 -1 -1 -1 -1 -1 -1 -1 

-2 -2 -2 -2 -2 -2 -2 -2 
-1 -1 -1 -1 -1 -1 -1 -1 

-2 12498 5598 -2 4613 -2 -2 -2 
34399 9999 -1 -1 -1 -1 -1 -1 

-2 12498 4478 -2 4613 -2 -2 -2 
27518 9999 -1 -1 -1 -1 -1 -1 

-2 12498 7930 -2 4613 12498 -2 -2 
42014 9999 -1 -1 9999 -1 -1 -1 

-3 9998 14217 -2 4613 19998 6664 -2 
30888 7998 -1 13439 5118 -1 -1 -1 

-2 7998 9524 -2 4613 15998 4377 -2 
18373 6398 -1 9440 5179 -1 -1 -1 

-8 -7 -6 -3 -6 -6 -6 -4 
-1 -1 -1 -1 -1 -1 -1 -1 

-2 -2 -2 -2 -2 -2 -2 -2 
-1 -1 -1 -1 -1 -1 -1 -1 

-2 -2 -2 -2 -2 -2 -2 -2 
-1 -1 -1 -1 -1 -1 -1 -1 

14218 7830 7130 24353 1559 17773 15202 29397 
28858 25815 6980 13724 28938 10453 5395 24815 

15374 18344 12146 24353 11247 25366 12161 15049 
22468 24652 13973 15182 23500 12362 3452 24815 

15374 18344 24716 24353 11247 25366 12161 15049 
23974 24652 13973 15182 23500 12362 3452 24815 

15374 18344 19772 24353 11247 25366 12161 15049 
19178 24652 13973 15182 23500 12362 3452 24815 

15374 18344 20653 24353 8997 20292 12161 15049 
26673 24652 13973 9715 23500 12362 3452 24815 

15374 18344 22817 24353 15197 16233 12161 15049 
34670 24652 13973 6216 23500 12362 3452 24815 

49 -1 97 157 -2 -2 6 -1 
-1 96 411 -1 22 7 -1 50 

49 -1 97 157 -2 -2 11671 -1 
-1 14076 411 -1 22 7 -1 50 

49 -1 97 157 -2 -2 19336 -1 
-1 15260 411 -1 22 7 -1 50 

14 2727 -3 88 -4 -5 -3 49 
-1 -1 59 4 -1 44 -1 3998 

5707 6448 1917 32 -5 -6 3834 11 
5118 3198 17 1676 7934 16 1964 2046 

24565 6448 1917 32 -5 -6 3834 11 
8094 3198 17 1676 7934 16 1964 2046 

436 139 3674 2460 -8 -7 324 -4 
958 289 -1 142 2078 0 133 138 

6008 54 1200 1967 6821 -5 10164 -5 
4312 4117 3999 4960 1329 2685 26 3287 

219 1266 532 530 313 157 33 1258 
360 3804 7520 2166 4232 1030 1251 1394 

219 1266 532 530 313 157 33 1258 
360 3804 7520 2166 4232 1030 1251 1394 

3618 252 116 64 751 2521 -14 4251 
92 5947 21769 452 989 5185 5047 363 

3618 200 8426 7551 7146 2521 9988 4251 
73 14757 17414 8361 6791 14148 5047 363 

3618 200 14740 8540 7991 2521 9988 4251 
73 18244 17414 8361 9432 19318 5047 363 

-3 3 -5 -5 -3 -3 -3 -4 
-1 16 -1 -1 -1 -1 -1 -1 

-3 3 -5 9996 -3 -3 -3 6663 
3999 16 3999 -1 -1 -1 -1 -1 

-3 3 -5 9996 -3 -3 -3 25330 
3999 16 7199 -1 -1 -1 -1 -1 

-3 3 -5 9996 -3 -3 -3 30264 
3999 16 9759 -1 -1 -1 -1 -1 

-3 3 2496 7994 -4 -2 -2 13033 
3198 3207 7555 -1 -1 -1 -1 -1 

-3 3 2496 7994 -4 -2 -2 13033 
3198 3207 7555 -1 -1 -1 -1 -1 

-2 -2 -2 -2 -2 -2 -2 -2 
-1 -1 -1 -1 -1 -1 -1 -1 

5330 4548 5331 10957 22269 5890 6369 4569 
43679 16943 6505 21359 10238 8958 20798 2558 

-2 -2 -2 -2 -2 -2 -2 -2 
-1 -1 -1 -1 -1 -1 -1 -1 

-2 -2 -2 -2 -2 -2 -2 -2 
-1 -1 -1 -1 -1 -1 -1 -1 

-4 -4 -3 -4 -3 -7 -4 -3 
-1 -1 -1 -1 -1 -1 -1 -1 

-2 -3 -2 -3 -3 -3 -3 -3 
-1 -1 -1 -1 -1 -1 -1 -1 

-2 -3 -2 -3 -3 6426 -3 -3 
-1 -1 -1 -1 -1 -1 35999 -1 

-2 -3 -2 -3 -3 6426 -2 -3 
-1 -1 -1 -1 -1 -1 28798 -1 

-2 -3 -2 -3 -3 6426 5415 -3 
-1 -1 -1 -1 -1 -1 49038 -1 

3998 -3 -2 -2 8747 6426 6664 -2 
-1 -1 -1 13999 -1 -1 38584 -1 

2742 -3 -2 -2 5597 6426 4393 -2 
-1 -1 -1 11198 -1 -1 31893 -1 

-2 -2 -2 -2 -2 -2 -2 -2 
-1 -1 -1 -1 -1 -1 -1 -1 

-2 -2 -2 -2 -2 -2 -2 -2 
-1 -1 -1 -1 -1 -1 -1 -1 

9833 1676 3228 7605 3457 12125 3068 1876 
9226 35263 24222 3418 355 3161 8799 5779 

12871 4696 2582 7605 10302 12606 2452 9199 
7380 27367 23501 2734 226 8528 3602 17198 

25296 4696 2582 7605 10302 12606 2452 9199 
7380 27367 23501 2734 226 12822 3602 17198 

20236 4696 2582 7605 10302 12606 2452 9199 
7380 27367 23501 2734 226 10257 3602 17198 

25279 3756 2582 7605 8241 10084 2452 7358 
7380 21893 18800 2734 226 28205 3602 11006 

20222 3756 2582 7605 8241 10084 11961 5886 
7380 21893 15039 16187 226 28205 2881 11006 

-1 -2 357 92 -4 20 18 77 
-1 117 283 0 -1 78 -1 29 

-1 -2 357 92 9996 8016 18 77 
-1 117 283 0 -1 8062 7999 29 

-1 -2 357 92 21330 8016 18 77 
-1 117 283 0 -1 8062 14399 29 

-7 -5 -4 -3 545 -4 -4 -3 
-1 -1 -1 -1 -1 34 -1 -1 

23067 3195 6663 -3 137 7419 1703 1113 
4677 -1 -1 3198 4798 26 3685 4509 

23067 3195 6663 -3 137 25935 1703 1113 
4677 -1 3999 3198 4798 26 3685 4509 

1580 211 709 -5 3 721 87 399 
129 -1 837 217 671 1 314 156 

644 6431 361 -4 0 292 765 7753 
51 -1 534 1607 273 2559 2175 124 

995 600 904 752 1938 1358 1010 732 
1738 7812 8777 2355 1934 11857 590 2545 

995 600 904 752 1938 1358 1010 732 
1738 7812 8777 2355 1934 11857 590 2545 

1 574 259 17 236 702 2277 11 
6074 2323 755 402 512 331 4222 1158 

1 9459 259 17 236 702 2277 11 
6074 2323 755 402 512 18264 4222 1158 

1 11317 259 17 5605 702 2277 11 
6074 2323 7683 402 512 20611 4222 1158 

-3 -4 8944 2662 32 -6 -4 -5 
3198 1308 138 3198 -1 3998 -1 3374 

9997 6663 8944 2662 32 19995 -4 -5 
3198 1308 138 6558 3999 3998 3999 3374 

9997 20330 8944 2662 32 19995 -4 -5 
3198 1308 138 6558 9199 3998 3999 3374 

-2 -2 -2 3 -2 -2 5 -2 
-1 10 -1 -1 -1 -1 12 -1 

-2 -2 -2 -2 -2 -2 -2 -2 
-1 -1 -1 -1 -1 -1 -1 -1 

